ISO-10303-21;
HEADER;
FILE_DESCRIPTION(('Open CASCADE Model'),'2;1');
FILE_NAME('airframe','2026-08-13T19:49:39',('Author'),('Open CASCADE'),
  'Open CASCADE STEP processor 7.9','build123d','Unknown');
FILE_SCHEMA(('AUTOMOTIVE_DESIGN { 1 0 10303 214 1 1 1 1 }'));
ENDSEC;
DATA;
#1 = APPLICATION_PROTOCOL_DEFINITION('international standard',
  'automotive_design',2000,#2);
#2 = APPLICATION_CONTEXT(
  'core data for automotive mechanical design processes');
#3 = SHAPE_DEFINITION_REPRESENTATION(#4,#10);
#4 = PRODUCT_DEFINITION_SHAPE('','',#5);
#5 = PRODUCT_DEFINITION('design','',#6,#9);
#6 = PRODUCT_DEFINITION_FORMATION('','',#7);
#7 = PRODUCT('airframe','airframe','',(#8));
#8 = PRODUCT_CONTEXT('',#2,'mechanical');
#9 = PRODUCT_DEFINITION_CONTEXT('part definition',#2,'design');
#10 = ADVANCED_BREP_SHAPE_REPRESENTATION('',(#11,#15),#4361);
#11 = AXIS2_PLACEMENT_3D('',#12,#13,#14);
#12 = CARTESIAN_POINT('',(0.,0.,0.));
#13 = DIRECTION('',(0.,0.,1.));
#14 = DIRECTION('',(1.,0.,-0.));
#15 = MANIFOLD_SOLID_BREP('',#16);
#16 = CLOSED_SHELL('',(#17,#136,#171,#2035,#2094,#2436,#2535,#2540,#2712
    ,#2884,#3102,#3108,#3394,#3589,#3594,#3766,#3984,#3990,#4042,#4213,
    #4217,#4258,#4357));
#17 = ADVANCED_FACE('',(#18),#31,.T.);
#18 = FACE_BOUND('',#19,.T.);
#19 = EDGE_LOOP('',(#20,#71,#108,#135));
#20 = ORIENTED_EDGE('',*,*,#21,.T.);
#21 = EDGE_CURVE('',#22,#22,#24,.T.);
#22 = VERTEX_POINT('',#23);
#23 = CARTESIAN_POINT('',(20.5625,0.,0.));
#24 = SURFACE_CURVE('',#25,(#30,#59),.PCURVE_S1.);
#25 = CIRCLE('',#26,20.5625);
#26 = AXIS2_PLACEMENT_3D('',#27,#28,#29);
#27 = CARTESIAN_POINT('',(0.,0.,0.));
#28 = DIRECTION('',(0.,0.,1.));
#29 = DIRECTION('',(1.,0.,0.));
#30 = PCURVE('',#31,#53);
#31 = SURFACE_OF_REVOLUTION('',#32,#50);
#32 = B_SPLINE_CURVE_WITH_KNOTS('',3,(#33,#34,#35,#36,#37,#38,#39,#40,
    #41,#42,#43,#44,#45,#46,#47,#48,#49),.UNSPECIFIED.,.F.,.F.,(4,1,1,1,
    1,1,1,1,1,1,1,1,1,1,4),(0.,12.857463336595,25.717466095767,
    38.582418921277,51.454481646057,64.335454356547,77.226687140671,
    90.129013039863,103.0427074343,115.9674756654,128.90246923145,
    141.84632946445,154.79725627759,167.75309841758,180.71146070107),
  .UNSPECIFIED.);
#33 = CARTESIAN_POINT('',(20.5625,0.,0.));
#34 = CARTESIAN_POINT('',(20.562300514128,0.,4.285870146769));
#35 = CARTESIAN_POINT('',(20.623253773962,0.,12.858409850945));
#36 = CARTESIAN_POINT('',(20.894956341695,0.,25.716768686079));
#37 = CARTESIAN_POINT('',(21.344214767551,0.,38.574990308731));
#38 = CARTESIAN_POINT('',(21.965181763451,0.,51.433032736583));
#39 = CARTESIAN_POINT('',(22.750087540106,0.,64.290847458061));
#40 = CARTESIAN_POINT('',(23.689035797593,0.,77.148402370082));
#41 = CARTESIAN_POINT('',(24.77021082921,0.,90.005677743126));
#42 = CARTESIAN_POINT('',(25.98000556971,0.,102.8626684719));
#43 = CARTESIAN_POINT('',(27.303199779611,0.,115.71938355118));
#44 = CARTESIAN_POINT('',(28.723149995819,0.,128.57584579835));
#45 = CARTESIAN_POINT('',(30.222001793801,0.,141.43208914667));
#46 = CARTESIAN_POINT('',(31.780905707737,0.,154.28816173595));
#47 = CARTESIAN_POINT('',(33.380285000613,0.,167.1441051937));
#48 = CARTESIAN_POINT('',(34.46003621375,0.,175.7144379403));
#49 = CARTESIAN_POINT('',(35.,0.,180.));
#50 = AXIS1_PLACEMENT('',#51,#52);
#51 = CARTESIAN_POINT('',(0.,0.,0.));
#52 = DIRECTION('',(0.,0.,1.));
#53 = DEFINITIONAL_REPRESENTATION('',(#54),#58);
#54 = LINE('',#55,#56);
#55 = CARTESIAN_POINT('',(0.,0.));
#56 = VECTOR('',#57,1.);
#57 = DIRECTION('',(1.,0.));
#58 = ( GEOMETRIC_REPRESENTATION_CONTEXT(2) 
PARAMETRIC_REPRESENTATION_CONTEXT() REPRESENTATION_CONTEXT('2D SPACE',''
  ) );
#59 = PCURVE('',#60,#65);
#60 = PLANE('',#61);
#61 = AXIS2_PLACEMENT_3D('',#62,#63,#64);
#62 = CARTESIAN_POINT('',(0.,0.,0.));
#63 = DIRECTION('',(0.,0.,1.));
#64 = DIRECTION('',(1.,0.,0.));
#65 = DEFINITIONAL_REPRESENTATION('',(#66),#70);
#66 = CIRCLE('',#67,20.5625);
#67 = AXIS2_PLACEMENT_2D('',#68,#69);
#68 = CARTESIAN_POINT('',(0.,0.));
#69 = DIRECTION('',(1.,-0.));
#70 = ( GEOMETRIC_REPRESENTATION_CONTEXT(2) 
PARAMETRIC_REPRESENTATION_CONTEXT() REPRESENTATION_CONTEXT('2D SPACE',''
  ) );
#71 = ORIENTED_EDGE('',*,*,#72,.T.);
#72 = EDGE_CURVE('',#22,#73,#75,.T.);
#73 = VERTEX_POINT('',#74);
#74 = CARTESIAN_POINT('',(35.,0.,180.));
#75 = SEAM_CURVE('',#76,(#94,#101),.PCURVE_S1.);
#76 = B_SPLINE_CURVE_WITH_KNOTS('',3,(#77,#78,#79,#80,#81,#82,#83,#84,
    #85,#86,#87,#88,#89,#90,#91,#92,#93),.UNSPECIFIED.,.F.,.F.,(4,1,1,1,
    1,1,1,1,1,1,1,1,1,1,4),(0.,12.857463336595,25.717466095767,
    38.582418921277,51.454481646057,64.335454356547,77.226687140671,
    90.129013039863,103.0427074343,115.9674756654,128.90246923145,
    141.84632946445,154.79725627759,167.75309841758,180.71146070107),
  .UNSPECIFIED.);
#77 = CARTESIAN_POINT('',(20.5625,0.,0.));
#78 = CARTESIAN_POINT('',(20.562300514128,0.,4.285870146769));
#79 = CARTESIAN_POINT('',(20.623253773962,0.,12.858409850945));
#80 = CARTESIAN_POINT('',(20.894956341695,0.,25.716768686079));
#81 = CARTESIAN_POINT('',(21.344214767551,0.,38.574990308731));
#82 = CARTESIAN_POINT('',(21.965181763451,0.,51.433032736583));
#83 = CARTESIAN_POINT('',(22.750087540106,0.,64.290847458061));
#84 = CARTESIAN_POINT('',(23.689035797593,0.,77.148402370082));
#85 = CARTESIAN_POINT('',(24.77021082921,0.,90.005677743126));
#86 = CARTESIAN_POINT('',(25.98000556971,0.,102.8626684719));
#87 = CARTESIAN_POINT('',(27.303199779611,0.,115.71938355118));
#88 = CARTESIAN_POINT('',(28.723149995819,0.,128.57584579835));
#89 = CARTESIAN_POINT('',(30.222001793801,0.,141.43208914667));
#90 = CARTESIAN_POINT('',(31.780905707737,0.,154.28816173595));
#91 = CARTESIAN_POINT('',(33.380285000613,0.,167.1441051937));
#92 = CARTESIAN_POINT('',(34.46003621375,0.,175.7144379403));
#93 = CARTESIAN_POINT('',(35.,0.,180.));
#94 = PCURVE('',#31,#95);
#95 = DEFINITIONAL_REPRESENTATION('',(#96),#100);
#96 = LINE('',#97,#98);
#97 = CARTESIAN_POINT('',(0.,0.));
#98 = VECTOR('',#99,1.);
#99 = DIRECTION('',(0.,1.));
#100 = ( GEOMETRIC_REPRESENTATION_CONTEXT(2) 
PARAMETRIC_REPRESENTATION_CONTEXT() REPRESENTATION_CONTEXT('2D SPACE',''
  ) );
#101 = PCURVE('',#31,#102);
#102 = DEFINITIONAL_REPRESENTATION('',(#103),#107);
#103 = LINE('',#104,#105);
#104 = CARTESIAN_POINT('',(6.28318530718,0.));
#105 = VECTOR('',#106,1.);
#106 = DIRECTION('',(0.,1.));
#107 = ( GEOMETRIC_REPRESENTATION_CONTEXT(2) 
PARAMETRIC_REPRESENTATION_CONTEXT() REPRESENTATION_CONTEXT('2D SPACE',''
  ) );
#108 = ORIENTED_EDGE('',*,*,#109,.F.);
#109 = EDGE_CURVE('',#73,#73,#110,.T.);
#110 = SURFACE_CURVE('',#111,(#116,#123),.PCURVE_S1.);
#111 = CIRCLE('',#112,35.);
#112 = AXIS2_PLACEMENT_3D('',#113,#114,#115);
#113 = CARTESIAN_POINT('',(0.,0.,180.));
#114 = DIRECTION('',(0.,0.,1.));
#115 = DIRECTION('',(1.,0.,0.));
#116 = PCURVE('',#31,#117);
#117 = DEFINITIONAL_REPRESENTATION('',(#118),#122);
#118 = LINE('',#119,#120);
#119 = CARTESIAN_POINT('',(0.,180.71146070107));
#120 = VECTOR('',#121,1.);
#121 = DIRECTION('',(1.,0.));
#122 = ( GEOMETRIC_REPRESENTATION_CONTEXT(2) 
PARAMETRIC_REPRESENTATION_CONTEXT() REPRESENTATION_CONTEXT('2D SPACE',''
  ) );
#123 = PCURVE('',#124,#129);
#124 = CYLINDRICAL_SURFACE('',#125,35.);
#125 = AXIS2_PLACEMENT_3D('',#126,#127,#128);
#126 = CARTESIAN_POINT('',(0.,0.,180.));
#127 = DIRECTION('',(0.,0.,1.));
#128 = DIRECTION('',(1.,0.,0.));
#129 = DEFINITIONAL_REPRESENTATION('',(#130),#134);
#130 = LINE('',#131,#132);
#131 = CARTESIAN_POINT('',(0.,0.));
#132 = VECTOR('',#133,1.);
#133 = DIRECTION('',(1.,0.));
#134 = ( GEOMETRIC_REPRESENTATION_CONTEXT(2) 
PARAMETRIC_REPRESENTATION_CONTEXT() REPRESENTATION_CONTEXT('2D SPACE',''
  ) );
#135 = ORIENTED_EDGE('',*,*,#72,.F.);
#136 = ADVANCED_FACE('',(#137,#140),#60,.F.);
#137 = FACE_BOUND('',#138,.T.);
#138 = EDGE_LOOP('',(#139));
#139 = ORIENTED_EDGE('',*,*,#21,.F.);
#140 = FACE_BOUND('',#141,.T.);
#141 = EDGE_LOOP('',(#142));
#142 = ORIENTED_EDGE('',*,*,#143,.T.);
#143 = EDGE_CURVE('',#144,#144,#146,.T.);
#144 = VERTEX_POINT('',#145);
#145 = CARTESIAN_POINT('',(14.75,0.,0.));
#146 = SURFACE_CURVE('',#147,(#152,#159),.PCURVE_S1.);
#147 = CIRCLE('',#148,14.75);
#148 = AXIS2_PLACEMENT_3D('',#149,#150,#151);
#149 = CARTESIAN_POINT('',(0.,0.,0.));
#150 = DIRECTION('',(0.,0.,1.));
#151 = DIRECTION('',(1.,0.,0.));
#152 = PCURVE('',#60,#153);
#153 = DEFINITIONAL_REPRESENTATION('',(#154),#158);
#154 = CIRCLE('',#155,14.75);
#155 = AXIS2_PLACEMENT_2D('',#156,#157);
#156 = CARTESIAN_POINT('',(0.,0.));
#157 = DIRECTION('',(1.,-0.));
#158 = ( GEOMETRIC_REPRESENTATION_CONTEXT(2) 
PARAMETRIC_REPRESENTATION_CONTEXT() REPRESENTATION_CONTEXT('2D SPACE',''
  ) );
#159 = PCURVE('',#160,#165);
#160 = CYLINDRICAL_SURFACE('',#161,14.75);
#161 = AXIS2_PLACEMENT_3D('',#162,#163,#164);
#162 = CARTESIAN_POINT('',(0.,0.,0.));
#163 = DIRECTION('',(-0.,-0.,-1.));
#164 = DIRECTION('',(1.,0.,0.));
#165 = DEFINITIONAL_REPRESENTATION('',(#166),#170);
#166 = LINE('',#167,#168);
#167 = CARTESIAN_POINT('',(-0.,0.));
#168 = VECTOR('',#169,1.);
#169 = DIRECTION('',(-1.,0.));
#170 = ( GEOMETRIC_REPRESENTATION_CONTEXT(2) 
PARAMETRIC_REPRESENTATION_CONTEXT() REPRESENTATION_CONTEXT('2D SPACE',''
  ) );
#171 = ADVANCED_FACE('',(#172,#458,#737,#995,#1156,#1453,#1616,#1874),
  #124,.T.);
#172 = FACE_BOUND('',#173,.T.);
#173 = EDGE_LOOP('',(#174,#175,#198,#226,#249,#323,#324,#394,#457));
#174 = ORIENTED_EDGE('',*,*,#109,.T.);
#175 = ORIENTED_EDGE('',*,*,#176,.T.);
#176 = EDGE_CURVE('',#73,#177,#179,.T.);
#177 = VERTEX_POINT('',#178);
#178 = CARTESIAN_POINT('',(35.,1.022593380441E-13,544.64));
#179 = SEAM_CURVE('',#180,(#184,#191),.PCURVE_S1.);
#180 = LINE('',#181,#182);
#181 = CARTESIAN_POINT('',(35.,0.,180.));
#182 = VECTOR('',#183,1.);
#183 = DIRECTION('',(0.,0.,1.));
#184 = PCURVE('',#124,#185);
#185 = DEFINITIONAL_REPRESENTATION('',(#186),#190);
#186 = LINE('',#187,#188);
#187 = CARTESIAN_POINT('',(0.,0.));
#188 = VECTOR('',#189,1.);
#189 = DIRECTION('',(0.,1.));
#190 = ( GEOMETRIC_REPRESENTATION_CONTEXT(2) 
PARAMETRIC_REPRESENTATION_CONTEXT() REPRESENTATION_CONTEXT('2D SPACE',''
  ) );
#191 = PCURVE('',#124,#192);
#192 = DEFINITIONAL_REPRESENTATION('',(#193),#197);
#193 = LINE('',#194,#195);
#194 = CARTESIAN_POINT('',(6.28318530718,0.));
#195 = VECTOR('',#196,1.);
#196 = DIRECTION('',(0.,1.));
#197 = ( GEOMETRIC_REPRESENTATION_CONTEXT(2) 
PARAMETRIC_REPRESENTATION_CONTEXT() REPRESENTATION_CONTEXT('2D SPACE',''
  ) );
#198 = ORIENTED_EDGE('',*,*,#199,.T.);
#199 = EDGE_CURVE('',#177,#200,#202,.T.);
#200 = VERTEX_POINT('',#201);
#201 = CARTESIAN_POINT('',(35.,1.027232000249E-13,552.64));
#202 = SURFACE_CURVE('',#203,(#207,#214),.PCURVE_S1.);
#203 = LINE('',#204,#205);
#204 = CARTESIAN_POINT('',(35.,0.,180.));
#205 = VECTOR('',#206,1.);
#206 = DIRECTION('',(0.,0.,1.));
#207 = PCURVE('',#124,#208);
#208 = DEFINITIONAL_REPRESENTATION('',(#209),#213);
#209 = LINE('',#210,#211);
#210 = CARTESIAN_POINT('',(6.28318530718,0.));
#211 = VECTOR('',#212,1.);
#212 = DIRECTION('',(0.,1.));
#213 = ( GEOMETRIC_REPRESENTATION_CONTEXT(2) 
PARAMETRIC_REPRESENTATION_CONTEXT() REPRESENTATION_CONTEXT('2D SPACE',''
  ) );
#214 = PCURVE('',#215,#220);
#215 = PLANE('',#216);
#216 = AXIS2_PLACEMENT_3D('',#217,#218,#219);
#217 = CARTESIAN_POINT('',(35.,-2.427881740842E-16,548.64));
#218 = DIRECTION('',(0.946930129495,-0.321439465303,0.));
#219 = DIRECTION('',(0.321439465303,0.946930129495,0.));
#220 = DEFINITIONAL_REPRESENTATION('',(#221),#225);
#221 = LINE('',#222,#223);
#222 = CARTESIAN_POINT('',(2.563950248511E-16,-368.64));
#223 = VECTOR('',#224,1.);
#224 = DIRECTION('',(0.,1.));
#225 = ( GEOMETRIC_REPRESENTATION_CONTEXT(2) 
PARAMETRIC_REPRESENTATION_CONTEXT() REPRESENTATION_CONTEXT('2D SPACE',''
  ) );
#226 = ORIENTED_EDGE('',*,*,#227,.T.);
#227 = EDGE_CURVE('',#200,#228,#230,.T.);
#228 = VERTEX_POINT('',#229);
#229 = CARTESIAN_POINT('',(35.,0.,592.));
#230 = SEAM_CURVE('',#231,(#235,#242),.PCURVE_S1.);
#231 = LINE('',#232,#233);
#232 = CARTESIAN_POINT('',(35.,0.,180.));
#233 = VECTOR('',#234,1.);
#234 = DIRECTION('',(0.,0.,1.));
#235 = PCURVE('',#124,#236);
#236 = DEFINITIONAL_REPRESENTATION('',(#237),#241);
#237 = LINE('',#238,#239);
#238 = CARTESIAN_POINT('',(0.,0.));
#239 = VECTOR('',#240,1.);
#240 = DIRECTION('',(0.,1.));
#241 = ( GEOMETRIC_REPRESENTATION_CONTEXT(2) 
PARAMETRIC_REPRESENTATION_CONTEXT() REPRESENTATION_CONTEXT('2D SPACE',''
  ) );
#242 = PCURVE('',#124,#243);
#243 = DEFINITIONAL_REPRESENTATION('',(#244),#248);
#244 = LINE('',#245,#246);
#245 = CARTESIAN_POINT('',(6.28318530718,0.));
#246 = VECTOR('',#247,1.);
#247 = DIRECTION('',(0.,1.));
#248 = ( GEOMETRIC_REPRESENTATION_CONTEXT(2) 
PARAMETRIC_REPRESENTATION_CONTEXT() REPRESENTATION_CONTEXT('2D SPACE',''
  ) );
#249 = ORIENTED_EDGE('',*,*,#250,.F.);
#250 = EDGE_CURVE('',#228,#228,#251,.T.);
#251 = SURFACE_CURVE('',#252,(#257,#264),.PCURVE_S1.);
#252 = CIRCLE('',#253,35.);
#253 = AXIS2_PLACEMENT_3D('',#254,#255,#256);
#254 = CARTESIAN_POINT('',(0.,0.,592.));
#255 = DIRECTION('',(0.,0.,1.));
#256 = DIRECTION('',(1.,0.,0.));
#257 = PCURVE('',#124,#258);
#258 = DEFINITIONAL_REPRESENTATION('',(#259),#263);
#259 = LINE('',#260,#261);
#260 = CARTESIAN_POINT('',(0.,412.));
#261 = VECTOR('',#262,1.);
#262 = DIRECTION('',(1.,0.));
#263 = ( GEOMETRIC_REPRESENTATION_CONTEXT(2) 
PARAMETRIC_REPRESENTATION_CONTEXT() REPRESENTATION_CONTEXT('2D SPACE',''
  ) );
#264 = PCURVE('',#265,#317);
#265 = SURFACE_OF_REVOLUTION('',#266,#314);
#266 = B_SPLINE_CURVE_WITH_KNOTS('',3,(#267,#268,#269,#270,#271,#272,
    #273,#274,#275,#276,#277,#278,#279,#280,#281,#282,#283,#284,#285,
    #286,#287,#288,#289,#290,#291,#292,#293,#294,#295,#296,#297,#298,
    #299,#300,#301,#302,#303,#304,#305,#306,#307,#308,#309,#310,#311,
    #312,#313),.UNSPECIFIED.,.F.,.F.,(4,1,1,1,1,1,1,1,1,1,1,1,1,1,1,1,1,
    1,1,1,1,1,1,1,1,1,1,1,1,1,1,1,1,1,1,1,1,1,1,1,1,1,1,1,4),(0.,
    3.864962552121,7.732971618758,11.603854533008,15.477554937183,
    19.354037432185,23.233279914907,27.115270870152,31.000007985221,
    34.887497347459,38.777752979002,42.670796602396,46.566657584248,
    50.465373029548,54.366988013847,58.271555950027,62.179139093867,
    66.08980919916,70.003648339812,73.920749923681,77.841219931695,
    81.765178426627,85.69276138991,89.624122963334,93.559438197229,
    97.498906440721,101.44275555689,105.39124721266,109.34468358987,
    113.30341600645,117.26785615056,121.23849096147,125.21590271426,
    129.20079672251,133.1940405258,137.19672099563,141.21023055937,
    145.23640312158,149.27774009934,153.33781288145,157.42204734752,
    161.53945995814,165.70732001525,169.96888224366,174.63157808536),
  .UNSPECIFIED.);
#267 = CARTESIAN_POINT('',(35.,0.,592.));
#268 = CARTESIAN_POINT('',(34.983311317453,0.,593.28840564609));
#269 = CARTESIAN_POINT('',(34.912726153903,0.,595.86516004613));
#270 = CARTESIAN_POINT('',(34.722745225607,0.,599.72870207135));
#271 = CARTESIAN_POINT('',(34.485153528895,0.,603.59231532543));
#272 = CARTESIAN_POINT('',(34.204938872956,0.,607.45593171876));
#273 = CARTESIAN_POINT('',(33.889012720241,0.,611.31955654081));
#274 = CARTESIAN_POINT('',(33.540908133012,0.,615.18318612886));
#275 = CARTESIAN_POINT('',(33.163499888553,0.,619.0468204254));
#276 = CARTESIAN_POINT('',(32.758869730149,0.,622.91045885524));
#277 = CARTESIAN_POINT('',(32.328659196539,0.,626.77410122366));
#278 = CARTESIAN_POINT('',(31.874160946908,0.,630.63774739233));
#279 = CARTESIAN_POINT('',(31.396411290362,0.,634.50139732631));
#280 = CARTESIAN_POINT('',(30.896242828278,0.,638.36505106066));
#281 = CARTESIAN_POINT('',(30.374323553464,0.,642.22870869912));
#282 = CARTESIAN_POINT('',(29.831183913494,0.,646.09237041073));
#283 = CARTESIAN_POINT('',(29.26723650102,0.,649.9560364319));
#284 = CARTESIAN_POINT('',(28.68279024447,0.,653.8197070712));
#285 = CARTESIAN_POINT('',(28.078060583944,0.,657.68338271743));
#286 = CARTESIAN_POINT('',(27.453176522943,0.,661.54706385124));
#287 = CARTESIAN_POINT('',(26.808185155923,0.,665.41075106079));
#288 = CARTESIAN_POINT('',(26.143054044351,0.,669.27444506266));
#289 = CARTESIAN_POINT('',(25.457671654689,0.,673.13814672924));
#290 = CARTESIAN_POINT('',(24.751845942571,0.,677.00185712488));
#291 = CARTESIAN_POINT('',(24.025301054158,0.,680.86557755354));
#292 = CARTESIAN_POINT('',(23.277672003625,0.,684.72930962238));
#293 = CARTESIAN_POINT('',(22.508497062382,0.,688.59305532728));
#294 = CARTESIAN_POINT('',(21.717207446674,0.,692.4568171696));
#295 = CARTESIAN_POINT('',(20.903113697434,0.,696.32059831773));
#296 = CARTESIAN_POINT('',(20.065387882631,0.,700.18440283421));
#297 = CARTESIAN_POINT('',(19.203040381242,0.,704.04823600265));
#298 = CARTESIAN_POINT('',(18.314889452707,0.,707.9121048029));
#299 = CARTESIAN_POINT('',(17.399520999843,0.,711.77601863924));
#300 = CARTESIAN_POINT('',(16.455234532964,0.,715.63999040968));
#301 = CARTESIAN_POINT('',(15.479969702879,0.,719.50403841972));
#302 = CARTESIAN_POINT('',(14.471202731335,0.,723.36818875932));
#303 = CARTESIAN_POINT('',(13.425802075574,0.,727.2324824161));
#304 = CARTESIAN_POINT('',(12.339799409026,0.,731.09697681182));
#305 = CARTESIAN_POINT('',(11.208094959068,0.,734.96179257811));
#306 = CARTESIAN_POINT('',(10.023758437979,0.,738.8270432915));
#307 = CARTESIAN_POINT('',(8.777669359431,0.,742.6933302214));
#308 = CARTESIAN_POINT('',(7.454556580913,0.,746.56045524251));
#309 = CARTESIAN_POINT('',(6.037444871769,0.,750.43398184772));
#310 = CARTESIAN_POINT('',(4.466362942935,0.,754.30728028247));
#311 = CARTESIAN_POINT('',(2.701229573868,0.,758.31316638203));
#312 = CARTESIAN_POINT('',(1.080840500857,0.,760.80668774851));
#313 = CARTESIAN_POINT('',(5.E-02,0.,762.));
#314 = AXIS1_PLACEMENT('',#315,#316);
#315 = CARTESIAN_POINT('',(0.,0.,0.));
#316 = DIRECTION('',(0.,0.,1.));
#317 = DEFINITIONAL_REPRESENTATION('',(#318),#322);
#318 = LINE('',#319,#320);
#319 = CARTESIAN_POINT('',(0.,0.));
#320 = VECTOR('',#321,1.);
#321 = DIRECTION('',(1.,0.));
#322 = ( GEOMETRIC_REPRESENTATION_CONTEXT(2) 
PARAMETRIC_REPRESENTATION_CONTEXT() REPRESENTATION_CONTEXT('2D SPACE',''
  ) );
#323 = ORIENTED_EDGE('',*,*,#227,.F.);
#324 = ORIENTED_EDGE('',*,*,#325,.F.);
#325 = EDGE_CURVE('',#326,#200,#328,.T.);
#326 = VERTEX_POINT('',#327);
#327 = CARTESIAN_POINT('',(34.733016815885,4.314805078729,548.64));
#328 = SURFACE_CURVE('',#329,(#347,#368),.PCURVE_S1.);
#329 = B_SPLINE_CURVE_WITH_KNOTS('',6,(#330,#331,#332,#333,#334,#335,
    #336,#337,#338,#339,#340,#341,#342,#343,#344,#345,#346),
  .UNSPECIFIED.,.F.,.F.,(7,5,5,7),(0.,0.418853830878,0.706905880894,1.),
  .UNSPECIFIED.);
#330 = CARTESIAN_POINT('',(34.733016815885,4.314805078729,548.64));
#331 = CARTESIAN_POINT('',(34.733016815885,4.314805078729,
    549.03942324319));
#332 = CARTESIAN_POINT('',(34.739572470972,4.262035093747,
    549.43870200769));
#333 = CARTESIAN_POINT('',(34.75267328432,4.156570831802,549.83268477247
    ));
#334 = CARTESIAN_POINT('',(34.771702715949,3.998491069963,
    550.21615175312));
#335 = CARTESIAN_POINT('',(34.79540222965,3.78805774252,550.58329562242)
  );
#336 = CARTESIAN_POINT('',(34.840192290536,3.345717108609,
    551.16362691011));
#337 = CARTESIAN_POINT('',(34.859800737078,3.140896807066,
    551.38927168478));
#338 = CARTESIAN_POINT('',(34.88016366673,2.911767928959,551.60163988247
    ));
#339 = CARTESIAN_POINT('',(34.90054085533,2.658811489434,551.79801085447
    ));
#340 = CARTESIAN_POINT('',(34.920066464709,2.38283559898,551.97530456062
    ));
#341 = CARTESIAN_POINT('',(34.955912822304,1.782202928284,
    552.28737100858));
#342 = CARTESIAN_POINT('',(34.972255373045,1.455368264857,
    552.42207731672));
#343 = CARTESIAN_POINT('',(34.985709752247,1.108397468609,
    552.52850520846));
#344 = CARTESIAN_POINT('',(34.995184214703,0.746282234089,
    552.60221378409));
#345 = CARTESIAN_POINT('',(35.,0.374791794112,552.64));
#346 = CARTESIAN_POINT('',(35.,2.261913288014E-15,552.64));
#347 = PCURVE('',#124,#348);
#348 = DEFINITIONAL_REPRESENTATION('',(#349),#367);
#349 = B_SPLINE_CURVE_WITH_KNOTS('',6,(#350,#351,#352,#353,#354,#355,
    #356,#357,#358,#359,#360,#361,#362,#363,#364,#365,#366),
  .UNSPECIFIED.,.F.,.F.,(7,5,5,7),(0.,0.418853830878,0.706905880894,1.),
  .UNSPECIFIED.);
#350 = CARTESIAN_POINT('',(0.123594568751,368.64));
#351 = CARTESIAN_POINT('',(0.123594568751,369.03942324319));
#352 = CARTESIAN_POINT('',(0.122075265633,369.43870200769));
#353 = CARTESIAN_POINT('',(0.119038838516,369.83268477247));
#354 = CARTESIAN_POINT('',(0.114489706629,370.21615175312));
#355 = CARTESIAN_POINT('',(0.108439698805,370.58329562242));
#356 = CARTESIAN_POINT('',(9.573677013838E-02,371.16362691011));
#357 = CARTESIAN_POINT('',(8.985809388021E-02,371.38927168478));
#358 = CARTESIAN_POINT('',(8.328599551627E-02,371.60163988247));
#359 = CARTESIAN_POINT('',(7.6035704007E-02,371.79801085447));
#360 = CARTESIAN_POINT('',(6.813144891509E-02,371.97530456062));
#361 = CARTESIAN_POINT('',(5.093998054077E-02,372.28737100858));
#362 = CARTESIAN_POINT('',(4.159061458622E-02,372.42207731672));
#363 = CARTESIAN_POINT('',(3.167070315037E-02,372.52850520846));
#364 = CARTESIAN_POINT('',(2.132235096725E-02,372.60221378409));
#365 = CARTESIAN_POINT('',(1.070833697463E-02,372.64));
#366 = CARTESIAN_POINT('',(0.,372.64));
#367 = ( GEOMETRIC_REPRESENTATION_CONTEXT(2) 
PARAMETRIC_REPRESENTATION_CONTEXT() REPRESENTATION_CONTEXT('2D SPACE',''
  ) );
#368 = PCURVE('',#369,#374);
#369 = CYLINDRICAL_SURFACE('',#370,4.);
#370 = AXIS2_PLACEMENT_3D('',#371,#372,#373);
#371 = CARTESIAN_POINT('',(35.,0.,548.64));
#372 = DIRECTION('',(0.946930129495,-0.321439465303,0.));
#373 = DIRECTION('',(0.321439465303,0.946930129495,0.));
#374 = DEFINITIONAL_REPRESENTATION('',(#375),#393);
#375 = B_SPLINE_CURVE_WITH_KNOTS('',6,(#376,#377,#378,#379,#380,#381,
    #382,#383,#384,#385,#386,#387,#388,#389,#390,#391,#392),
  .UNSPECIFIED.,.F.,.F.,(7,5,5,7),(0.,0.418853830878,0.706905880894,1.),
  .UNSPECIFIED.);
#376 = CARTESIAN_POINT('',(0.,-1.639763058501));
#377 = CARTESIAN_POINT('',(9.985581079951E-02,-1.639763058501));
#378 = CARTESIAN_POINT('',(0.199675901874,-1.616592955424));
#379 = CARTESIAN_POINT('',(0.299961958429,-1.570287024576));
#380 = CARTESIAN_POINT('',(0.401203490844,-1.501454408298));
#381 = CARTESIAN_POINT('',(0.503900661757,-1.411371048465));
#382 = CARTESIAN_POINT('',(0.680744355863,-1.226772253464));
#383 = CARTESIAN_POINT('',(0.753847902345,-1.14236709643));
#384 = CARTESIAN_POINT('',(0.828157372316,-1.049433760753));
#385 = CARTESIAN_POINT('',(0.903856001611,-0.948827804247));
#386 = CARTESIAN_POINT('',(0.981146739071,-0.841628873766));
#387 = CARTESIAN_POINT('',(1.140813583992,-0.614617833214));
#388 = CARTESIAN_POINT('',(1.223629927785,-0.494085020071));
#389 = CARTESIAN_POINT('',(1.308293514516,-0.369814555808));
#390 = CARTESIAN_POINT('',(1.39451409312,-0.244444774486));
#391 = CARTESIAN_POINT('',(1.482070916262,-0.120472873899));
#392 = CARTESIAN_POINT('',(1.570796326795,0.));
#393 = ( GEOMETRIC_REPRESENTATION_CONTEXT(2) 
PARAMETRIC_REPRESENTATION_CONTEXT() REPRESENTATION_CONTEXT('2D SPACE',''
  ) );
#394 = ORIENTED_EDGE('',*,*,#395,.F.);
#395 = EDGE_CURVE('',#177,#326,#396,.T.);
#396 = SURFACE_CURVE('',#397,(#415,#436),.PCURVE_S1.);
#397 = B_SPLINE_CURVE_WITH_KNOTS('',6,(#398,#399,#400,#401,#402,#403,
    #404,#405,#406,#407,#408,#409,#410,#411,#412,#413,#414),
  .UNSPECIFIED.,.F.,.F.,(7,5,5,7),(0.,0.293094119106,0.581146169122,1.),
  .UNSPECIFIED.);
#398 = CARTESIAN_POINT('',(35.,3.016275138295E-15,544.64));
#399 = CARTESIAN_POINT('',(35.,0.374791794112,544.64));
#400 = CARTESIAN_POINT('',(34.995184214703,0.746282234089,544.6777862159
    ));
#401 = CARTESIAN_POINT('',(34.985709752247,1.10839746861,544.75149479153
    ));
#402 = CARTESIAN_POINT('',(34.972255373045,1.455368264857,
    544.85792268327));
#403 = CARTESIAN_POINT('',(34.955912822304,1.782202928284,
    544.99262899141));
#404 = CARTESIAN_POINT('',(34.920066464709,2.38283559898,545.30469543937
    ));
#405 = CARTESIAN_POINT('',(34.90054085533,2.658811489434,545.48198914552
    ));
#406 = CARTESIAN_POINT('',(34.88016366673,2.911767928959,545.67836011753
    ));
#407 = CARTESIAN_POINT('',(34.859800737078,3.140896807066,
    545.89072831521));
#408 = CARTESIAN_POINT('',(34.840192290536,3.345717108609,
    546.11637308988));
#409 = CARTESIAN_POINT('',(34.79540222965,3.78805774252,546.69670437757)
  );
#410 = CARTESIAN_POINT('',(34.771702715949,3.998491069963,
    547.06384824687));
#411 = CARTESIAN_POINT('',(34.75267328432,4.156570831802,547.44731522752
    ));
#412 = CARTESIAN_POINT('',(34.739572470972,4.262035093747,547.8412979923
    ));
#413 = CARTESIAN_POINT('',(34.733016815885,4.314805078729,548.2405767568
    ));
#414 = CARTESIAN_POINT('',(34.733016815885,4.314805078729,548.64));
#415 = PCURVE('',#124,#416);
#416 = DEFINITIONAL_REPRESENTATION('',(#417),#435);
#417 = B_SPLINE_CURVE_WITH_KNOTS('',6,(#418,#419,#420,#421,#422,#423,
    #424,#425,#426,#427,#428,#429,#430,#431,#432,#433,#434),
  .UNSPECIFIED.,.F.,.F.,(7,5,5,7),(0.,0.293094119106,0.581146169122,1.),
  .UNSPECIFIED.);
#418 = CARTESIAN_POINT('',(0.,364.64));
#419 = CARTESIAN_POINT('',(1.070833697463E-02,364.64));
#420 = CARTESIAN_POINT('',(2.132235096725E-02,364.6777862159));
#421 = CARTESIAN_POINT('',(3.167070315038E-02,364.75149479153));
#422 = CARTESIAN_POINT('',(4.15906145862E-02,364.85792268327));
#423 = CARTESIAN_POINT('',(5.093998054078E-02,364.99262899141));
#424 = CARTESIAN_POINT('',(6.813144891509E-02,365.30469543937));
#425 = CARTESIAN_POINT('',(7.603570400699E-02,365.48198914552));
#426 = CARTESIAN_POINT('',(8.328599551629E-02,365.67836011753));
#427 = CARTESIAN_POINT('',(8.98580938802E-02,365.89072831521));
#428 = CARTESIAN_POINT('',(9.573677013839E-02,366.11637308988));
#429 = CARTESIAN_POINT('',(0.108439698805,366.69670437757));
#430 = CARTESIAN_POINT('',(0.114489706629,367.06384824687));
#431 = CARTESIAN_POINT('',(0.119038838516,367.44731522752));
#432 = CARTESIAN_POINT('',(0.122075265633,367.8412979923));
#433 = CARTESIAN_POINT('',(0.123594568751,368.2405767568));
#434 = CARTESIAN_POINT('',(0.123594568751,368.64));
#435 = ( GEOMETRIC_REPRESENTATION_CONTEXT(2) 
PARAMETRIC_REPRESENTATION_CONTEXT() REPRESENTATION_CONTEXT('2D SPACE',''
  ) );
#436 = PCURVE('',#369,#437);
#437 = DEFINITIONAL_REPRESENTATION('',(#438),#456);
#438 = B_SPLINE_CURVE_WITH_KNOTS('',6,(#439,#440,#441,#442,#443,#444,
    #445,#446,#447,#448,#449,#450,#451,#452,#453,#454,#455),
  .UNSPECIFIED.,.F.,.F.,(7,5,5,7),(0.,0.293094119106,0.581146169122,1.),
  .UNSPECIFIED.);
#439 = CARTESIAN_POINT('',(4.712388980385,0.));
#440 = CARTESIAN_POINT('',(4.801114390918,-0.120472873899));
#441 = CARTESIAN_POINT('',(4.888671214059,-0.244444774486));
#442 = CARTESIAN_POINT('',(4.974891792664,-0.369814555809));
#443 = CARTESIAN_POINT('',(5.059555379394,-0.49408502007));
#444 = CARTESIAN_POINT('',(5.142371723188,-0.614617833214));
#445 = CARTESIAN_POINT('',(5.302038568109,-0.841628873766));
#446 = CARTESIAN_POINT('',(5.379329305568,-0.948827804247));
#447 = CARTESIAN_POINT('',(5.455027934864,-1.049433760753));
#448 = CARTESIAN_POINT('',(5.529337404834,-1.142367096429));
#449 = CARTESIAN_POINT('',(5.602440951316,-1.226772253464));
#450 = CARTESIAN_POINT('',(5.779284645422,-1.411371048465));
#451 = CARTESIAN_POINT('',(5.881981816336,-1.501454408298));
#452 = CARTESIAN_POINT('',(5.98322334875,-1.570287024576));
#453 = CARTESIAN_POINT('',(6.083509405306,-1.616592955424));
#454 = CARTESIAN_POINT('',(6.18332949638,-1.639763058501));
#455 = CARTESIAN_POINT('',(6.28318530718,-1.639763058501));
#456 = ( GEOMETRIC_REPRESENTATION_CONTEXT(2) 
PARAMETRIC_REPRESENTATION_CONTEXT() REPRESENTATION_CONTEXT('2D SPACE',''
  ) );
#457 = ORIENTED_EDGE('',*,*,#176,.F.);
#458 = FACE_BOUND('',#459,.T.);
#459 = EDGE_LOOP('',(#460));
#460 = ORIENTED_EDGE('',*,*,#461,.T.);
#461 = EDGE_CURVE('',#462,#462,#464,.T.);
#462 = VERTEX_POINT('',#463);
#463 = CARTESIAN_POINT('',(24.928868003653,-24.56728597253,548.64));
#464 = SURFACE_CURVE('',#465,(#552,#642),.PCURVE_S1.);
#465 = B_SPLINE_CURVE_WITH_KNOTS('',8,(#466,#467,#468,#469,#470,#471,
    #472,#473,#474,#475,#476,#477,#478,#479,#480,#481,#482,#483,#484,
    #485,#486,#487,#488,#489,#490,#491,#492,#493,#494,#495,#496,#497,
    #498,#499,#500,#501,#502,#503,#504,#505,#506,#507,#508,#509,#510,
    #511,#512,#513,#514,#515,#516,#517,#518,#519,#520,#521,#522,#523,
    #524,#525,#526,#527,#528,#529,#530,#531,#532,#533,#534,#535,#536,
    #537,#538,#539,#540,#541,#542,#543,#544,#545,#546,#547,#548,#549,
    #550,#551),.UNSPECIFIED.,.T.,.F.,(9,7,7,7,7,7,7,7,7,7,7,7,9),(0.,
    0.106068325679,0.182018972655,0.231193120857,0.26840977376,
    0.304231023305,0.354959047849,0.393942667272,0.423430043685,
    0.49881727274,0.680731136199,0.814335357732,1.),.UNSPECIFIED.);
#466 = CARTESIAN_POINT('',(24.928868003653,-24.56728597253,548.64));
#467 = CARTESIAN_POINT('',(24.928868003653,-24.56728597253,
    548.93956743239));
#468 = CARTESIAN_POINT('',(24.948863690614,-24.54699610795,
    549.23905746549));
#469 = CARTESIAN_POINT('',(24.988835630317,-24.50643554776,
    549.53663027034));
#470 = CARTESIAN_POINT('',(25.048660958254,-24.44554492504,
    549.83043139016));
#471 = CARTESIAN_POINT('',(25.128098577391,-24.36419929986,
    550.11853610317));
#472 = CARTESIAN_POINT('',(25.226775889138,-24.26222532901,
    550.39889198596));
#473 = CARTESIAN_POINT('',(25.344177057532,-24.13942264284,
    550.66925967704));
#474 = CARTESIAN_POINT('',(25.576626435173,-23.89259708325,
    551.11181655179));
#475 = CARTESIAN_POINT('',(25.682941003321,-23.77875409357,
    551.29020520641));
#476 = CARTESIAN_POINT('',(25.798317555485,-23.65399823858,
    551.46132349103));
#477 = CARTESIAN_POINT('',(25.922435037912,-23.51829100519,
    551.62410913228));
#478 = CARTESIAN_POINT('',(26.054902855661,-23.37162999337,
    551.77742119149));
#479 = CARTESIAN_POINT('',(26.195255049039,-23.2140647968,
    551.92002876496));
#480 = CARTESIAN_POINT('',(26.342946089489,-23.04571635902,
    552.05059909007));
#481 = CARTESIAN_POINT('',(26.597315803259,-22.75096051391,
    552.24349221557));
#482 = CARTESIAN_POINT('',(26.70013597933,-22.63064562703,
    552.31367662388));
#483 = CARTESIAN_POINT('',(26.805508708511,-22.50606201021,
    552.37773633197));
#484 = CARTESIAN_POINT('',(26.91311080317,-22.37745199254,
    552.43519933132));
#485 = CARTESIAN_POINT('',(27.022600873124,-22.24509222656,
    552.48562465036));
#486 = CARTESIAN_POINT('',(27.133624196083,-22.10929254815,
    552.52860344962));
#487 = CARTESIAN_POINT('',(27.245817588082,-21.97039483649,
    552.56376011689));
#488 = CARTESIAN_POINT('',(27.444333974627,-21.72158684211,
    552.61118276043));
#489 = CARTESIAN_POINT('',(27.530281216855,-21.61288170752,
    552.62692836602));
#490 = CARTESIAN_POINT('',(27.616411899381,-21.50292536809,
    552.63782839316));
#491 = CARTESIAN_POINT('',(27.70248464666,-21.39199809432,
    552.64375979827));
#492 = CARTESIAN_POINT('',(27.788262927031,-21.2803890027,552.6446383462
    ));
#493 = CARTESIAN_POINT('',(27.873517170904,-21.16839352908,
    552.64041867625));
#494 = CARTESIAN_POINT('',(27.958026888954,-21.05631090201,
    552.63109436822));
#495 = CARTESIAN_POINT('',(28.12200584184,-20.83676676388,
    552.60284142666));
#496 = CARTESIAN_POINT('',(28.201505916323,-20.72934213986,
    552.58429256318));
#497 = CARTESIAN_POINT('',(28.279891558535,-20.62244321908,
    552.5610902967));
#498 = CARTESIAN_POINT('',(28.356984688835,-20.51634141838,
    552.53330711531));
#499 = CARTESIAN_POINT('',(28.432620254709,-20.41130311026,
    552.50104914141));
#500 = CARTESIAN_POINT('',(28.5066458823,-20.30758863682,552.46445615666
    ));
#501 = CARTESIAN_POINT('',(28.578921527951,-20.20545132351,
    552.42370162695));
#502 = CARTESIAN_POINT('',(28.749012225762,-19.96307631231,
    552.31567851614));
#503 = CARTESIAN_POINT('',(28.844855818235,-19.82478931803,
    552.24448692924));
#504 = CARTESIAN_POINT('',(28.936692930895,-19.69068259016,
    552.16590803432));
#505 = CARTESIAN_POINT('',(29.024400392598,-19.56112968006,
    552.08046422124));
#506 = CARTESIAN_POINT('',(29.107886670243,-19.43646730848,
    551.98871029134));
#507 = CARTESIAN_POINT('',(29.187089701692,-19.31699206356,
    551.89123354678));
#508 = CARTESIAN_POINT('',(29.261974728695,-19.20295709885,
    551.78865387987));
#509 = CARTESIAN_POINT('',(29.386754286052,-19.01127430111,
    551.59937312416));
#510 = CARTESIAN_POINT('',(29.438465577844,-18.93124564867,
    551.51442645025));
#511 = CARTESIAN_POINT('',(29.48770722599,-18.8545051107,551.42699239239
    ));
#512 = CARTESIAN_POINT('',(29.534520933821,-18.78106898318,
    551.33727157279));
#513 = CARTESIAN_POINT('',(29.578948809163,-18.71094762295,
    551.24545673066));
#514 = CARTESIAN_POINT('',(29.621033286303,-18.64414544935,
    551.15173276869));
#515 = CARTESIAN_POINT('',(29.660817047967,-18.58066094585,
    551.05627679958));
#516 = CARTESIAN_POINT('',(29.726727697969,-18.47497057586,
    550.88587290329));
#517 = CARTESIAN_POINT('',(29.753824201587,-18.43134275653,
    550.81158431841));
#518 = CARTESIAN_POINT('',(29.779654082292,-18.3895948493,
    550.73645553011));
#519 = CARTESIAN_POINT('',(29.804238007745,-18.34971825179,
    550.66054682505));
#520 = CARTESIAN_POINT('',(29.827595689108,-18.31170411359,
    550.58391568427));
#521 = CARTESIAN_POINT('',(29.849745881047,-18.27554333632,
    550.50661678318));
#522 = CARTESIAN_POINT('',(29.870706381733,-18.24122657361,
    550.4287019916));
#523 = CARTESIAN_POINT('',(29.941083009131,-18.12570009169,
    550.14957479504));
#524 = CARTESIAN_POINT('',(29.984005041679,-18.05464810738,
    549.94522876554));
#525 = CARTESIAN_POINT('',(30.019553252778,-17.99541114788,
    549.73795849543));
#526 = CARTESIAN_POINT('',(30.04796386538,-17.94783260857,
    549.52844203637));
#527 = CARTESIAN_POINT('',(30.069417063674,-17.91178460217,
    549.31728131858));
#528 = CARTESIAN_POINT('',(30.084036734333,-17.88717503305,
    549.1050240238));
#529 = CARTESIAN_POINT('',(30.091889088438,-17.87395355411,
    548.89218529422));
#530 = CARTESIAN_POINT('',(30.095612994405,-17.86768325988,
    548.16549027647));
#531 = CARTESIAN_POINT('',(30.058887472407,-17.92952075224,
    547.64917101236));
#532 = CARTESIAN_POINT('',(29.982318650397,-18.05852706772,
    547.1379823426));
#533 = CARTESIAN_POINT('',(29.863669076931,-18.25672645353,
    546.64078975247));
#534 = CARTESIAN_POINT('',(29.699331348777,-18.5263764882,
    546.16877496454));
#535 = CARTESIAN_POINT('',(29.484711501359,-18.86893361788,
    545.73671169852));
#536 = CARTESIAN_POINT('',(29.21410870188,-19.284168335,545.36346179085)
  );
#537 = CARTESIAN_POINT('',(28.640150386405,-20.12279698682,
    544.8648322415));
#538 = CARTESIAN_POINT('',(28.367755047918,-20.51009697081,
    544.70271244043));
#539 = CARTESIAN_POINT('',(28.070993671328,-20.91853528882,
    544.6027064882));
#540 = CARTESIAN_POINT('',(27.757384258711,-21.33450233211,
    544.57190596521));
#541 = CARTESIAN_POINT('',(27.436695874288,-21.74368165325,
    544.61148169126));
#542 = CARTESIAN_POINT('',(27.120506436045,-22.13282181986,
    544.71676019681));
#543 = CARTESIAN_POINT('',(26.820477588608,-22.49086301772,
    544.87714309657));
#544 = CARTESIAN_POINT('',(26.165386678506,-23.25326287121,
    545.35228141935));
#545 = CARTESIAN_POINT('',(25.824260553127,-23.63314768277,
    545.71021883406));
#546 = CARTESIAN_POINT('',(25.531395684903,-23.94734357211,
    546.12828953449));
#547 = CARTESIAN_POINT('',(25.292500857658,-24.19659096731,
    546.59027285846));
#548 = CARTESIAN_POINT('',(25.111245831071,-24.38222250761,
    547.08295448104));
#549 = CARTESIAN_POINT('',(24.989733552816,-24.50552488294,
    547.59522088497));
#550 = CARTESIAN_POINT('',(24.928868003653,-24.56728597253,
    548.11734647439));
#551 = CARTESIAN_POINT('',(24.928868003653,-24.56728597253,548.64));
#552 = PCURVE('',#124,#553);
#553 = DEFINITIONAL_REPRESENTATION('',(#554),#641);
#554 = B_SPLINE_CURVE_WITH_KNOTS('',8,(#555,#556,#557,#558,#559,#560,
    #561,#562,#563,#564,#565,#566,#567,#568,#569,#570,#571,#572,#573,
    #574,#575,#576,#577,#578,#579,#580,#581,#582,#583,#584,#585,#586,
    #587,#588,#589,#590,#591,#592,#593,#594,#595,#596,#597,#598,#599,
    #600,#601,#602,#603,#604,#605,#606,#607,#608,#609,#610,#611,#612,
    #613,#614,#615,#616,#617,#618,#619,#620,#621,#622,#623,#624,#625,
    #626,#627,#628,#629,#630,#631,#632,#633,#634,#635,#636,#637,#638,
    #639,#640),.UNSPECIFIED.,.F.,.F.,(9,7,7,7,7,7,7,7,7,7,7,7,9),(0.,
    0.106068325679,0.182018972655,0.231193120857,0.26840977376,
    0.304231023305,0.354959047849,0.393942667272,0.423430043685,
    0.49881727274,0.680731136199,0.814335357732,1.),.UNSPECIFIED.);
#555 = CARTESIAN_POINT('',(5.505092268931,368.64));
#556 = CARTESIAN_POINT('',(5.505092268931,368.93956743239));
#557 = CARTESIAN_POINT('',(5.505906181315,369.23905746549));
#558 = CARTESIAN_POINT('',(5.507533227828,369.53663027034));
#559 = CARTESIAN_POINT('',(5.509972150188,369.83043139016));
#560 = CARTESIAN_POINT('',(5.513220656217,370.11853610317));
#561 = CARTESIAN_POINT('',(5.517274874064,370.39889198596));
#562 = CARTESIAN_POINT('',(5.522128814528,370.66925967704));
#563 = CARTESIAN_POINT('',(5.531815985511,371.11181655179));
#564 = CARTESIAN_POINT('',(5.536266400016,371.29020520641));
#565 = CARTESIAN_POINT('',(5.541121409296,371.46132349103));
#566 = CARTESIAN_POINT('',(5.546375708404,371.62410913228));
#567 = CARTESIAN_POINT('',(5.552022004665,371.77742119149));
#568 = CARTESIAN_POINT('',(5.558050609988,371.92002876496));
#569 = CARTESIAN_POINT('',(5.564448983952,372.05059909007));
#570 = CARTESIAN_POINT('',(5.575572959145,372.24349221557));
#571 = CARTESIAN_POINT('',(5.580094751072,372.31367662388));
#572 = CARTESIAN_POINT('',(5.584756650695,372.37773633197));
#573 = CARTESIAN_POINT('',(5.589547550029,372.43519933132));
#574 = CARTESIAN_POINT('',(5.5944552941,372.48562465036));
#575 = CARTESIAN_POINT('',(5.599466789193,372.52860344962));
#576 = CARTESIAN_POINT('',(5.604568111086,372.56376011689));
#577 = CARTESIAN_POINT('',(5.613662364656,372.61118276043));
#578 = CARTESIAN_POINT('',(5.617621684144,372.62692836602));
#579 = CARTESIAN_POINT('',(5.621612308014,372.63782839316));
#580 = CARTESIAN_POINT('',(5.625623775637,372.64375979827));
#581 = CARTESIAN_POINT('',(5.62964551831,372.6446383462));
#582 = CARTESIAN_POINT('',(5.633666948063,372.64041867625));
#583 = CARTESIAN_POINT('',(5.637677546465,372.63109436822));
#584 = CARTESIAN_POINT('',(5.645506781347,372.60284142666));
#585 = CARTESIAN_POINT('',(5.649325100414,372.58429256318));
#586 = CARTESIAN_POINT('',(5.65311241835,372.5610902967));
#587 = CARTESIAN_POINT('',(5.656859559066,372.53330711531));
#588 = CARTESIAN_POINT('',(5.660557676341,372.50104914141));
#589 = CARTESIAN_POINT('',(5.664198267499,372.46445615666));
#590 = CARTESIAN_POINT('',(5.667773187087,372.42370162695));
#591 = CARTESIAN_POINT('',(5.676233248916,372.31567851614));
#592 = CARTESIAN_POINT('',(5.681040412597,372.24448692924));
#593 = CARTESIAN_POINT('',(5.685684243862,372.16590803432));
#594 = CARTESIAN_POINT('',(5.690154120174,372.08046422124));
#595 = CARTESIAN_POINT('',(5.694440750488,371.98871029134));
#596 = CARTESIAN_POINT('',(5.698536221555,371.89123354678));
#597 = CARTESIAN_POINT('',(5.70243404422,371.78865387987));
#598 = CARTESIAN_POINT('',(5.708968863543,371.59937312416));
#599 = CARTESIAN_POINT('',(5.711691188356,371.51442645025));
#600 = CARTESIAN_POINT('',(5.714296318979,371.42699239239));
#601 = CARTESIAN_POINT('',(5.71678453814,371.33727157279));
#602 = CARTESIAN_POINT('',(5.719156267176,371.24545673066));
#603 = CARTESIAN_POINT('',(5.721412066731,371.15173276869));
#604 = CARTESIAN_POINT('',(5.723552637448,371.05627679958));
#605 = CARTESIAN_POINT('',(5.727111434321,370.88587290329));
#606 = CARTESIAN_POINT('',(5.728578793325,370.81158431841));
#607 = CARTESIAN_POINT('',(5.72998143196,370.73645553011));
#608 = CARTESIAN_POINT('',(5.731319874803,370.66054682505));
#609 = CARTESIAN_POINT('',(5.732594636734,370.58391568427));
#610 = CARTESIAN_POINT('',(5.733806222931,370.50661678318));
#611 = CARTESIAN_POINT('',(5.734955128871,370.4287019916));
#612 = CARTESIAN_POINT('',(5.738820119587,370.14957479504));
#613 = CARTESIAN_POINT('',(5.741191821925,369.94522876554));
#614 = CARTESIAN_POINT('',(5.743165658594,369.73795849543));
#615 = CARTESIAN_POINT('',(5.744748955572,369.52844203637));
#616 = CARTESIAN_POINT('',(5.745947491192,369.31728131858));
#617 = CARTESIAN_POINT('',(5.746765335643,369.1050240238));
#618 = CARTESIAN_POINT('',(5.747204692381,368.89218529422));
#619 = CARTESIAN_POINT('',(5.747413056398,368.16549027647));
#620 = CARTESIAN_POINT('',(5.745358172715,367.64917101236));
#621 = CARTESIAN_POINT('',(5.741071920999,367.1379823426));
#622 = CARTESIAN_POINT('',(5.734472041101,366.64078975247));
#623 = CARTESIAN_POINT('',(5.725450209625,366.16877496454));
#624 = CARTESIAN_POINT('',(5.713902888992,365.73671169852));
#625 = CARTESIAN_POINT('',(5.699745755012,365.36346179085));
#626 = CARTESIAN_POINT('',(5.670710573487,364.8648322415));
#627 = CARTESIAN_POINT('',(5.657183163252,364.70271244043));
#628 = CARTESIAN_POINT('',(5.642761290342,364.6027064882));
#629 = CARTESIAN_POINT('',(5.627882106178,364.5719059652));
#630 = CARTESIAN_POINT('',(5.613033375579,364.61148169126));
#631 = CARTESIAN_POINT('',(5.59871029187,364.71676019681));
#632 = CARTESIAN_POINT('',(5.585364735234,364.87714309657));
#633 = CARTESIAN_POINT('',(5.556645153105,365.35228141935));
#634 = CARTESIAN_POINT('',(5.542060986746,365.71021883406));
#635 = CARTESIAN_POINT('',(5.529791857735,366.12828953449));
#636 = CARTESIAN_POINT('',(5.519928551423,366.59027285846));
#637 = CARTESIAN_POINT('',(5.512515912876,367.08295448103));
#638 = CARTESIAN_POINT('',(5.507569765035,367.59522088497));
#639 = CARTESIAN_POINT('',(5.505092268931,368.11734647439));
#640 = CARTESIAN_POINT('',(5.505092268931,368.64));
#641 = ( GEOMETRIC_REPRESENTATION_CONTEXT(2) 
PARAMETRIC_REPRESENTATION_CONTEXT() REPRESENTATION_CONTEXT('2D SPACE',''
  ) );
#642 = PCURVE('',#643,#648);
#643 = CYLINDRICAL_SURFACE('',#644,4.);
#644 = AXIS2_PLACEMENT_3D('',#645,#646,#647);
#645 = CARTESIAN_POINT('',(-35.,4.286263797016E-15,548.64));
#646 = DIRECTION('',(-0.946930129495,0.321439465303,0.));
#647 = DIRECTION('',(-0.321439465303,-0.946930129495,0.));
#648 = DEFINITIONAL_REPRESENTATION('',(#649),#736);
#649 = B_SPLINE_CURVE_WITH_KNOTS('',8,(#650,#651,#652,#653,#654,#655,
    #656,#657,#658,#659,#660,#661,#662,#663,#664,#665,#666,#667,#668,
    #669,#670,#671,#672,#673,#674,#675,#676,#677,#678,#679,#680,#681,
    #682,#683,#684,#685,#686,#687,#688,#689,#690,#691,#692,#693,#694,
    #695,#696,#697,#698,#699,#700,#701,#702,#703,#704,#705,#706,#707,
    #708,#709,#710,#711,#712,#713,#714,#715,#716,#717,#718,#719,#720,
    #721,#722,#723,#724,#725,#726,#727,#728,#729,#730,#731,#732,#733,
    #734,#735),.UNSPECIFIED.,.F.,.F.,(9,7,7,7,7,7,7,7,7,7,7,7,9),(0.,
    0.106068325679,0.182018972655,0.231193120857,0.26840977376,
    0.304231023305,0.354959047849,0.393942667272,0.423430043685,
    0.49881727274,0.680731136199,0.814335357732,1.),.UNSPECIFIED.);
#650 = CARTESIAN_POINT('',(0.,-64.64534600615));
#651 = CARTESIAN_POINT('',(7.489185809962E-02,-64.64534600615));
#652 = CARTESIAN_POINT('',(0.149764580632,-64.65775856137));
#653 = CARTESIAN_POINT('',(0.224797340886,-64.68257143063));
#654 = CARTESIAN_POINT('',(0.300166703256,-64.71964918695));
#655 = CARTESIAN_POINT('',(0.376049069008,-64.76872336767));
#656 = CARTESIAN_POINT('',(0.452626567156,-64.82938542859));
#657 = CARTESIAN_POINT('',(0.530096390476,-64.9010825024));
#658 = CARTESIAN_POINT('',(0.664956244223,-65.04185634578));
#659 = CARTESIAN_POINT('',(0.721838774115,-65.10593518383));
#660 = CARTESIAN_POINT('',(0.779395090031,-65.17508726199));
#661 = CARTESIAN_POINT('',(0.837694328204,-65.24899618516));
#662 = CARTESIAN_POINT('',(0.896810681636,-65.32729131575));
#663 = CARTESIAN_POINT('',(0.956824870435,-65.40954736387));
#664 = CARTESIAN_POINT('',(1.017827238231,-65.4952866281));
#665 = CARTESIAN_POINT('',(1.120125955233,-65.64141081285));
#666 = CARTESIAN_POINT('',(1.160803349007,-65.70010038259));
#667 = CARTESIAN_POINT('',(1.201930171847,-65.7598349035));
#668 = CARTESIAN_POINT('',(1.24348604126,-65.82038623362));
#669 = CARTESIAN_POINT('',(1.285454333575,-65.88152002733));
#670 = CARTESIAN_POINT('',(1.327821841113,-65.9429999809));
#671 = CARTESIAN_POINT('',(1.370578429355,-66.00459207795));
#672 = CARTESIAN_POINT('',(1.446365186974,-66.11259651689));
#673 = CARTESIAN_POINT('',(1.479219864916,-66.15904042976));
#674 = CARTESIAN_POINT('',(1.512245183213,-66.20525586117));
#675 = CARTESIAN_POINT('',(1.545407479434,-66.25110433533));
#676 = CARTESIAN_POINT('',(1.57867442878,-66.29645480674));
#677 = CARTESIAN_POINT('',(1.612014499428,-66.34118485377));
#678 = CARTESIAN_POINT('',(1.645396407873,-66.38518187231));
#679 = CARTESIAN_POINT('',(1.710928732815,-66.46988833303));
#680 = CARTESIAN_POINT('',(1.743062703324,-66.51063883515));
#681 = CARTESIAN_POINT('',(1.775159885807,-66.55050302954));
#682 = CARTESIAN_POINT('',(1.807190726135,-66.58939953131));
#683 = CARTESIAN_POINT('',(1.839125765841,-66.62725766991));
#684 = CARTESIAN_POINT('',(1.870934691923,-66.66401684214));
#685 = CARTESIAN_POINT('',(1.902585386651,-66.69962586526));
#686 = CARTESIAN_POINT('',(1.978591435451,-66.78278097776));
#687 = CARTESIAN_POINT('',(2.02271558682,-66.82908726569));
#688 = CARTESIAN_POINT('',(2.066404512032,-66.87294339977));
#689 = CARTESIAN_POINT('',(2.109643999505,-66.91435281969));
#690 = CARTESIAN_POINT('',(2.1524155912,-66.95333708533));
#691 = CARTESIAN_POINT('',(2.194695628311,-66.98993276331));
#692 = CARTESIAN_POINT('',(2.236454296954,-67.02418831355));
#693 = CARTESIAN_POINT('',(2.309316458981,-67.08073141994));
#694 = CARTESIAN_POINT('',(2.340674645977,-67.10397403292));
#695 = CARTESIAN_POINT('',(2.371742210033,-67.12593499569));
#696 = CARTESIAN_POINT('',(2.402530705756,-67.14665903654));
#697 = CARTESIAN_POINT('',(2.433050556863,-67.16618935775));
#698 = CARTESIAN_POINT('',(2.463311345876,-67.18456756218));
#699 = CARTESIAN_POINT('',(2.49332210382,-67.2018335799));
#700 = CARTESIAN_POINT('',(2.545609374045,-67.23027330422));
#701 = CARTESIAN_POINT('',(2.56799201787,-67.24190809699));
#702 = CARTESIAN_POINT('',(2.590246051221,-67.25294776429));
#703 = CARTESIAN_POINT('',(2.612377864383,-67.26340911182));
#704 = CARTESIAN_POINT('',(2.634393718092,-67.2733079598));
#705 = CARTESIAN_POINT('',(2.656299743539,-67.28265914301));
#706 = CARTESIAN_POINT('',(2.678101942369,-67.29147651079));
#707 = CARTESIAN_POINT('',(2.755295112324,-67.3209834891));
#708 = CARTESIAN_POINT('',(2.810143141582,-67.3387887431));
#709 = CARTESIAN_POINT('',(2.864463032612,-67.35340931865));
#710 = CARTESIAN_POINT('',(2.918360901002,-67.36501856348));
#711 = CARTESIAN_POINT('',(2.971939279446,-67.37374599142));
#712 = CARTESIAN_POINT('',(3.025299529733,-67.37967931131));
#713 = CARTESIAN_POINT('',(3.078543607043,-67.38286503688));
#714 = CARTESIAN_POINT('',(3.260226116951,-67.38437579561));
#715 = CARTESIAN_POINT('',(3.389127807489,-67.36947630279));
#716 = CARTESIAN_POINT('',(3.519783725705,-67.33843869932));
#717 = CARTESIAN_POINT('',(3.65331789379,-67.28979494795));
#718 = CARTESIAN_POINT('',(3.790813221988,-67.22085476471));
#719 = CARTESIAN_POINT('',(3.933513425692,-67.12773614541));
#720 = CARTESIAN_POINT('',(4.082838461414,-67.0049670269));
#721 = CARTESIAN_POINT('',(4.357419950251,-66.73103695033));
#722 = CARTESIAN_POINT('',(4.477017496634,-66.59759109695));
#723 = CARTESIAN_POINT('',(4.598162200231,-66.44786700273));
#724 = CARTESIAN_POINT('',(4.719617826791,-66.28460902502));
#725 = CARTESIAN_POINT('',(4.84026093797,-66.11246591383));
#726 = CARTESIAN_POINT('',(4.958929902452,-65.93814161521));
#727 = CARTESIAN_POINT('',(5.07413725759,-65.76912383105));
#728 = CARTESIAN_POINT('',(5.335782778287,-65.39386391197));
#729 = CARTESIAN_POINT('',(5.480962491227,-65.19295127659));
#730 = CARTESIAN_POINT('',(5.621020130699,-65.01662366767));
#731 = CARTESIAN_POINT('',(5.757180171255,-64.87052490741));
#732 = CARTESIAN_POINT('',(5.890526683384,-64.75855836467));
#733 = CARTESIAN_POINT('',(6.02199007372,-64.68312897689));
#734 = CARTESIAN_POINT('',(6.152521925778,-64.64534600615));
#735 = CARTESIAN_POINT('',(6.28318530718,-64.64534600615));
#736 = ( GEOMETRIC_REPRESENTATION_CONTEXT(2) 
PARAMETRIC_REPRESENTATION_CONTEXT() REPRESENTATION_CONTEXT('2D SPACE',''
  ) );
#737 = FACE_BOUND('',#738,.T.);
#738 = EDGE_LOOP('',(#739));
#739 = ORIENTED_EDGE('',*,*,#740,.T.);
#740 = EDGE_CURVE('',#741,#741,#743,.T.);
#741 = VERTEX_POINT('',#742);
#742 = CARTESIAN_POINT('',(17.871946992679,30.093080777662,548.64));
#743 = SURFACE_CURVE('',#744,(#824,#907),.PCURVE_S1.);
#744 = B_SPLINE_CURVE_WITH_KNOTS('',8,(#745,#746,#747,#748,#749,#750,
    #751,#752,#753,#754,#755,#756,#757,#758,#759,#760,#761,#762,#763,
    #764,#765,#766,#767,#768,#769,#770,#771,#772,#773,#774,#775,#776,
    #777,#778,#779,#780,#781,#782,#783,#784,#785,#786,#787,#788,#789,
    #790,#791,#792,#793,#794,#795,#796,#797,#798,#799,#800,#801,#802,
    #803,#804,#805,#806,#807,#808,#809,#810,#811,#812,#813,#814,#815,
    #816,#817,#818,#819,#820,#821,#822,#823),.UNSPECIFIED.,.T.,.F.,(9,7,
    7,7,7,7,7,7,7,7,7,9),(0.,0.179976258419,0.313440720678,0.50239729036
    ,0.57834175954,0.637829474049,0.713560844355,0.76777647868,
    0.803606049809,0.854345858907,0.89333853456,1.),.UNSPECIFIED.);
#745 = CARTESIAN_POINT('',(17.871946992679,30.093080777662,548.64));
#746 = CARTESIAN_POINT('',(17.871946992679,30.093080777662,
    548.13111301967));
#747 = CARTESIAN_POINT('',(17.936974178292,30.054462373725,
    547.62007470507));
#748 = CARTESIAN_POINT('',(18.067994631683,29.976647779912,547.114412382
    ));
#749 = CARTESIAN_POINT('',(18.26700393079,29.857402623309,
    546.62286522387));
#750 = CARTESIAN_POINT('',(18.536176742709,29.693189536925,
    546.15643027179));
#751 = CARTESIAN_POINT('',(18.876878298205,29.47953416291,
    545.72956976312));
#752 = CARTESIAN_POINT('',(19.288817447699,29.21092684435,
    545.36069753403));
#753 = CARTESIAN_POINT('',(20.122796986825,28.640150386405,
    544.8648322415));
#754 = CARTESIAN_POINT('',(20.510096970811,28.367755047918,
    544.70271244043));
#755 = CARTESIAN_POINT('',(20.91853528882,28.070993671328,544.6027064882
    ));
#756 = CARTESIAN_POINT('',(21.334502332112,27.757384258712,
    544.5719059652));
#757 = CARTESIAN_POINT('',(21.743681653257,27.436695874288,
    544.61148169126));
#758 = CARTESIAN_POINT('',(22.132821819861,27.120506436045,
    544.71676019681));
#759 = CARTESIAN_POINT('',(22.490863017721,26.820477588608,
    544.87714309657));
#760 = CARTESIAN_POINT('',(23.26159634907,26.158226150381,
    545.35747496008));
#761 = CARTESIAN_POINT('',(23.647394901455,25.811460411401,
    545.72369632117));
#762 = CARTESIAN_POINT('',(23.96497753885,25.514945657702,
    546.15190893188));
#763 = CARTESIAN_POINT('',(24.215184209625,25.274662604231,
    546.62507608279));
#764 = CARTESIAN_POINT('',(24.399442318257,25.094416714899,
    547.12934949463));
#765 = CARTESIAN_POINT('',(24.51910024589,24.976346642638,547.6530919865
    ));
#766 = CARTESIAN_POINT('',(24.574949644552,24.921315874204,
    548.18610628902));
#767 = CARTESIAN_POINT('',(24.5633504589,24.932746259286,548.93252573305
    ));
#768 = CARTESIAN_POINT('',(24.549668595271,24.94622787583,
    549.14630843052));
#769 = CARTESIAN_POINT('',(24.525630182201,24.969903727868,
    549.35920269767));
#770 = CARTESIAN_POINT('',(24.491216916672,25.003733182642,
    549.57052350837));
#771 = CARTESIAN_POINT('',(24.446394803752,25.047643765614,
    549.77957089373));
#772 = CARTESIAN_POINT('',(24.391116711774,25.101529547076,
    549.9856198609));
#773 = CARTESIAN_POINT('',(24.325324927514,25.165249528756,
    550.18791031195));
#774 = CARTESIAN_POINT('',(24.189131723648,25.296102242067,
    550.54051732036));
#775 = CARTESIAN_POINT('',(24.122814331,25.359507395119,550.69260821368)
  );
#776 = CARTESIAN_POINT('',(24.049966785389,25.428759665725,
    550.84152703722));
#777 = CARTESIAN_POINT('',(23.970550848138,25.503763436697,
    550.98686979972));
#778 = CARTESIAN_POINT('',(23.884528054882,25.584407375769,
    551.12820688256));
#779 = CARTESIAN_POINT('',(23.791862980521,25.670562513842,
    551.26507879836));
#780 = CARTESIAN_POINT('',(23.692526504176,25.762080323226,
    551.39699194954));
#781 = CARTESIAN_POINT('',(23.451519900153,25.981908933447,
    551.68435760829));
#782 = CARTESIAN_POINT('',(23.305463486581,26.113655732056,
    551.83668030123));
#783 = CARTESIAN_POINT('',(23.148433042604,26.253541591203,
    551.97898279593));
#784 = CARTESIAN_POINT('',(22.98063120554,26.40096148273,552.10984620315
    ));
#785 = CARTESIAN_POINT('',(22.802369621137,26.555203470426,
    552.22783203631));
#786 = CARTESIAN_POINT('',(22.61408175282,26.715458545499,
    552.33148124852));
#787 = CARTESIAN_POINT('',(22.416338919894,26.880831777915,
    552.41931268424));
#788 = CARTESIAN_POINT('',(22.062059390199,27.171715287832,
    552.54029738788));
#789 = CARTESIAN_POINT('',(21.909789377503,27.295192231545,
    552.58189122124));
#790 = CARTESIAN_POINT('',(21.753742132427,27.420089801222,
    552.61391124744));
#791 = CARTESIAN_POINT('',(21.594661909603,27.545700073053,
    552.63581541149));
#792 = CARTESIAN_POINT('',(21.433344988071,27.671320146955,
    552.64721143019));
#793 = CARTESIAN_POINT('',(21.270627423329,27.796267046291,
    552.64785779379));
#794 = CARTESIAN_POINT('',(21.107370175869,27.919890383315,
    552.63766514116));
#795 = CARTESIAN_POINT('',(20.836766763885,28.12200584184,
    552.60284142666));
#796 = CARTESIAN_POINT('',(20.729342139863,28.201505916323,
    552.58429256318));
#797 = CARTESIAN_POINT('',(20.622443219086,28.279891558535,
    552.5610902967));
#798 = CARTESIAN_POINT('',(20.51634141838,28.356984688835,
    552.53330711531));
#799 = CARTESIAN_POINT('',(20.411303110269,28.432620254709,
    552.50104914141));
#800 = CARTESIAN_POINT('',(20.307588636826,28.5066458823,552.46445615666
    ));
#801 = CARTESIAN_POINT('',(20.205451323511,28.578921527951,
    552.42370162695));
#802 = CARTESIAN_POINT('',(19.963076312316,28.749012225762,
    552.31567851614));
#803 = CARTESIAN_POINT('',(19.824789318039,28.844855818235,
    552.24448692924));
#804 = CARTESIAN_POINT('',(19.690682590168,28.936692930895,
    552.16590803432));
#805 = CARTESIAN_POINT('',(19.561129680068,29.024400392598,
    552.08046422124));
#806 = CARTESIAN_POINT('',(19.436467308487,29.107886670243,
    551.98871029134));
#807 = CARTESIAN_POINT('',(19.316992063569,29.187089701692,
    551.89123354678));
#808 = CARTESIAN_POINT('',(19.202957098859,29.261974728695,
    551.78865387987));
#809 = CARTESIAN_POINT('',(19.011274301112,29.386754286053,
    551.59937312416));
#810 = CARTESIAN_POINT('',(18.931245648671,29.438465577844,
    551.51442645025));
#811 = CARTESIAN_POINT('',(18.854505110708,29.48770722599,
    551.42699239239));
#812 = CARTESIAN_POINT('',(18.781068983189,29.534520933821,
    551.33727157279));
#813 = CARTESIAN_POINT('',(18.710947622956,29.578948809163,
    551.24545673066));
#814 = CARTESIAN_POINT('',(18.644145449351,29.621033286304,
    551.15173276869));
#815 = CARTESIAN_POINT('',(18.580660945849,29.660817047967,
    551.05627679958));
#816 = CARTESIAN_POINT('',(18.355884535181,29.800992158849,
    550.69387125425));
#817 = CARTESIAN_POINT('',(18.216058843768,29.886741973969,
    550.41680364015));
#818 = CARTESIAN_POINT('',(18.100510952252,29.956687211365,
    550.13095896525));
#819 = CARTESIAN_POINT('',(18.008725996002,30.011718760065,
    549.83867630349));
#820 = CARTESIAN_POINT('',(17.940243044338,30.05252021393,549.5418775021
    ));
#821 = CARTESIAN_POINT('',(17.894713393996,30.079560253856,
    549.24219885551));
#822 = CARTESIAN_POINT('',(17.871946992679,30.093080777662,
    548.94110713868));
#823 = CARTESIAN_POINT('',(17.871946992679,30.093080777662,548.64));
#824 = PCURVE('',#124,#825);
#825 = DEFINITIONAL_REPRESENTATION('',(#826),#906);
#826 = B_SPLINE_CURVE_WITH_KNOTS('',8,(#827,#828,#829,#830,#831,#832,
    #833,#834,#835,#836,#837,#838,#839,#840,#841,#842,#843,#844,#845,
    #846,#847,#848,#849,#850,#851,#852,#853,#854,#855,#856,#857,#858,
    #859,#860,#861,#862,#863,#864,#865,#866,#867,#868,#869,#870,#871,
    #872,#873,#874,#875,#876,#877,#878,#879,#880,#881,#882,#883,#884,
    #885,#886,#887,#888,#889,#890,#891,#892,#893,#894,#895,#896,#897,
    #898,#899,#900,#901,#902,#903,#904,#905),.UNSPECIFIED.,.F.,.F.,(9,7,
    7,7,7,7,7,7,7,7,7,9),(0.,0.179976258419,0.313440720678,0.50239729036
    ,0.57834175954,0.637829474049,0.713560844355,0.76777647868,
    0.803606049809,0.854345858907,0.89333853456,1.),.UNSPECIFIED.);
#827 = CARTESIAN_POINT('',(1.034882390709,368.64));
#828 = CARTESIAN_POINT('',(1.034882390709,368.13111301967));
#829 = CARTESIAN_POINT('',(1.03272153356,367.62007470507));
#830 = CARTESIAN_POINT('',(1.028367629422,367.114412382));
#831 = CARTESIAN_POINT('',(1.0217391608,366.62286522386));
#832 = CARTESIAN_POINT('',(1.012730842322,366.15643027179));
#833 = CARTESIAN_POINT('',(1.001243042176,365.72956976312));
#834 = CARTESIAN_POINT('',(0.987195812047,365.36069753403));
#835 = CARTESIAN_POINT('',(0.958321593102,364.8648322415));
#836 = CARTESIAN_POINT('',(0.944794182867,364.70271244043));
#837 = CARTESIAN_POINT('',(0.930372309957,364.6027064882));
#838 = CARTESIAN_POINT('',(0.915493125794,364.5719059652));
#839 = CARTESIAN_POINT('',(0.900644395195,364.61148169126));
#840 = CARTESIAN_POINT('',(0.886321311485,364.71676019681));
#841 = CARTESIAN_POINT('',(0.872975754849,364.87714309657));
#842 = CARTESIAN_POINT('',(0.843942250832,365.35747496008));
#843 = CARTESIAN_POINT('',(0.829124919698,365.72369632117));
#844 = CARTESIAN_POINT('',(0.816714026319,366.15190893188));
#845 = CARTESIAN_POINT('',(0.806803451916,366.62507608279));
#846 = CARTESIAN_POINT('',(0.799439002412,367.12934949463));
#847 = CARTESIAN_POINT('',(0.794636050877,367.6530919865));
#848 = CARTESIAN_POINT('',(0.792395874675,368.18610628902));
#849 = CARTESIAN_POINT('',(0.792861154763,368.93252573305));
#850 = CARTESIAN_POINT('',(0.79340995282,369.14630843052));
#851 = CARTESIAN_POINT('',(0.794373956802,369.35920269767));
#852 = CARTESIAN_POINT('',(0.795752719293,369.57052350837));
#853 = CARTESIAN_POINT('',(0.797545477079,369.77957089373));
#854 = CARTESIAN_POINT('',(0.799751081766,369.9856198609));
#855 = CARTESIAN_POINT('',(0.8023679304,370.18791031195));
#856 = CARTESIAN_POINT('',(0.807764151402,370.54051732036));
#857 = CARTESIAN_POINT('',(0.810385594829,370.69260821367));
#858 = CARTESIAN_POINT('',(0.813257343664,370.84152703722));
#859 = CARTESIAN_POINT('',(0.816378330609,370.98686979972));
#860 = CARTESIAN_POINT('',(0.819747208697,371.12820688256));
#861 = CARTESIAN_POINT('',(0.823362256224,371.26507879836));
#862 = CARTESIAN_POINT('',(0.827221281686,371.39699194954));
#863 = CARTESIAN_POINT('',(0.836541385086,371.68435760829));
#864 = CARTESIAN_POINT('',(0.842161211404,371.83668030123));
#865 = CARTESIAN_POINT('',(0.848169621621,371.97898279593));
#866 = CARTESIAN_POINT('',(0.85455104029,372.10984620315));
#867 = CARTESIAN_POINT('',(0.861285716095,372.22783203631));
#868 = CARTESIAN_POINT('',(0.86834965893,372.33148124852));
#869 = CARTESIAN_POINT('',(0.875714500524,372.41931268424));
#870 = CARTESIAN_POINT('',(0.888811538716,372.54029738788));
#871 = CARTESIAN_POINT('',(0.894412653056,372.58189122124));
#872 = CARTESIAN_POINT('',(0.900123180115,372.61391124744));
#873 = CARTESIAN_POINT('',(0.905914153556,372.63581541149));
#874 = CARTESIAN_POINT('',(0.911755577776,372.64721143019));
#875 = CARTESIAN_POINT('',(0.917616937971,372.64785779379));
#876 = CARTESIAN_POINT('',(0.923467724717,372.63766514116));
#877 = CARTESIAN_POINT('',(0.933117800963,372.60284142666));
#878 = CARTESIAN_POINT('',(0.936936120029,372.58429256318));
#879 = CARTESIAN_POINT('',(0.940723437965,372.5610902967));
#880 = CARTESIAN_POINT('',(0.944470578681,372.53330711531));
#881 = CARTESIAN_POINT('',(0.948168695956,372.50104914141));
#882 = CARTESIAN_POINT('',(0.951809287115,372.46445615666));
#883 = CARTESIAN_POINT('',(0.955384206702,372.42370162695));
#884 = CARTESIAN_POINT('',(0.963844268531,372.31567851614));
#885 = CARTESIAN_POINT('',(0.968651432212,372.24448692924));
#886 = CARTESIAN_POINT('',(0.973295263477,372.16590803432));
#887 = CARTESIAN_POINT('',(0.977765139789,372.08046422124));
#888 = CARTESIAN_POINT('',(0.982051770104,371.98871029134));
#889 = CARTESIAN_POINT('',(0.986147241171,371.89123354678));
#890 = CARTESIAN_POINT('',(0.990045063835,371.78865387987));
#891 = CARTESIAN_POINT('',(0.996579883158,371.59937312416));
#892 = CARTESIAN_POINT('',(0.999302207971,371.51442645025));
#893 = CARTESIAN_POINT('',(1.001907338594,371.42699239239));
#894 = CARTESIAN_POINT('',(1.004395557755,371.33727157279));
#895 = CARTESIAN_POINT('',(1.006767286791,371.24545673066));
#896 = CARTESIAN_POINT('',(1.009023086346,371.15173276869));
#897 = CARTESIAN_POINT('',(1.011163657064,371.05627679958));
#898 = CARTESIAN_POINT('',(1.018732308657,370.69387125425));
#899 = CARTESIAN_POINT('',(1.023418612017,370.41680364015));
#900 = CARTESIAN_POINT('',(1.027277643211,370.13095896525));
#901 = CARTESIAN_POINT('',(1.030335289858,369.83867630348));
#902 = CARTESIAN_POINT('',(1.032612894756,369.5418775021));
#903 = CARTESIAN_POINT('',(1.034125859411,369.24219885551));
#904 = CARTESIAN_POINT('',(1.034882390709,368.94110713868));
#905 = CARTESIAN_POINT('',(1.034882390709,368.64));
#906 = ( GEOMETRIC_REPRESENTATION_CONTEXT(2) 
PARAMETRIC_REPRESENTATION_CONTEXT() REPRESENTATION_CONTEXT('2D SPACE',''
  ) );
#907 = PCURVE('',#908,#913);
#908 = CYLINDRICAL_SURFACE('',#909,4.);
#909 = AXIS2_PLACEMENT_3D('',#910,#911,#912);
#910 = CARTESIAN_POINT('',(-6.429395695524E-15,-35.,548.64));
#911 = DIRECTION('',(-0.321439465303,-0.946930129495,-0.));
#912 = DIRECTION('',(-0.946930129495,0.321439465303,0.));
#913 = DEFINITIONAL_REPRESENTATION('',(#914),#994);
#914 = B_SPLINE_CURVE_WITH_KNOTS('',8,(#915,#916,#917,#918,#919,#920,
    #921,#922,#923,#924,#925,#926,#927,#928,#929,#930,#931,#932,#933,
    #934,#935,#936,#937,#938,#939,#940,#941,#942,#943,#944,#945,#946,
    #947,#948,#949,#950,#951,#952,#953,#954,#955,#956,#957,#958,#959,
    #960,#961,#962,#963,#964,#965,#966,#967,#968,#969,#970,#971,#972,
    #973,#974,#975,#976,#977,#978,#979,#980,#981,#982,#983,#984,#985,
    #986,#987,#988,#989,#990,#991,#992,#993),.UNSPECIFIED.,.F.,.F.,(9,7,
    7,7,7,7,7,7,7,7,7,9),(0.,0.179976258419,0.313440720678,0.50239729036
    ,0.57834175954,0.637829474049,0.713560844355,0.76777647868,
    0.803606049809,0.854345858907,0.89333853456,1.),.UNSPECIFIED.);
#915 = CARTESIAN_POINT('',(0.,-67.38334849528));
#916 = CARTESIAN_POINT('',(0.127221745081,-67.38334849528));
#917 = CARTESIAN_POINT('',(0.254982051349,-67.36768186881));
#918 = CARTESIAN_POINT('',(0.384531255145,-67.33611202989));
#919 = CARTESIAN_POINT('',(0.516954289038,-67.28716464101));
#920 = CARTESIAN_POINT('',(0.653300913139,-67.21818908659));
#921 = CARTESIAN_POINT('',(0.79477791578,-67.12538730143));
#922 = CARTESIAN_POINT('',(0.942768007528,-67.00344843844));
#923 = CARTESIAN_POINT('',(1.215827296661,-66.73103695033));
#924 = CARTESIAN_POINT('',(1.335424843044,-66.59759109695));
#925 = CARTESIAN_POINT('',(1.45656954664,-66.44786700273));
#926 = CARTESIAN_POINT('',(1.578025173202,-66.28460902501));
#927 = CARTESIAN_POINT('',(1.69866828438,-66.11246591383));
#928 = CARTESIAN_POINT('',(1.817337248862,-65.93814161521));
#929 = CARTESIAN_POINT('',(1.932544604,-65.76912383105));
#930 = CARTESIAN_POINT('',(2.1970500638,-65.38976210081));
#931 = CARTESIAN_POINT('',(2.344821243512,-65.18541005509));
#932 = CARTESIAN_POINT('',(2.487313611506,-65.00671489412));
#933 = CARTESIAN_POINT('',(2.625810641356,-64.85960992965));
#934 = CARTESIAN_POINT('',(2.761452085422,-64.74815749424));
#935 = CARTESIAN_POINT('',(2.895212821009,-64.67481616571));
#936 = CARTESIAN_POINT('',(3.02809482486,-64.64065807387));
#937 = CARTESIAN_POINT('',(3.214735662665,-64.64775341386));
#938 = CARTESIAN_POINT('',(3.26825582825,-64.65612167183));
#939 = CARTESIAN_POINT('',(3.321851726506,-64.67081415482));
#940 = CARTESIAN_POINT('',(3.375585961571,-64.69178650314));
#941 = CARTESIAN_POINT('',(3.429521438801,-64.71895916115));
#942 = CARTESIAN_POINT('',(3.483722683924,-64.75221667084));
#943 = CARTESIAN_POINT('',(3.538257162193,-64.79140696539));
#944 = CARTESIAN_POINT('',(3.636230955156,-64.87153747152));
#945 = CARTESIAN_POINT('',(3.679516770889,-64.91026069408));
#946 = CARTESIAN_POINT('',(3.723090361738,-64.95242167954));
#947 = CARTESIAN_POINT('',(3.766988714827,-64.9979175937));
#948 = CARTESIAN_POINT('',(3.811250073562,-65.0466306487));
#949 = CARTESIAN_POINT('',(3.855914523781,-65.09842733279));
#950 = CARTESIAN_POINT('',(3.901024579901,-65.15315764004));
#951 = CARTESIAN_POINT('',(4.004678777873,-65.28385094045));
#952 = CARTESIAN_POINT('',(4.06362829418,-65.36165765804));
#953 = CARTESIAN_POINT('',(4.123483777614,-65.44364401081));
#954 = CARTESIAN_POINT('',(4.184266799768,-65.529302215));
#955 = CARTESIAN_POINT('',(4.246009566135,-65.61805829201));
#956 = CARTESIAN_POINT('',(4.308755322133,-65.70928549928));
#957 = CARTESIAN_POINT('',(4.372560645235,-65.80232004519));
#958 = CARTESIAN_POINT('',(4.483989048494,-65.96388698231));
#959 = CARTESIAN_POINT('',(4.531055532788,-66.03186542914));
#960 = CARTESIAN_POINT('',(4.578595965334,-66.09997495795));
#961 = CARTESIAN_POINT('',(4.626518252143,-66.16778444716));
#962 = CARTESIAN_POINT('',(4.674737715411,-66.234884255));
#963 = CARTESIAN_POINT('',(4.723173964776,-66.30089639157));
#964 = CARTESIAN_POINT('',(4.771748240396,-66.36548173177));
#965 = CARTESIAN_POINT('',(4.852521386405,-66.46988833303));
#966 = CARTESIAN_POINT('',(4.884655356914,-66.51063883515));
#967 = CARTESIAN_POINT('',(4.916752539396,-66.55050302954));
#968 = CARTESIAN_POINT('',(4.948783379724,-66.58939953131));
#969 = CARTESIAN_POINT('',(4.980718419431,-66.62725766991));
#970 = CARTESIAN_POINT('',(5.012527345513,-66.66401684214));
#971 = CARTESIAN_POINT('',(5.04417804024,-66.69962586526));
#972 = CARTESIAN_POINT('',(5.12018408904,-66.78278097776));
#973 = CARTESIAN_POINT('',(5.164308240409,-66.82908726569));
#974 = CARTESIAN_POINT('',(5.207997165622,-66.87294339977));
#975 = CARTESIAN_POINT('',(5.251236653095,-66.91435281969));
#976 = CARTESIAN_POINT('',(5.294008244789,-66.95333708533));
#977 = CARTESIAN_POINT('',(5.336288281901,-66.98993276331));
#978 = CARTESIAN_POINT('',(5.378046950544,-67.02418831355));
#979 = CARTESIAN_POINT('',(5.450909112571,-67.08073141994));
#980 = CARTESIAN_POINT('',(5.482267299567,-67.10397403292));
#981 = CARTESIAN_POINT('',(5.513334863622,-67.12593499569));
#982 = CARTESIAN_POINT('',(5.544123359345,-67.14665903654));
#983 = CARTESIAN_POINT('',(5.574643210452,-67.16618935775));
#984 = CARTESIAN_POINT('',(5.604903999466,-67.18456756218));
#985 = CARTESIAN_POINT('',(5.63491475741,-67.2018335799));
#986 = CARTESIAN_POINT('',(5.74611642059,-67.26231760654));
#987 = CARTESIAN_POINT('',(5.825740017386,-67.29857119459));
#988 = CARTESIAN_POINT('',(5.903903682248,-67.32766279483));
#989 = CARTESIAN_POINT('',(5.980916561964,-67.35027051911));
#990 = CARTESIAN_POINT('',(6.057066576208,-67.36689352174));
#991 = CARTESIAN_POINT('',(6.132635165477,-67.37786352378));
#992 = CARTESIAN_POINT('',(6.20790852251,-67.38334849528));
#993 = CARTESIAN_POINT('',(6.28318530718,-67.38334849528));
#994 = ( GEOMETRIC_REPRESENTATION_CONTEXT(2) 
PARAMETRIC_REPRESENTATION_CONTEXT() REPRESENTATION_CONTEXT('2D SPACE',''
  ) );
#995 = FACE_BOUND('',#996,.T.);
#996 = EDGE_LOOP('',(#997,#1132));
#997 = ORIENTED_EDGE('',*,*,#998,.F.);
#998 = EDGE_CURVE('',#999,#1001,#1003,.T.);
#999 = VERTEX_POINT('',#1000);
#1000 = CARTESIAN_POINT('',(2.17190497265E-14,35.,544.64));
#1001 = VERTEX_POINT('',#1002);
#1002 = CARTESIAN_POINT('',(2.16323686708E-14,35.,552.64));
#1003 = SURFACE_CURVE('',#1004,(#1043,#1085),.PCURVE_S1.);
#1004 = B_SPLINE_CURVE_WITH_KNOTS('',7,(#1005,#1006,#1007,#1008,#1009,
    #1010,#1011,#1012,#1013,#1014,#1015,#1016,#1017,#1018,#1019,#1020,
    #1021,#1022,#1023,#1024,#1025,#1026,#1027,#1028,#1029,#1030,#1031,
    #1032,#1033,#1034,#1035,#1036,#1037,#1038,#1039,#1040,#1041,#1042),
  .UNSPECIFIED.,.F.,.F.,(8,6,6,6,6,6,8),(0.,0.146721179663,
    0.290894232624,0.500534940054,0.657181102164,0.774501714544,1.),
  .UNSPECIFIED.);
#1005 = CARTESIAN_POINT('',(1.86660352508E-06,35.,544.64));
#1006 = CARTESIAN_POINT('',(-0.321405698455,35.000000017141,
    544.63999986551));
#1007 = CARTESIAN_POINT('',(-0.640327867906,34.996556813779,
    544.66701634039));
#1008 = CARTESIAN_POINT('',(-0.953340024882,34.989765148077,
    544.71994500756));
#1009 = CARTESIAN_POINT('',(-1.25715119274,34.979940222183,
    544.79713430118));
#1010 = CARTESIAN_POINT('',(-1.548730863644,34.967586458415,
    544.8964088325));
#1011 = CARTESIAN_POINT('',(-1.825434088947,34.953332743464,
    545.01509029831));
#1012 = CARTESIAN_POINT('',(-2.340305489322,34.922604704125,
    545.28259837256));
#1013 = CARTESIAN_POINT('',(-2.579961235018,34.906119600867,
    545.43133380091));
#1014 = CARTESIAN_POINT('',(-2.803358026305,34.888896747559,
    545.59420112952));
#1015 = CARTESIAN_POINT('',(-3.009966019576,34.871436696879,
    545.76937505939));
#1016 = CARTESIAN_POINT('',(-3.199416893222,34.85419832378,
    545.95519825083));
#1017 = CARTESIAN_POINT('',(-3.371466571333,34.837584978626,
    546.15015524262));
#1018 = CARTESIAN_POINT('',(-3.750615686114,34.799193497867,
    546.64758206064));
#1019 = CARTESIAN_POINT('',(-3.938367262122,34.778474005578,
    546.9589499985));
#1020 = CARTESIAN_POINT('',(-4.088822362442,34.760828755018,
    547.28297223581));
#1021 = CARTESIAN_POINT('',(-4.201769801207,34.747058650028,
    547.61616498386));
#1022 = CARTESIAN_POINT('',(-4.277112232313,34.737699426662,
    547.9553776393));
#1023 = CARTESIAN_POINT('',(-4.314805078729,34.733016815885,
    548.29763722011));
#1024 = CARTESIAN_POINT('',(-4.314805078729,34.733016815885,
    548.89581775684));
#1025 = CARTESIAN_POINT('',(-4.293760288516,34.735630992157,
    549.15160909412));
#1026 = CARTESIAN_POINT('',(-4.251679155153,34.740858935164,
    549.40612875278));
#1027 = CARTESIAN_POINT('',(-4.188579422319,34.748616153108,
    549.65812443045));
#1028 = CARTESIAN_POINT('',(-4.104497695257,34.75873496118,
    549.90630335563));
#1029 = CARTESIAN_POINT('',(-3.999499005732,34.770965370807,
    550.14929886201));
#1030 = CARTESIAN_POINT('',(-3.779458631779,34.795469265807,
    550.5626430912));
#1031 = CARTESIAN_POINT('',(-3.673547613839,34.806962009659,
    550.73592991805));
#1032 = CARTESIAN_POINT('',(-3.555988894318,34.819316502744,
    550.90488530141));
#1033 = CARTESIAN_POINT('',(-3.426829322449,34.832368899213,
    551.06885429732));
#1034 = CARTESIAN_POINT('',(-3.286137036624,34.845930451136,
    551.22712786912));
#1035 = CARTESIAN_POINT('',(-3.134011475465,34.859788744546,
    551.37893159689));
#1036 = CARTESIAN_POINT('',(-2.656492587813,34.900464499837,
    551.80112024551));
#1037 = CARTESIAN_POINT('',(-2.296913096831,34.927769417918,
    552.05510516086));
#1038 = CARTESIAN_POINT('',(-1.894710729905,34.9536588887,
    552.27492280365));
#1039 = CARTESIAN_POINT('',(-1.455456437273,34.975750890003,
    552.45105435247));
#1040 = CARTESIAN_POINT('',(-0.986817379181,34.991729734552,
    552.57511340048));
#1041 = CARTESIAN_POINT('',(-0.498101355884,35.000000026565,
    552.64000020842));
#1042 = CARTESIAN_POINT('',(1.866603547285E-06,35.,552.64));
#1043 = PCURVE('',#124,#1044);
#1044 = DEFINITIONAL_REPRESENTATION('',(#1045),#1084);
#1045 = B_SPLINE_CURVE_WITH_KNOTS('',7,(#1046,#1047,#1048,#1049,#1050,
    #1051,#1052,#1053,#1054,#1055,#1056,#1057,#1058,#1059,#1060,#1061,
    #1062,#1063,#1064,#1065,#1066,#1067,#1068,#1069,#1070,#1071,#1072,
    #1073,#1074,#1075,#1076,#1077,#1078,#1079,#1080,#1081,#1082,#1083),
  .UNSPECIFIED.,.F.,.F.,(8,6,6,6,6,6,8),(0.,0.146721179663,
    0.290894232624,0.500534940054,0.657181102164,0.774501714544,1.),
  .UNSPECIFIED.);
#1046 = CARTESIAN_POINT('',(1.570796273463,364.64));
#1047 = CARTESIAN_POINT('',(1.579979346751,364.63999986551));
#1048 = CARTESIAN_POINT('',(1.589091409763,364.66701634039));
#1049 = CARTESIAN_POINT('',(1.598035875213,364.71994500756));
#1050 = CARTESIAN_POINT('',(1.606719907568,364.79713430118));
#1051 = CARTESIAN_POINT('',(1.615057653944,364.8964088325));
#1052 = CARTESIAN_POINT('',(1.622973681138,365.01509029831));
#1053 = CARTESIAN_POINT('',(1.637710467577,365.28259837256));
#1054 = CARTESIAN_POINT('',(1.644573672204,365.43133380091));
#1055 = CARTESIAN_POINT('',(1.650975054521,365.59420112952));
#1056 = CARTESIAN_POINT('',(1.656898935896,365.76937505939));
#1057 = CARTESIAN_POINT('',(1.662334042463,365.95519825083));
#1058 = CARTESIAN_POINT('',(1.667272557799,366.15015524262));
#1059 = CARTESIAN_POINT('',(1.67816078237,366.64758206064));
#1060 = CARTESIAN_POINT('',(1.68355745976,366.9589499985));
#1061 = CARTESIAN_POINT('',(1.687885537359,367.28297223581));
#1062 = CARTESIAN_POINT('',(1.691136491218,367.61616498386));
#1063 = CARTESIAN_POINT('',(1.693305679033,367.9553776393));
#1064 = CARTESIAN_POINT('',(1.694390895546,368.29763722011));
#1065 = CARTESIAN_POINT('',(1.694390895546,368.89581775684));
#1066 = CARTESIAN_POINT('',(1.693784998107,369.15160909412));
#1067 = CARTESIAN_POINT('',(1.692573430483,369.40612875278));
#1068 = CARTESIAN_POINT('',(1.69075701026,369.65812443045));
#1069 = CARTESIAN_POINT('',(1.688337365507,369.90630335563));
#1070 = CARTESIAN_POINT('',(1.685317154928,370.14929886201));
#1071 = CARTESIAN_POINT('',(1.678991424703,370.5626430912));
#1072 = CARTESIAN_POINT('',(1.675947644209,370.73592991805));
#1073 = CARTESIAN_POINT('',(1.672570358301,370.90488530141));
#1074 = CARTESIAN_POINT('',(1.668861348619,371.06885429732));
#1075 = CARTESIAN_POINT('',(1.664823019719,371.22712786912));
#1076 = CARTESIAN_POINT('',(1.660458652126,371.37893159689));
#1077 = CARTESIAN_POINT('',(1.646765847367,371.80112024551));
#1078 = CARTESIAN_POINT('',(1.636463007403,372.05510516086));
#1079 = CARTESIAN_POINT('',(1.624948986897,372.27492280365));
#1080 = CARTESIAN_POINT('',(1.612385490701,372.45105435247));
#1081 = CARTESIAN_POINT('',(1.598991112066,372.57511340048));
#1082 = CARTESIAN_POINT('',(1.585027794106,372.64000020842));
#1083 = CARTESIAN_POINT('',(1.570796273463,372.64));
#1084 = ( GEOMETRIC_REPRESENTATION_CONTEXT(2) 
PARAMETRIC_REPRESENTATION_CONTEXT() REPRESENTATION_CONTEXT('2D SPACE',''
  ) );
#1085 = PCURVE('',#1086,#1091);
#1086 = CYLINDRICAL_SURFACE('',#1087,4.);
#1087 = AXIS2_PLACEMENT_3D('',#1088,#1089,#1090);
#1088 = CARTESIAN_POINT('',(2.143131898508E-15,35.,548.64));
#1089 = DIRECTION('',(0.321439465303,0.946930129495,0.));
#1090 = DIRECTION('',(0.946930129495,-0.321439465303,0.));
#1091 = DEFINITIONAL_REPRESENTATION('',(#1092),#1131);
#1092 = B_SPLINE_CURVE_WITH_KNOTS('',7,(#1093,#1094,#1095,#1096,#1097,
    #1098,#1099,#1100,#1101,#1102,#1103,#1104,#1105,#1106,#1107,#1108,
    #1109,#1110,#1111,#1112,#1113,#1114,#1115,#1116,#1117,#1118,#1119,
    #1120,#1121,#1122,#1123,#1124,#1125,#1126,#1127,#1128,#1129,#1130),
  .UNSPECIFIED.,.F.,.F.,(8,6,6,6,6,6,8),(0.,0.146721179663,
    0.290894232624,0.500534940054,0.657181102164,0.774501714544,1.),
  .UNSPECIFIED.);
#1093 = CARTESIAN_POINT('',(1.570795884909,5.999999999062E-07));
#1094 = CARTESIAN_POINT('',(1.646883513087,-0.103312459625));
#1095 = CARTESIAN_POINT('',(1.722106030893,-0.209087104253));
#1096 = CARTESIAN_POINT('',(1.796380003614,-0.316132797507));
#1097 = CARTESIAN_POINT('',(1.86959713069,-0.423093215205));
#1098 = CARTESIAN_POINT('',(1.941620526358,-0.528516579839));
#1099 = CARTESIAN_POINT('',(2.01227125669,-0.630957188772));
#1100 = CARTESIAN_POINT('',(2.149140088588,-0.825554482679));
#1101 = CARTESIAN_POINT('',(2.215653584133,-0.918199538395));
#1102 = CARTESIAN_POINT('',(2.280993011576,-1.006316922251));
#1103 = CARTESIAN_POINT('',(2.345282196976,-1.089262333186));
#1104 = CARTESIAN_POINT('',(2.408631478811,-1.166482855582));
#1105 = CARTESIAN_POINT('',(2.471142694759,-1.237518089198));
#1106 = CARTESIAN_POINT('',(2.622723003993,-1.395745627771));
#1107 = CARTESIAN_POINT('',(2.711047113914,-1.475716305488));
#1108 = CARTESIAN_POINT('',(2.798241466983,-1.540787331885));
#1109 = CARTESIAN_POINT('',(2.884610433684,-1.590132423511));
#1110 = CARTESIAN_POINT('',(2.970436777737,-1.623212984874));
#1111 = CARTESIAN_POINT('',(3.056001958619,-1.639763058501));
#1112 = CARTESIAN_POINT('',(3.205547092801,-1.639763058501));
#1113 = CARTESIAN_POINT('',(3.269494814318,-1.630522990112));
#1114 = CARTESIAN_POINT('',(3.33355214044,-1.612045956356));
#1115 = CARTESIAN_POINT('',(3.397832570748,-1.584417668581));
#1116 = CARTESIAN_POINT('',(3.46245113714,-1.547808678954));
#1117 = CARTESIAN_POINT('',(3.527528758863,-1.502476612964));
#1118 = CARTESIAN_POINT('',(3.642378722045,-1.40854347635));
#1119 = CARTESIAN_POINT('',(3.691896119428,-1.363616669949));
#1120 = CARTESIAN_POINT('',(3.741806904953,-1.314129816268));
#1121 = CARTESIAN_POINT('',(3.792170524771,-1.260253125069));
#1122 = CARTESIAN_POINT('',(3.843049325269,-1.202187229823));
#1123 = CARTESIAN_POINT('',(3.894510122408,-1.140165235211));
#1124 = CARTESIAN_POINT('',(4.046795631941,-0.948154721067));
#1125 = CARTESIAN_POINT('',(4.150584336018,-0.806715832138));
#1126 = CARTESIAN_POINT('',(4.257450484507,-0.652916598449));
#1127 = CARTESIAN_POINT('',(4.367106043159,-0.490803351838));
#1128 = CARTESIAN_POINT('',(4.479441767043,-0.325033414247));
#1129 = CARTESIAN_POINT('',(4.594472182893,-0.160109408347));
#1130 = CARTESIAN_POINT('',(4.71238942227,5.999999999062E-07));
#1131 = ( GEOMETRIC_REPRESENTATION_CONTEXT(2) 
PARAMETRIC_REPRESENTATION_CONTEXT() REPRESENTATION_CONTEXT('2D SPACE',''
  ) );
#1132 = ORIENTED_EDGE('',*,*,#1133,.T.);
#1133 = EDGE_CURVE('',#999,#1001,#1134,.T.);
#1134 = SURFACE_CURVE('',#1135,(#1139,#1145),.PCURVE_S1.);
#1135 = LINE('',#1136,#1137);
#1136 = CARTESIAN_POINT('',(1.42108547152E-14,35.,180.));
#1137 = VECTOR('',#1138,1.);
#1138 = DIRECTION('',(0.,0.,1.));
#1139 = PCURVE('',#124,#1140);
#1140 = DEFINITIONAL_REPRESENTATION('',(#1141),#1144);
#1141 = B_SPLINE_CURVE_WITH_KNOTS('',1,(#1142,#1143),.UNSPECIFIED.,.F.,
  .F.,(2,2),(363.84,373.44),.PIECEWISE_BEZIER_KNOTS.);
#1142 = CARTESIAN_POINT('',(1.570796326795,363.84));
#1143 = CARTESIAN_POINT('',(1.570796326795,373.44));
#1144 = ( GEOMETRIC_REPRESENTATION_CONTEXT(2) 
PARAMETRIC_REPRESENTATION_CONTEXT() REPRESENTATION_CONTEXT('2D SPACE',''
  ) );
#1145 = PCURVE('',#1146,#1151);
#1146 = PLANE('',#1147);
#1147 = AXIS2_PLACEMENT_3D('',#1148,#1149,#1150);
#1148 = CARTESIAN_POINT('',(1.900343724424E-15,35.,548.64));
#1149 = DIRECTION('',(0.321439465303,0.946930129495,0.));
#1150 = DIRECTION('',(0.946930129495,-0.321439465303,0.));
#1151 = DEFINITIONAL_REPRESENTATION('',(#1152),#1155);
#1152 = B_SPLINE_CURVE_WITH_KNOTS('',1,(#1153,#1154),.UNSPECIFIED.,.F.,
  .F.,(2,2),(363.84,373.44),.PIECEWISE_BEZIER_KNOTS.);
#1153 = CARTESIAN_POINT('',(1.165719376665E-14,4.8));
#1154 = CARTESIAN_POINT('',(1.165719376665E-14,-4.8));
#1155 = ( GEOMETRIC_REPRESENTATION_CONTEXT(2) 
PARAMETRIC_REPRESENTATION_CONTEXT() REPRESENTATION_CONTEXT('2D SPACE',''
  ) );
#1156 = FACE_BOUND('',#1157,.T.);
#1157 = EDGE_LOOP('',(#1158));
#1158 = ORIENTED_EDGE('',*,*,#1159,.T.);
#1159 = EDGE_CURVE('',#1160,#1160,#1162,.T.);
#1160 = VERTEX_POINT('',#1161);
#1161 = CARTESIAN_POINT('',(-24.92886800365,24.567285972537,548.64));
#1162 = SURFACE_CURVE('',#1163,(#1256,#1352),.PCURVE_S1.);
#1163 = B_SPLINE_CURVE_WITH_KNOTS('',7,(#1164,#1165,#1166,#1167,#1168,
    #1169,#1170,#1171,#1172,#1173,#1174,#1175,#1176,#1177,#1178,#1179,
    #1180,#1181,#1182,#1183,#1184,#1185,#1186,#1187,#1188,#1189,#1190,
    #1191,#1192,#1193,#1194,#1195,#1196,#1197,#1198,#1199,#1200,#1201,
    #1202,#1203,#1204,#1205,#1206,#1207,#1208,#1209,#1210,#1211,#1212,
    #1213,#1214,#1215,#1216,#1217,#1218,#1219,#1220,#1221,#1222,#1223,
    #1224,#1225,#1226,#1227,#1228,#1229,#1230,#1231,#1232,#1233,#1234,
    #1235,#1236,#1237,#1238,#1239,#1240,#1241,#1242,#1243,#1244,#1245,
    #1246,#1247,#1248,#1249,#1250,#1251,#1252,#1253,#1254,#1255),
  .UNSPECIFIED.,.T.,.F.,(8,6,6,6,6,6,6,6,6,6,6,6,6,6,6,8),(0.,
    0.105936739874,0.181793164311,0.230906308246,0.268072566318,
    0.303848151105,0.354511507815,0.39344543112,0.422895217177,
    0.499922221912,0.57528253093,0.645306591862,0.705609722263,
    0.785698200817,0.861311586028,1.),.UNSPECIFIED.);
#1164 = CARTESIAN_POINT('',(-24.92886800365,24.567285972537,548.64));
#1165 = CARTESIAN_POINT('',(-24.92886800365,24.567285972537,
    548.98236277988));
#1166 = CARTESIAN_POINT('',(-24.9555289196,24.540232819756,
    549.32462236069));
#1167 = CARTESIAN_POINT('',(-25.00881965674,24.486157184563,
    549.66383501614));
#1168 = CARTESIAN_POINT('',(-25.08850225976,24.404932665534,
    549.99702776418));
#1169 = CARTESIAN_POINT('',(-25.1940924401,24.296310357077,
    550.32105000149));
#1170 = CARTESIAN_POINT('',(-25.32482623623,24.159970244839,
    550.63241793935));
#1171 = CARTESIAN_POINT('',(-25.59048266782,23.877883891025,
    551.13819722478));
#1172 = CARTESIAN_POINT('',(-25.71376044848,23.745710827758,
    551.34087453362));
#1173 = CARTESIAN_POINT('',(-25.84905181968,23.598970685084,
    551.53359286547));
#1174 = CARTESIAN_POINT('',(-25.99581825614,23.437611325298,
    551.71462539908));
#1175 = CARTESIAN_POINT('',(-26.15337718819,23.261661106841,
    551.88208084551));
#1176 = CARTESIAN_POINT('',(-26.32088863156,23.071275866693,
    552.03387252331));
#1177 = CARTESIAN_POINT('',(-26.61159687586,22.734412043734,
    552.25432180959));
#1178 = CARTESIAN_POINT('',(-26.72964901381,22.596056821471,
    552.33346156197));
#1179 = CARTESIAN_POINT('',(-26.85102452534,22.452065123445,
    552.40430119398));
#1180 = CARTESIAN_POINT('',(-26.97519708102,22.30283886162,
    552.46609746868));
#1181 = CARTESIAN_POINT('',(-27.10160719331,22.14884783478,
    552.51816995317));
#1182 = CARTESIAN_POINT('',(-27.22967520437,21.990626688307,
    552.55990393896));
#1183 = CARTESIAN_POINT('',(-27.45653996611,21.70628861755,
    552.61409859219));
#1184 = CARTESIAN_POINT('',(-27.55484620537,21.581765817709,
    552.6312027013));
#1185 = CARTESIAN_POINT('',(-27.65333801749,21.455638498153,
    552.64180339955));
#1186 = CARTESIAN_POINT('',(-27.75162622236,21.328364616723,
    552.64571752376));
#1187 = CARTESIAN_POINT('',(-27.84933307618,21.200418133224,
    552.64284114649));
#1188 = CARTESIAN_POINT('',(-27.94609791367,21.072282077278,
    552.63314968469));
#1189 = CARTESIAN_POINT('',(-28.13349484919,20.821384642129,
    552.60086191497));
#1190 = CARTESIAN_POINT('',(-28.22417627203,20.698661305775,
    552.57876944591));
#1191 = CARTESIAN_POINT('',(-28.31332073043,20.576712367072,
    552.55048280718));
#1192 = CARTESIAN_POINT('',(-28.40064864723,20.455970469685,
    552.51613142345));
#1193 = CARTESIAN_POINT('',(-28.48590626716,20.336857511241,
    552.47591200467));
#1194 = CARTESIAN_POINT('',(-28.56886472769,20.219782013582,
    552.43008861261));
#1195 = CARTESIAN_POINT('',(-28.76325409664,19.942782000755,
    552.30663362881));
#1196 = CARTESIAN_POINT('',(-28.8720563921,19.785458423788,
    552.22377136271));
#1197 = CARTESIAN_POINT('',(-28.97547485415,19.63381709002,
    552.1311900373));
#1198 = CARTESIAN_POINT('',(-29.07332593101,19.48844227016,
    552.02973840521));
#1199 = CARTESIAN_POINT('',(-29.16548790227,19.349842372394,
    551.92033010158));
#1200 = CARTESIAN_POINT('',(-29.25189509997,19.218441137057,
    551.80394388234));
#1201 = CARTESIAN_POINT('',(-29.39450030837,18.999375082514,
    551.5876230187));
#1202 = CARTESIAN_POINT('',(-29.45312066766,18.90853583739,
    551.4900275941));
#1203 = CARTESIAN_POINT('',(-29.50845916098,18.822086674697,
    551.38917127136));
#1204 = CARTESIAN_POINT('',(-29.56058270665,18.74005129168,
    551.28537187422));
#1205 = CARTESIAN_POINT('',(-29.60955898,18.662441508416,551.17893149139
    ));
#1206 = CARTESIAN_POINT('',(-29.6554562052,18.589257272159,
    551.07013660059));
#1207 = CARTESIAN_POINT('',(-29.73078266235,18.468468277887,
    550.87538929055));
#1208 = CARTESIAN_POINT('',(-29.76150471466,18.41896758275,
    550.79031599436));
#1209 = CARTESIAN_POINT('',(-29.79054370286,18.371971209243,
    550.70413925156));
#1210 = CARTESIAN_POINT('',(-29.81793231262,18.327465294337,
    550.61695439855));
#1211 = CARTESIAN_POINT('',(-29.84370131658,18.285435479015,
    550.52885116048));
#1212 = CARTESIAN_POINT('',(-29.86787957443,18.245866908264,
    550.4399136513));
#1213 = CARTESIAN_POINT('',(-29.94964298527,18.111648495793,
    550.11562428858));
#1214 = CARTESIAN_POINT('',(-29.99809236278,18.031288379638,
    549.8758648477));
#1215 = CARTESIAN_POINT('',(-30.03634466449,17.967359922414,
    549.6322710707));
#1216 = CARTESIAN_POINT('',(-30.06477739283,17.919604637202,
    549.38595740723));
#1217 = CARTESIAN_POINT('',(-30.08364585296,17.887833700314,
    549.13788955616));
#1218 = CARTESIAN_POINT('',(-30.09308077766,17.871946992679,
    548.88894953505));
#1219 = CARTESIAN_POINT('',(-30.09308077766,17.871946992679,
    548.39643718776));
#1220 = CARTESIAN_POINT('',(-30.0840497401,17.887153624248,
    548.15288314691));
#1221 = CARTESIAN_POINT('',(-30.06598891337,17.917564669626,
    547.91014630659));
#1222 = CARTESIAN_POINT('',(-30.03877863052,17.963271641664,
    547.66905242215));
#1223 = CARTESIAN_POINT('',(-30.00218492726,18.024447659638,
    547.4305022266));
#1224 = CARTESIAN_POINT('',(-29.95586157409,18.101330791219,
    547.19552971327));
#1225 = CARTESIAN_POINT('',(-29.84683521924,18.280498677699,
    546.75149058246));
#1226 = CARTESIAN_POINT('',(-29.78548433726,18.380665038063,
    546.54160541568));
#1227 = CARTESIAN_POINT('',(-29.71494489975,18.494893316583,
    546.33687855931));
#1228 = CARTESIAN_POINT('',(-29.6348215119,18.623343453339,
    546.1386163539));
#1229 = CARTESIAN_POINT('',(-29.54468241437,18.766115567507,
    545.94829089466));
#1230 = CARTESIAN_POINT('',(-29.44407276234,18.923223292351,
    545.76757448759));
#1231 = CARTESIAN_POINT('',(-29.23647587115,19.242127716669,
    545.45266636259));
#1232 = CARTESIAN_POINT('',(-29.13213784329,19.400514428969,
    545.31523357512));
#1233 = CARTESIAN_POINT('',(-29.01957264197,19.56911991564,
    545.1879624286));
#1234 = CARTESIAN_POINT('',(-28.89895858584,19.747115342089,
    545.07257178725));
#1235 = CARTESIAN_POINT('',(-28.7706044572,19.933488515293,
    544.97060777172));
#1236 = CARTESIAN_POINT('',(-28.63495624261,20.127080307397,
    544.8834368048));
#1237 = CARTESIAN_POINT('',(-28.30354594948,20.591630818017,
    544.71768052568));
#1238 = CARTESIAN_POINT('',(-28.10358418293,20.865842135171,
    544.65175685364));
#1239 = CARTESIAN_POINT('',(-27.89533495167,21.14465980575,
    544.61725110372));
#1240 = CARTESIAN_POINT('',(-27.68203153278,21.423142240762,
    544.61525904844));
#1241 = CARTESIAN_POINT('',(-27.46742892311,21.69640384322,
    544.64520340869));
#1242 = CARTESIAN_POINT('',(-27.25556168017,21.959939265017,
    544.70482909546));
#1243 = CARTESIAN_POINT('',(-26.8566142057,22.445834542028,
    544.87075992453));
#1244 = CARTESIAN_POINT('',(-26.66840665874,22.670164156442,
    544.97443836045));
#1245 = CARTESIAN_POINT('',(-26.48728155739,22.881692899997,
    545.09880572564));
#1246 = CARTESIAN_POINT('',(-26.31464140806,23.07956951108,
    545.24150186806));
#1247 = CARTESIAN_POINT('',(-26.15170856315,23.263205595085,
    545.40020943068));
#1248 = CARTESIAN_POINT('',(-25.99949723879,23.432237161033,
    545.57265050294));
#1249 = CARTESIAN_POINT('',(-25.60071012211,23.869442894274,
    546.09395536118));
#1250 = CARTESIAN_POINT('',(-25.38037509606,24.103750155386,
    546.47124497808));
#1251 = CARTESIAN_POINT('',(-25.20118700504,24.289877848164,
    546.87770899153));
#1252 = CARTESIAN_POINT('',(-25.0654180352,24.42872656811,
    547.30480819053));
#1253 = CARTESIAN_POINT('',(-24.97442504545,24.521058335412,
    547.74526169196));
#1254 = CARTESIAN_POINT('',(-24.92886800365,24.567285972537,
    548.19245764795));
#1255 = CARTESIAN_POINT('',(-24.92886800365,24.567285972537,548.64));
#1256 = PCURVE('',#124,#1257);
#1257 = DEFINITIONAL_REPRESENTATION('',(#1258),#1351);
#1258 = B_SPLINE_CURVE_WITH_KNOTS('',7,(#1259,#1260,#1261,#1262,#1263,
    #1264,#1265,#1266,#1267,#1268,#1269,#1270,#1271,#1272,#1273,#1274,
    #1275,#1276,#1277,#1278,#1279,#1280,#1281,#1282,#1283,#1284,#1285,
    #1286,#1287,#1288,#1289,#1290,#1291,#1292,#1293,#1294,#1295,#1296,
    #1297,#1298,#1299,#1300,#1301,#1302,#1303,#1304,#1305,#1306,#1307,
    #1308,#1309,#1310,#1311,#1312,#1313,#1314,#1315,#1316,#1317,#1318,
    #1319,#1320,#1321,#1322,#1323,#1324,#1325,#1326,#1327,#1328,#1329,
    #1330,#1331,#1332,#1333,#1334,#1335,#1336,#1337,#1338,#1339,#1340,
    #1341,#1342,#1343,#1344,#1345,#1346,#1347,#1348,#1349,#1350),
  .UNSPECIFIED.,.F.,.F.,(8,6,6,6,6,6,6,6,6,6,6,6,6,6,6,8),(0.,
    0.105936739874,0.181793164311,0.230906308246,0.268072566318,
    0.303848151105,0.354511507815,0.39344543112,0.422895217177,
    0.499922221912,0.57528253093,0.645306591862,0.705609722263,
    0.785698200817,0.861311586028,1.),.UNSPECIFIED.);
#1259 = CARTESIAN_POINT('',(2.363499615341,368.64));
#1260 = CARTESIAN_POINT('',(2.363499615341,368.98236277988));
#1261 = CARTESIAN_POINT('',(2.364584831854,369.32462236069));
#1262 = CARTESIAN_POINT('',(2.366754019669,369.66383501614));
#1263 = CARTESIAN_POINT('',(2.370004973528,369.99702776418));
#1264 = CARTESIAN_POINT('',(2.374333051127,370.32105000149));
#1265 = CARTESIAN_POINT('',(2.379729728516,370.63241793935));
#1266 = CARTESIAN_POINT('',(2.390800781069,371.13819722478));
#1267 = CARTESIAN_POINT('',(2.395964734879,371.34087453362));
#1268 = CARTESIAN_POINT('',(2.401667168203,371.53359286547));
#1269 = CARTESIAN_POINT('',(2.407898941424,371.71462539908));
#1270 = CARTESIAN_POINT('',(2.414646700492,371.88208084551));
#1271 = CARTESIAN_POINT('',(2.421891724116,372.03387252331));
#1272 = CARTESIAN_POINT('',(2.434604838621,372.25432180959));
#1273 = CARTESIAN_POINT('',(2.439801183768,372.33346156197));
#1274 = CARTESIAN_POINT('',(2.445181685108,372.40430119398));
#1275 = CARTESIAN_POINT('',(2.450728107771,372.46609746868));
#1276 = CARTESIAN_POINT('',(2.456420195077,372.51816995317));
#1277 = CARTESIAN_POINT('',(2.46223595718,372.55990393896));
#1278 = CARTESIAN_POINT('',(2.472628880934,372.61409859219));
#1279 = CARTESIAN_POINT('',(2.477161697808,372.6312027013));
#1280 = CARTESIAN_POINT('',(2.481733802762,372.64180339955));
#1281 = CARTESIAN_POINT('',(2.486328196474,372.64571752376));
#1282 = CARTESIAN_POINT('',(2.490927728782,372.64284114649));
#1283 = CARTESIAN_POINT('',(2.495515339602,372.63314968469));
#1284 = CARTESIAN_POINT('',(2.504462674602,372.60086191497));
#1285 = CARTESIAN_POINT('',(2.508822370898,372.57876944591));
#1286 = CARTESIAN_POINT('',(2.513138201077,372.55048280718));
#1287 = CARTESIAN_POINT('',(2.517395609874,372.51613142345));
#1288 = CARTESIAN_POINT('',(2.521580710878,372.47591200467));
#1289 = CARTESIAN_POINT('',(2.525680323003,372.43008861261));
#1290 = CARTESIAN_POINT('',(2.535348965095,372.30663362881));
#1291 = CARTESIAN_POINT('',(2.540814023645,372.22377136271));
#1292 = CARTESIAN_POINT('',(2.546058130247,372.1311900373));
#1293 = CARTESIAN_POINT('',(2.551064802919,372.02973840521));
#1294 = CARTESIAN_POINT('',(2.55582025353,371.92033010158));
#1295 = CARTESIAN_POINT('',(2.560313511273,371.80394388234));
#1296 = CARTESIAN_POINT('',(2.567781876213,371.5876230187));
#1297 = CARTESIAN_POINT('',(2.570870754284,371.4900275941));
#1298 = CARTESIAN_POINT('',(2.573803412052,371.38917127136));
#1299 = CARTESIAN_POINT('',(2.576580357048,371.28537187422));
#1300 = CARTESIAN_POINT('',(2.579202374484,371.17893149139));
#1301 = CARTESIAN_POINT('',(2.581670529113,371.07013660059));
#1302 = CARTESIAN_POINT('',(2.585737725538,370.87538929055));
#1303 = CARTESIAN_POINT('',(2.587402277801,370.79031599436));
#1304 = CARTESIAN_POINT('',(2.588980678712,370.70413925156));
#1305 = CARTESIAN_POINT('',(2.590473763716,370.61695439855));
#1306 = CARTESIAN_POINT('',(2.591882348859,370.52885116048));
#1307 = CARTESIAN_POINT('',(2.593207230787,370.4399136513));
#1308 = CARTESIAN_POINT('',(2.597697568495,370.11562428858));
#1309 = CARTESIAN_POINT('',(2.600378553074,369.8758648477));
#1310 = CARTESIAN_POINT('',(2.602507081515,369.6322710707));
#1311 = CARTESIAN_POINT('',(2.60409504278,369.38595740723));
#1312 = CARTESIAN_POINT('',(2.605150798626,369.13788955616));
#1313 = CARTESIAN_POINT('',(2.605678717503,368.88894953505));
#1314 = CARTESIAN_POINT('',(2.605678717503,368.39643718776));
#1315 = CARTESIAN_POINT('',(2.605173397696,368.15288314691));
#1316 = CARTESIAN_POINT('',(2.604162831414,367.91014630659));
#1317 = CARTESIAN_POINT('',(2.602643023326,367.66905242215));
#1318 = CARTESIAN_POINT('',(2.600606308567,367.4305022266));
#1319 = CARTESIAN_POINT('',(2.598041759886,367.19552971327));
#1320 = CARTESIAN_POINT('',(2.592049392114,366.75149058246));
#1321 = CARTESIAN_POINT('',(2.58869336012,366.54160541568));
#1322 = CARTESIAN_POINT('',(2.584857598509,366.33687855931));
#1323 = CARTESIAN_POINT('',(2.580532234184,366.1386163539));
#1324 = CARTESIAN_POINT('',(2.575708206629,365.94829089466));
#1325 = CARTESIAN_POINT('',(2.570378030879,365.76757448759));
#1326 = CARTESIAN_POINT('',(2.559505992185,365.45266636259));
#1327 = CARTESIAN_POINT('',(2.554087071037,365.31523357512));
#1328 = CARTESIAN_POINT('',(2.548295026034,365.1879624286));
#1329 = CARTESIAN_POINT('',(2.542152112184,365.07257178725));
#1330 = CARTESIAN_POINT('',(2.535686837867,364.97060777172));
#1331 = CARTESIAN_POINT('',(2.528933206557,364.8834368048));
#1332 = CARTESIAN_POINT('',(2.512628957473,364.71768052568));
#1333 = CARTESIAN_POINT('',(2.502932997504,364.65175685364));
#1334 = CARTESIAN_POINT('',(2.492991102345,364.61725110372));
#1335 = CARTESIAN_POINT('',(2.482969945051,364.61525904844));
#1336 = CARTESIAN_POINT('',(2.473043688326,364.64520340869));
#1337 = CARTESIAN_POINT('',(2.463383051677,364.70482909546));
#1338 = CARTESIAN_POINT('',(2.445420430451,364.87075992453));
#1339 = CARTESIAN_POINT('',(2.437054504149,364.97443836045));
#1340 = CARTESIAN_POINT('',(2.429098566132,365.09880572564));
#1341 = CARTESIAN_POINT('',(2.421596168037,365.24150186806));
#1342 = CARTESIAN_POINT('',(2.41458224905,365.40020943068));
#1343 = CARTESIAN_POINT('',(2.408083405648,365.57265050294));
#1344 = CARTESIAN_POINT('',(2.39117597418,366.09395536118));
#1345 = CARTESIAN_POINT('',(2.381987539119,366.47124497808));
#1346 = CARTESIAN_POINT('',(2.374606244563,366.87770899152));
#1347 = CARTESIAN_POINT('',(2.369057809343,367.30480819053));
#1348 = CARTESIAN_POINT('',(2.36535399637,367.74526169196));
#1349 = CARTESIAN_POINT('',(2.363499615341,368.19245764795));
#1350 = CARTESIAN_POINT('',(2.363499615341,368.64));
#1351 = ( GEOMETRIC_REPRESENTATION_CONTEXT(2) 
PARAMETRIC_REPRESENTATION_CONTEXT() REPRESENTATION_CONTEXT('2D SPACE',''
  ) );
#1352 = PCURVE('',#1353,#1358);
#1353 = CYLINDRICAL_SURFACE('',#1354,4.);
#1354 = AXIS2_PLACEMENT_3D('',#1355,#1356,#1357);
#1355 = CARTESIAN_POINT('',(35.,0.,548.64));
#1356 = DIRECTION('',(0.946930129495,-0.321439465303,0.));
#1357 = DIRECTION('',(0.321439465303,0.946930129495,0.));
#1358 = DEFINITIONAL_REPRESENTATION('',(#1359),#1452);
#1359 = B_SPLINE_CURVE_WITH_KNOTS('',7,(#1360,#1361,#1362,#1363,#1364,
    #1365,#1366,#1367,#1368,#1369,#1370,#1371,#1372,#1373,#1374,#1375,
    #1376,#1377,#1378,#1379,#1380,#1381,#1382,#1383,#1384,#1385,#1386,
    #1387,#1388,#1389,#1390,#1391,#1392,#1393,#1394,#1395,#1396,#1397,
    #1398,#1399,#1400,#1401,#1402,#1403,#1404,#1405,#1406,#1407,#1408,
    #1409,#1410,#1411,#1412,#1413,#1414,#1415,#1416,#1417,#1418,#1419,
    #1420,#1421,#1422,#1423,#1424,#1425,#1426,#1427,#1428,#1429,#1430,
    #1431,#1432,#1433,#1434,#1435,#1436,#1437,#1438,#1439,#1440,#1441,
    #1442,#1443,#1444,#1445,#1446,#1447,#1448,#1449,#1450,#1451),
  .UNSPECIFIED.,.F.,.F.,(8,6,6,6,6,6,6,6,6,6,6,6,6,6,6,8),(0.,
    0.105936739874,0.181793164311,0.230906308246,0.268072566318,
    0.303848151105,0.354511507815,0.39344543112,0.422895217177,
    0.499922221912,0.57528253093,0.645306591862,0.705609722263,
    0.785698200817,0.861311586028,1.),.UNSPECIFIED.);
#1360 = CARTESIAN_POINT('',(0.,-64.64534600615));
#1361 = CARTESIAN_POINT('',(8.559069497102E-02,-64.64534600615));
#1362 = CARTESIAN_POINT('',(0.171155875852,-64.66189607978));
#1363 = CARTESIAN_POINT('',(0.256982219905,-64.69497664114));
#1364 = CARTESIAN_POINT('',(0.343351186607,-64.74432173277));
#1365 = CARTESIAN_POINT('',(0.430545539676,-64.80939275916));
#1366 = CARTESIAN_POINT('',(0.518869649597,-64.88936343688));
#1367 = CARTESIAN_POINT('',(0.672995196736,-65.05024782931));
#1368 = CARTESIAN_POINT('',(0.738119966575,-65.12449763534));
#1369 = CARTESIAN_POINT('',(0.804160164105,-65.20544103798));
#1370 = CARTESIAN_POINT('',(0.871228492303,-65.29255133233));
#1371 = CARTESIAN_POINT('',(0.939447663857,-65.38519128812));
#1372 = CARTESIAN_POINT('',(1.008956490168,-65.48261559109));
#1373 = CARTESIAN_POINT('',(1.125869309593,-65.64961465938));
#1374 = CARTESIAN_POINT('',(1.172448028809,-65.71692895699));
#1375 = CARTESIAN_POINT('',(1.219619457674,-65.78557847141));
#1376 = CARTESIAN_POINT('',(1.267352624855,-65.85519399583));
#1377 = CARTESIAN_POINT('',(1.315623848115,-65.92539674651));
#1378 = CARTESIAN_POINT('',(1.364415820098,-65.99580968408));
#1379 = CARTESIAN_POINT('',(1.451025016493,-66.11923728486));
#1380 = CARTESIAN_POINT('',(1.488612218016,-66.17229988254));
#1381 = CARTESIAN_POINT('',(1.526419794534,-66.22502244879));
#1382 = CARTESIAN_POINT('',(1.564393132126,-66.27718366296));
#1383 = CARTESIAN_POINT('',(1.602480014179,-66.32857817745));
#1384 = CARTESIAN_POINT('',(1.640629128473,-66.37901973224));
#1385 = CARTESIAN_POINT('',(1.715520184036,-66.47582319926));
#1386 = CARTESIAN_POINT('',(1.752243543086,-66.52224404711));
#1387 = CARTESIAN_POINT('',(1.788909691439,-66.567458419));
#1388 = CARTESIAN_POINT('',(1.825471760831,-66.61134064363));
#1389 = CARTESIAN_POINT('',(1.861882440858,-66.65378604704));
#1390 = CARTESIAN_POINT('',(1.898091445119,-66.69470922744));
#1391 = CARTESIAN_POINT('',(1.984955500901,-66.78974364174));
#1392 = CARTESIAN_POINT('',(2.03530228213,-66.84220180701));
#1393 = CARTESIAN_POINT('',(2.085065849967,-66.89138835542));
#1394 = CARTESIAN_POINT('',(2.134222149029,-66.93731728395));
#1395 = CARTESIAN_POINT('',(2.182737994807,-66.98003675429));
#1396 = CARTESIAN_POINT('',(2.230568528834,-67.01962079038));
#1397 = CARTESIAN_POINT('',(2.313839571143,-67.08424148339));
#1398 = CARTESIAN_POINT('',(2.349619670922,-67.11055154943));
#1399 = CARTESIAN_POINT('',(2.385015733499,-67.13516506344));
#1400 = CARTESIAN_POINT('',(2.420045678012,-67.15815300964));
#1401 = CARTESIAN_POINT('',(2.454725354947,-67.17958327127));
#1402 = CARTESIAN_POINT('',(2.489069318663,-67.1995204349));
#1403 = CARTESIAN_POINT('',(2.548826198921,-67.23202297699));
#1404 = CARTESIAN_POINT('',(2.574380624187,-67.24520313699));
#1405 = CARTESIAN_POINT('',(2.599765307442,-67.25759454068));
#1406 = CARTESIAN_POINT('',(2.624990421323,-67.26922368296));
#1407 = CARTESIAN_POINT('',(2.650065879373,-67.28011508786));
#1408 = CARTESIAN_POINT('',(2.675001336039,-67.29029130847));
#1409 = CARTESIAN_POINT('',(2.764684191021,-67.32457245095));
#1410 = CARTESIAN_POINT('',(2.828667619598,-67.3446197135));
#1411 = CARTESIAN_POINT('',(2.891949873013,-67.3602928414));
#1412 = CARTESIAN_POINT('',(2.954709680638,-67.37186621519));
#1413 = CARTESIAN_POINT('',(3.017120207769,-67.37952089562));
#1414 = CARTESIAN_POINT('',(3.079355269827,-67.38334849528));
#1415 = CARTESIAN_POINT('',(3.202483356649,-67.38334849528));
#1416 = CARTESIAN_POINT('',(3.263371915256,-67.37968474523));
#1417 = CARTESIAN_POINT('',(3.324424706929,-67.37235771441));
#1418 = CARTESIAN_POINT('',(3.385804515855,-67.3612835024));
#1419 = CARTESIAN_POINT('',(3.447673594391,-67.34629620874));
#1420 = CARTESIAN_POINT('',(3.510199205119,-67.32714450262));
#1421 = CARTESIAN_POINT('',(3.632437400483,-67.28149579194));
#1422 = CARTESIAN_POINT('',(3.692080483434,-67.25559821463));
#1423 = CARTESIAN_POINT('',(3.752588359742,-67.22551977271));
#1424 = CARTESIAN_POINT('',(3.814066656207,-67.19093746595));
#1425 = CARTESIAN_POINT('',(3.876628238134,-67.1514746307));
#1426 = CARTESIAN_POINT('',(3.940399037957,-67.10670494294));
#1427 = CARTESIAN_POINT('',(4.061620483539,-67.01263365952));
#1428 = CARTESIAN_POINT('',(4.11882143268,-66.9647445774));
#1429 = CARTESIAN_POINT('',(4.177003679166,-66.91234965422));
#1430 = CARTESIAN_POINT('',(4.236066524298,-66.85535132514));
#1431 = CARTESIAN_POINT('',(4.295933441847,-66.79371662662));
#1432 = CARTESIAN_POINT('',(4.356547147633,-66.72749528735));
#1433 = CARTESIAN_POINT('',(4.49930035862,-66.56299776331));
#1434 = CARTESIAN_POINT('',(4.581580789461,-66.46179028098));
#1435 = CARTESIAN_POINT('',(4.664145200309,-66.3542158124));
#1436 = CARTESIAN_POINT('',(4.746507262689,-66.24174762334));
#1437 = CARTESIAN_POINT('',(4.82819249516,-66.12637100975));
#1438 = CARTESIAN_POINT('',(4.908669973596,-66.01045821903));
#1439 = CARTESIAN_POINT('',(5.061494312375,-65.7888687534));
#1440 = CARTESIAN_POINT('',(5.134198747397,-65.6827577479));
#1441 = CARTESIAN_POINT('',(5.205510182992,-65.57923861845));
#1442 = CARTESIAN_POINT('',(5.275512139012,-65.47936581155));
#1443 = CARTESIAN_POINT('',(5.344264256706,-65.38410767627));
#1444 = CARTESIAN_POINT('',(5.41180589622,-65.29430760336));
#1445 = CARTESIAN_POINT('',(5.599843107114,-65.05721924444));
#1446 = CARTESIAN_POINT('',(5.717964819626,-64.92389297042));
#1447 = CARTESIAN_POINT('',(5.833478652983,-64.81404315424));
#1448 = CARTESIAN_POINT('',(5.947099007011,-64.73011088434));
#1449 = CARTESIAN_POINT('',(6.059500914923,-64.67362595468));
#1450 = CARTESIAN_POINT('',(6.171299719167,-64.64534600615));
#1451 = CARTESIAN_POINT('',(6.28318530718,-64.64534600615));
#1452 = ( GEOMETRIC_REPRESENTATION_CONTEXT(2) 
PARAMETRIC_REPRESENTATION_CONTEXT() REPRESENTATION_CONTEXT('2D SPACE',''
  ) );
#1453 = FACE_BOUND('',#1454,.T.);
#1454 = EDGE_LOOP('',(#1455,#1527,#1592));
#1455 = ORIENTED_EDGE('',*,*,#1456,.F.);
#1456 = EDGE_CURVE('',#1457,#1459,#1461,.T.);
#1457 = VERTEX_POINT('',#1458);
#1458 = CARTESIAN_POINT('',(-34.73301681588,-4.314805078729,548.64));
#1459 = VERTEX_POINT('',#1460);
#1460 = CARTESIAN_POINT('',(-35.,2.339831964417E-14,552.64));
#1461 = SURFACE_CURVE('',#1462,(#1480,#1501),.PCURVE_S1.);
#1462 = B_SPLINE_CURVE_WITH_KNOTS('',6,(#1463,#1464,#1465,#1466,#1467,
    #1468,#1469,#1470,#1471,#1472,#1473,#1474,#1475,#1476,#1477,#1478,
    #1479),.UNSPECIFIED.,.F.,.F.,(7,5,5,7),(0.,0.418835446556,
    0.718744235888,1.),.UNSPECIFIED.);
#1463 = CARTESIAN_POINT('',(-34.73301681588,-4.314805078729,548.64));
#1464 = CARTESIAN_POINT('',(-34.73301681588,-4.314805078729,
    549.03942324319));
#1465 = CARTESIAN_POINT('',(-34.73957247097,-4.262035093747,
    549.43870200769));
#1466 = CARTESIAN_POINT('',(-34.75267328432,-4.156570831802,
    549.83268477247));
#1467 = CARTESIAN_POINT('',(-34.77170271594,-3.998491069963,
    550.21615175312));
#1468 = CARTESIAN_POINT('',(-34.79540222965,-3.78805774252,
    550.58329562242));
#1469 = CARTESIAN_POINT('',(-34.84094437608,-3.338289612569,
    551.17337145541));
#1470 = CARTESIAN_POINT('',(-34.86142108899,-3.123954980736,
    551.40787576493));
#1471 = CARTESIAN_POINT('',(-34.88268994657,-2.883262632731,
    551.62788069089));
#1472 = CARTESIAN_POINT('',(-34.90390709469,-2.616779937911,
    551.83028500998));
#1473 = CARTESIAN_POINT('',(-34.92408149361,-2.325472597993,
    552.0115704343));
#1474 = CARTESIAN_POINT('',(-34.95916352543,-1.715869963018,
    552.31409002839));
#1475 = CARTESIAN_POINT('',(-34.97438720652,-1.39922062137,
    552.43893270704));
#1476 = CARTESIAN_POINT('',(-34.98683716642,-1.064470323017,
    552.53727664529));
#1477 = CARTESIAN_POINT('',(-34.99556830137,-0.71617316089,
    552.60522775302));
#1478 = CARTESIAN_POINT('',(-35.00000001917,-0.359533233057,
    552.64000015044));
#1479 = CARTESIAN_POINT('',(-35.,1.866603549949E-06,552.64));
#1480 = PCURVE('',#124,#1481);
#1481 = DEFINITIONAL_REPRESENTATION('',(#1482),#1500);
#1482 = B_SPLINE_CURVE_WITH_KNOTS('',6,(#1483,#1484,#1485,#1486,#1487,
    #1488,#1489,#1490,#1491,#1492,#1493,#1494,#1495,#1496,#1497,#1498,
    #1499),.UNSPECIFIED.,.F.,.F.,(7,5,5,7),(0.,0.418835446556,
    0.718744235888,1.),.UNSPECIFIED.);
#1483 = CARTESIAN_POINT('',(3.265187222341,368.64));
#1484 = CARTESIAN_POINT('',(3.265187222341,369.03942324319));
#1485 = CARTESIAN_POINT('',(3.263667919223,369.43870200769));
#1486 = CARTESIAN_POINT('',(3.260631492106,369.83268477247));
#1487 = CARTESIAN_POINT('',(3.256082360219,370.21615175312));
#1488 = CARTESIAN_POINT('',(3.250032352395,370.58329562242));
#1489 = CARTESIAN_POINT('',(3.237116124417,371.17337145541));
#1490 = CARTESIAN_POINT('',(3.230964494157,371.40787576493));
#1491 = CARTESIAN_POINT('',(3.224061050969,371.62788069089));
#1492 = CARTESIAN_POINT('',(3.216423689976,371.83028500998));
#1493 = CARTESIAN_POINT('',(3.208081255227,372.0115704343));
#1494 = CARTESIAN_POINT('',(3.190635218977,372.31409002839));
#1495 = CARTESIAN_POINT('',(3.181578047821,372.43893270704));
#1496 = CARTESIAN_POINT('',(3.172008037334,372.53727664529));
#1497 = CARTESIAN_POINT('',(3.162054745104,372.60522775302));
#1498 = CARTESIAN_POINT('',(3.151865031677,372.64000015044));
#1499 = CARTESIAN_POINT('',(3.141592600258,372.64));
#1500 = ( GEOMETRIC_REPRESENTATION_CONTEXT(2) 
PARAMETRIC_REPRESENTATION_CONTEXT() REPRESENTATION_CONTEXT('2D SPACE',''
  ) );
#1501 = PCURVE('',#1502,#1507);
#1502 = CYLINDRICAL_SURFACE('',#1503,4.);
#1503 = AXIS2_PLACEMENT_3D('',#1504,#1505,#1506);
#1504 = CARTESIAN_POINT('',(-35.,4.286263797016E-15,548.64));
#1505 = DIRECTION('',(-0.946930129495,0.321439465303,0.));
#1506 = DIRECTION('',(-0.321439465303,-0.946930129495,0.));
#1507 = DEFINITIONAL_REPRESENTATION('',(#1508),#1526);
#1508 = B_SPLINE_CURVE_WITH_KNOTS('',6,(#1509,#1510,#1511,#1512,#1513,
    #1514,#1515,#1516,#1517,#1518,#1519,#1520,#1521,#1522,#1523,#1524,
    #1525),.UNSPECIFIED.,.F.,.F.,(7,5,5,7),(0.,0.418835446556,
    0.718744235888,1.),.UNSPECIFIED.);
#1509 = CARTESIAN_POINT('',(0.,-1.639763058501));
#1510 = CARTESIAN_POINT('',(9.985581079951E-02,-1.639763058501));
#1511 = CARTESIAN_POINT('',(0.199675901874,-1.616592955424));
#1512 = CARTESIAN_POINT('',(0.299961958429,-1.570287024576));
#1513 = CARTESIAN_POINT('',(0.401203490844,-1.501454408298));
#1514 = CARTESIAN_POINT('',(0.503900661757,-1.411371048465));
#1515 = CARTESIAN_POINT('',(0.683713800081,-1.223672590639));
#1516 = CARTESIAN_POINT('',(0.759882433178,-1.135386964784));
#1517 = CARTESIAN_POINT('',(0.837368462306,-1.037878823078));
#1518 = CARTESIAN_POINT('',(0.916375198958,-0.932129611326));
#1519 = CARTESIAN_POINT('',(0.997128826089,-0.819388189562));
#1520 = CARTESIAN_POINT('',(1.157566717601,-0.590217611592));
#1521 = CARTESIAN_POINT('',(1.237310265389,-0.474018254214));
#1522 = CARTESIAN_POINT('',(1.318749313218,-0.354627055163));
#1523 = CARTESIAN_POINT('',(1.401611019954,-0.234402826856));
#1524 = CARTESIAN_POINT('',(1.48568311252,-0.115568152036));
#1525 = CARTESIAN_POINT('',(1.570796768681,5.999999999062E-07));
#1526 = ( GEOMETRIC_REPRESENTATION_CONTEXT(2) 
PARAMETRIC_REPRESENTATION_CONTEXT() REPRESENTATION_CONTEXT('2D SPACE',''
  ) );
#1527 = ORIENTED_EDGE('',*,*,#1528,.F.);
#1528 = EDGE_CURVE('',#1529,#1457,#1531,.T.);
#1529 = VERTEX_POINT('',#1530);
#1530 = CARTESIAN_POINT('',(-35.,2.516708651183E-14,544.64));
#1531 = SURFACE_CURVE('',#1532,(#1550,#1571),.PCURVE_S1.);
#1532 = B_SPLINE_CURVE_WITH_KNOTS('',6,(#1533,#1534,#1535,#1536,#1537,
    #1538,#1539,#1540,#1541,#1542,#1543,#1544,#1545,#1546,#1547,#1548,
    #1549),.UNSPECIFIED.,.F.,.F.,(7,5,5,7),(0.,0.293128746715,
    0.581166686565,1.),.UNSPECIFIED.);
#1533 = CARTESIAN_POINT('',(-35.,1.866603563272E-06,544.64));
#1534 = CARTESIAN_POINT('',(-35.00000001999,-0.374973625966,
    544.63999984309));
#1535 = CARTESIAN_POINT('',(-34.99517953129,-0.746469564682,
    544.6778229393));
#1536 = CARTESIAN_POINT('',(-34.98570436066,-1.108492870031,
    544.75153655876));
#1537 = CARTESIAN_POINT('',(-34.9722547042,-1.455362289685,
    544.85793129107));
#1538 = CARTESIAN_POINT('',(-34.95591584393,-1.782152298543,
    544.99260268607));
#1539 = CARTESIAN_POINT('',(-34.92006646471,-2.382835598965,
    545.30469543937));
#1540 = CARTESIAN_POINT('',(-34.90054085532,-2.658811489459,
    545.48198914553));
#1541 = CARTESIAN_POINT('',(-34.88016366673,-2.911767928951,
    545.67836011753));
#1542 = CARTESIAN_POINT('',(-34.85980073708,-3.140896807054,
    545.89072831519));
#1543 = CARTESIAN_POINT('',(-34.84019229053,-3.345717108618,
    546.11637308989));
#1544 = CARTESIAN_POINT('',(-34.79540222965,-3.78805774252,
    546.69670437757));
#1545 = CARTESIAN_POINT('',(-34.77170271594,-3.998491069963,
    547.06384824687));
#1546 = CARTESIAN_POINT('',(-34.75267328432,-4.156570831802,
    547.44731522752));
#1547 = CARTESIAN_POINT('',(-34.73957247097,-4.262035093747,
    547.8412979923));
#1548 = CARTESIAN_POINT('',(-34.73301681588,-4.314805078729,
    548.2405767568));
#1549 = CARTESIAN_POINT('',(-34.73301681588,-4.314805078729,548.64));
#1550 = PCURVE('',#124,#1551);
#1551 = DEFINITIONAL_REPRESENTATION('',(#1552),#1570);
#1552 = B_SPLINE_CURVE_WITH_KNOTS('',6,(#1553,#1554,#1555,#1556,#1557,
    #1558,#1559,#1560,#1561,#1562,#1563,#1564,#1565,#1566,#1567,#1568,
    #1569),.UNSPECIFIED.,.F.,.F.,(7,5,5,7),(0.,0.293128746715,
    0.581166686565,1.),.UNSPECIFIED.);
#1553 = CARTESIAN_POINT('',(3.141592600258,364.64));
#1554 = CARTESIAN_POINT('',(3.15230618576,364.63999984309));
#1555 = CARTESIAN_POINT('',(3.162920356877,364.6778229393));
#1556 = CARTESIAN_POINT('',(3.173266085857,364.75153655875));
#1557 = CARTESIAN_POINT('',(3.183183099037,364.85793129107));
#1558 = CARTESIAN_POINT('',(3.192531184993,364.99260268607));
#1559 = CARTESIAN_POINT('',(3.209724102504,365.30469543937));
#1560 = CARTESIAN_POINT('',(3.217628357598,365.48198914553));
#1561 = CARTESIAN_POINT('',(3.224878649106,365.67836011753));
#1562 = CARTESIAN_POINT('',(3.23145074747,365.89072831519));
#1563 = CARTESIAN_POINT('',(3.237329423728,366.11637308989));
#1564 = CARTESIAN_POINT('',(3.250032352395,366.69670437757));
#1565 = CARTESIAN_POINT('',(3.256082360219,367.06384824687));
#1566 = CARTESIAN_POINT('',(3.260631492106,367.44731522752));
#1567 = CARTESIAN_POINT('',(3.263667919223,367.8412979923));
#1568 = CARTESIAN_POINT('',(3.265187222341,368.2405767568));
#1569 = CARTESIAN_POINT('',(3.265187222341,368.64));
#1570 = ( GEOMETRIC_REPRESENTATION_CONTEXT(2) 
PARAMETRIC_REPRESENTATION_CONTEXT() REPRESENTATION_CONTEXT('2D SPACE',''
  ) );
#1571 = PCURVE('',#1502,#1572);
#1572 = DEFINITIONAL_REPRESENTATION('',(#1573),#1591);
#1573 = B_SPLINE_CURVE_WITH_KNOTS('',6,(#1574,#1575,#1576,#1577,#1578,
    #1579,#1580,#1581,#1582,#1583,#1584,#1585,#1586,#1587,#1588,#1589,
    #1590),.UNSPECIFIED.,.F.,.F.,(7,5,5,7),(0.,0.293128746715,
    0.581166686565,1.),.UNSPECIFIED.);
#1574 = CARTESIAN_POINT('',(4.712388538499,5.999999999062E-07));
#1575 = CARTESIAN_POINT('',(4.80115743804,-0.120531302897));
#1576 = CARTESIAN_POINT('',(4.888715183059,-0.244509424795));
#1577 = CARTESIAN_POINT('',(4.974915762812,-0.369850327041));
#1578 = CARTESIAN_POINT('',(5.059555146236,-0.494083732757));
#1579 = CARTESIAN_POINT('',(5.142358264228,-0.614598697541));
#1580 = CARTESIAN_POINT('',(5.302038568105,-0.84162887376));
#1581 = CARTESIAN_POINT('',(5.379329305575,-0.948827804257));
#1582 = CARTESIAN_POINT('',(5.455027934863,-1.049433760751));
#1583 = CARTESIAN_POINT('',(5.529337404829,-1.142367096424));
#1584 = CARTESIAN_POINT('',(5.60244095132,-1.226772253467));
#1585 = CARTESIAN_POINT('',(5.779284645422,-1.411371048465));
#1586 = CARTESIAN_POINT('',(5.881981816336,-1.501454408298));
#1587 = CARTESIAN_POINT('',(5.98322334875,-1.570287024576));
#1588 = CARTESIAN_POINT('',(6.083509405306,-1.616592955424));
#1589 = CARTESIAN_POINT('',(6.18332949638,-1.639763058501));
#1590 = CARTESIAN_POINT('',(6.28318530718,-1.639763058501));
#1591 = ( GEOMETRIC_REPRESENTATION_CONTEXT(2) 
PARAMETRIC_REPRESENTATION_CONTEXT() REPRESENTATION_CONTEXT('2D SPACE',''
  ) );
#1592 = ORIENTED_EDGE('',*,*,#1593,.T.);
#1593 = EDGE_CURVE('',#1529,#1459,#1594,.T.);
#1594 = SURFACE_CURVE('',#1595,(#1599,#1605),.PCURVE_S1.);
#1595 = LINE('',#1596,#1597);
#1596 = CARTESIAN_POINT('',(-35.,1.59872115546E-14,180.));
#1597 = VECTOR('',#1598,1.);
#1598 = DIRECTION('',(0.,0.,1.));
#1599 = PCURVE('',#124,#1600);
#1600 = DEFINITIONAL_REPRESENTATION('',(#1601),#1604);
#1601 = B_SPLINE_CURVE_WITH_KNOTS('',1,(#1602,#1603),.UNSPECIFIED.,.F.,
  .F.,(2,2),(363.84,373.44),.PIECEWISE_BEZIER_KNOTS.);
#1602 = CARTESIAN_POINT('',(3.14159265359,363.84));
#1603 = CARTESIAN_POINT('',(3.14159265359,373.44));
#1604 = ( GEOMETRIC_REPRESENTATION_CONTEXT(2) 
PARAMETRIC_REPRESENTATION_CONTEXT() REPRESENTATION_CONTEXT('2D SPACE',''
  ) );
#1605 = PCURVE('',#1606,#1611);
#1606 = PLANE('',#1607);
#1607 = AXIS2_PLACEMENT_3D('',#1608,#1609,#1610);
#1608 = CARTESIAN_POINT('',(-35.,4.5290519711E-15,548.64));
#1609 = DIRECTION('',(-0.946930129495,0.321439465303,0.));
#1610 = DIRECTION('',(-0.321439465303,-0.946930129495,0.));
#1611 = DEFINITIONAL_REPRESENTATION('',(#1612),#1615);
#1612 = B_SPLINE_CURVE_WITH_KNOTS('',1,(#1613,#1614),.UNSPECIFIED.,.F.,
  .F.,(2,2),(363.84,373.44),.PIECEWISE_BEZIER_KNOTS.);
#1613 = CARTESIAN_POINT('',(-1.085007653818E-14,-4.8));
#1614 = CARTESIAN_POINT('',(-1.085007653818E-14,4.8));
#1615 = ( GEOMETRIC_REPRESENTATION_CONTEXT(2) 
PARAMETRIC_REPRESENTATION_CONTEXT() REPRESENTATION_CONTEXT('2D SPACE',''
  ) );
#1616 = FACE_BOUND('',#1617,.T.);
#1617 = EDGE_LOOP('',(#1618));
#1618 = ORIENTED_EDGE('',*,*,#1619,.T.);
#1619 = EDGE_CURVE('',#1620,#1620,#1622,.T.);
#1620 = VERTEX_POINT('',#1621);
#1621 = CARTESIAN_POINT('',(-17.87194699267,-30.09308077766,548.64));
#1622 = SURFACE_CURVE('',#1623,(#1703,#1786),.PCURVE_S1.);
#1623 = B_SPLINE_CURVE_WITH_KNOTS('',8,(#1624,#1625,#1626,#1627,#1628,
    #1629,#1630,#1631,#1632,#1633,#1634,#1635,#1636,#1637,#1638,#1639,
    #1640,#1641,#1642,#1643,#1644,#1645,#1646,#1647,#1648,#1649,#1650,
    #1651,#1652,#1653,#1654,#1655,#1656,#1657,#1658,#1659,#1660,#1661,
    #1662,#1663,#1664,#1665,#1666,#1667,#1668,#1669,#1670,#1671,#1672,
    #1673,#1674,#1675,#1676,#1677,#1678,#1679,#1680,#1681,#1682,#1683,
    #1684,#1685,#1686,#1687,#1688,#1689,#1690,#1691,#1692,#1693,#1694,
    #1695,#1696,#1697,#1698,#1699,#1700,#1701,#1702),.UNSPECIFIED.,.T.,
  .F.,(9,7,7,7,7,7,7,7,7,7,7,9),(0.,0.179976258574,0.313440720816,
    0.502397290701,0.57834175626,0.637829472669,0.71356084305,
    0.767776477429,0.803606048593,0.854345857741,0.89333853343,1.),
  .UNSPECIFIED.);
#1624 = CARTESIAN_POINT('',(-17.87194699267,-30.09308077766,548.64));
#1625 = CARTESIAN_POINT('',(-17.87194699267,-30.09308077766,
    548.13111301967));
#1626 = CARTESIAN_POINT('',(-17.93697417829,-30.05446237372,
    547.62007470507));
#1627 = CARTESIAN_POINT('',(-18.06799463168,-29.97664777991,
    547.114412382));
#1628 = CARTESIAN_POINT('',(-18.26700393079,-29.8574026233,
    546.62286522386));
#1629 = CARTESIAN_POINT('',(-18.5361767427,-29.69318953692,
    546.15643027179));
#1630 = CARTESIAN_POINT('',(-18.8768782982,-29.4795341629,
    545.72956976312));
#1631 = CARTESIAN_POINT('',(-19.28881744769,-29.21092684435,
    545.36069753403));
#1632 = CARTESIAN_POINT('',(-20.12279698647,-28.64015038664,
    544.86483224171));
#1633 = CARTESIAN_POINT('',(-20.51009697192,-28.36775504717,
    544.70271243967));
#1634 = CARTESIAN_POINT('',(-20.91853528748,-28.07099367214,
    544.60270648964));
#1635 = CARTESIAN_POINT('',(-21.33450233233,-27.75738425878,
    544.57190596345));
#1636 = CARTESIAN_POINT('',(-21.74368165431,-27.43669587326,
    544.61148169275));
#1637 = CARTESIAN_POINT('',(-22.13282181876,-27.120506437,
    544.71676019598));
#1638 = CARTESIAN_POINT('',(-22.4908630181,-26.82047758827,
    544.87714309681));
#1639 = CARTESIAN_POINT('',(-23.26159634907,-26.15822615038,
    545.35747496008));
#1640 = CARTESIAN_POINT('',(-23.64739490145,-25.8114604114,
    545.72369632117));
#1641 = CARTESIAN_POINT('',(-23.96497753885,-25.5149456577,
    546.15190893188));
#1642 = CARTESIAN_POINT('',(-24.21518420962,-25.27466260422,
    546.62507608279));
#1643 = CARTESIAN_POINT('',(-24.39944231825,-25.0944167149,
    547.12934949463));
#1644 = CARTESIAN_POINT('',(-24.51910024589,-24.97634664263,
    547.6530919865));
#1645 = CARTESIAN_POINT('',(-24.57494964455,-24.9213158742,
    548.18610628902));
#1646 = CARTESIAN_POINT('',(-24.56335045906,-24.93274625912,
    548.93252572262));
#1647 = CARTESIAN_POINT('',(-24.54966859339,-24.94622787763,
    549.14630843622));
#1648 = CARTESIAN_POINT('',(-24.52563018104,-24.96990372898,
    549.35920270802));
#1649 = CARTESIAN_POINT('',(-24.49121691815,-25.00373318121,
    549.5705235087));
#1650 = CARTESIAN_POINT('',(-24.44639480653,-25.04764376293,
    549.77957088373));
#1651 = CARTESIAN_POINT('',(-24.39111671216,-25.10152954668,
    549.98561985487));
#1652 = CARTESIAN_POINT('',(-24.32532492378,-25.16524953233,
    550.1879103216));
#1653 = CARTESIAN_POINT('',(-24.1891317218,-25.29610224383,
    550.54051732513));
#1654 = CARTESIAN_POINT('',(-24.12281433278,-25.35950739348,
    550.69260821133));
#1655 = CARTESIAN_POINT('',(-24.04996678764,-25.42875966359,
    550.84152703265));
#1656 = CARTESIAN_POINT('',(-23.97055084754,-25.5037634372,
    550.98686979936));
#1657 = CARTESIAN_POINT('',(-23.88452805197,-25.58440737845,
    551.12820688674));
#1658 = CARTESIAN_POINT('',(-23.79186297933,-25.67056251497,
    551.26507880106));
#1659 = CARTESIAN_POINT('',(-23.69252650745,-25.76208032023,
    551.39699194563));
#1660 = CARTESIAN_POINT('',(-23.45151990015,-25.98190893344,
    551.68435760829));
#1661 = CARTESIAN_POINT('',(-23.30546348658,-26.11365573205,
    551.83668030123));
#1662 = CARTESIAN_POINT('',(-23.1484330426,-26.2535415912,
    551.97898279593));
#1663 = CARTESIAN_POINT('',(-22.98063120554,-26.40096148273,
    552.10984620315));
#1664 = CARTESIAN_POINT('',(-22.80236962113,-26.55520347042,
    552.22783203631));
#1665 = CARTESIAN_POINT('',(-22.61408175282,-26.71545854549,
    552.33148124852));
#1666 = CARTESIAN_POINT('',(-22.41633891989,-26.88083177791,
    552.41931268424));
#1667 = CARTESIAN_POINT('',(-22.06205939019,-27.17171528783,
    552.54029738788));
#1668 = CARTESIAN_POINT('',(-21.9097893775,-27.29519223154,
    552.58189122124));
#1669 = CARTESIAN_POINT('',(-21.75374213242,-27.42008980122,
    552.61391124744));
#1670 = CARTESIAN_POINT('',(-21.5946619096,-27.54570007305,
    552.63581541149));
#1671 = CARTESIAN_POINT('',(-21.43334498807,-27.67132014695,
    552.64721143019));
#1672 = CARTESIAN_POINT('',(-21.27062742332,-27.79626704629,
    552.64785779379));
#1673 = CARTESIAN_POINT('',(-21.10737017586,-27.91989038331,
    552.63766514116));
#1674 = CARTESIAN_POINT('',(-20.83676676388,-28.12200584183,
    552.60284142666));
#1675 = CARTESIAN_POINT('',(-20.72934213986,-28.20150591632,
    552.58429256318));
#1676 = CARTESIAN_POINT('',(-20.62244321908,-28.27989155853,
    552.5610902967));
#1677 = CARTESIAN_POINT('',(-20.51634141837,-28.35698468883,
    552.53330711531));
#1678 = CARTESIAN_POINT('',(-20.41130311026,-28.4326202547,
    552.50104914141));
#1679 = CARTESIAN_POINT('',(-20.30758863682,-28.5066458823,
    552.46445615666));
#1680 = CARTESIAN_POINT('',(-20.20545132351,-28.57892152795,
    552.42370162695));
#1681 = CARTESIAN_POINT('',(-19.96307631231,-28.74901222576,
    552.31567851614));
#1682 = CARTESIAN_POINT('',(-19.82478931803,-28.84485581823,
    552.24448692924));
#1683 = CARTESIAN_POINT('',(-19.69068259016,-28.93669293089,
    552.16590803432));
#1684 = CARTESIAN_POINT('',(-19.56112968006,-29.02440039259,
    552.08046422124));
#1685 = CARTESIAN_POINT('',(-19.43646730848,-29.10788667024,
    551.98871029134));
#1686 = CARTESIAN_POINT('',(-19.31699206356,-29.18708970169,
    551.89123354678));
#1687 = CARTESIAN_POINT('',(-19.20295709885,-29.26197472869,
    551.78865387987));
#1688 = CARTESIAN_POINT('',(-19.01127430111,-29.38675428605,
    551.59937312416));
#1689 = CARTESIAN_POINT('',(-18.93124564867,-29.43846557784,
    551.51442645025));
#1690 = CARTESIAN_POINT('',(-18.8545051107,-29.48770722599,
    551.42699239239));
#1691 = CARTESIAN_POINT('',(-18.78106898318,-29.53452093382,
    551.33727157279));
#1692 = CARTESIAN_POINT('',(-18.71094762295,-29.57894880916,
    551.24545673066));
#1693 = CARTESIAN_POINT('',(-18.64414544935,-29.6210332863,
    551.15173276869));
#1694 = CARTESIAN_POINT('',(-18.58066094585,-29.66081704796,
    551.05627679958));
#1695 = CARTESIAN_POINT('',(-18.35588453359,-29.80099215983,
    550.69387125169));
#1696 = CARTESIAN_POINT('',(-18.21605884552,-29.88674197287,
    550.4168036448));
#1697 = CARTESIAN_POINT('',(-18.10051095296,-29.95668721091,
    550.13095896512));
#1698 = CARTESIAN_POINT('',(-18.00872599471,-30.01171876086,
    549.83867629908));
#1699 = CARTESIAN_POINT('',(-17.94024304361,-30.05252021437,
    549.54187750219));
#1700 = CARTESIAN_POINT('',(-17.89471339499,-30.07956025323,
    549.24219886027));
#1701 = CARTESIAN_POINT('',(-17.87194699267,-30.09308077766,
    548.94110713587));
#1702 = CARTESIAN_POINT('',(-17.87194699267,-30.09308077766,548.64));
#1703 = PCURVE('',#124,#1704);
#1704 = DEFINITIONAL_REPRESENTATION('',(#1705),#1785);
#1705 = B_SPLINE_CURVE_WITH_KNOTS('',8,(#1706,#1707,#1708,#1709,#1710,
    #1711,#1712,#1713,#1714,#1715,#1716,#1717,#1718,#1719,#1720,#1721,
    #1722,#1723,#1724,#1725,#1726,#1727,#1728,#1729,#1730,#1731,#1732,
    #1733,#1734,#1735,#1736,#1737,#1738,#1739,#1740,#1741,#1742,#1743,
    #1744,#1745,#1746,#1747,#1748,#1749,#1750,#1751,#1752,#1753,#1754,
    #1755,#1756,#1757,#1758,#1759,#1760,#1761,#1762,#1763,#1764,#1765,
    #1766,#1767,#1768,#1769,#1770,#1771,#1772,#1773,#1774,#1775,#1776,
    #1777,#1778,#1779,#1780,#1781,#1782,#1783,#1784),.UNSPECIFIED.,.F.,
  .F.,(9,7,7,7,7,7,7,7,7,7,7,9),(0.,0.179976258574,0.313440720816,
    0.502397290701,0.57834175626,0.637829472669,0.71356084305,
    0.767776477429,0.803606048593,0.854345857741,0.89333853343,1.),
  .UNSPECIFIED.);
#1706 = CARTESIAN_POINT('',(4.176475044298,368.64));
#1707 = CARTESIAN_POINT('',(4.176475044298,368.13111301967));
#1708 = CARTESIAN_POINT('',(4.17431418715,367.62007470507));
#1709 = CARTESIAN_POINT('',(4.169960283012,367.114412382));
#1710 = CARTESIAN_POINT('',(4.16333181439,366.62286522386));
#1711 = CARTESIAN_POINT('',(4.154323495912,366.15643027179));
#1712 = CARTESIAN_POINT('',(4.142835695765,365.72956976312));
#1713 = CARTESIAN_POINT('',(4.128788465637,365.36069753403));
#1714 = CARTESIAN_POINT('',(4.099914246704,364.86483224171));
#1715 = CARTESIAN_POINT('',(4.086386836419,364.70271243967));
#1716 = CARTESIAN_POINT('',(4.071964963591,364.60270648964));
#1717 = CARTESIAN_POINT('',(4.05708577938,364.57190596345));
#1718 = CARTESIAN_POINT('',(4.042237048742,364.61148169275));
#1719 = CARTESIAN_POINT('',(4.027913965117,364.71676019598));
#1720 = CARTESIAN_POINT('',(4.014568408425,364.87714309681));
#1721 = CARTESIAN_POINT('',(3.985534904422,365.35747496008));
#1722 = CARTESIAN_POINT('',(3.970717573288,365.72369632117));
#1723 = CARTESIAN_POINT('',(3.958306679909,366.15190893188));
#1724 = CARTESIAN_POINT('',(3.948396105506,366.62507608279));
#1725 = CARTESIAN_POINT('',(3.941031656001,367.12934949463));
#1726 = CARTESIAN_POINT('',(3.936228704466,367.6530919865));
#1727 = CARTESIAN_POINT('',(3.933988528265,368.18610628902));
#1728 = CARTESIAN_POINT('',(3.934453808346,368.93252572262));
#1729 = CARTESIAN_POINT('',(3.935002606484,369.14630843622));
#1730 = CARTESIAN_POINT('',(3.935966610437,369.35920270802));
#1731 = CARTESIAN_POINT('',(3.937345372824,369.5705235087));
#1732 = CARTESIAN_POINT('',(3.939138130558,369.77957088373));
#1733 = CARTESIAN_POINT('',(3.94134373534,369.98561985487));
#1734 = CARTESIAN_POINT('',(3.943960584137,370.1879103216));
#1735 = CARTESIAN_POINT('',(3.949356805065,370.54051732513));
#1736 = CARTESIAN_POINT('',(3.95197824835,370.69260821133));
#1737 = CARTESIAN_POINT('',(3.954849997165,370.84152703265));
#1738 = CARTESIAN_POINT('',(3.957970984221,370.98686979936));
#1739 = CARTESIAN_POINT('',(3.9613398624,371.12820688674));
#1740 = CARTESIAN_POINT('',(3.964954909861,371.26507880106));
#1741 = CARTESIAN_POINT('',(3.968813935149,371.39699194563));
#1742 = CARTESIAN_POINT('',(3.978134038676,371.68435760829));
#1743 = CARTESIAN_POINT('',(3.983753864994,371.83668030123));
#1744 = CARTESIAN_POINT('',(3.989762275211,371.97898279593));
#1745 = CARTESIAN_POINT('',(3.996143693879,372.10984620315));
#1746 = CARTESIAN_POINT('',(4.002878369684,372.22783203631));
#1747 = CARTESIAN_POINT('',(4.00994231252,372.33148124852));
#1748 = CARTESIAN_POINT('',(4.017307154114,372.41931268424));
#1749 = CARTESIAN_POINT('',(4.030404192306,372.54029738788));
#1750 = CARTESIAN_POINT('',(4.036005306646,372.58189122124));
#1751 = CARTESIAN_POINT('',(4.041715833705,372.61391124744));
#1752 = CARTESIAN_POINT('',(4.047506807146,372.63581541149));
#1753 = CARTESIAN_POINT('',(4.053348231365,372.64721143019));
#1754 = CARTESIAN_POINT('',(4.059209591561,372.64785779379));
#1755 = CARTESIAN_POINT('',(4.065060378307,372.63766514116));
#1756 = CARTESIAN_POINT('',(4.074710454552,372.60284142666));
#1757 = CARTESIAN_POINT('',(4.078528773619,372.58429256318));
#1758 = CARTESIAN_POINT('',(4.082316091555,372.5610902967));
#1759 = CARTESIAN_POINT('',(4.086063232271,372.53330711531));
#1760 = CARTESIAN_POINT('',(4.089761349546,372.50104914141));
#1761 = CARTESIAN_POINT('',(4.093401940705,372.46445615666));
#1762 = CARTESIAN_POINT('',(4.096976860292,372.42370162695));
#1763 = CARTESIAN_POINT('',(4.105436922121,372.31567851614));
#1764 = CARTESIAN_POINT('',(4.110244085802,372.24448692924));
#1765 = CARTESIAN_POINT('',(4.114887917067,372.16590803432));
#1766 = CARTESIAN_POINT('',(4.119357793379,372.08046422124));
#1767 = CARTESIAN_POINT('',(4.123644423693,371.98871029134));
#1768 = CARTESIAN_POINT('',(4.127739894761,371.89123354678));
#1769 = CARTESIAN_POINT('',(4.131637717425,371.78865387987));
#1770 = CARTESIAN_POINT('',(4.138172536748,371.59937312416));
#1771 = CARTESIAN_POINT('',(4.140894861561,371.51442645025));
#1772 = CARTESIAN_POINT('',(4.143499992184,371.42699239239));
#1773 = CARTESIAN_POINT('',(4.145988211345,371.33727157279));
#1774 = CARTESIAN_POINT('',(4.148359940381,371.24545673066));
#1775 = CARTESIAN_POINT('',(4.150615739936,371.15173276869));
#1776 = CARTESIAN_POINT('',(4.152756310654,371.05627679958));
#1777 = CARTESIAN_POINT('',(4.1603249623,370.69387125169));
#1778 = CARTESIAN_POINT('',(4.165011265548,370.4168036448));
#1779 = CARTESIAN_POINT('',(4.168870296776,370.13095896512));
#1780 = CARTESIAN_POINT('',(4.171927943491,369.83867629908));
#1781 = CARTESIAN_POINT('',(4.17420554837,369.54187750219));
#1782 = CARTESIAN_POINT('',(4.175718512968,369.24219886027));
#1783 = CARTESIAN_POINT('',(4.176475044298,368.94110713587));
#1784 = CARTESIAN_POINT('',(4.176475044298,368.64));
#1785 = ( GEOMETRIC_REPRESENTATION_CONTEXT(2) 
PARAMETRIC_REPRESENTATION_CONTEXT() REPRESENTATION_CONTEXT('2D SPACE',''
  ) );
#1786 = PCURVE('',#1787,#1792);
#1787 = CYLINDRICAL_SURFACE('',#1788,4.);
#1788 = AXIS2_PLACEMENT_3D('',#1789,#1790,#1791);
#1789 = CARTESIAN_POINT('',(2.143131898508E-15,35.,548.64));
#1790 = DIRECTION('',(0.321439465303,0.946930129495,0.));
#1791 = DIRECTION('',(0.946930129495,-0.321439465303,0.));
#1792 = DEFINITIONAL_REPRESENTATION('',(#1793),#1873);
#1793 = B_SPLINE_CURVE_WITH_KNOTS('',8,(#1794,#1795,#1796,#1797,#1798,
    #1799,#1800,#1801,#1802,#1803,#1804,#1805,#1806,#1807,#1808,#1809,
    #1810,#1811,#1812,#1813,#1814,#1815,#1816,#1817,#1818,#1819,#1820,
    #1821,#1822,#1823,#1824,#1825,#1826,#1827,#1828,#1829,#1830,#1831,
    #1832,#1833,#1834,#1835,#1836,#1837,#1838,#1839,#1840,#1841,#1842,
    #1843,#1844,#1845,#1846,#1847,#1848,#1849,#1850,#1851,#1852,#1853,
    #1854,#1855,#1856,#1857,#1858,#1859,#1860,#1861,#1862,#1863,#1864,
    #1865,#1866,#1867,#1868,#1869,#1870,#1871,#1872),.UNSPECIFIED.,.F.,
  .F.,(9,7,7,7,7,7,7,7,7,7,7,9),(0.,0.179976258574,0.313440720816,
    0.502397290701,0.57834175626,0.637829472669,0.71356084305,
    0.767776477429,0.803606048593,0.854345857741,0.89333853343,1.),
  .UNSPECIFIED.);
#1794 = CARTESIAN_POINT('',(0.,-67.38334849528));
#1795 = CARTESIAN_POINT('',(0.127221745081,-67.38334849528));
#1796 = CARTESIAN_POINT('',(0.254982051349,-67.36768186881));
#1797 = CARTESIAN_POINT('',(0.384531255146,-67.33611202989));
#1798 = CARTESIAN_POINT('',(0.516954289038,-67.28716464101));
#1799 = CARTESIAN_POINT('',(0.653300913138,-67.21818908659));
#1800 = CARTESIAN_POINT('',(0.79477791578,-67.12538730143));
#1801 = CARTESIAN_POINT('',(0.942768007528,-67.00344843844));
#1802 = CARTESIAN_POINT('',(1.215827296546,-66.73103695045));
#1803 = CARTESIAN_POINT('',(1.335424843401,-66.5975910966));
#1804 = CARTESIAN_POINT('',(1.456569546227,-66.44786700308));
#1805 = CARTESIAN_POINT('',(1.578025173247,-66.28460902516));
#1806 = CARTESIAN_POINT('',(1.698668284749,-66.11246591319));
#1807 = CARTESIAN_POINT('',(1.81733724849,-65.93814161577));
#1808 = CARTESIAN_POINT('',(1.932544604132,-65.76912383086));
#1809 = CARTESIAN_POINT('',(2.1970500638,-65.38976210081));
#1810 = CARTESIAN_POINT('',(2.344821243512,-65.18541005509));
#1811 = CARTESIAN_POINT('',(2.487313611506,-65.00671489412));
#1812 = CARTESIAN_POINT('',(2.625810641355,-64.85960992965));
#1813 = CARTESIAN_POINT('',(2.761452085422,-64.74815749424));
#1814 = CARTESIAN_POINT('',(2.895212821009,-64.67481616571));
#1815 = CARTESIAN_POINT('',(3.02809482486,-64.64065807387));
#1816 = CARTESIAN_POINT('',(3.214735660057,-64.64775341376));
#1817 = CARTESIAN_POINT('',(3.268255829799,-64.65612167294));
#1818 = CARTESIAN_POINT('',(3.321851729157,-64.67081415551));
#1819 = CARTESIAN_POINT('',(3.375585961541,-64.69178650227));
#1820 = CARTESIAN_POINT('',(3.429521436118,-64.71895915951));
#1821 = CARTESIAN_POINT('',(3.483722682405,-64.7522166706));
#1822 = CARTESIAN_POINT('',(3.538257164873,-64.79140696758));
#1823 = CARTESIAN_POINT('',(3.636230956482,-64.87153747261));
#1824 = CARTESIAN_POINT('',(3.679516770082,-64.9102606931));
#1825 = CARTESIAN_POINT('',(3.723090360381,-64.95242167825));
#1826 = CARTESIAN_POINT('',(3.766988714862,-64.99791759398));
#1827 = CARTESIAN_POINT('',(3.811250074958,-65.0466306503));
#1828 = CARTESIAN_POINT('',(3.855914524554,-65.09842733348));
#1829 = CARTESIAN_POINT('',(3.901024578491,-65.15315763827));
#1830 = CARTESIAN_POINT('',(4.004678777873,-65.28385094045));
#1831 = CARTESIAN_POINT('',(4.06362829418,-65.36165765804));
#1832 = CARTESIAN_POINT('',(4.123483777614,-65.44364401081));
#1833 = CARTESIAN_POINT('',(4.184266799768,-65.529302215));
#1834 = CARTESIAN_POINT('',(4.246009566135,-65.61805829201));
#1835 = CARTESIAN_POINT('',(4.308755322133,-65.70928549928));
#1836 = CARTESIAN_POINT('',(4.372560645235,-65.80232004519));
#1837 = CARTESIAN_POINT('',(4.483989048494,-65.96388698231));
#1838 = CARTESIAN_POINT('',(4.531055532788,-66.03186542914));
#1839 = CARTESIAN_POINT('',(4.578595965334,-66.09997495795));
#1840 = CARTESIAN_POINT('',(4.626518252143,-66.16778444716));
#1841 = CARTESIAN_POINT('',(4.674737715411,-66.234884255));
#1842 = CARTESIAN_POINT('',(4.723173964776,-66.30089639157));
#1843 = CARTESIAN_POINT('',(4.771748240396,-66.36548173177));
#1844 = CARTESIAN_POINT('',(4.852521386404,-66.46988833303));
#1845 = CARTESIAN_POINT('',(4.884655356914,-66.51063883515));
#1846 = CARTESIAN_POINT('',(4.916752539397,-66.55050302954));
#1847 = CARTESIAN_POINT('',(4.948783379725,-66.58939953132));
#1848 = CARTESIAN_POINT('',(4.980718419431,-66.62725766991));
#1849 = CARTESIAN_POINT('',(5.012527345513,-66.66401684214));
#1850 = CARTESIAN_POINT('',(5.04417804024,-66.69962586526));
#1851 = CARTESIAN_POINT('',(5.12018408904,-66.78278097776));
#1852 = CARTESIAN_POINT('',(5.164308240409,-66.82908726569));
#1853 = CARTESIAN_POINT('',(5.207997165622,-66.87294339977));
#1854 = CARTESIAN_POINT('',(5.251236653095,-66.91435281969));
#1855 = CARTESIAN_POINT('',(5.294008244789,-66.95333708533));
#1856 = CARTESIAN_POINT('',(5.336288281901,-66.98993276331));
#1857 = CARTESIAN_POINT('',(5.378046950544,-67.02418831355));
#1858 = CARTESIAN_POINT('',(5.450909112571,-67.08073141994));
#1859 = CARTESIAN_POINT('',(5.482267299567,-67.10397403292));
#1860 = CARTESIAN_POINT('',(5.513334863622,-67.12593499569));
#1861 = CARTESIAN_POINT('',(5.544123359345,-67.14665903654));
#1862 = CARTESIAN_POINT('',(5.574643210452,-67.16618935775));
#1863 = CARTESIAN_POINT('',(5.604903999466,-67.18456756218));
#1864 = CARTESIAN_POINT('',(5.634914757409,-67.2018335799));
#1865 = CARTESIAN_POINT('',(5.746116421375,-67.26231760697));
#1866 = CARTESIAN_POINT('',(5.825740016076,-67.29857119413));
#1867 = CARTESIAN_POINT('',(5.903903682213,-67.32766279464));
#1868 = CARTESIAN_POINT('',(5.98091656317,-67.35027051945));
#1869 = CARTESIAN_POINT('',(6.057066576249,-67.36689352193));
#1870 = CARTESIAN_POINT('',(6.132635164208,-67.37786352352));
#1871 = CARTESIAN_POINT('',(6.207908523212,-67.38334849528));
#1872 = CARTESIAN_POINT('',(6.28318530718,-67.38334849528));
#1873 = ( GEOMETRIC_REPRESENTATION_CONTEXT(2) 
PARAMETRIC_REPRESENTATION_CONTEXT() REPRESENTATION_CONTEXT('2D SPACE',''
  ) );
#1874 = FACE_BOUND('',#1875,.T.);
#1875 = EDGE_LOOP('',(#1876,#2011));
#1876 = ORIENTED_EDGE('',*,*,#1877,.F.);
#1877 = EDGE_CURVE('',#1878,#1880,#1882,.T.);
#1878 = VERTEX_POINT('',#1879);
#1879 = CARTESIAN_POINT('',(-6.661326685944E-15,-35.,544.64));
#1880 = VERTEX_POINT('',#1881);
#1881 = CARTESIAN_POINT('',(-5.733602724262E-15,-35.,552.64));
#1882 = SURFACE_CURVE('',#1883,(#1922,#1964),.PCURVE_S1.);
#1883 = B_SPLINE_CURVE_WITH_KNOTS('',7,(#1884,#1885,#1886,#1887,#1888,
    #1889,#1890,#1891,#1892,#1893,#1894,#1895,#1896,#1897,#1898,#1899,
    #1900,#1901,#1902,#1903,#1904,#1905,#1906,#1907,#1908,#1909,#1910,
    #1911,#1912,#1913,#1914,#1915,#1916,#1917,#1918,#1919,#1920,#1921),
  .UNSPECIFIED.,.F.,.F.,(8,6,6,6,6,6,8),(0.,0.146721178341,
    0.290894230005,0.500534935549,0.657181105222,0.774501716542,1.),
  .UNSPECIFIED.);
#1884 = CARTESIAN_POINT('',(-1.866603563476E-06,-35.,544.64));
#1885 = CARTESIAN_POINT('',(0.321405698448,-35.00000001714,
    544.63999986551));
#1886 = CARTESIAN_POINT('',(0.640327867912,-34.99655681377,
    544.66701634038));
#1887 = CARTESIAN_POINT('',(0.953340024886,-34.98976514807,
    544.71994500756));
#1888 = CARTESIAN_POINT('',(1.257151192736,-34.97994022218,
    544.79713430118));
#1889 = CARTESIAN_POINT('',(1.54873086364,-34.96758645841,544.8964088325
    ));
#1890 = CARTESIAN_POINT('',(1.825434088951,-34.95333274346,
    545.01509029831));
#1891 = CARTESIAN_POINT('',(2.340305489322,-34.92260470412,
    545.28259837256));
#1892 = CARTESIAN_POINT('',(2.579961235018,-34.90611960086,
    545.43133380091));
#1893 = CARTESIAN_POINT('',(2.803358026305,-34.88889674755,
    545.59420112952));
#1894 = CARTESIAN_POINT('',(3.009966019576,-34.87143669687,
    545.76937505939));
#1895 = CARTESIAN_POINT('',(3.199416893221,-34.85419832378,
    545.95519825083));
#1896 = CARTESIAN_POINT('',(3.371466571333,-34.83758497862,
    546.15015524262));
#1897 = CARTESIAN_POINT('',(3.750615686114,-34.79919349786,
    546.64758206064));
#1898 = CARTESIAN_POINT('',(3.938367262122,-34.77847400557,
    546.9589499985));
#1899 = CARTESIAN_POINT('',(4.088822362442,-34.76082875501,
    547.28297223581));
#1900 = CARTESIAN_POINT('',(4.201769801207,-34.74705865002,
    547.61616498386));
#1901 = CARTESIAN_POINT('',(4.277112232313,-34.73769942666,
    547.9553776393));
#1902 = CARTESIAN_POINT('',(4.314805078729,-34.73301681588,
    548.29763722011));
#1903 = CARTESIAN_POINT('',(4.314805078729,-34.73301681588,
    548.89581777149));
#1904 = CARTESIAN_POINT('',(4.293760292723,-34.73563099168,
    549.15160907987));
#1905 = CARTESIAN_POINT('',(4.251679155443,-34.74085893512,
    549.40612874096));
#1906 = CARTESIAN_POINT('',(4.188579416768,-34.74861615373,
    549.65812444146));
#1907 = CARTESIAN_POINT('',(4.104497692133,-34.75873496153,
    549.90630337005));
#1908 = CARTESIAN_POINT('',(3.999499012943,-34.77096537,550.14929884846)
  );
#1909 = CARTESIAN_POINT('',(3.779458631779,-34.7954692658,550.5626430912
    ));
#1910 = CARTESIAN_POINT('',(3.673547613839,-34.80696200965,
    550.73592991805));
#1911 = CARTESIAN_POINT('',(3.555988894318,-34.81931650274,
    550.90488530141));
#1912 = CARTESIAN_POINT('',(3.426829322449,-34.83236889921,
    551.06885429732));
#1913 = CARTESIAN_POINT('',(3.286137036624,-34.84593045113,
    551.22712786912));
#1914 = CARTESIAN_POINT('',(3.134011475465,-34.85978874454,
    551.37893159689));
#1915 = CARTESIAN_POINT('',(2.656492587757,-34.90046449984,
    551.80112024556));
#1916 = CARTESIAN_POINT('',(2.296913096821,-34.92776941791,
    552.05510516085));
#1917 = CARTESIAN_POINT('',(1.894710729955,-34.95365888869,
    552.27492280362));
#1918 = CARTESIAN_POINT('',(1.455456437336,-34.97575089,552.45105435246)
  );
#1919 = CARTESIAN_POINT('',(0.986817379169,-34.99172973455,
    552.5751134005));
#1920 = CARTESIAN_POINT('',(0.498101355811,-35.00000002656,
    552.64000020842));
#1921 = CARTESIAN_POINT('',(-1.866603566377E-06,-35.,552.64));
#1922 = PCURVE('',#124,#1923);
#1923 = DEFINITIONAL_REPRESENTATION('',(#1924),#1963);
#1924 = B_SPLINE_CURVE_WITH_KNOTS('',7,(#1925,#1926,#1927,#1928,#1929,
    #1930,#1931,#1932,#1933,#1934,#1935,#1936,#1937,#1938,#1939,#1940,
    #1941,#1942,#1943,#1944,#1945,#1946,#1947,#1948,#1949,#1950,#1951,
    #1952,#1953,#1954,#1955,#1956,#1957,#1958,#1959,#1960,#1961,#1962),
  .UNSPECIFIED.,.F.,.F.,(8,6,6,6,6,6,8),(0.,0.146721178341,
    0.290894230005,0.500534935549,0.657181105222,0.774501716542,1.),
  .UNSPECIFIED.);
#1925 = CARTESIAN_POINT('',(4.712388927053,364.64));
#1926 = CARTESIAN_POINT('',(4.72157200034,364.63999986551));
#1927 = CARTESIAN_POINT('',(4.730684063353,364.66701634038));
#1928 = CARTESIAN_POINT('',(4.739628528803,364.71994500756));
#1929 = CARTESIAN_POINT('',(4.748312561157,364.79713430118));
#1930 = CARTESIAN_POINT('',(4.756650307533,364.8964088325));
#1931 = CARTESIAN_POINT('',(4.764566334728,365.01509029831));
#1932 = CARTESIAN_POINT('',(4.779303121167,365.28259837256));
#1933 = CARTESIAN_POINT('',(4.786166325794,365.43133380091));
#1934 = CARTESIAN_POINT('',(4.792567708111,365.59420112952));
#1935 = CARTESIAN_POINT('',(4.798491589486,365.76937505939));
#1936 = CARTESIAN_POINT('',(4.803926696053,365.95519825083));
#1937 = CARTESIAN_POINT('',(4.808865211389,366.15015524262));
#1938 = CARTESIAN_POINT('',(4.81975343596,366.64758206064));
#1939 = CARTESIAN_POINT('',(4.82515011335,366.9589499985));
#1940 = CARTESIAN_POINT('',(4.829478190949,367.28297223581));
#1941 = CARTESIAN_POINT('',(4.832729144808,367.61616498386));
#1942 = CARTESIAN_POINT('',(4.834898332623,367.9553776393));
#1943 = CARTESIAN_POINT('',(4.835983549136,368.29763722011));
#1944 = CARTESIAN_POINT('',(4.835983549136,368.89581777149));
#1945 = CARTESIAN_POINT('',(4.835377651818,369.15160907987));
#1946 = CARTESIAN_POINT('',(4.834166084081,369.40612874096));
#1947 = CARTESIAN_POINT('',(4.83234966369,369.65812444146));
#1948 = CARTESIAN_POINT('',(4.829930019007,369.90630337005));
#1949 = CARTESIAN_POINT('',(4.826909808726,370.14929884846));
#1950 = CARTESIAN_POINT('',(4.820584078292,370.5626430912));
#1951 = CARTESIAN_POINT('',(4.817540297798,370.73592991805));
#1952 = CARTESIAN_POINT('',(4.814163011891,370.90488530141));
#1953 = CARTESIAN_POINT('',(4.810454002209,371.06885429732));
#1954 = CARTESIAN_POINT('',(4.806415673309,371.22712786912));
#1955 = CARTESIAN_POINT('',(4.802051305715,371.37893159689));
#1956 = CARTESIAN_POINT('',(4.788358500956,371.80112024556));
#1957 = CARTESIAN_POINT('',(4.778055660992,372.05510516085));
#1958 = CARTESIAN_POINT('',(4.766541640489,372.27492280362));
#1959 = CARTESIAN_POINT('',(4.753978144293,372.45105435246));
#1960 = CARTESIAN_POINT('',(4.740583765655,372.5751134005));
#1961 = CARTESIAN_POINT('',(4.726620447694,372.64000020842));
#1962 = CARTESIAN_POINT('',(4.712388927053,372.64));
#1963 = ( GEOMETRIC_REPRESENTATION_CONTEXT(2) 
PARAMETRIC_REPRESENTATION_CONTEXT() REPRESENTATION_CONTEXT('2D SPACE',''
  ) );
#1964 = PCURVE('',#1965,#1970);
#1965 = CYLINDRICAL_SURFACE('',#1966,4.);
#1966 = AXIS2_PLACEMENT_3D('',#1967,#1968,#1969);
#1967 = CARTESIAN_POINT('',(-6.429395695524E-15,-35.,548.64));
#1968 = DIRECTION('',(-0.321439465303,-0.946930129495,-0.));
#1969 = DIRECTION('',(-0.946930129495,0.321439465303,0.));
#1970 = DEFINITIONAL_REPRESENTATION('',(#1971),#2010);
#1971 = B_SPLINE_CURVE_WITH_KNOTS('',7,(#1972,#1973,#1974,#1975,#1976,
    #1977,#1978,#1979,#1980,#1981,#1982,#1983,#1984,#1985,#1986,#1987,
    #1988,#1989,#1990,#1991,#1992,#1993,#1994,#1995,#1996,#1997,#1998,
    #1999,#2000,#2001,#2002,#2003,#2004,#2005,#2006,#2007,#2008,#2009),
  .UNSPECIFIED.,.F.,.F.,(8,6,6,6,6,6,8),(0.,0.146721178341,
    0.290894230005,0.500534935549,0.657181105222,0.774501716542,1.),
  .UNSPECIFIED.);
#1972 = CARTESIAN_POINT('',(1.570795884909,5.999999999062E-07));
#1973 = CARTESIAN_POINT('',(1.646883513085,-0.103312459623));
#1974 = CARTESIAN_POINT('',(1.722106030894,-0.209087104254));
#1975 = CARTESIAN_POINT('',(1.796380003615,-0.316132797509));
#1976 = CARTESIAN_POINT('',(1.869597130688,-0.423093215204));
#1977 = CARTESIAN_POINT('',(1.941620526357,-0.528516579837));
#1978 = CARTESIAN_POINT('',(2.012271256691,-0.630957188774));
#1979 = CARTESIAN_POINT('',(2.149140088588,-0.825554482679));
#1980 = CARTESIAN_POINT('',(2.215653584133,-0.918199538395));
#1981 = CARTESIAN_POINT('',(2.280993011576,-1.006316922251));
#1982 = CARTESIAN_POINT('',(2.345282196976,-1.089262333186));
#1983 = CARTESIAN_POINT('',(2.408631478811,-1.166482855582));
#1984 = CARTESIAN_POINT('',(2.471142694759,-1.237518089198));
#1985 = CARTESIAN_POINT('',(2.622723003993,-1.395745627771));
#1986 = CARTESIAN_POINT('',(2.711047113914,-1.475716305488));
#1987 = CARTESIAN_POINT('',(2.798241466983,-1.540787331885));
#1988 = CARTESIAN_POINT('',(2.884610433684,-1.590132423511));
#1989 = CARTESIAN_POINT('',(2.970436777737,-1.623212984874));
#1990 = CARTESIAN_POINT('',(3.056001958619,-1.639763058501));
#1991 = CARTESIAN_POINT('',(3.205547096464,-1.639763058501));
#1992 = CARTESIAN_POINT('',(3.269494810556,-1.630522991915));
#1993 = CARTESIAN_POINT('',(3.333552137482,-1.612045956484));
#1994 = CARTESIAN_POINT('',(3.39783257378,-1.584417666206));
#1995 = CARTESIAN_POINT('',(3.462451140887,-1.547808677613));
#1996 = CARTESIAN_POINT('',(3.527528755099,-1.502476616042));
#1997 = CARTESIAN_POINT('',(3.642378722045,-1.40854347635));
#1998 = CARTESIAN_POINT('',(3.691896119428,-1.363616669949));
#1999 = CARTESIAN_POINT('',(3.741806904953,-1.314129816268));
#2000 = CARTESIAN_POINT('',(3.792170524771,-1.260253125069));
#2001 = CARTESIAN_POINT('',(3.843049325269,-1.202187229823));
#2002 = CARTESIAN_POINT('',(3.894510122408,-1.140165235211));
#2003 = CARTESIAN_POINT('',(4.046795631959,-0.948154721045));
#2004 = CARTESIAN_POINT('',(4.150584336017,-0.806715832135));
#2005 = CARTESIAN_POINT('',(4.257450484495,-0.652916598469));
#2006 = CARTESIAN_POINT('',(4.367106043145,-0.49080335186));
#2007 = CARTESIAN_POINT('',(4.479441767046,-0.325033414241));
#2008 = CARTESIAN_POINT('',(4.59447218291,-0.160109408324));
#2009 = CARTESIAN_POINT('',(4.71238942227,5.999999999062E-07));
#2010 = ( GEOMETRIC_REPRESENTATION_CONTEXT(2) 
PARAMETRIC_REPRESENTATION_CONTEXT() REPRESENTATION_CONTEXT('2D SPACE',''
  ) );
#2011 = ORIENTED_EDGE('',*,*,#2012,.T.);
#2012 = EDGE_CURVE('',#1878,#1880,#2013,.T.);
#2013 = SURFACE_CURVE('',#2014,(#2018,#2024),.PCURVE_S1.);
#2014 = LINE('',#2015,#2016);
#2015 = CARTESIAN_POINT('',(3.552713678801E-15,-35.,180.));
#2016 = VECTOR('',#2017,1.);
#2017 = DIRECTION('',(0.,0.,1.));
#2018 = PCURVE('',#124,#2019);
#2019 = DEFINITIONAL_REPRESENTATION('',(#2020),#2023);
#2020 = B_SPLINE_CURVE_WITH_KNOTS('',1,(#2021,#2022),.UNSPECIFIED.,.F.,
  .F.,(2,2),(363.84,373.44),.PIECEWISE_BEZIER_KNOTS.);
#2021 = CARTESIAN_POINT('',(4.712388980385,363.84));
#2022 = CARTESIAN_POINT('',(4.712388980385,373.44));
#2023 = ( GEOMETRIC_REPRESENTATION_CONTEXT(2) 
PARAMETRIC_REPRESENTATION_CONTEXT() REPRESENTATION_CONTEXT('2D SPACE',''
  ) );
#2024 = PCURVE('',#2025,#2030);
#2025 = PLANE('',#2026);
#2026 = AXIS2_PLACEMENT_3D('',#2027,#2028,#2029);
#2027 = CARTESIAN_POINT('',(-6.186607521439E-15,-35.,548.64));
#2028 = DIRECTION('',(-0.321439465303,-0.946930129495,0.));
#2029 = DIRECTION('',(-0.946930129495,0.321439465303,0.));
#2030 = DEFINITIONAL_REPRESENTATION('',(#2031),#2034);
#2031 = B_SPLINE_CURVE_WITH_KNOTS('',1,(#2032,#2033),.UNSPECIFIED.,.F.,
  .F.,(2,2),(363.84,373.44),.PIECEWISE_BEZIER_KNOTS.);
#2032 = CARTESIAN_POINT('',(-9.222456685338E-15,4.8));
#2033 = CARTESIAN_POINT('',(-9.222456685338E-15,-4.8));
#2034 = ( GEOMETRIC_REPRESENTATION_CONTEXT(2) 
PARAMETRIC_REPRESENTATION_CONTEXT() REPRESENTATION_CONTEXT('2D SPACE',''
  ) );
#2035 = ADVANCED_FACE('',(#2036),#160,.F.);
#2036 = FACE_BOUND('',#2037,.T.);
#2037 = EDGE_LOOP('',(#2038,#2039,#2062,#2093));
#2038 = ORIENTED_EDGE('',*,*,#143,.F.);
#2039 = ORIENTED_EDGE('',*,*,#2040,.T.);
#2040 = EDGE_CURVE('',#144,#2041,#2043,.T.);
#2041 = VERTEX_POINT('',#2042);
#2042 = CARTESIAN_POINT('',(14.75,0.,3.));
#2043 = SEAM_CURVE('',#2044,(#2048,#2055),.PCURVE_S1.);
#2044 = LINE('',#2045,#2046);
#2045 = CARTESIAN_POINT('',(14.75,0.,0.));
#2046 = VECTOR('',#2047,1.);
#2047 = DIRECTION('',(0.,0.,1.));
#2048 = PCURVE('',#160,#2049);
#2049 = DEFINITIONAL_REPRESENTATION('',(#2050),#2054);
#2050 = LINE('',#2051,#2052);
#2051 = CARTESIAN_POINT('',(-6.28318530718,0.));
#2052 = VECTOR('',#2053,1.);
#2053 = DIRECTION('',(-0.,-1.));
#2054 = ( GEOMETRIC_REPRESENTATION_CONTEXT(2) 
PARAMETRIC_REPRESENTATION_CONTEXT() REPRESENTATION_CONTEXT('2D SPACE',''
  ) );
#2055 = PCURVE('',#160,#2056);
#2056 = DEFINITIONAL_REPRESENTATION('',(#2057),#2061);
#2057 = LINE('',#2058,#2059);
#2058 = CARTESIAN_POINT('',(-0.,0.));
#2059 = VECTOR('',#2060,1.);
#2060 = DIRECTION('',(-0.,-1.));
#2061 = ( GEOMETRIC_REPRESENTATION_CONTEXT(2) 
PARAMETRIC_REPRESENTATION_CONTEXT() REPRESENTATION_CONTEXT('2D SPACE',''
  ) );
#2062 = ORIENTED_EDGE('',*,*,#2063,.F.);
#2063 = EDGE_CURVE('',#2041,#2041,#2064,.T.);
#2064 = SURFACE_CURVE('',#2065,(#2070,#2077),.PCURVE_S1.);
#2065 = CIRCLE('',#2066,14.75);
#2066 = AXIS2_PLACEMENT_3D('',#2067,#2068,#2069);
#2067 = CARTESIAN_POINT('',(0.,0.,3.));
#2068 = DIRECTION('',(0.,0.,-1.));
#2069 = DIRECTION('',(1.,0.,0.));
#2070 = PCURVE('',#160,#2071);
#2071 = DEFINITIONAL_REPRESENTATION('',(#2072),#2076);
#2072 = LINE('',#2073,#2074);
#2073 = CARTESIAN_POINT('',(-6.28318530718,-3.));
#2074 = VECTOR('',#2075,1.);
#2075 = DIRECTION('',(1.,-0.));
#2076 = ( GEOMETRIC_REPRESENTATION_CONTEXT(2) 
PARAMETRIC_REPRESENTATION_CONTEXT() REPRESENTATION_CONTEXT('2D SPACE',''
  ) );
#2077 = PCURVE('',#2078,#2083);
#2078 = PLANE('',#2079);
#2079 = AXIS2_PLACEMENT_3D('',#2080,#2081,#2082);
#2080 = CARTESIAN_POINT('',(0.,0.,3.));
#2081 = DIRECTION('',(0.,0.,1.));
#2082 = DIRECTION('',(1.,0.,0.));
#2083 = DEFINITIONAL_REPRESENTATION('',(#2084),#2092);
#2084 = ( BOUNDED_CURVE() B_SPLINE_CURVE(2,(#2085,#2086,#2087,#2088,
#2089,#2090,#2091),.UNSPECIFIED.,.T.,.F.) B_SPLINE_CURVE_WITH_KNOTS((1,2
    ,2,2,2,1),(-2.094395102393,0.,2.094395102393,4.188790204786,
6.28318530718,8.377580409573),.UNSPECIFIED.) CURVE() 
GEOMETRIC_REPRESENTATION_ITEM() RATIONAL_B_SPLINE_CURVE((1.,0.5,1.,0.5,
1.,0.5,1.)) REPRESENTATION_ITEM('') );
#2085 = CARTESIAN_POINT('',(14.75,0.));
#2086 = CARTESIAN_POINT('',(14.75,-25.54774941164));
#2087 = CARTESIAN_POINT('',(-7.375,-12.77387470582));
#2088 = CARTESIAN_POINT('',(-29.5,-3.612708057485E-15));
#2089 = CARTESIAN_POINT('',(-7.375,12.77387470582));
#2090 = CARTESIAN_POINT('',(14.75,25.547749411641));
#2091 = CARTESIAN_POINT('',(14.75,0.));
#2092 = ( GEOMETRIC_REPRESENTATION_CONTEXT(2) 
PARAMETRIC_REPRESENTATION_CONTEXT() REPRESENTATION_CONTEXT('2D SPACE',''
  ) );
#2093 = ORIENTED_EDGE('',*,*,#2040,.F.);
#2094 = ADVANCED_FACE('',(#2095),#369,.F.);
#2095 = FACE_BOUND('',#2096,.F.);
#2096 = EDGE_LOOP('',(#2097,#2098,#2121,#2200,#2340,#2412,#2413,#2414));
#2097 = ORIENTED_EDGE('',*,*,#325,.F.);
#2098 = ORIENTED_EDGE('',*,*,#2099,.T.);
#2099 = EDGE_CURVE('',#326,#2100,#2102,.T.);
#2100 = VERTEX_POINT('',#2101);
#2101 = CARTESIAN_POINT('',(31.541389606693,5.398216527593,548.64));
#2102 = SEAM_CURVE('',#2103,(#2107,#2114),.PCURVE_S1.);
#2103 = LINE('',#2104,#2105);
#2104 = CARTESIAN_POINT('',(36.285757861213,3.78772051798,548.64));
#2105 = VECTOR('',#2106,1.);
#2106 = DIRECTION('',(-0.946930129495,0.321439465303,-0.));
#2107 = PCURVE('',#369,#2108);
#2108 = DEFINITIONAL_REPRESENTATION('',(#2109),#2113);
#2109 = LINE('',#2110,#2111);
#2110 = CARTESIAN_POINT('',(6.28318530718,0.));
#2111 = VECTOR('',#2112,1.);
#2112 = DIRECTION('',(0.,-1.));
#2113 = ( GEOMETRIC_REPRESENTATION_CONTEXT(2) 
PARAMETRIC_REPRESENTATION_CONTEXT() REPRESENTATION_CONTEXT('2D SPACE',''
  ) );
#2114 = PCURVE('',#369,#2115);
#2115 = DEFINITIONAL_REPRESENTATION('',(#2116),#2120);
#2116 = LINE('',#2117,#2118);
#2117 = CARTESIAN_POINT('',(0.,0.));
#2118 = VECTOR('',#2119,1.);
#2119 = DIRECTION('',(0.,-1.));
#2120 = ( GEOMETRIC_REPRESENTATION_CONTEXT(2) 
PARAMETRIC_REPRESENTATION_CONTEXT() REPRESENTATION_CONTEXT('2D SPACE',''
  ) );
#2121 = ORIENTED_EDGE('',*,*,#2122,.T.);
#2122 = EDGE_CURVE('',#2100,#2123,#2125,.T.);
#2123 = VERTEX_POINT('',#2124);
#2124 = CARTESIAN_POINT('',(32.,0.,552.5220213847));
#2125 = SURFACE_CURVE('',#2126,(#2147,#2171),.PCURVE_S1.);
#2126 = B_SPLINE_CURVE_WITH_KNOTS('',7,(#2127,#2128,#2129,#2130,#2131,
    #2132,#2133,#2134,#2135,#2136,#2137,#2138,#2139,#2140,#2141,#2142,
    #2143,#2144,#2145,#2146),.UNSPECIFIED.,.F.,.F.,(8,6,6,8),(0.,
    0.412090412289,0.66308913923,1.),.UNSPECIFIED.);
#2127 = CARTESIAN_POINT('',(31.541389606693,5.398216527593,548.64));
#2128 = CARTESIAN_POINT('',(31.541389606693,5.398216527593,
    549.02646422909));
#2129 = CARTESIAN_POINT('',(31.549748817499,5.349375633774,
    549.41262181023));
#2130 = CARTESIAN_POINT('',(31.566441872721,5.251834451035,
    549.7940290894));
#2131 = CARTESIAN_POINT('',(31.590924253078,5.105927299935,
    550.16620264825));
#2132 = CARTESIAN_POINT('',(31.622114515066,4.912263489202,
    550.52441639747));
#2133 = CARTESIAN_POINT('',(31.658442870801,4.671845210437,
    550.86349064464));
#2134 = CARTESIAN_POINT('',(31.722039197905,4.212252833088,
    551.36887655769));
#2135 = CARTESIAN_POINT('',(31.747322711581,4.021332032078,
    551.55110705629));
#2136 = CARTESIAN_POINT('',(31.7733737264,3.813808173655,551.72283933636
    ));
#2137 = CARTESIAN_POINT('',(31.799691504642,3.590148796403,
    551.88255153056));
#2138 = CARTESIAN_POINT('',(31.825728297185,3.350966361023,
    552.02861011611));
#2139 = CARTESIAN_POINT('',(31.850910272987,3.097049510289,
    552.15925327453));
#2140 = CARTESIAN_POINT('',(31.906558920409,2.470138365863,
    552.42467921813));
#2141 = CARTESIAN_POINT('',(31.936199078164,2.082584340986,
    552.5470761404));
#2142 = CARTESIAN_POINT('',(31.961652878378,1.673589736045,
    552.63178627933));
#2143 = CARTESIAN_POINT('',(31.981225314617,1.251637947091,
    552.67331681572));
#2144 = CARTESIAN_POINT('',(31.993992363253,0.825991495983,
    552.66869092699));
#2145 = CARTESIAN_POINT('',(32.,0.405924788653,552.61750438051));
#2146 = CARTESIAN_POINT('',(32.,2.487793711901E-15,552.5220213847));
#2147 = PCURVE('',#369,#2148);
#2148 = DEFINITIONAL_REPRESENTATION('',(#2149),#2170);
#2149 = B_SPLINE_CURVE_WITH_KNOTS('',7,(#2150,#2151,#2152,#2153,#2154,
    #2155,#2156,#2157,#2158,#2159,#2160,#2161,#2162,#2163,#2164,#2165,
    #2166,#2167,#2168,#2169),.UNSPECIFIED.,.F.,.F.,(8,6,6,8),(0.,
    0.412090412289,0.66308913923,1.),.UNSPECIFIED.);
#2150 = CARTESIAN_POINT('',(0.,-5.010262221827));
#2151 = CARTESIAN_POINT('',(9.661605727322E-02,-5.010262221827));
#2152 = CARTESIAN_POINT('',(0.193155864117,-4.986647242462));
#2153 = CARTESIAN_POINT('',(0.289979370445,-4.939486499895));
#2154 = CARTESIAN_POINT('',(0.387433228573,-4.86940307966));
#2155 = CARTESIAN_POINT('',(0.485863916488,-4.777616889066));
#2156 = CARTESIAN_POINT('',(0.585645694172,-4.66593655149));
#2157 = CARTESIAN_POINT('',(0.749093002952,-4.457984145197));
#2158 = CARTESIAN_POINT('',(0.811693391675,-4.372672944126));
#2159 = CARTESIAN_POINT('',(0.875105972795,-4.281298095201));
#2160 = CARTESIAN_POINT('',(0.939420320934,-4.184484047408));
#2161 = CARTESIAN_POINT('',(1.004734476351,-4.082946349935));
#2162 = CARTESIAN_POINT('',(1.07115936542,-3.977481881597));
#2163 = CARTESIAN_POINT('',(1.229656779786,-3.723272517631));
#2164 = CARTESIAN_POINT('',(1.323623513534,-3.570630200677));
#2165 = CARTESIAN_POINT('',(1.419784212341,-3.415060223219));
#2166 = CARTESIAN_POINT('',(1.51747023171,-3.260894536212));
#2167 = CARTESIAN_POINT('',(1.616131558742,-3.111985465542));
#2168 = CARTESIAN_POINT('',(1.715258386302,-2.971270635503));
#2169 = CARTESIAN_POINT('',(1.814274433509,-2.840790388485));
#2170 = ( GEOMETRIC_REPRESENTATION_CONTEXT(2) 
PARAMETRIC_REPRESENTATION_CONTEXT() REPRESENTATION_CONTEXT('2D SPACE',''
  ) );
#2171 = PCURVE('',#2172,#2177);
#2172 = CYLINDRICAL_SURFACE('',#2173,32.);
#2173 = AXIS2_PLACEMENT_3D('',#2174,#2175,#2176);
#2174 = CARTESIAN_POINT('',(0.,0.,180.));
#2175 = DIRECTION('',(0.,0.,1.));
#2176 = DIRECTION('',(1.,0.,0.));
#2177 = DEFINITIONAL_REPRESENTATION('',(#2178),#2199);
#2178 = B_SPLINE_CURVE_WITH_KNOTS('',7,(#2179,#2180,#2181,#2182,#2183,
    #2184,#2185,#2186,#2187,#2188,#2189,#2190,#2191,#2192,#2193,#2194,
    #2195,#2196,#2197,#2198),.UNSPECIFIED.,.F.,.F.,(8,6,6,8),(0.,
    0.412090412289,0.66308913923,1.),.UNSPECIFIED.);
#2179 = CARTESIAN_POINT('',(0.169504799717,368.64));
#2180 = CARTESIAN_POINT('',(0.169504799717,369.02646422909));
#2181 = CARTESIAN_POINT('',(0.167956332431,369.41262181023));
#2182 = CARTESIAN_POINT('',(0.164863841884,369.7940290894));
#2183 = CARTESIAN_POINT('',(0.160240540928,370.16620264825));
#2184 = CARTESIAN_POINT('',(0.154110855962,370.52441639747));
#2185 = CARTESIAN_POINT('',(0.146513092267,370.86349064464));
#2186 = CARTESIAN_POINT('',(0.132013979749,371.36887655769));
#2187 = CARTESIAN_POINT('',(0.125995718445,371.55110705629));
#2188 = CARTESIAN_POINT('',(0.119459948545,371.72283933636));
#2189 = CARTESIAN_POINT('',(0.112422790423,371.88255153056));
#2190 = CARTESIAN_POINT('',(0.104904702737,372.02861011611));
#2191 = CARTESIAN_POINT('',(9.693129968389E-02,372.15925327453));
#2192 = CARTESIAN_POINT('',(7.726329457989E-02,372.42467921813));
#2193 = CARTESIAN_POINT('',(6.511776858169E-02,372.5470761404));
#2194 = CARTESIAN_POINT('',(5.231406823996E-02,372.63178627933));
#2195 = CARTESIAN_POINT('',(3.911701541353E-02,372.67331681572));
#2196 = CARTESIAN_POINT('',(2.581223533925E-02,372.66869092699));
#2197 = CARTESIAN_POINT('',(1.26851496454E-02,372.61750438051));
#2198 = CARTESIAN_POINT('',(0.,372.5220213847));
#2199 = ( GEOMETRIC_REPRESENTATION_CONTEXT(2) 
PARAMETRIC_REPRESENTATION_CONTEXT() REPRESENTATION_CONTEXT('2D SPACE',''
  ) );
#2200 = ORIENTED_EDGE('',*,*,#2201,.T.);
#2201 = EDGE_CURVE('',#2123,#2202,#2204,.T.);
#2202 = VERTEX_POINT('',#2203);
#2203 = CARTESIAN_POINT('',(32.,0.,544.75797861529));
#2204 = SURFACE_CURVE('',#2205,(#2248,#2294),.PCURVE_S1.);
#2205 = B_SPLINE_CURVE_WITH_KNOTS('',6,(#2206,#2207,#2208,#2209,#2210,
    #2211,#2212,#2213,#2214,#2215,#2216,#2217,#2218,#2219,#2220,#2221,
    #2222,#2223,#2224,#2225,#2226,#2227,#2228,#2229,#2230,#2231,#2232,
    #2233,#2234,#2235,#2236,#2237,#2238,#2239,#2240,#2241,#2242,#2243,
    #2244,#2245,#2246,#2247),.UNSPECIFIED.,.F.,.F.,(7,5,5,5,5,5,5,5,7),(
    0.,0.172834240663,0.2612705412,0.32674252567,0.499990997384,
    0.672458771017,0.737955766905,0.830010520668,1.),.UNSPECIFIED.);
#2206 = CARTESIAN_POINT('',(32.,-1.33226762955E-15,552.5220213847));
#2207 = CARTESIAN_POINT('',(32.,-0.356320231661,552.43820653984));
#2208 = CARTESIAN_POINT('',(31.99523915852,-0.697378597376,
    552.32023839645));
#2209 = CARTESIAN_POINT('',(31.986480056569,-1.018300498386,
    552.17105933334));
#2210 = CARTESIAN_POINT('',(31.974869226893,-1.315013148971,
    551.99476969276));
#2211 = CARTESIAN_POINT('',(31.96165523716,-1.584527831652,
    551.79655466362));
#2212 = CARTESIAN_POINT('',(31.940865605874,-1.948416006349,
    551.47312761006));
#2213 = CARTESIAN_POINT('',(31.933667380828,-2.064402112195,
    551.35921680768));
#2214 = CARTESIAN_POINT('',(31.926431141297,-2.173226739555,
    551.24137098879));
#2215 = CARTESIAN_POINT('',(31.919266261937,-2.274931335393,
    551.12006136489));
#2216 = CARTESIAN_POINT('',(31.912267911832,-2.369575186691,
    550.99573026722));
#2217 = CARTESIAN_POINT('',(31.900518571778,-2.522132328244,
    550.77481494093));
#2218 = CARTESIAN_POINT('',(31.895655224858,-2.583211289224,
    550.6793952592));
#2219 = CARTESIAN_POINT('',(31.890958147,-2.640515986869,550.58267738754
    ));
#2220 = CARTESIAN_POINT('',(31.886455114782,-2.694088932888,
    550.48479670062));
#2221 = CARTESIAN_POINT('',(31.882170188829,-2.743971161701,
    550.38587897464));
#2222 = CARTESIAN_POINT('',(31.86741614755,-2.912536417658,
    550.02185284484));
#2223 = CARTESIAN_POINT('',(31.858379254697,-3.009297284657,
    549.75123329856));
#2224 = CARTESIAN_POINT('',(31.851387580141,-3.081281151562,
    549.47620304594));
#2225 = CARTESIAN_POINT('',(31.846656492361,-3.12906497222,
    549.19838707521));
#2226 = CARTESIAN_POINT('',(31.844290830278,-3.15295758244,
    548.91919523591));
#2227 = CARTESIAN_POINT('',(31.844290830278,-3.15295758244,
    548.36206288303));
#2228 = CARTESIAN_POINT('',(31.846635219597,-3.129279818128,
    548.08412877929));
#2229 = CARTESIAN_POINT('',(31.85132377853,-3.081925560585,
    547.80755234048));
#2230 = CARTESIAN_POINT('',(31.858253511798,-3.010591749198,
    547.53372432617));
#2231 = CARTESIAN_POINT('',(31.867212944727,-2.914711613404,
    547.26424550348));
#2232 = CARTESIAN_POINT('',(31.881868517839,-2.747470644988,
    546.90117224756));
#2233 = CARTESIAN_POINT('',(31.88614189357,-2.697787547776,
    546.80215684128));
#2234 = CARTESIAN_POINT('',(31.890634627672,-2.644412914146,
    546.70417354499));
#2235 = CARTESIAN_POINT('',(31.895322764043,-2.587305674338,
    546.60734783722));
#2236 = CARTESIAN_POINT('',(31.900178634209,-2.526423231899,
    546.51181478981));
#2237 = CARTESIAN_POINT('',(31.912187329819,-2.370784386942,
    546.28546936102));
#2238 = CARTESIAN_POINT('',(31.919474665976,-2.272281456758,
    546.1560278102));
#2239 = CARTESIAN_POINT('',(31.926942314149,-2.16612614957,546.029862023
    ));
#2240 = CARTESIAN_POINT('',(31.93448257037,-2.052253034481,
    545.9074727944));
#2241 = CARTESIAN_POINT('',(31.94197107319,-1.930618144396,
    545.78939450155));
#2242 = CARTESIAN_POINT('',(31.96274060101,-1.5622129498,545.46716077967
    ));
#2243 = CARTESIAN_POINT('',(31.975629713251,-1.295411596899,
    545.27365255399));
#2244 = CARTESIAN_POINT('',(31.986911285706,-1.002395736977,
    545.1015719921));
#2245 = CARTESIAN_POINT('',(31.995396514588,-0.686075238361,
    544.95585516767));
#2246 = CARTESIAN_POINT('',(32.,-0.350381435646,544.84039651655));
#2247 = CARTESIAN_POINT('',(32.,-2.22044604925E-15,544.75797861529));
#2248 = PCURVE('',#369,#2249);
#2249 = DEFINITIONAL_REPRESENTATION('',(#2250),#2293);
#2250 = B_SPLINE_CURVE_WITH_KNOTS('',6,(#2251,#2252,#2253,#2254,#2255,
    #2256,#2257,#2258,#2259,#2260,#2261,#2262,#2263,#2264,#2265,#2266,
    #2267,#2268,#2269,#2270,#2271,#2272,#2273,#2274,#2275,#2276,#2277,
    #2278,#2279,#2280,#2281,#2282,#2283,#2284,#2285,#2286,#2287,#2288,
    #2289,#2290,#2291,#2292),.UNSPECIFIED.,.F.,.F.,(7,5,5,5,5,5,5,5,7),(
    0.,0.172834240663,0.2612705412,0.32674252567,0.499990997384,
    0.672458771017,0.737955766905,0.830010520668,1.),.UNSPECIFIED.);
#2251 = CARTESIAN_POINT('',(1.814274433509,-2.840790388485));
#2252 = CARTESIAN_POINT('',(1.901190586119,-2.726255003744));
#2253 = CARTESIAN_POINT('',(1.987029995622,-2.621133569271));
#2254 = CARTESIAN_POINT('',(2.071618065616,-2.52627086255));
#2255 = CARTESIAN_POINT('',(2.154717033529,-2.441890351246));
#2256 = CARTESIAN_POINT('',(2.236000609689,-2.367770420763));
#2257 = CARTESIAN_POINT('',(2.355370869757,-2.270488728704));
#2258 = CARTESIAN_POINT('',(2.395285375023,-2.240022433033));
#2259 = CARTESIAN_POINT('',(2.43473995664,-2.211894116239));
#2260 = CARTESIAN_POINT('',(2.473760096838,-2.185986885474));
#2261 = CARTESIAN_POINT('',(2.512368116824,-2.162191565089));
#2262 = CARTESIAN_POINT('',(2.578878446786,-2.124279483179));
#2263 = CARTESIAN_POINT('',(2.606961703928,-2.10925154435));
#2264 = CARTESIAN_POINT('',(2.634849692005,-2.095279357523));
#2265 = CARTESIAN_POINT('',(2.662556665948,-2.082322955282));
#2266 = CARTESIAN_POINT('',(2.690096426741,-2.070346363812));
#2267 = CARTESIAN_POINT('',(2.78994941459,-2.030133884287));
#2268 = CARTESIAN_POINT('',(2.861335557797,-2.007588429056));
#2269 = CARTESIAN_POINT('',(2.931930009724,-1.99107060066));
#2270 = CARTESIAN_POINT('',(3.001995829643,-1.980191004462));
#2271 = CARTESIAN_POINT('',(3.071793844611,-1.974751093311));
#2272 = CARTESIAN_POINT('',(3.211076932832,-1.974751093311));
#2273 = CARTESIAN_POINT('',(3.280560512826,-1.980142088329));
#2274 = CARTESIAN_POINT('',(3.350308219169,-1.990923877836));
#2275 = CARTESIAN_POINT('',(3.420577387397,-2.007291406806));
#2276 = CARTESIAN_POINT('',(3.49162761385,-2.029627109405));
#2277 = CARTESIAN_POINT('',(3.591131413594,-2.069507153124));
#2278 = CARTESIAN_POINT('',(3.618671940016,-2.081430673092));
#2279 = CARTESIAN_POINT('',(3.646379129114,-2.094333081502));
#2280 = CARTESIAN_POINT('',(3.67426681561,-2.10825026455));
#2281 = CARTESIAN_POINT('',(3.702349285517,-2.123222114529));
#2282 = CARTESIAN_POINT('',(3.770405118658,-2.161879185944));
#2283 = CARTESIAN_POINT('',(3.810592376348,-2.186641316981));
#2284 = CARTESIAN_POINT('',(3.851226477667,-2.213692481112));
#2285 = CARTESIAN_POINT('',(3.892332137618,-2.243155698539));
#2286 = CARTESIAN_POINT('',(3.933937820422,-2.275162863625));
#2287 = CARTESIAN_POINT('',(4.053895167261,-2.373915540722));
#2288 = CARTESIAN_POINT('',(4.133949529821,-2.447470936217));
#2289 = CARTESIAN_POINT('',(4.215757228078,-2.53097493669));
#2290 = CARTESIAN_POINT('',(4.298999970529,-2.624617909746));
#2291 = CARTESIAN_POINT('',(4.383443354214,-2.728163967159));
#2292 = CARTESIAN_POINT('',(4.468910873671,-2.840790388485));
#2293 = ( GEOMETRIC_REPRESENTATION_CONTEXT(2) 
PARAMETRIC_REPRESENTATION_CONTEXT() REPRESENTATION_CONTEXT('2D SPACE',''
  ) );
#2294 = PCURVE('',#2172,#2295);
#2295 = DEFINITIONAL_REPRESENTATION('',(#2296),#2339);
#2296 = B_SPLINE_CURVE_WITH_KNOTS('',6,(#2297,#2298,#2299,#2300,#2301,
    #2302,#2303,#2304,#2305,#2306,#2307,#2308,#2309,#2310,#2311,#2312,
    #2313,#2314,#2315,#2316,#2317,#2318,#2319,#2320,#2321,#2322,#2323,
    #2324,#2325,#2326,#2327,#2328,#2329,#2330,#2331,#2332,#2333,#2334,
    #2335,#2336,#2337,#2338),.UNSPECIFIED.,.F.,.F.,(7,5,5,5,5,5,5,5,7),(
    0.,0.172834240663,0.2612705412,0.32674252567,0.499990997384,
    0.672458771017,0.737955766905,0.830010520668,1.),.UNSPECIFIED.);
#2297 = CARTESIAN_POINT('',(6.28318530718,372.5220213847));
#2298 = CARTESIAN_POINT('',(6.27205029994,372.43820653984));
#2299 = CARTESIAN_POINT('',(6.261392227417,372.32023839645));
#2300 = CARTESIAN_POINT('',(6.251360926583,372.17105933334));
#2301 = CARTESIAN_POINT('',(6.242082279195,371.99476969276));
#2302 = CARTESIAN_POINT('',(6.233650105112,371.79655466362));
#2303 = CARTESIAN_POINT('',(6.222260056153,371.47312761006));
#2304 = CARTESIAN_POINT('',(6.218628560609,371.35921680768));
#2305 = CARTESIAN_POINT('',(6.215220326375,371.24137098879));
#2306 = CARTESIAN_POINT('',(6.212034211161,371.12006136489));
#2307 = CARTESIAN_POINT('',(6.209068530037,370.99573026722));
#2308 = CARTESIAN_POINT('',(6.204287001406,370.77481494093));
#2309 = CARTESIAN_POINT('',(6.202372248671,370.6793952592));
#2310 = CARTESIAN_POINT('',(6.200575478478,370.58267738754));
#2311 = CARTESIAN_POINT('',(6.198895425303,370.48479670062));
#2312 = CARTESIAN_POINT('',(6.197330866463,370.38587897464));
#2313 = CARTESIAN_POINT('',(6.192043062906,370.02185284484));
#2314 = CARTESIAN_POINT('',(6.189006178254,369.75123329856));
#2315 = CARTESIAN_POINT('',(6.186746098402,369.47620304594));
#2316 = CARTESIAN_POINT('',(6.185245553557,369.19838707521));
#2317 = CARTESIAN_POINT('',(6.184495258392,368.91919523591));
#2318 = CARTESIAN_POINT('',(6.184495258392,368.36206288303));
#2319 = CARTESIAN_POINT('',(6.185238806788,368.08412877929));
#2320 = CARTESIAN_POINT('',(6.18672586218,367.80755234048));
#2321 = CARTESIAN_POINT('',(6.188965535856,367.53372432617));
#2322 = CARTESIAN_POINT('',(6.191974793221,367.26424550348));
#2323 = CARTESIAN_POINT('',(6.19722110213,366.90117224756));
#2324 = CARTESIAN_POINT('',(6.198779430083,366.80215684128));
#2325 = CARTESIAN_POINT('',(6.200453280884,366.70417354499));
#2326 = CARTESIAN_POINT('',(6.202243878402,366.60734783722));
#2327 = CARTESIAN_POINT('',(6.204152490834,366.51181478981));
#2328 = CARTESIAN_POINT('',(6.20903066076,366.28546936102));
#2329 = CARTESIAN_POINT('',(6.212117274126,366.1560278102));
#2330 = CARTESIAN_POINT('',(6.215442791225,366.029862023));
#2331 = CARTESIAN_POINT('',(6.219009066875,365.9074727944));
#2332 = CARTESIAN_POINT('',(6.22281730323,365.78939450155));
#2333 = CARTESIAN_POINT('',(6.234348246684,365.46716077967));
#2334 = CARTESIAN_POINT('',(6.242695241246,365.27365255399));
#2335 = CARTESIAN_POINT('',(6.251858073257,365.1015719921));
#2336 = CARTESIAN_POINT('',(6.261745457192,364.95585516767));
#2337 = CARTESIAN_POINT('',(6.272235887316,364.84039651655));
#2338 = CARTESIAN_POINT('',(6.28318530718,364.75797861529));
#2339 = ( GEOMETRIC_REPRESENTATION_CONTEXT(2) 
PARAMETRIC_REPRESENTATION_CONTEXT() REPRESENTATION_CONTEXT('2D SPACE',''
  ) );
#2340 = ORIENTED_EDGE('',*,*,#2341,.T.);
#2341 = EDGE_CURVE('',#2202,#2100,#2342,.T.);
#2342 = SURFACE_CURVE('',#2343,(#2364,#2388),.PCURVE_S1.);
#2343 = B_SPLINE_CURVE_WITH_KNOTS('',7,(#2344,#2345,#2346,#2347,#2348,
    #2349,#2350,#2351,#2352,#2353,#2354,#2355,#2356,#2357,#2358,#2359,
    #2360,#2361,#2362,#2363),.UNSPECIFIED.,.F.,.F.,(8,6,6,8),(0.,
    0.232011380646,0.483243553678,1.),.UNSPECIFIED.);
#2344 = CARTESIAN_POINT('',(32.,1.599615292201E-15,544.75797861529));
#2345 = CARTESIAN_POINT('',(32.,0.278235752757,544.69253106452));
#2346 = CARTESIAN_POINT('',(31.997177565156,0.563969700124,
    544.64769384625));
#2347 = CARTESIAN_POINT('',(31.991258951372,0.854161637499,
    544.6245116106));
#2348 = CARTESIAN_POINT('',(31.982142379156,1.145522611172,
    544.6232868625));
#2349 = CARTESIAN_POINT('',(31.969949272935,1.434674308788,
    544.64358474352));
#2350 = CARTESIAN_POINT('',(31.955020856885,1.718296366182,
    544.68423087017));
#2351 = CARTESIAN_POINT('',(31.919277689438,2.291006083312,
    544.80726730548));
#2352 = CARTESIAN_POINT('',(31.898064077868,2.57882026445,
    544.89288372528));
#2353 = CARTESIAN_POINT('',(31.874715840596,2.854870402715,
    544.9982310811));
#2354 = CARTESIAN_POINT('',(31.849815039522,3.117583811311,
    545.12137463445));
#2355 = CARTESIAN_POINT('',(31.823980683975,3.365645084531,
    545.26036653199));
#2356 = CARTESIAN_POINT('',(31.797825109304,3.59799657738,
    545.41324837058));
#2357 = CARTESIAN_POINT('',(31.718621664186,4.257815312343,
    545.91704411967));
#2358 = CARTESIAN_POINT('',(31.666123886219,4.633991164213,
    546.30803432446));
#2359 = CARTESIAN_POINT('',(31.618927718769,4.938033407681,
    546.73761345343));
#2360 = CARTESIAN_POINT('',(31.58086971461,5.16753831422,547.19478836855
    ));
#2361 = CARTESIAN_POINT('',(31.554575870181,5.321169871806,
    547.67002496725));
#2362 = CARTESIAN_POINT('',(31.541389606693,5.398216527593,
    548.15460097024));
#2363 = CARTESIAN_POINT('',(31.541389606693,5.398216527593,548.64));
#2364 = PCURVE('',#369,#2365);
#2365 = DEFINITIONAL_REPRESENTATION('',(#2366),#2387);
#2366 = B_SPLINE_CURVE_WITH_KNOTS('',7,(#2367,#2368,#2369,#2370,#2371,
    #2372,#2373,#2374,#2375,#2376,#2377,#2378,#2379,#2380,#2381,#2382,
    #2383,#2384,#2385,#2386),.UNSPECIFIED.,.F.,.F.,(8,6,6,8),(0.,
    0.232011380646,0.483243553678,1.),.UNSPECIFIED.);
#2367 = CARTESIAN_POINT('',(4.468910873671,-2.840790388485));
#2368 = CARTESIAN_POINT('',(4.536780107578,-2.93022634008));
#2369 = CARTESIAN_POINT('',(4.604909674765,-3.024745155933));
#2370 = CARTESIAN_POINT('',(4.673027796602,-3.123628810835));
#2371 = CARTESIAN_POINT('',(4.740880007603,-3.225916483331));
#2372 = CARTESIAN_POINT('',(4.80821221568,-3.330407270057));
#2373 = CARTESIAN_POINT('',(4.874746517895,-3.435710759478));
#2374 = CARTESIAN_POINT('',(5.010971304401,-3.653648546905));
#2375 = CARTESIAN_POINT('',(5.080518969418,-3.766251191347));
#2376 = CARTESIAN_POINT('',(5.148880353672,-3.877093749532));
#2377 = CARTESIAN_POINT('',(5.216115883549,-3.985119525905));
#2378 = CARTESIAN_POINT('',(5.282266616644,-4.089319538575));
#2379 = CARTESIAN_POINT('',(5.347356439272,-4.188773979908));
#2380 = CARTESIAN_POINT('',(5.543095797348,-4.475865889814));
#2381 = CARTESIAN_POINT('',(5.670931369601,-4.646495382187));
#2382 = CARTESIAN_POINT('',(5.795959243145,-4.788918031313));
#2383 = CARTESIAN_POINT('',(5.918962968093,-4.898728236562));
#2384 = CARTESIAN_POINT('',(6.040691750272,-4.973009915796));
#2385 = CARTESIAN_POINT('',(6.16183554974,-5.010262221827));
#2386 = CARTESIAN_POINT('',(6.28318530718,-5.010262221827));
#2387 = ( GEOMETRIC_REPRESENTATION_CONTEXT(2) 
PARAMETRIC_REPRESENTATION_CONTEXT() REPRESENTATION_CONTEXT('2D SPACE',''
  ) );
#2388 = PCURVE('',#2172,#2389);
#2389 = DEFINITIONAL_REPRESENTATION('',(#2390),#2411);
#2390 = B_SPLINE_CURVE_WITH_KNOTS('',7,(#2391,#2392,#2393,#2394,#2395,
    #2396,#2397,#2398,#2399,#2400,#2401,#2402,#2403,#2404,#2405,#2406,
    #2407,#2408,#2409,#2410),.UNSPECIFIED.,.F.,.F.,(8,6,6,8),(0.,
    0.232011380646,0.483243553678,1.),.UNSPECIFIED.);
#2391 = CARTESIAN_POINT('',(0.,364.75797861529));
#2392 = CARTESIAN_POINT('',(8.694867273669E-03,364.69253106452));
#2393 = CARTESIAN_POINT('',(1.762405571508E-02,364.64769384625));
#2394 = CARTESIAN_POINT('',(2.669361833273E-02,364.6245116106));
#2395 = CARTESIAN_POINT('',(3.58021428789E-02,364.6232868625));
#2396 = CARTESIAN_POINT('',(4.484535426742E-02,364.64358474352));
#2397 = CARTESIAN_POINT('',(5.372039382921E-02,364.68423087017));
#2398 = CARTESIAN_POINT('',(7.165239413252E-02,364.80726730548));
#2399 = CARTESIAN_POINT('',(8.067041437677E-02,364.89288372528));
#2400 = CARTESIAN_POINT('',(8.932700328611E-02,364.9982310811));
#2401 = CARTESIAN_POINT('',(9.757290393908E-02,365.12137463445));
#2402 = CARTESIAN_POINT('',(0.105366298979,365.26036653199));
#2403 = CARTESIAN_POINT('',(0.112672944101,365.41324837058));
#2404 = CARTESIAN_POINT('',(0.133440301975,365.91704411967));
#2405 = CARTESIAN_POINT('',(0.145307530409,366.30803432446));
#2406 = CARTESIAN_POINT('',(0.154921384989,366.73761345343));
#2407 = CARTESIAN_POINT('',(0.162191304139,367.19478836855));
#2408 = CARTESIAN_POINT('',(0.167062080914,367.67002496725));
#2409 = CARTESIAN_POINT('',(0.169504799717,368.15460097024));
#2410 = CARTESIAN_POINT('',(0.169504799717,368.64));
#2411 = ( GEOMETRIC_REPRESENTATION_CONTEXT(2) 
PARAMETRIC_REPRESENTATION_CONTEXT() REPRESENTATION_CONTEXT('2D SPACE',''
  ) );
#2412 = ORIENTED_EDGE('',*,*,#2099,.F.);
#2413 = ORIENTED_EDGE('',*,*,#395,.F.);
#2414 = ORIENTED_EDGE('',*,*,#2415,.F.);
#2415 = EDGE_CURVE('',#200,#177,#2416,.T.);
#2416 = SURFACE_CURVE('',#2417,(#2422,#2429),.PCURVE_S1.);
#2417 = CIRCLE('',#2418,4.);
#2418 = AXIS2_PLACEMENT_3D('',#2419,#2420,#2421);
#2419 = CARTESIAN_POINT('',(35.,0.,548.64));
#2420 = DIRECTION('',(0.946930129495,-0.321439465303,0.));
#2421 = DIRECTION('',(0.321439465303,0.946930129495,0.));
#2422 = PCURVE('',#369,#2423);
#2423 = DEFINITIONAL_REPRESENTATION('',(#2424),#2428);
#2424 = LINE('',#2425,#2426);
#2425 = CARTESIAN_POINT('',(0.,0.));
#2426 = VECTOR('',#2427,1.);
#2427 = DIRECTION('',(1.,0.));
#2428 = ( GEOMETRIC_REPRESENTATION_CONTEXT(2) 
PARAMETRIC_REPRESENTATION_CONTEXT() REPRESENTATION_CONTEXT('2D SPACE',''
  ) );
#2429 = PCURVE('',#215,#2430);
#2430 = DEFINITIONAL_REPRESENTATION('',(#2431),#2435);
#2431 = CIRCLE('',#2432,4.);
#2432 = AXIS2_PLACEMENT_2D('',#2433,#2434);
#2433 = CARTESIAN_POINT('',(2.563950248511E-16,-3.49503809816E-16));
#2434 = DIRECTION('',(1.,0.));
#2435 = ( GEOMETRIC_REPRESENTATION_CONTEXT(2) 
PARAMETRIC_REPRESENTATION_CONTEXT() REPRESENTATION_CONTEXT('2D SPACE',''
  ) );
#2436 = ADVANCED_FACE('',(#2437),#265,.T.);
#2437 = FACE_BOUND('',#2438,.T.);
#2438 = EDGE_LOOP('',(#2439,#2440,#2507,#2534));
#2439 = ORIENTED_EDGE('',*,*,#250,.T.);
#2440 = ORIENTED_EDGE('',*,*,#2441,.T.);
#2441 = EDGE_CURVE('',#228,#2442,#2444,.T.);
#2442 = VERTEX_POINT('',#2443);
#2443 = CARTESIAN_POINT('',(5.E-02,0.,762.));
#2444 = SEAM_CURVE('',#2445,(#2493,#2500),.PCURVE_S1.);
#2445 = B_SPLINE_CURVE_WITH_KNOTS('',3,(#2446,#2447,#2448,#2449,#2450,
    #2451,#2452,#2453,#2454,#2455,#2456,#2457,#2458,#2459,#2460,#2461,
    #2462,#2463,#2464,#2465,#2466,#2467,#2468,#2469,#2470,#2471,#2472,
    #2473,#2474,#2475,#2476,#2477,#2478,#2479,#2480,#2481,#2482,#2483,
    #2484,#2485,#2486,#2487,#2488,#2489,#2490,#2491,#2492),
  .UNSPECIFIED.,.F.,.F.,(4,1,1,1,1,1,1,1,1,1,1,1,1,1,1,1,1,1,1,1,1,1,1,1
    ,1,1,1,1,1,1,1,1,1,1,1,1,1,1,1,1,1,1,1,1,4),(0.,3.864962552121,
    7.732971618758,11.603854533008,15.477554937183,19.354037432185,
    23.233279914907,27.115270870152,31.000007985221,34.887497347459,
    38.777752979002,42.670796602396,46.566657584248,50.465373029548,
    54.366988013847,58.271555950027,62.179139093867,66.08980919916,
    70.003648339812,73.920749923681,77.841219931695,81.765178426627,
    85.69276138991,89.624122963334,93.559438197229,97.498906440721,
    101.44275555689,105.39124721266,109.34468358987,113.30341600645,
    117.26785615056,121.23849096147,125.21590271426,129.20079672251,
    133.1940405258,137.19672099563,141.21023055937,145.23640312158,
    149.27774009934,153.33781288145,157.42204734752,161.53945995814,
    165.70732001525,169.96888224366,174.63157808536),.UNSPECIFIED.);
#2446 = CARTESIAN_POINT('',(35.,0.,592.));
#2447 = CARTESIAN_POINT('',(34.983311317453,0.,593.28840564609));
#2448 = CARTESIAN_POINT('',(34.912726153903,0.,595.86516004613));
#2449 = CARTESIAN_POINT('',(34.722745225607,0.,599.72870207135));
#2450 = CARTESIAN_POINT('',(34.485153528895,0.,603.59231532543));
#2451 = CARTESIAN_POINT('',(34.204938872956,0.,607.45593171876));
#2452 = CARTESIAN_POINT('',(33.889012720241,0.,611.31955654081));
#2453 = CARTESIAN_POINT('',(33.540908133012,0.,615.18318612886));
#2454 = CARTESIAN_POINT('',(33.163499888553,0.,619.0468204254));
#2455 = CARTESIAN_POINT('',(32.758869730149,0.,622.91045885524));
#2456 = CARTESIAN_POINT('',(32.328659196539,0.,626.77410122366));
#2457 = CARTESIAN_POINT('',(31.874160946908,0.,630.63774739233));
#2458 = CARTESIAN_POINT('',(31.396411290362,0.,634.50139732631));
#2459 = CARTESIAN_POINT('',(30.896242828278,0.,638.36505106066));
#2460 = CARTESIAN_POINT('',(30.374323553464,0.,642.22870869912));
#2461 = CARTESIAN_POINT('',(29.831183913494,0.,646.09237041073));
#2462 = CARTESIAN_POINT('',(29.26723650102,0.,649.9560364319));
#2463 = CARTESIAN_POINT('',(28.68279024447,0.,653.8197070712));
#2464 = CARTESIAN_POINT('',(28.078060583944,0.,657.68338271743));
#2465 = CARTESIAN_POINT('',(27.453176522943,0.,661.54706385124));
#2466 = CARTESIAN_POINT('',(26.808185155923,0.,665.41075106079));
#2467 = CARTESIAN_POINT('',(26.143054044351,0.,669.27444506266));
#2468 = CARTESIAN_POINT('',(25.457671654689,0.,673.13814672924));
#2469 = CARTESIAN_POINT('',(24.751845942571,0.,677.00185712488));
#2470 = CARTESIAN_POINT('',(24.025301054158,0.,680.86557755354));
#2471 = CARTESIAN_POINT('',(23.277672003625,0.,684.72930962238));
#2472 = CARTESIAN_POINT('',(22.508497062382,0.,688.59305532728));
#2473 = CARTESIAN_POINT('',(21.717207446674,0.,692.4568171696));
#2474 = CARTESIAN_POINT('',(20.903113697434,0.,696.32059831773));
#2475 = CARTESIAN_POINT('',(20.065387882631,0.,700.18440283421));
#2476 = CARTESIAN_POINT('',(19.203040381242,0.,704.04823600265));
#2477 = CARTESIAN_POINT('',(18.314889452707,0.,707.9121048029));
#2478 = CARTESIAN_POINT('',(17.399520999843,0.,711.77601863924));
#2479 = CARTESIAN_POINT('',(16.455234532964,0.,715.63999040968));
#2480 = CARTESIAN_POINT('',(15.479969702879,0.,719.50403841972));
#2481 = CARTESIAN_POINT('',(14.471202731335,0.,723.36818875932));
#2482 = CARTESIAN_POINT('',(13.425802075574,0.,727.2324824161));
#2483 = CARTESIAN_POINT('',(12.339799409026,0.,731.09697681182));
#2484 = CARTESIAN_POINT('',(11.208094959068,0.,734.96179257811));
#2485 = CARTESIAN_POINT('',(10.023758437979,0.,738.8270432915));
#2486 = CARTESIAN_POINT('',(8.777669359431,0.,742.6933302214));
#2487 = CARTESIAN_POINT('',(7.454556580913,0.,746.56045524251));
#2488 = CARTESIAN_POINT('',(6.037444871769,0.,750.43398184772));
#2489 = CARTESIAN_POINT('',(4.466362942935,0.,754.30728028247));
#2490 = CARTESIAN_POINT('',(2.701229573868,0.,758.31316638203));
#2491 = CARTESIAN_POINT('',(1.080840500857,0.,760.80668774851));
#2492 = CARTESIAN_POINT('',(5.E-02,0.,762.));
#2493 = PCURVE('',#265,#2494);
#2494 = DEFINITIONAL_REPRESENTATION('',(#2495),#2499);
#2495 = LINE('',#2496,#2497);
#2496 = CARTESIAN_POINT('',(0.,0.));
#2497 = VECTOR('',#2498,1.);
#2498 = DIRECTION('',(0.,1.));
#2499 = ( GEOMETRIC_REPRESENTATION_CONTEXT(2) 
PARAMETRIC_REPRESENTATION_CONTEXT() REPRESENTATION_CONTEXT('2D SPACE',''
  ) );
#2500 = PCURVE('',#265,#2501);
#2501 = DEFINITIONAL_REPRESENTATION('',(#2502),#2506);
#2502 = LINE('',#2503,#2504);
#2503 = CARTESIAN_POINT('',(6.28318530718,0.));
#2504 = VECTOR('',#2505,1.);
#2505 = DIRECTION('',(0.,1.));
#2506 = ( GEOMETRIC_REPRESENTATION_CONTEXT(2) 
PARAMETRIC_REPRESENTATION_CONTEXT() REPRESENTATION_CONTEXT('2D SPACE',''
  ) );
#2507 = ORIENTED_EDGE('',*,*,#2508,.F.);
#2508 = EDGE_CURVE('',#2442,#2442,#2509,.T.);
#2509 = SURFACE_CURVE('',#2510,(#2515,#2522),.PCURVE_S1.);
#2510 = CIRCLE('',#2511,5.E-02);
#2511 = AXIS2_PLACEMENT_3D('',#2512,#2513,#2514);
#2512 = CARTESIAN_POINT('',(0.,0.,762.));
#2513 = DIRECTION('',(0.,0.,1.));
#2514 = DIRECTION('',(1.,0.,0.));
#2515 = PCURVE('',#265,#2516);
#2516 = DEFINITIONAL_REPRESENTATION('',(#2517),#2521);
#2517 = LINE('',#2518,#2519);
#2518 = CARTESIAN_POINT('',(0.,174.63157808536));
#2519 = VECTOR('',#2520,1.);
#2520 = DIRECTION('',(1.,0.));
#2521 = ( GEOMETRIC_REPRESENTATION_CONTEXT(2) 
PARAMETRIC_REPRESENTATION_CONTEXT() REPRESENTATION_CONTEXT('2D SPACE',''
  ) );
#2522 = PCURVE('',#2523,#2528);
#2523 = PLANE('',#2524);
#2524 = AXIS2_PLACEMENT_3D('',#2525,#2526,#2527);
#2525 = CARTESIAN_POINT('',(0.,0.,762.));
#2526 = DIRECTION('',(0.,0.,1.));
#2527 = DIRECTION('',(1.,0.,0.));
#2528 = DEFINITIONAL_REPRESENTATION('',(#2529),#2533);
#2529 = CIRCLE('',#2530,5.E-02);
#2530 = AXIS2_PLACEMENT_2D('',#2531,#2532);
#2531 = CARTESIAN_POINT('',(0.,0.));
#2532 = DIRECTION('',(1.,0.));
#2533 = ( GEOMETRIC_REPRESENTATION_CONTEXT(2) 
PARAMETRIC_REPRESENTATION_CONTEXT() REPRESENTATION_CONTEXT('2D SPACE',''
  ) );
#2534 = ORIENTED_EDGE('',*,*,#2441,.F.);
#2535 = ADVANCED_FACE('',(#2536),#215,.F.);
#2536 = FACE_BOUND('',#2537,.F.);
#2537 = EDGE_LOOP('',(#2538,#2539));
#2538 = ORIENTED_EDGE('',*,*,#199,.T.);
#2539 = ORIENTED_EDGE('',*,*,#2415,.T.);
#2540 = ADVANCED_FACE('',(#2541),#643,.F.);
#2541 = FACE_BOUND('',#2542,.F.);
#2542 = EDGE_LOOP('',(#2543,#2689,#2710,#2711));
#2543 = ORIENTED_EDGE('',*,*,#2544,.F.);
#2544 = EDGE_CURVE('',#2545,#2545,#2547,.T.);
#2545 = VERTEX_POINT('',#2546);
#2546 = CARTESIAN_POINT('',(21.737240794461,-23.48387452367,548.64));
#2547 = SURFACE_CURVE('',#2548,(#2593,#2641),.PCURVE_S1.);
#2548 = B_SPLINE_CURVE_WITH_KNOTS('',8,(#2549,#2550,#2551,#2552,#2553,
    #2554,#2555,#2556,#2557,#2558,#2559,#2560,#2561,#2562,#2563,#2564,
    #2565,#2566,#2567,#2568,#2569,#2570,#2571,#2572,#2573,#2574,#2575,
    #2576,#2577,#2578,#2579,#2580,#2581,#2582,#2583,#2584,#2585,#2586,
    #2587,#2588,#2589,#2590,#2591,#2592),.UNSPECIFIED.,.T.,.F.,(9,7,7,7,
    7,7,9),(0.,0.191586496667,0.32637504473,0.500000002014,
    0.673624958478,0.808413505216,1.),.UNSPECIFIED.);
#2549 = CARTESIAN_POINT('',(21.737240794461,-23.48387452367,548.64));
#2550 = CARTESIAN_POINT('',(21.737240794461,-23.48387452367,
    549.18453011682));
#2551 = CARTESIAN_POINT('',(21.807960989076,-23.41841449899,
    549.72772499147));
#2552 = CARTESIAN_POINT('',(21.948791009901,-23.28805707422,
    550.25863398593));
#2553 = CARTESIAN_POINT('',(22.157809067831,-23.09237589741,
    550.76602055304));
#2554 = CARTESIAN_POINT('',(22.43122262114,-22.83052320593,551.237318705
    ));
#2555 = CARTESIAN_POINT('',(22.763056595909,-22.50180972619,
    551.65792332468));
#2556 = CARTESIAN_POINT('',(23.144890749504,-22.10657070784,
    552.01040932078));
#2557 = CARTESIAN_POINT('',(23.861321941989,-21.32671067839,
    552.4570148205));
#2558 = CARTESIAN_POINT('',(24.181701122476,-20.96786925321,
    552.60007777935));
#2559 = CARTESIAN_POINT('',(24.515852582245,-20.58041238761,
    552.6861974888));
#2560 = CARTESIAN_POINT('',(24.851459923622,-20.17542368328,
    552.70582733301));
#2561 = CARTESIAN_POINT('',(25.176769339171,-19.7659843317,
    552.65522147786));
#2562 = CARTESIAN_POINT('',(25.482152748944,-19.36610311239,
    552.53630730275));
#2563 = CARTESIAN_POINT('',(25.760404325127,-18.98896084368,
    552.35674577759));
#2564 = CARTESIAN_POINT('',(26.324560358783,-18.20205042897,
    551.83788577808));
#2565 = CARTESIAN_POINT('',(26.585065735745,-17.82047311581,
    551.471613052));
#2566 = CARTESIAN_POINT('',(26.792802427868,-17.50402008053,
    551.0532505829));
#2567 = CARTESIAN_POINT('',(26.952848117013,-17.25329460492,
    550.59878713371));
#2568 = CARTESIAN_POINT('',(27.069319506127,-17.06746634521,
    550.12101764805));
#2569 = CARTESIAN_POINT('',(27.145418372443,-16.94495210324,
    549.62998167823));
#2570 = CARTESIAN_POINT('',(27.183173462897,-16.88416656178,
    549.13389878262));
#2571 = CARTESIAN_POINT('',(27.183173462897,-16.88416656178,
    548.1461012197));
#2572 = CARTESIAN_POINT('',(27.145418370925,-16.94495210543,
    547.65001831136));
#2573 = CARTESIAN_POINT('',(27.069319512079,-17.06746633664,
    547.15898237394));
#2574 = CARTESIAN_POINT('',(26.952848106358,-17.25329462019,
    546.6812128394));
#2575 = CARTESIAN_POINT('',(26.792802438538,-17.50402006535,
    546.22674943674));
#2576 = CARTESIAN_POINT('',(26.585065729716,-17.82047312431,
    545.80838693987));
#2577 = CARTESIAN_POINT('',(26.324560360401,-18.20205042671,
    545.4421142234));
#2578 = CARTESIAN_POINT('',(25.760404325127,-18.98896084369,
    544.9232542224));
#2579 = CARTESIAN_POINT('',(25.482152748946,-19.36610311239,
    544.74369269724));
#2580 = CARTESIAN_POINT('',(25.176769339168,-19.7659843317,
    544.62477852213));
#2581 = CARTESIAN_POINT('',(24.851459923625,-20.17542368328,
    544.57417266698));
#2582 = CARTESIAN_POINT('',(24.515852582243,-20.58041238761,
    544.59380251119));
#2583 = CARTESIAN_POINT('',(24.181701122477,-20.96786925321,
    544.67992222065));
#2584 = CARTESIAN_POINT('',(23.861321941989,-21.32671067839,
    544.82298517949));
#2585 = CARTESIAN_POINT('',(23.144890749504,-22.10657070784,
    545.26959067921));
#2586 = CARTESIAN_POINT('',(22.763056595909,-22.50180972619,
    545.62207667531));
#2587 = CARTESIAN_POINT('',(22.43122262114,-22.83052320593,546.042681295
    ));
#2588 = CARTESIAN_POINT('',(22.15780906783,-23.09237589741,
    546.51397944695));
#2589 = CARTESIAN_POINT('',(21.948791009901,-23.28805707422,
    547.02136601406));
#2590 = CARTESIAN_POINT('',(21.807960989076,-23.41841449899,
    547.55227500852));
#2591 = CARTESIAN_POINT('',(21.737240794461,-23.48387452367,
    548.09546988317));
#2592 = CARTESIAN_POINT('',(21.737240794461,-23.48387452367,548.64));
#2593 = PCURVE('',#643,#2594);
#2594 = DEFINITIONAL_REPRESENTATION('',(#2595),#2640);
#2595 = B_SPLINE_CURVE_WITH_KNOTS('',8,(#2596,#2597,#2598,#2599,#2600,
    #2601,#2602,#2603,#2604,#2605,#2606,#2607,#2608,#2609,#2610,#2611,
    #2612,#2613,#2614,#2615,#2616,#2617,#2618,#2619,#2620,#2621,#2622,
    #2623,#2624,#2625,#2626,#2627,#2628,#2629,#2630,#2631,#2632,#2633,
    #2634,#2635,#2636,#2637,#2638,#2639),.UNSPECIFIED.,.F.,.F.,(9,7,7,7,
    7,7,9),(0.,0.191586496667,0.32637504473,0.500000002014,
    0.673624958478,0.808413505216,1.),.UNSPECIFIED.);
#2596 = CARTESIAN_POINT('',(0.,-61.27484684283));
#2597 = CARTESIAN_POINT('',(0.136132529207,-61.27484684283));
#2598 = CARTESIAN_POINT('',(0.271931725214,-61.32077249054));
#2599 = CARTESIAN_POINT('',(0.408500594132,-61.41222665948));
#2600 = CARTESIAN_POINT('',(0.546808374123,-61.5472525033));
#2601 = CARTESIAN_POINT('',(0.687796346398,-61.7219862456));
#2602 = CARTESIAN_POINT('',(0.832547888073,-61.93054834913));
#2603 = CARTESIAN_POINT('',(0.982278144938,-62.16507319492));
#2604 = CARTESIAN_POINT('',(1.248965779121,-62.59280568592));
#2605 = CARTESIAN_POINT('',(1.364466558897,-62.78083658894));
#2606 = CARTESIAN_POINT('',(1.483199228865,-62.97271074631));
#2607 = CARTESIAN_POINT('',(1.603756691602,-63.16032809696));
#2608 = CARTESIAN_POINT('',(1.725031119467,-63.33676341771));
#2609 = CARTESIAN_POINT('',(1.845942005037,-63.49740256415));
#2610 = CARTESIAN_POINT('',(1.965283903243,-63.63965895602));
#2611 = CARTESIAN_POINT('',(2.230755374518,-63.92093123908));
#2612 = CARTESIAN_POINT('',(2.372577261441,-64.04495762191));
#2613 = CARTESIAN_POINT('',(2.508692837988,-64.13994926022));
#2614 = CARTESIAN_POINT('',(2.640309371509,-64.21090828256));
#2615 = CARTESIAN_POINT('',(2.768471988596,-64.26146601369));
#2616 = CARTESIAN_POINT('',(2.894096736933,-64.2941454106));
#2617 = CARTESIAN_POINT('',(3.018117957933,-64.31035797134));
#2618 = CARTESIAN_POINT('',(3.265067348663,-64.31035797134));
#2619 = CARTESIAN_POINT('',(3.389088573148,-64.29414540986));
#2620 = CARTESIAN_POINT('',(3.514713311872,-64.26146601657));
#2621 = CARTESIAN_POINT('',(3.642875944636,-64.21090827737));
#2622 = CARTESIAN_POINT('',(3.77449246194,-64.13994926545));
#2623 = CARTESIAN_POINT('',(3.910608049149,-64.04495761893));
#2624 = CARTESIAN_POINT('',(4.0524299319,-63.92093123988));
#2625 = CARTESIAN_POINT('',(4.317901403937,-63.63965895602));
#2626 = CARTESIAN_POINT('',(4.437243302143,-63.49740256415));
#2627 = CARTESIAN_POINT('',(4.558154187713,-63.33676341771));
#2628 = CARTESIAN_POINT('',(4.679428615578,-63.16032809696));
#2629 = CARTESIAN_POINT('',(4.799986078314,-62.97271074631));
#2630 = CARTESIAN_POINT('',(4.918718748283,-62.78083658894));
#2631 = CARTESIAN_POINT('',(5.034219528058,-62.59280568592));
#2632 = CARTESIAN_POINT('',(5.300907162242,-62.16507319492));
#2633 = CARTESIAN_POINT('',(5.450637419107,-61.93054834913));
#2634 = CARTESIAN_POINT('',(5.595388960779,-61.7219862456));
#2635 = CARTESIAN_POINT('',(5.736376933061,-61.5472525033));
#2636 = CARTESIAN_POINT('',(5.874684713044,-61.41222665948));
#2637 = CARTESIAN_POINT('',(6.011253581966,-61.32077249054));
#2638 = CARTESIAN_POINT('',(6.147052777973,-61.27484684283));
#2639 = CARTESIAN_POINT('',(6.28318530718,-61.27484684283));
#2640 = ( GEOMETRIC_REPRESENTATION_CONTEXT(2) 
PARAMETRIC_REPRESENTATION_CONTEXT() REPRESENTATION_CONTEXT('2D SPACE',''
  ) );
#2641 = PCURVE('',#2172,#2642);
#2642 = DEFINITIONAL_REPRESENTATION('',(#2643),#2688);
#2643 = B_SPLINE_CURVE_WITH_KNOTS('',8,(#2644,#2645,#2646,#2647,#2648,
    #2649,#2650,#2651,#2652,#2653,#2654,#2655,#2656,#2657,#2658,#2659,
    #2660,#2661,#2662,#2663,#2664,#2665,#2666,#2667,#2668,#2669,#2670,
    #2671,#2672,#2673,#2674,#2675,#2676,#2677,#2678,#2679,#2680,#2681,
    #2682,#2683,#2684,#2685,#2686,#2687),.UNSPECIFIED.,.T.,.F.,(9,7,7,7,
    7,7,9),(0.,0.191586496667,0.32637504473,0.500000002014,
    0.673624958478,0.808413505216,1.),.UNSPECIFIED.);
#2644 = CARTESIAN_POINT('',(5.459182037965,368.64));
#2645 = CARTESIAN_POINT('',(5.459182037965,369.18453011682));
#2646 = CARTESIAN_POINT('',(5.462193465871,369.72772499147));
#2647 = CARTESIAN_POINT('',(5.468190398403,370.25863398593));
#2648 = CARTESIAN_POINT('',(5.477137743798,370.76602055305));
#2649 = CARTESIAN_POINT('',(5.488966703243,371.23731870499));
#2650 = CARTESIAN_POINT('',(5.503558043635,371.65792332468));
#2651 = CARTESIAN_POINT('',(5.520726233166,372.01040932078));
#2652 = CARTESIAN_POINT('',(5.553819604255,372.4570148205));
#2653 = CARTESIAN_POINT('',(5.568850923277,372.60007777935));
#2654 = CARTESIAN_POINT('',(5.584835873066,372.6861974888));
#2655 = CARTESIAN_POINT('',(5.601265949234,372.70582733301));
#2656 = CARTESIAN_POINT('',(5.617601549852,372.65522147786));
#2657 = CARTESIAN_POINT('',(5.633321501671,372.53630730275));
#2658 = CARTESIAN_POINT('',(5.647966358207,372.35674577759));
#2659 = CARTESIAN_POINT('',(5.678224041101,371.83788577808));
#2660 = CARTESIAN_POINT('',(5.692658415821,371.471613052));
#2661 = CARTESIAN_POINT('',(5.7044855396,371.05325058291));
#2662 = CARTESIAN_POINT('',(5.713780316169,370.59878713371));
#2663 = CARTESIAN_POINT('',(5.720633709548,370.12101764805));
#2664 = CARTESIAN_POINT('',(5.725140749604,369.62998167823));
#2665 = CARTESIAN_POINT('',(5.727376886469,369.13389878262));
#2666 = CARTESIAN_POINT('',(5.727376886469,368.1461012197));
#2667 = CARTESIAN_POINT('',(5.725140749521,367.65001831136));
#2668 = CARTESIAN_POINT('',(5.720633709874,367.15898237394));
#2669 = CARTESIAN_POINT('',(5.713780315587,366.6812128394));
#2670 = CARTESIAN_POINT('',(5.70448554018,366.22674943674));
#2671 = CARTESIAN_POINT('',(5.692658415495,365.80838693987));
#2672 = CARTESIAN_POINT('',(5.678224041188,365.4421142234));
#2673 = CARTESIAN_POINT('',(5.647966358207,364.9232542224));
#2674 = CARTESIAN_POINT('',(5.633321501671,364.74369269724));
#2675 = CARTESIAN_POINT('',(5.617601549852,364.62477852213));
#2676 = CARTESIAN_POINT('',(5.601265949234,364.57417266698));
#2677 = CARTESIAN_POINT('',(5.584835873066,364.59380251119));
#2678 = CARTESIAN_POINT('',(5.568850923277,364.67992222065));
#2679 = CARTESIAN_POINT('',(5.553819604255,364.82298517949));
#2680 = CARTESIAN_POINT('',(5.520726233166,365.26959067921));
#2681 = CARTESIAN_POINT('',(5.503558043635,365.62207667531));
#2682 = CARTESIAN_POINT('',(5.488966703243,366.042681295));
#2683 = CARTESIAN_POINT('',(5.477137743798,366.51397944695));
#2684 = CARTESIAN_POINT('',(5.468190398403,367.02136601406));
#2685 = CARTESIAN_POINT('',(5.462193465871,367.55227500852));
#2686 = CARTESIAN_POINT('',(5.459182037965,368.09546988317));
#2687 = CARTESIAN_POINT('',(5.459182037965,368.64));
#2688 = ( GEOMETRIC_REPRESENTATION_CONTEXT(2) 
PARAMETRIC_REPRESENTATION_CONTEXT() REPRESENTATION_CONTEXT('2D SPACE',''
  ) );
#2689 = ORIENTED_EDGE('',*,*,#2690,.T.);
#2690 = EDGE_CURVE('',#2545,#462,#2691,.T.);
#2691 = SEAM_CURVE('',#2692,(#2696,#2703),.PCURVE_S1.);
#2692 = LINE('',#2693,#2694);
#2693 = CARTESIAN_POINT('',(-36.28575786121,-3.78772051798,548.64));
#2694 = VECTOR('',#2695,1.);
#2695 = DIRECTION('',(0.946930129495,-0.321439465303,-0.));
#2696 = PCURVE('',#643,#2697);
#2697 = DEFINITIONAL_REPRESENTATION('',(#2698),#2702);
#2698 = LINE('',#2699,#2700);
#2699 = CARTESIAN_POINT('',(6.28318530718,0.));
#2700 = VECTOR('',#2701,1.);
#2701 = DIRECTION('',(0.,-1.));
#2702 = ( GEOMETRIC_REPRESENTATION_CONTEXT(2) 
PARAMETRIC_REPRESENTATION_CONTEXT() REPRESENTATION_CONTEXT('2D SPACE',''
  ) );
#2703 = PCURVE('',#643,#2704);
#2704 = DEFINITIONAL_REPRESENTATION('',(#2705),#2709);
#2705 = LINE('',#2706,#2707);
#2706 = CARTESIAN_POINT('',(0.,0.));
#2707 = VECTOR('',#2708,1.);
#2708 = DIRECTION('',(0.,-1.));
#2709 = ( GEOMETRIC_REPRESENTATION_CONTEXT(2) 
PARAMETRIC_REPRESENTATION_CONTEXT() REPRESENTATION_CONTEXT('2D SPACE',''
  ) );
#2710 = ORIENTED_EDGE('',*,*,#461,.T.);
#2711 = ORIENTED_EDGE('',*,*,#2690,.F.);
#2712 = ADVANCED_FACE('',(#2713),#908,.F.);
#2713 = FACE_BOUND('',#2714,.F.);
#2714 = EDGE_LOOP('',(#2715,#2861,#2882,#2883));
#2715 = ORIENTED_EDGE('',*,*,#2716,.F.);
#2716 = EDGE_CURVE('',#2717,#2717,#2719,.T.);
#2717 = VERTEX_POINT('',#2718);
#2718 = CARTESIAN_POINT('',(16.884166561784,27.183173462897,548.64));
#2719 = SURFACE_CURVE('',#2720,(#2765,#2813),.PCURVE_S1.);
#2720 = B_SPLINE_CURVE_WITH_KNOTS('',8,(#2721,#2722,#2723,#2724,#2725,
    #2726,#2727,#2728,#2729,#2730,#2731,#2732,#2733,#2734,#2735,#2736,
    #2737,#2738,#2739,#2740,#2741,#2742,#2743,#2744,#2745,#2746,#2747,
    #2748,#2749,#2750,#2751,#2752,#2753,#2754,#2755,#2756,#2757,#2758,
    #2759,#2760,#2761,#2762,#2763,#2764),.UNSPECIFIED.,.T.,.F.,(9,7,7,7,
    7,7,9),(0.,0.173624957316,0.308413504716,0.500000000441,
    0.691586496165,0.826375043565,1.),.UNSPECIFIED.);
#2721 = CARTESIAN_POINT('',(16.884166561784,27.183173462897,548.64));
#2722 = CARTESIAN_POINT('',(16.884166561784,27.183173462897,
    548.1461012197));
#2723 = CARTESIAN_POINT('',(16.944952105439,27.145418370925,
    547.65001831136));
#2724 = CARTESIAN_POINT('',(17.067466336639,27.069319512081,
    547.15898237394));
#2725 = CARTESIAN_POINT('',(17.253294620203,26.952848106355,
    546.6812128394));
#2726 = CARTESIAN_POINT('',(17.504020065347,26.792802438541,
    546.22674943674));
#2727 = CARTESIAN_POINT('',(17.820473124316,26.585065729715,
    545.80838693987));
#2728 = CARTESIAN_POINT('',(18.202050426712,26.324560360402,
    545.4421142234));
#2729 = CARTESIAN_POINT('',(18.988960843689,25.760404325127,
    544.9232542224));
#2730 = CARTESIAN_POINT('',(19.366103112392,25.482152748944,
    544.74369269724));
#2731 = CARTESIAN_POINT('',(19.765984331699,25.176769339174,
    544.62477852213));
#2732 = CARTESIAN_POINT('',(20.175423683291,24.851459923617,
    544.57417266698));
#2733 = CARTESIAN_POINT('',(20.580412387609,24.515852582249,
    544.59380251119));
#2734 = CARTESIAN_POINT('',(20.967869253213,24.181701122474,
    544.67992222065));
#2735 = CARTESIAN_POINT('',(21.326710678397,23.861321941989,
    544.82298517949));
#2736 = CARTESIAN_POINT('',(22.106570707843,23.144890749503,
    545.26959067921));
#2737 = CARTESIAN_POINT('',(22.501809726192,22.763056595911,
    545.62207667531));
#2738 = CARTESIAN_POINT('',(22.830523205944,22.431222621137,
    546.042681295));
#2739 = CARTESIAN_POINT('',(23.092375897413,22.157809067833,
    546.51397944694));
#2740 = CARTESIAN_POINT('',(23.288057074224,21.948791009899,
    547.02136601407));
#2741 = CARTESIAN_POINT('',(23.418414498994,21.807960989076,
    547.55227500852));
#2742 = CARTESIAN_POINT('',(23.483874523673,21.737240794461,
    548.09546988317));
#2743 = CARTESIAN_POINT('',(23.483874523673,21.737240794461,
    549.18453011682));
#2744 = CARTESIAN_POINT('',(23.418414498996,21.807960989075,
    549.72772499148));
#2745 = CARTESIAN_POINT('',(23.288057074217,21.948791009905,
    550.25863398592));
#2746 = CARTESIAN_POINT('',(23.092375897428,22.15780906782,
    550.76602055305));
#2747 = CARTESIAN_POINT('',(22.830523205926,22.431222621152,
    551.237318705));
#2748 = CARTESIAN_POINT('',(22.501809726203,22.763056595901,
    551.65792332467));
#2749 = CARTESIAN_POINT('',(22.10657070784,23.144890749506,
    552.01040932078));
#2750 = CARTESIAN_POINT('',(21.326710678397,23.861321941989,
    552.4570148205));
#2751 = CARTESIAN_POINT('',(20.96786925321,24.181701122476,
    552.60007777934));
#2752 = CARTESIAN_POINT('',(20.580412387615,24.515852582246,
    552.6861974888));
#2753 = CARTESIAN_POINT('',(20.175423683283,24.851459923621,
    552.70582733301));
#2754 = CARTESIAN_POINT('',(19.765984331704,25.176769339172,
    552.65522147787));
#2755 = CARTESIAN_POINT('',(19.366103112391,25.482152748944,
    552.53630730275));
#2756 = CARTESIAN_POINT('',(18.988960843689,25.760404325127,
    552.35674577759));
#2757 = CARTESIAN_POINT('',(18.202050428961,26.32456035879,
    551.83788577808));
#2758 = CARTESIAN_POINT('',(17.820473115841,26.585065735724,
    551.47161305202));
#2759 = CARTESIAN_POINT('',(17.504020080492,26.792802427897,
    551.0532505829));
#2760 = CARTESIAN_POINT('',(17.253294604961,26.952848116992,
    550.59878713368));
#2761 = CARTESIAN_POINT('',(17.067466345203,27.069319506135,
    550.1210176481));
#2762 = CARTESIAN_POINT('',(16.944952103245,27.145418372442,
    549.6299816782));
#2763 = CARTESIAN_POINT('',(16.884166561784,27.183173462897,
    549.13389878263));
#2764 = CARTESIAN_POINT('',(16.884166561784,27.183173462897,548.64));
#2765 = PCURVE('',#908,#2766);
#2766 = DEFINITIONAL_REPRESENTATION('',(#2767),#2812);
#2767 = B_SPLINE_CURVE_WITH_KNOTS('',8,(#2768,#2769,#2770,#2771,#2772,
    #2773,#2774,#2775,#2776,#2777,#2778,#2779,#2780,#2781,#2782,#2783,
    #2784,#2785,#2786,#2787,#2788,#2789,#2790,#2791,#2792,#2793,#2794,
    #2795,#2796,#2797,#2798,#2799,#2800,#2801,#2802,#2803,#2804,#2805,
    #2806,#2807,#2808,#2809,#2810,#2811),.UNSPECIFIED.,.F.,.F.,(9,7,7,7,
    7,7,9),(0.,0.173624957316,0.308413504716,0.500000000441,
    0.691586496165,0.826375043565,1.),.UNSPECIFIED.);
#2768 = CARTESIAN_POINT('',(0.,-64.31035797134));
#2769 = CARTESIAN_POINT('',(0.123474695073,-64.31035797134));
#2770 = CARTESIAN_POINT('',(0.247495919558,-64.29414540986));
#2771 = CARTESIAN_POINT('',(0.373120658281,-64.26146601657));
#2772 = CARTESIAN_POINT('',(0.501283291047,-64.21090827737));
#2773 = CARTESIAN_POINT('',(0.632899808349,-64.13994926545));
#2774 = CARTESIAN_POINT('',(0.76901539556,-64.04495761893));
#2775 = CARTESIAN_POINT('',(0.91083727831,-63.92093123988));
#2776 = CARTESIAN_POINT('',(1.176308750347,-63.63965895602));
#2777 = CARTESIAN_POINT('',(1.295650648553,-63.49740256415));
#2778 = CARTESIAN_POINT('',(1.416561534122,-63.33676341771));
#2779 = CARTESIAN_POINT('',(1.537835961989,-63.16032809696));
#2780 = CARTESIAN_POINT('',(1.658393424723,-62.97271074631));
#2781 = CARTESIAN_POINT('',(1.777126094694,-62.78083658894));
#2782 = CARTESIAN_POINT('',(1.892626874468,-62.59280568592));
#2783 = CARTESIAN_POINT('',(2.159314508652,-62.16507319492));
#2784 = CARTESIAN_POINT('',(2.309044765516,-61.93054834914));
#2785 = CARTESIAN_POINT('',(2.453796307193,-61.7219862456));
#2786 = CARTESIAN_POINT('',(2.594784279467,-61.5472525033));
#2787 = CARTESIAN_POINT('',(2.733092059458,-61.41222665948));
#2788 = CARTESIAN_POINT('',(2.869660928375,-61.32077249054));
#2789 = CARTESIAN_POINT('',(3.005460124383,-61.27484684283));
#2790 = CARTESIAN_POINT('',(3.277725182796,-61.27484684283));
#2791 = CARTESIAN_POINT('',(3.413524378806,-61.32077249054));
#2792 = CARTESIAN_POINT('',(3.550093247721,-61.41222665948));
#2793 = CARTESIAN_POINT('',(3.688401027711,-61.54725250329));
#2794 = CARTESIAN_POINT('',(3.829388999991,-61.72198624561));
#2795 = CARTESIAN_POINT('',(3.97414054166,-61.93054834913));
#2796 = CARTESIAN_POINT('',(4.123870798528,-62.16507319492));
#2797 = CARTESIAN_POINT('',(4.390558432711,-62.59280568592));
#2798 = CARTESIAN_POINT('',(4.506059212487,-62.78083658894));
#2799 = CARTESIAN_POINT('',(4.624791882454,-62.97271074631));
#2800 = CARTESIAN_POINT('',(4.745349345193,-63.16032809696));
#2801 = CARTESIAN_POINT('',(4.866623773056,-63.33676341771));
#2802 = CARTESIAN_POINT('',(4.987534658626,-63.49740256415));
#2803 = CARTESIAN_POINT('',(5.106876556833,-63.63965895602));
#2804 = CARTESIAN_POINT('',(5.372348028111,-63.92093123908));
#2805 = CARTESIAN_POINT('',(5.514169915022,-64.04495762189));
#2806 = CARTESIAN_POINT('',(5.650285491583,-64.13994926024));
#2807 = CARTESIAN_POINT('',(5.781902025105,-64.21090828255));
#2808 = CARTESIAN_POINT('',(5.910064642172,-64.26146601369));
#2809 = CARTESIAN_POINT('',(6.035689390533,-64.29414541059));
#2810 = CARTESIAN_POINT('',(6.15971061152,-64.31035797134));
#2811 = CARTESIAN_POINT('',(6.28318530718,-64.31035797134));
#2812 = ( GEOMETRIC_REPRESENTATION_CONTEXT(2) 
PARAMETRIC_REPRESENTATION_CONTEXT() REPRESENTATION_CONTEXT('2D SPACE',''
  ) );
#2813 = PCURVE('',#2172,#2814);
#2814 = DEFINITIONAL_REPRESENTATION('',(#2815),#2860);
#2815 = B_SPLINE_CURVE_WITH_KNOTS('',8,(#2816,#2817,#2818,#2819,#2820,
    #2821,#2822,#2823,#2824,#2825,#2826,#2827,#2828,#2829,#2830,#2831,
    #2832,#2833,#2834,#2835,#2836,#2837,#2838,#2839,#2840,#2841,#2842,
    #2843,#2844,#2845,#2846,#2847,#2848,#2849,#2850,#2851,#2852,#2853,
    #2854,#2855,#2856,#2857,#2858,#2859),.UNSPECIFIED.,.T.,.F.,(9,7,7,7,
    7,7,9),(0.,0.173624957316,0.308413504716,0.500000000441,
    0.691586496165,0.826375043565,1.),.UNSPECIFIED.);
#2816 = CARTESIAN_POINT('',(1.014987906085,368.64));
#2817 = CARTESIAN_POINT('',(1.014987906085,368.1461012197));
#2818 = CARTESIAN_POINT('',(1.012751769136,367.65001831136));
#2819 = CARTESIAN_POINT('',(1.00824472949,367.15898237394));
#2820 = CARTESIAN_POINT('',(1.001391335202,366.6812128394));
#2821 = CARTESIAN_POINT('',(0.992096559796,366.22674943674));
#2822 = CARTESIAN_POINT('',(0.980269435111,365.80838693987));
#2823 = CARTESIAN_POINT('',(0.965835060803,365.4421142234));
#2824 = CARTESIAN_POINT('',(0.935577377822,364.9232542224));
#2825 = CARTESIAN_POINT('',(0.920932521287,364.74369269724));
#2826 = CARTESIAN_POINT('',(0.905212569467,364.62477852213));
#2827 = CARTESIAN_POINT('',(0.888876968849,364.57417266698));
#2828 = CARTESIAN_POINT('',(0.872446892681,364.59380251119));
#2829 = CARTESIAN_POINT('',(0.856461942892,364.67992222065));
#2830 = CARTESIAN_POINT('',(0.841430623871,364.82298517949));
#2831 = CARTESIAN_POINT('',(0.808337252781,365.26959067921));
#2832 = CARTESIAN_POINT('',(0.791169063251,365.62207667531));
#2833 = CARTESIAN_POINT('',(0.776577722859,366.042681295));
#2834 = CARTESIAN_POINT('',(0.764748763413,366.51397944694));
#2835 = CARTESIAN_POINT('',(0.755801418018,367.02136601407));
#2836 = CARTESIAN_POINT('',(0.749804485486,367.55227500851));
#2837 = CARTESIAN_POINT('',(0.74679305758,368.09546988317));
#2838 = CARTESIAN_POINT('',(0.74679305758,369.18453011682));
#2839 = CARTESIAN_POINT('',(0.749804485486,369.72772499148));
#2840 = CARTESIAN_POINT('',(0.755801418018,370.25863398592));
#2841 = CARTESIAN_POINT('',(0.764748763412,370.76602055305));
#2842 = CARTESIAN_POINT('',(0.776577722859,371.237318705));
#2843 = CARTESIAN_POINT('',(0.79116906325,371.65792332467));
#2844 = CARTESIAN_POINT('',(0.808337252781,372.01040932078));
#2845 = CARTESIAN_POINT('',(0.841430623871,372.4570148205));
#2846 = CARTESIAN_POINT('',(0.856461942892,372.60007777935));
#2847 = CARTESIAN_POINT('',(0.872446892681,372.6861974888));
#2848 = CARTESIAN_POINT('',(0.888876968849,372.70582733301));
#2849 = CARTESIAN_POINT('',(0.905212569467,372.65522147786));
#2850 = CARTESIAN_POINT('',(0.920932521287,372.53630730275));
#2851 = CARTESIAN_POINT('',(0.935577377822,372.35674577759));
#2852 = CARTESIAN_POINT('',(0.965835060716,371.83788577808));
#2853 = CARTESIAN_POINT('',(0.980269435435,371.47161305202));
#2854 = CARTESIAN_POINT('',(0.992096559217,371.0532505829));
#2855 = CARTESIAN_POINT('',(1.001391335783,370.59878713368));
#2856 = CARTESIAN_POINT('',(1.008244729164,370.1210176481));
#2857 = CARTESIAN_POINT('',(1.012751769219,369.6299816782));
#2858 = CARTESIAN_POINT('',(1.014987906085,369.13389878263));
#2859 = CARTESIAN_POINT('',(1.014987906085,368.64));
#2860 = ( GEOMETRIC_REPRESENTATION_CONTEXT(2) 
PARAMETRIC_REPRESENTATION_CONTEXT() REPRESENTATION_CONTEXT('2D SPACE',''
  ) );
#2861 = ORIENTED_EDGE('',*,*,#2862,.T.);
#2862 = EDGE_CURVE('',#2717,#741,#2863,.T.);
#2863 = SEAM_CURVE('',#2864,(#2868,#2875),.PCURVE_S1.);
#2864 = LINE('',#2865,#2866);
#2865 = CARTESIAN_POINT('',(-3.78772051798,-33.71424213878,548.64));
#2866 = VECTOR('',#2867,1.);
#2867 = DIRECTION('',(0.321439465303,0.946930129495,0.));
#2868 = PCURVE('',#908,#2869);
#2869 = DEFINITIONAL_REPRESENTATION('',(#2870),#2874);
#2870 = LINE('',#2871,#2872);
#2871 = CARTESIAN_POINT('',(6.28318530718,0.));
#2872 = VECTOR('',#2873,1.);
#2873 = DIRECTION('',(0.,-1.));
#2874 = ( GEOMETRIC_REPRESENTATION_CONTEXT(2) 
PARAMETRIC_REPRESENTATION_CONTEXT() REPRESENTATION_CONTEXT('2D SPACE',''
  ) );
#2875 = PCURVE('',#908,#2876);
#2876 = DEFINITIONAL_REPRESENTATION('',(#2877),#2881);
#2877 = LINE('',#2878,#2879);
#2878 = CARTESIAN_POINT('',(0.,0.));
#2879 = VECTOR('',#2880,1.);
#2880 = DIRECTION('',(0.,-1.));
#2881 = ( GEOMETRIC_REPRESENTATION_CONTEXT(2) 
PARAMETRIC_REPRESENTATION_CONTEXT() REPRESENTATION_CONTEXT('2D SPACE',''
  ) );
#2882 = ORIENTED_EDGE('',*,*,#740,.T.);
#2883 = ORIENTED_EDGE('',*,*,#2862,.F.);
#2884 = ADVANCED_FACE('',(#2885),#1086,.F.);
#2885 = FACE_BOUND('',#2886,.F.);
#2886 = EDGE_LOOP('',(#2887,#2911,#2934,#3078,#3079,#3101));
#2887 = ORIENTED_EDGE('',*,*,#2888,.F.);
#2888 = EDGE_CURVE('',#2889,#999,#2891,.T.);
#2889 = VERTEX_POINT('',#2890);
#2890 = CARTESIAN_POINT('',(3.78772051798,33.714242138787,548.64));
#2891 = SURFACE_CURVE('',#2892,(#2897,#2904),.PCURVE_S1.);
#2892 = CIRCLE('',#2893,4.);
#2893 = AXIS2_PLACEMENT_3D('',#2894,#2895,#2896);
#2894 = CARTESIAN_POINT('',(2.143131898508E-15,35.,548.64));
#2895 = DIRECTION('',(0.321439465303,0.946930129495,0.));
#2896 = DIRECTION('',(0.946930129495,-0.321439465303,0.));
#2897 = PCURVE('',#1086,#2898);
#2898 = DEFINITIONAL_REPRESENTATION('',(#2899),#2903);
#2899 = LINE('',#2900,#2901);
#2900 = CARTESIAN_POINT('',(0.,0.));
#2901 = VECTOR('',#2902,1.);
#2902 = DIRECTION('',(1.,0.));
#2903 = ( GEOMETRIC_REPRESENTATION_CONTEXT(2) 
PARAMETRIC_REPRESENTATION_CONTEXT() REPRESENTATION_CONTEXT('2D SPACE',''
  ) );
#2904 = PCURVE('',#1146,#2905);
#2905 = DEFINITIONAL_REPRESENTATION('',(#2906),#2910);
#2906 = CIRCLE('',#2907,4.);
#2907 = AXIS2_PLACEMENT_2D('',#2908,#2909);
#2908 = CARTESIAN_POINT('',(2.563950248511E-16,-3.49503809816E-16));
#2909 = DIRECTION('',(1.,0.));
#2910 = ( GEOMETRIC_REPRESENTATION_CONTEXT(2) 
PARAMETRIC_REPRESENTATION_CONTEXT() REPRESENTATION_CONTEXT('2D SPACE',''
  ) );
#2911 = ORIENTED_EDGE('',*,*,#2912,.T.);
#2912 = EDGE_CURVE('',#2889,#2913,#2915,.T.);
#2913 = VERTEX_POINT('',#2914);
#2914 = CARTESIAN_POINT('',(3.15295758244,31.844290830278,548.64));
#2915 = SEAM_CURVE('',#2916,(#2920,#2927),.PCURVE_S1.);
#2916 = LINE('',#2917,#2918);
#2917 = CARTESIAN_POINT('',(3.78772051798,33.714242138787,548.64));
#2918 = VECTOR('',#2919,1.);
#2919 = DIRECTION('',(-0.321439465303,-0.946930129495,-0.));
#2920 = PCURVE('',#1086,#2921);
#2921 = DEFINITIONAL_REPRESENTATION('',(#2922),#2926);
#2922 = LINE('',#2923,#2924);
#2923 = CARTESIAN_POINT('',(6.28318530718,0.));
#2924 = VECTOR('',#2925,1.);
#2925 = DIRECTION('',(0.,-1.));
#2926 = ( GEOMETRIC_REPRESENTATION_CONTEXT(2) 
PARAMETRIC_REPRESENTATION_CONTEXT() REPRESENTATION_CONTEXT('2D SPACE',''
  ) );
#2927 = PCURVE('',#1086,#2928);
#2928 = DEFINITIONAL_REPRESENTATION('',(#2929),#2933);
#2929 = LINE('',#2930,#2931);
#2930 = CARTESIAN_POINT('',(0.,0.));
#2931 = VECTOR('',#2932,1.);
#2932 = DIRECTION('',(0.,-1.));
#2933 = ( GEOMETRIC_REPRESENTATION_CONTEXT(2) 
PARAMETRIC_REPRESENTATION_CONTEXT() REPRESENTATION_CONTEXT('2D SPACE',''
  ) );
#2934 = ORIENTED_EDGE('',*,*,#2935,.T.);
#2935 = EDGE_CURVE('',#2913,#2913,#2936,.T.);
#2936 = SURFACE_CURVE('',#2937,(#2982,#3030),.PCURVE_S1.);
#2937 = B_SPLINE_CURVE_WITH_KNOTS('',8,(#2938,#2939,#2940,#2941,#2942,
    #2943,#2944,#2945,#2946,#2947,#2948,#2949,#2950,#2951,#2952,#2953,
    #2954,#2955,#2956,#2957,#2958,#2959,#2960,#2961,#2962,#2963,#2964,
    #2965,#2966,#2967,#2968,#2969,#2970,#2971,#2972,#2973,#2974,#2975,
    #2976,#2977,#2978,#2979,#2980,#2981),.UNSPECIFIED.,.T.,.F.,(9,7,7,7,
    7,7,9),(0.,0.173624957318,0.308413504718,0.500000000443,
    0.691586496169,0.826375043569,1.),.UNSPECIFIED.);
#2938 = CARTESIAN_POINT('',(3.15295758244,31.844290830278,548.64));
#2939 = CARTESIAN_POINT('',(3.15295758244,31.844290830278,548.1461012197
    ));
#2940 = CARTESIAN_POINT('',(3.081749324597,31.851341596367,
    547.65001831136));
#2941 = CARTESIAN_POINT('',(2.938226199996,31.86555025097,
    547.15898237393));
#2942 = CARTESIAN_POINT('',(2.719895411097,31.886272363642,
    546.68121283939));
#2943 = CARTESIAN_POINT('',(2.423551912284,31.911931578757,
    546.22674943675));
#2944 = CARTESIAN_POINT('',(2.046030725155,31.939767383302,
    545.80838693986));
#2945 = CARTESIAN_POINT('',(1.584719476846,31.965384122277,
    545.4421142234));
#2946 = CARTESIAN_POINT('',(0.616985034807,31.996849757187,
    544.9232542224));
#2947 = CARTESIAN_POINT('',(0.148389129025,32.005687606216,
    544.74369269724));
#2948 = CARTESIAN_POINT('',(-0.354763612961,32.006842920505,
    544.62477852213));
#2949 = CARTESIAN_POINT('',(-0.877629514873,31.998008493811,
    544.57417266698));
#2950 = CARTESIAN_POINT('',(-1.403233460946,31.978294790885,
    544.59380251119));
#2951 = CARTESIAN_POINT('',(-1.914042179646,31.949063409293,
    544.67992222065));
#2952 = CARTESIAN_POINT('',(-2.393764710689,31.913338335078,
    544.82298517949));
#2953 = CARTESIAN_POINT('',(-3.448604946529,31.819703961384,
    545.26959067921));
#2954 = CARTESIAN_POINT('',(-3.994615046954,31.757380829803,
    545.62207667532));
#2955 = CARTESIAN_POINT('',(-4.457408708753,31.694227325163,
    546.042681295));
#2956 = CARTESIAN_POINT('',(-4.831594041656,31.636719588016,
    546.51397944694));
#2957 = CARTESIAN_POINT('',(-5.114080488519,31.590017566399,
    547.02136601408));
#2958 = CARTESIAN_POINT('',(-5.303231871627,31.557646171151,
    547.55227500851));
#2959 = CARTESIAN_POINT('',(-5.398216527593,31.541389606693,
    548.09546988317));
#2960 = CARTESIAN_POINT('',(-5.398216527593,31.541389606693,
    549.18453011682));
#2961 = CARTESIAN_POINT('',(-5.303231871627,31.557646171151,
    549.72772499148));
#2962 = CARTESIAN_POINT('',(-5.114080488525,31.590017566398,
    550.25863398592));
#2963 = CARTESIAN_POINT('',(-4.831594041643,31.636719588017,
    550.76602055305));
#2964 = CARTESIAN_POINT('',(-4.457408708771,31.694227325162,
    551.23731870499));
#2965 = CARTESIAN_POINT('',(-3.994615046941,31.757380829804,
    551.65792332468));
#2966 = CARTESIAN_POINT('',(-3.448604946533,31.819703961383,
    552.01040932078));
#2967 = CARTESIAN_POINT('',(-2.39376471069,31.913338335078,
    552.4570148205));
#2968 = CARTESIAN_POINT('',(-1.914042179643,31.949063409293,
    552.60007777935));
#2969 = CARTESIAN_POINT('',(-1.40323346095,31.978294790884,
    552.6861974888));
#2970 = CARTESIAN_POINT('',(-0.877629514869,31.998008493812,
    552.70582733301));
#2971 = CARTESIAN_POINT('',(-0.354763612963,32.006842920505,
    552.65522147786));
#2972 = CARTESIAN_POINT('',(0.148389129025,32.005687606216,
    552.53630730275));
#2973 = CARTESIAN_POINT('',(0.616985034807,31.996849757187,
    552.35674577759));
#2974 = CARTESIAN_POINT('',(1.584719474066,31.965384122367,
    551.83788577808));
#2975 = CARTESIAN_POINT('',(2.046030735583,31.939767382908,551.471613052
    ));
#2976 = CARTESIAN_POINT('',(2.423551893721,31.911931579534,
    551.0532505829));
#2977 = CARTESIAN_POINT('',(2.719895429718,31.886272362802,
    550.59878713372));
#2978 = CARTESIAN_POINT('',(2.938226189559,31.865550251467,
    550.12101764805));
#2979 = CARTESIAN_POINT('',(3.081749327266,31.851341596236,
    549.62998167823));
#2980 = CARTESIAN_POINT('',(3.15295758244,31.844290830278,
    549.13389878262));
#2981 = CARTESIAN_POINT('',(3.15295758244,31.844290830278,548.64));
#2982 = PCURVE('',#1086,#2983);
#2983 = DEFINITIONAL_REPRESENTATION('',(#2984),#3029);
#2984 = B_SPLINE_CURVE_WITH_KNOTS('',8,(#2985,#2986,#2987,#2988,#2989,
    #2990,#2991,#2992,#2993,#2994,#2995,#2996,#2997,#2998,#2999,#3000,
    #3001,#3002,#3003,#3004,#3005,#3006,#3007,#3008,#3009,#3010,#3011,
    #3012,#3013,#3014,#3015,#3016,#3017,#3018,#3019,#3020,#3021,#3022,
    #3023,#3024,#3025,#3026,#3027,#3028),.UNSPECIFIED.,.F.,.F.,(9,7,7,7,
    7,7,9),(0.,0.173624957318,0.308413504718,0.500000000443,
    0.691586496169,0.826375043569,1.),.UNSPECIFIED.);
#2985 = CARTESIAN_POINT('',(0.,-1.974751093311));
#2986 = CARTESIAN_POINT('',(0.123474695073,-1.974751093311));
#2987 = CARTESIAN_POINT('',(0.247495919558,-1.990963654791));
#2988 = CARTESIAN_POINT('',(0.373120658281,-2.023643048077));
#2989 = CARTESIAN_POINT('',(0.501283291049,-2.074200787286));
#2990 = CARTESIAN_POINT('',(0.632899808346,-2.145159799197));
#2991 = CARTESIAN_POINT('',(0.769015395563,-2.240151445728));
#2992 = CARTESIAN_POINT('',(0.910837278309,-2.364177824767));
#2993 = CARTESIAN_POINT('',(1.176308750347,-2.645450108632));
#2994 = CARTESIAN_POINT('',(1.295650648553,-2.787706500504));
#2995 = CARTESIAN_POINT('',(1.416561534122,-2.948345646944));
#2996 = CARTESIAN_POINT('',(1.537835961989,-3.124780967693));
#2997 = CARTESIAN_POINT('',(1.658393424724,-3.312398318346));
#2998 = CARTESIAN_POINT('',(1.777126094693,-3.504272475713));
#2999 = CARTESIAN_POINT('',(1.892626874468,-3.692303378737));
#3000 = CARTESIAN_POINT('',(2.159314508651,-4.120035869734));
#3001 = CARTESIAN_POINT('',(2.309044765519,-4.354560715523));
#3002 = CARTESIAN_POINT('',(2.45379630719,-4.563122819044));
#3003 = CARTESIAN_POINT('',(2.594784279467,-4.73785656136));
#3004 = CARTESIAN_POINT('',(2.733092059461,-4.872882405173));
#3005 = CARTESIAN_POINT('',(2.869660928373,-4.964336574114));
#3006 = CARTESIAN_POINT('',(3.005460124384,-5.010262221827));
#3007 = CARTESIAN_POINT('',(3.277725182797,-5.010262221827));
#3008 = CARTESIAN_POINT('',(3.413524378804,-4.964336574114));
#3009 = CARTESIAN_POINT('',(3.550093247722,-4.872882405175));
#3010 = CARTESIAN_POINT('',(3.688401027712,-4.737856561355));
#3011 = CARTESIAN_POINT('',(3.829388999987,-4.563122819051));
#3012 = CARTESIAN_POINT('',(3.974140541663,-4.354560715518));
#3013 = CARTESIAN_POINT('',(4.123870798527,-4.120035869736));
#3014 = CARTESIAN_POINT('',(4.390558432711,-3.692303378738));
#3015 = CARTESIAN_POINT('',(4.506059212487,-3.504272475712));
#3016 = CARTESIAN_POINT('',(4.624791882454,-3.312398318347));
#3017 = CARTESIAN_POINT('',(4.745349345194,-3.124780967692));
#3018 = CARTESIAN_POINT('',(4.866623773056,-2.948345646945));
#3019 = CARTESIAN_POINT('',(4.987534658627,-2.787706500504));
#3020 = CARTESIAN_POINT('',(5.106876556832,-2.645450108632));
#3021 = CARTESIAN_POINT('',(5.372348028108,-2.364177825575));
#3022 = CARTESIAN_POINT('',(5.514169915031,-2.240151442748));
#3023 = CARTESIAN_POINT('',(5.650285491575,-2.145159804429));
#3024 = CARTESIAN_POINT('',(5.781902025104,-2.074200782095));
#3025 = CARTESIAN_POINT('',(5.910064642182,-2.023643050963));
#3026 = CARTESIAN_POINT('',(6.035689390524,-1.990963654057));
#3027 = CARTESIAN_POINT('',(6.159710611523,-1.974751093311));
#3028 = CARTESIAN_POINT('',(6.28318530718,-1.974751093311));
#3029 = ( GEOMETRIC_REPRESENTATION_CONTEXT(2) 
PARAMETRIC_REPRESENTATION_CONTEXT() REPRESENTATION_CONTEXT('2D SPACE',''
  ) );
#3030 = PCURVE('',#2172,#3031);
#3031 = DEFINITIONAL_REPRESENTATION('',(#3032),#3077);
#3032 = B_SPLINE_CURVE_WITH_KNOTS('',8,(#3033,#3034,#3035,#3036,#3037,
    #3038,#3039,#3040,#3041,#3042,#3043,#3044,#3045,#3046,#3047,#3048,
    #3049,#3050,#3051,#3052,#3053,#3054,#3055,#3056,#3057,#3058,#3059,
    #3060,#3061,#3062,#3063,#3064,#3065,#3066,#3067,#3068,#3069,#3070,
    #3071,#3072,#3073,#3074,#3075,#3076),.UNSPECIFIED.,.T.,.F.,(9,7,7,7,
    7,7,9),(0.,0.173624957318,0.308413504718,0.500000000443,
    0.691586496169,0.826375043569,1.),.UNSPECIFIED.);
#3033 = CARTESIAN_POINT('',(1.472106278007,368.64));
#3034 = CARTESIAN_POINT('',(1.472106278007,368.1461012197));
#3035 = CARTESIAN_POINT('',(1.474342414956,367.65001831136));
#3036 = CARTESIAN_POINT('',(1.478849454602,367.15898237393));
#3037 = CARTESIAN_POINT('',(1.485702848891,366.68121283939));
#3038 = CARTESIAN_POINT('',(1.494997624296,366.22674943675));
#3039 = CARTESIAN_POINT('',(1.506824748982,365.80838693986));
#3040 = CARTESIAN_POINT('',(1.521259123289,365.4421142234));
#3041 = CARTESIAN_POINT('',(1.55151680627,364.9232542224));
#3042 = CARTESIAN_POINT('',(1.566161662805,364.74369269724));
#3043 = CARTESIAN_POINT('',(1.581881614624,364.62477852213));
#3044 = CARTESIAN_POINT('',(1.598217215243,364.57417266698));
#3045 = CARTESIAN_POINT('',(1.61464729141,364.59380251119));
#3046 = CARTESIAN_POINT('',(1.6306322412,364.67992222065));
#3047 = CARTESIAN_POINT('',(1.645663560221,364.82298517949));
#3048 = CARTESIAN_POINT('',(1.678756931311,365.26959067921));
#3049 = CARTESIAN_POINT('',(1.695925120842,365.62207667532));
#3050 = CARTESIAN_POINT('',(1.710516461233,366.042681295));
#3051 = CARTESIAN_POINT('',(1.722345420679,366.51397944694));
#3052 = CARTESIAN_POINT('',(1.731292766074,367.02136601408));
#3053 = CARTESIAN_POINT('',(1.737289698606,367.55227500851));
#3054 = CARTESIAN_POINT('',(1.740301126511,368.09546988317));
#3055 = CARTESIAN_POINT('',(1.740301126511,369.18453011682));
#3056 = CARTESIAN_POINT('',(1.737289698606,369.72772499148));
#3057 = CARTESIAN_POINT('',(1.731292766074,370.25863398593));
#3058 = CARTESIAN_POINT('',(1.722345420679,370.76602055304));
#3059 = CARTESIAN_POINT('',(1.710516461233,371.23731870499));
#3060 = CARTESIAN_POINT('',(1.695925120841,371.65792332468));
#3061 = CARTESIAN_POINT('',(1.678756931311,372.01040932078));
#3062 = CARTESIAN_POINT('',(1.645663560221,372.4570148205));
#3063 = CARTESIAN_POINT('',(1.6306322412,372.60007777935));
#3064 = CARTESIAN_POINT('',(1.614647291411,372.6861974888));
#3065 = CARTESIAN_POINT('',(1.598217215243,372.70582733301));
#3066 = CARTESIAN_POINT('',(1.581881614625,372.65522147786));
#3067 = CARTESIAN_POINT('',(1.566161662805,372.53630730275));
#3068 = CARTESIAN_POINT('',(1.55151680627,372.35674577759));
#3069 = CARTESIAN_POINT('',(1.521259123376,371.83788577808));
#3070 = CARTESIAN_POINT('',(1.506824748655,371.471613052));
#3071 = CARTESIAN_POINT('',(1.494997624876,371.0532505829));
#3072 = CARTESIAN_POINT('',(1.485702848308,370.59878713372));
#3073 = CARTESIAN_POINT('',(1.478849454928,370.12101764805));
#3074 = CARTESIAN_POINT('',(1.474342414872,369.62998167824));
#3075 = CARTESIAN_POINT('',(1.472106278007,369.13389878262));
#3076 = CARTESIAN_POINT('',(1.472106278007,368.64));
#3077 = ( GEOMETRIC_REPRESENTATION_CONTEXT(2) 
PARAMETRIC_REPRESENTATION_CONTEXT() REPRESENTATION_CONTEXT('2D SPACE',''
  ) );
#3078 = ORIENTED_EDGE('',*,*,#2912,.F.);
#3079 = ORIENTED_EDGE('',*,*,#3080,.F.);
#3080 = EDGE_CURVE('',#1001,#2889,#3081,.T.);
#3081 = SURFACE_CURVE('',#3082,(#3087,#3094),.PCURVE_S1.);
#3082 = CIRCLE('',#3083,4.);
#3083 = AXIS2_PLACEMENT_3D('',#3084,#3085,#3086);
#3084 = CARTESIAN_POINT('',(2.143131898508E-15,35.,548.64));
#3085 = DIRECTION('',(0.321439465303,0.946930129495,0.));
#3086 = DIRECTION('',(0.946930129495,-0.321439465303,0.));
#3087 = PCURVE('',#1086,#3088);
#3088 = DEFINITIONAL_REPRESENTATION('',(#3089),#3093);
#3089 = LINE('',#3090,#3091);
#3090 = CARTESIAN_POINT('',(0.,0.));
#3091 = VECTOR('',#3092,1.);
#3092 = DIRECTION('',(1.,0.));
#3093 = ( GEOMETRIC_REPRESENTATION_CONTEXT(2) 
PARAMETRIC_REPRESENTATION_CONTEXT() REPRESENTATION_CONTEXT('2D SPACE',''
  ) );
#3094 = PCURVE('',#1146,#3095);
#3095 = DEFINITIONAL_REPRESENTATION('',(#3096),#3100);
#3096 = CIRCLE('',#3097,4.);
#3097 = AXIS2_PLACEMENT_2D('',#3098,#3099);
#3098 = CARTESIAN_POINT('',(2.563950248511E-16,-3.49503809816E-16));
#3099 = DIRECTION('',(1.,0.));
#3100 = ( GEOMETRIC_REPRESENTATION_CONTEXT(2) 
PARAMETRIC_REPRESENTATION_CONTEXT() REPRESENTATION_CONTEXT('2D SPACE',''
  ) );
#3101 = ORIENTED_EDGE('',*,*,#998,.F.);
#3102 = ADVANCED_FACE('',(#3103),#1146,.F.);
#3103 = FACE_BOUND('',#3104,.F.);
#3104 = EDGE_LOOP('',(#3105,#3106,#3107));
#3105 = ORIENTED_EDGE('',*,*,#3080,.T.);
#3106 = ORIENTED_EDGE('',*,*,#2888,.T.);
#3107 = ORIENTED_EDGE('',*,*,#1133,.T.);
#3108 = ADVANCED_FACE('',(#3109),#1353,.F.);
#3109 = FACE_BOUND('',#3110,.F.);
#3110 = EDGE_LOOP('',(#3111,#3371,#3392,#3393));
#3111 = ORIENTED_EDGE('',*,*,#3112,.F.);
#3112 = EDGE_CURVE('',#3113,#3113,#3115,.T.);
#3113 = VERTEX_POINT('',#3114);
#3114 = CARTESIAN_POINT('',(-21.73724079446,23.483874523673,548.64));
#3115 = SURFACE_CURVE('',#3116,(#3199,#3285),.PCURVE_S1.);
#3116 = B_SPLINE_CURVE_WITH_KNOTS('',6,(#3117,#3118,#3119,#3120,#3121,
    #3122,#3123,#3124,#3125,#3126,#3127,#3128,#3129,#3130,#3131,#3132,
    #3133,#3134,#3135,#3136,#3137,#3138,#3139,#3140,#3141,#3142,#3143,
    #3144,#3145,#3146,#3147,#3148,#3149,#3150,#3151,#3152,#3153,#3154,
    #3155,#3156,#3157,#3158,#3159,#3160,#3161,#3162,#3163,#3164,#3165,
    #3166,#3167,#3168,#3169,#3170,#3171,#3172,#3173,#3174,#3175,#3176,
    #3177,#3178,#3179,#3180,#3181,#3182,#3183,#3184,#3185,#3186,#3187,
    #3188,#3189,#3190,#3191,#3192,#3193,#3194,#3195,#3196,#3197,#3198),
  .UNSPECIFIED.,.T.,.F.,(7,5,5,5,5,5,5,5,5,5,5,5,5,5,5,5,7),(0.,
    0.118816293415,0.191185699491,0.273630714287,0.309358161362,
    0.358680704466,0.397494848469,0.426776942166,0.500030004875,
    0.55291484476,0.602245558248,0.641075703445,0.673411218447,
    0.728100369011,0.810668128069,0.883186229134,1.),.UNSPECIFIED.);
#3117 = CARTESIAN_POINT('',(-21.73724079446,23.483874523673,548.64));
#3118 = CARTESIAN_POINT('',(-21.73724079446,23.483874523673,
    549.09087493394));
#3119 = CARTESIAN_POINT('',(-21.78815075864,23.436751474079,
    549.54132056074));
#3120 = CARTESIAN_POINT('',(-21.88978567814,23.342673562642,
    549.98356048589));
#3121 = CARTESIAN_POINT('',(-22.04072434807,23.201430148105,
    550.4097255314));
#3122 = CARTESIAN_POINT('',(-22.23808685667,23.012619567799,
    550.81114356264));
#3123 = CARTESIAN_POINT('',(-22.62336273943,22.632398051562,
    551.40076046119));
#3124 = CARTESIAN_POINT('',(-22.78499266206,22.470676617016,
    551.61124569432));
#3125 = CARTESIAN_POINT('',(-22.96142801615,22.291170771082,
    551.80653456788));
#3126 = CARTESIAN_POINT('',(-23.15140649396,22.094030730292,
    551.98390748079));
#3127 = CARTESIAN_POINT('',(-23.35336449956,21.879639850326,
    552.14036670441));
#3128 = CARTESIAN_POINT('',(-23.80705319588,21.385784077739,
    552.42318502537));
#3129 = CARTESIAN_POINT('',(-24.0633903473,21.099681825372,
    552.54331290937));
#3130 = CARTESIAN_POINT('',(-24.3288113101,20.794623448424,
    552.62522615472));
#3131 = CARTESIAN_POINT('',(-24.59678403483,20.476344010752,
    552.66368691718));
#3132 = CARTESIAN_POINT('',(-24.86115989593,20.151743346141,
    552.65602767983));
#3133 = CARTESIAN_POINT('',(-25.22738426043,19.687839235063,
    552.57898472669));
#3134 = CARTESIAN_POINT('',(-25.33609848268,19.548196303018,
    552.54710800958));
#3135 = CARTESIAN_POINT('',(-25.44228218124,19.409895925187,
    552.50677503323));
#3136 = CARTESIAN_POINT('',(-25.5454773381,19.273652223942,
    552.4582596419));
#3137 = CARTESIAN_POINT('',(-25.64528722051,19.140151620755,
    552.40198209638));
#3138 = CARTESIAN_POINT('',(-25.87402083123,18.83042495989,
    552.25088408175));
#3139 = CARTESIAN_POINT('',(-25.9994352106,18.65745469821,
    552.14963578852));
#3140 = CARTESIAN_POINT('',(-26.11722790723,18.492168198825,
    552.03600065792));
#3141 = CARTESIAN_POINT('',(-26.22715383703,18.335467281275,
    551.91135418905));
#3142 = CARTESIAN_POINT('',(-26.32909265221,18.188089875587,
    551.77721227562));
#3143 = CARTESIAN_POINT('',(-26.49695470587,17.94236790446,
    551.52350159149));
#3144 = CARTESIAN_POINT('',(-26.56599904145,17.840156741013,
    551.40680417159));
#3145 = CARTESIAN_POINT('',(-26.6302828945,17.744024306152,
    551.28571139627));
#3146 = CARTESIAN_POINT('',(-26.68992738585,17.654019776208,
    551.16076237623));
#3147 = CARTESIAN_POINT('',(-26.74505476725,17.570163885655,
    551.0324642296));
#3148 = CARTESIAN_POINT('',(-26.83406150066,17.433819022451,
    550.80233410795));
#3149 = CARTESIAN_POINT('',(-26.86984117007,17.378673801025,
    550.70172235623));
#3150 = CARTESIAN_POINT('',(-26.90318850032,17.326995102036,
    550.59963121346));
#3151 = CARTESIAN_POINT('',(-26.93416056177,17.278763451315,
    550.49622261082));
#3152 = CARTESIAN_POINT('',(-26.96280967836,17.233957872398,
    550.39164640683));
#3153 = CARTESIAN_POINT('',(-27.05516087876,17.08898329713,
    550.02185284484));
#3154 = CARTESIAN_POINT('',(-27.10689571329,17.006716428279,
    549.75123329856));
#3155 = CARTESIAN_POINT('',(-27.14516984661,16.945351525229,
    549.47620304594));
#3156 = CARTESIAN_POINT('',(-27.17050536927,16.904561967741,
    549.19838707521));
#3157 = CARTESIAN_POINT('',(-27.18317346289,16.884166561784,
    548.91919523591));
#3158 = CARTESIAN_POINT('',(-27.18317346289,16.884166561784,
    548.438435795));
#3159 = CARTESIAN_POINT('',(-27.17657083375,16.894796850224,
    548.23687292136));
#3160 = CARTESIAN_POINT('',(-27.16336540486,16.916056803575,
    548.03583072559));
#3161 = CARTESIAN_POINT('',(-27.14348483235,16.947995111295,
    547.83583568744));
#3162 = CARTESIAN_POINT('',(-27.11678521216,16.99070248307,
    547.63745645701));
#3163 = CARTESIAN_POINT('',(-27.05158523589,17.094303914427,
    547.25840141068));
#3164 = CARTESIAN_POINT('',(-27.01399554437,17.153787481594,
    547.0774147774));
#3165 = CARTESIAN_POINT('',(-26.97011075716,17.222851904384,
    546.89893273744));
#3166 = CARTESIAN_POINT('',(-26.91971210703,17.301608224982,
    546.72357428267));
#3167 = CARTESIAN_POINT('',(-26.86253723253,17.390167218729,
    546.55204775522));
#3168 = CARTESIAN_POINT('',(-26.74770684093,17.566124871159,
    546.25382280247));
#3169 = CARTESIAN_POINT('',(-26.69273629517,17.649770018916,
    546.1253333413));
#3170 = CARTESIAN_POINT('',(-26.63324888444,17.739569231663,
    546.00018075816));
#3171 = CARTESIAN_POINT('',(-26.56912183253,17.835502976769,
    545.87887112369));
#3172 = CARTESIAN_POINT('',(-26.50023327958,17.937523490547,
    545.76194277343));
#3173 = CARTESIAN_POINT('',(-26.36503135972,18.135517320396,
    545.55671944289));
#3174 = CARTESIAN_POINT('',(-26.30020763401,18.229658003563,
    545.46689621901));
#3175 = CARTESIAN_POINT('',(-26.23197807837,18.327851538945,
    545.38091511993));
#3176 = CARTESIAN_POINT('',(-26.16034456763,18.4299418422,
    545.29918154636));
#3177 = CARTESIAN_POINT('',(-26.08532641446,18.535744781428,
    545.22208834817));
#3178 = CARTESIAN_POINT('',(-25.87442452552,18.829920298467,
    545.02811975178));
#3179 = CARTESIAN_POINT('',(-25.73211981786,19.025083053533,
    544.92040565468));
#3180 = CARTESIAN_POINT('',(-25.58083183491,19.228674889692,
    544.82939167565));
#3181 = CARTESIAN_POINT('',(-25.42168423109,19.438465311222,
    544.75692688657));
#3182 = CARTESIAN_POINT('',(-25.25613301607,19.652045967244,
    544.70416721234));
#3183 = CARTESIAN_POINT('',(-24.82893976664,20.191460616727,
    544.62228946271));
#3184 = CARTESIAN_POINT('',(-24.56364800904,20.516094934504,
    544.61937641525));
#3185 = CARTESIAN_POINT('',(-24.29534070323,20.83369066395,
    544.66253262751));
#3186 = CARTESIAN_POINT('',(-24.03013369949,21.137502439689,
    544.748884451));
#3187 = CARTESIAN_POINT('',(-23.77446788237,21.421969207702,
    544.87308447577));
#3188 = CARTESIAN_POINT('',(-23.32253916532,21.912472003113,
    545.16293273164));
#3189 = CARTESIAN_POINT('',(-23.12160091034,22.125178418725,
    545.32248686676));
#3190 = CARTESIAN_POINT('',(-22.93287694207,22.320493507814,
    545.50272086785));
#3191 = CARTESIAN_POINT('',(-22.75790316861,22.498069515023,
    545.700648025));
#3192 = CARTESIAN_POINT('',(-22.59791646046,22.657780955986,
    545.91356888411));
#3193 = CARTESIAN_POINT('',(-22.22187367832,23.028121237708,
    546.50216803872));
#3194 = CARTESIAN_POINT('',(-22.03080517867,23.210710847774,
    546.89853160436));
#3195 = CARTESIAN_POINT('',(-21.88477040591,23.347315997213,
    547.31843283139));
#3196 = CARTESIAN_POINT('',(-21.78647265283,23.438304710617,
    547.75362822905));
#3197 = CARTESIAN_POINT('',(-21.73724079446,23.483874523673,
    548.19661766205));
#3198 = CARTESIAN_POINT('',(-21.73724079446,23.483874523673,548.64));
#3199 = PCURVE('',#1353,#3200);
#3200 = DEFINITIONAL_REPRESENTATION('',(#3201),#3284);
#3201 = B_SPLINE_CURVE_WITH_KNOTS('',6,(#3202,#3203,#3204,#3205,#3206,
    #3207,#3208,#3209,#3210,#3211,#3212,#3213,#3214,#3215,#3216,#3217,
    #3218,#3219,#3220,#3221,#3222,#3223,#3224,#3225,#3226,#3227,#3228,
    #3229,#3230,#3231,#3232,#3233,#3234,#3235,#3236,#3237,#3238,#3239,
    #3240,#3241,#3242,#3243,#3244,#3245,#3246,#3247,#3248,#3249,#3250,
    #3251,#3252,#3253,#3254,#3255,#3256,#3257,#3258,#3259,#3260,#3261,
    #3262,#3263,#3264,#3265,#3266,#3267,#3268,#3269,#3270,#3271,#3272,
    #3273,#3274,#3275,#3276,#3277,#3278,#3279,#3280,#3281,#3282,#3283),
  .UNSPECIFIED.,.F.,.F.,(7,5,5,5,5,5,5,5,5,5,5,5,5,5,5,5,7),(0.,
    0.118816293415,0.191185699491,0.273630714287,0.309358161362,
    0.358680704466,0.397494848469,0.426776942166,0.500030004875,
    0.55291484476,0.602245558248,0.641075703445,0.673411218447,
    0.728100369011,0.810668128069,0.883186229134,1.),.UNSPECIFIED.);
#3202 = CARTESIAN_POINT('',(0.,-61.27484684283));
#3203 = CARTESIAN_POINT('',(0.112718733485,-61.27484684283));
#3204 = CARTESIAN_POINT('',(0.22533071637,-61.30790781394));
#3205 = CARTESIAN_POINT('',(0.338465861001,-61.37390862787));
#3206 = CARTESIAN_POINT('',(0.452723052001,-61.47143579449));
#3207 = CARTESIAN_POINT('',(0.568716077705,-61.59763312834));
#3208 = CARTESIAN_POINT('',(0.759404604615,-61.84024426902));
#3209 = CARTESIAN_POINT('',(0.832608906499,-61.94131286113));
#3210 = CARTESIAN_POINT('',(0.906978772516,-62.05068455069));
#3211 = CARTESIAN_POINT('',(0.982675718824,-62.16721230598));
#3212 = CARTESIAN_POINT('',(1.059881370169,-62.28953873656));
#3213 = CARTESIAN_POINT('',(1.228764532079,-62.56040549704));
#3214 = CARTESIAN_POINT('',(1.321552857711,-62.711174314));
#3215 = CARTESIAN_POINT('',(1.41639007486,-62.86445161911));
#3216 = CARTESIAN_POINT('',(1.512739460325,-63.01589549377));
#3217 = CARTESIAN_POINT('',(1.61016531856,-63.16190149809));
#3218 = CARTESIAN_POINT('',(1.750741985215,-63.35957329357));
#3219 = CARTESIAN_POINT('',(1.793234010698,-63.41763131671));
#3220 = CARTESIAN_POINT('',(1.835637579857,-63.47372466065));
#3221 = CARTESIAN_POINT('',(1.877877314732,-63.52764916142));
#3222 = CARTESIAN_POINT('',(1.919873994593,-63.57924978378));
#3223 = CARTESIAN_POINT('',(2.019052736642,-63.69628615914));
#3224 = CARTESIAN_POINT('',(2.075873549552,-63.75944534521));
#3225 = CARTESIAN_POINT('',(2.131967654916,-63.8178571947));
#3226 = CARTESIAN_POINT('',(2.187290567018,-63.87157951049));
#3227 = CARTESIAN_POINT('',(2.241776604686,-63.92073553147));
#3228 = CARTESIAN_POINT('',(2.337475038215,-64.00070442866));
#3229 = CARTESIAN_POINT('',(2.379084813701,-64.03322988857));
#3230 = CARTESIAN_POINT('',(2.420193510027,-64.06320144741));
#3231 = CARTESIAN_POINT('',(2.460828283602,-64.09074960535));
#3232 = CARTESIAN_POINT('',(2.501012428825,-64.11599679113));
#3233 = CARTESIAN_POINT('',(2.570759857886,-64.1564533288));
#3234 = CARTESIAN_POINT('',(2.600513456444,-64.17260832529));
#3235 = CARTESIAN_POINT('',(2.630045950437,-64.18757434367));
#3236 = CARTESIAN_POINT('',(2.659374180992,-64.20139916582));
#3237 = CARTESIAN_POINT('',(2.688514410262,-64.21412559617));
#3238 = CARTESIAN_POINT('',(2.78994941459,-64.25497518037));
#3239 = CARTESIAN_POINT('',(2.861335557797,-64.2775206356));
#3240 = CARTESIAN_POINT('',(2.931930009724,-64.29403846399));
#3241 = CARTESIAN_POINT('',(3.001995829643,-64.30491806019));
#3242 = CARTESIAN_POINT('',(3.071793844611,-64.31035797134));
#3243 = CARTESIAN_POINT('',(3.191983704838,-64.31035797134));
#3244 = CARTESIAN_POINT('',(3.242374405892,-64.30752273711));
#3245 = CARTESIAN_POINT('',(3.292865313136,-64.30185190665));
#3246 = CARTESIAN_POINT('',(3.343555023969,-64.2932926261));
#3247 = CARTESIAN_POINT('',(3.394543341946,-64.28173778606));
#3248 = CARTESIAN_POINT('',(3.493871802282,-64.25329955278));
#3249 = CARTESIAN_POINT('',(3.542164066961,-64.23682510735));
#3250 = CARTESIAN_POINT('',(3.590888693986,-64.21746931125));
#3251 = CARTESIAN_POINT('',(3.640123745537,-64.19506070053));
#3252 = CARTESIAN_POINT('',(3.689950948192,-64.16938644482));
#3253 = CARTESIAN_POINT('',(3.780215433403,-64.11720982095));
#3254 = CARTESIAN_POINT('',(3.820400064126,-64.0920434065));
#3255 = CARTESIAN_POINT('',(3.861034710893,-64.06457799588));
#3256 = CARTESIAN_POINT('',(3.902142907853,-64.03469105005));
#3257 = CARTESIAN_POINT('',(3.943752032305,-64.00225182308));
#3258 = CARTESIAN_POINT('',(4.020990488208,-63.9378680824));
#3259 = CARTESIAN_POINT('',(4.056459834551,-63.90674507427));
#3260 = CARTESIAN_POINT('',(4.092290762289,-63.87369972982));
#3261 = CARTESIAN_POINT('',(4.128474237762,-63.83868365272));
#3262 = CARTESIAN_POINT('',(4.165004793848,-63.80165594344));
#3263 = CARTESIAN_POINT('',(4.264247612168,-63.69650621133));
#3264 = CARTESIAN_POINT('',(4.327693459631,-63.62448660772));
#3265 = CARTESIAN_POINT('',(4.391906932684,-63.54666990939));
#3266 = CARTESIAN_POINT('',(4.456634432379,-63.46340316921));
#3267 = CARTESIAN_POINT('',(4.521649138571,-63.3752909876));
#3268 = CARTESIAN_POINT('',(4.684963202853,-63.14415798511));
#3269 = CARTESIAN_POINT('',(4.78245045141,-62.99729550825));
#3270 = CARTESIAN_POINT('',(4.878789328159,-62.84531503787));
#3271 = CARTESIAN_POINT('',(4.973568745473,-62.69183963023));
#3272 = CARTESIAN_POINT('',(5.066275016095,-62.54118081072));
#3273 = CARTESIAN_POINT('',(5.235056382094,-62.27090284846));
#3274 = CARTESIAN_POINT('',(5.312242775892,-62.14900059714));
#3275 = CARTESIAN_POINT('',(5.387928447806,-62.03307416323));
#3276 = CARTESIAN_POINT('',(5.462298757739,-61.92446616208));
#3277 = CARTESIAN_POINT('',(5.535519491391,-61.824307488));
#3278 = CARTESIAN_POINT('',(5.724069730504,-61.58726322975));
#3279 = CARTESIAN_POINT('',(5.83802990221,-61.46502621726));
#3280 = CARTESIAN_POINT('',(5.95034384005,-61.37065177718));
#3281 = CARTESIAN_POINT('',(6.061591896413,-61.3068180365));
#3282 = CARTESIAN_POINT('',(6.172339722692,-61.27484684283));
#3283 = CARTESIAN_POINT('',(6.28318530718,-61.27484684283));
#3284 = ( GEOMETRIC_REPRESENTATION_CONTEXT(2) 
PARAMETRIC_REPRESENTATION_CONTEXT() REPRESENTATION_CONTEXT('2D SPACE',''
  ) );
#3285 = PCURVE('',#2172,#3286);
#3286 = DEFINITIONAL_REPRESENTATION('',(#3287),#3370);
#3287 = B_SPLINE_CURVE_WITH_KNOTS('',6,(#3288,#3289,#3290,#3291,#3292,
    #3293,#3294,#3295,#3296,#3297,#3298,#3299,#3300,#3301,#3302,#3303,
    #3304,#3305,#3306,#3307,#3308,#3309,#3310,#3311,#3312,#3313,#3314,
    #3315,#3316,#3317,#3318,#3319,#3320,#3321,#3322,#3323,#3324,#3325,
    #3326,#3327,#3328,#3329,#3330,#3331,#3332,#3333,#3334,#3335,#3336,
    #3337,#3338,#3339,#3340,#3341,#3342,#3343,#3344,#3345,#3346,#3347,
    #3348,#3349,#3350,#3351,#3352,#3353,#3354,#3355,#3356,#3357,#3358,
    #3359,#3360,#3361,#3362,#3363,#3364,#3365,#3366,#3367,#3368,#3369),
  .UNSPECIFIED.,.T.,.F.,(7,5,5,5,5,5,5,5,5,5,5,5,5,5,5,5,7),(0.,
    0.118816293415,0.191185699491,0.273630714287,0.309358161362,
    0.358680704466,0.397494848469,0.426776942166,0.500030004875,
    0.55291484476,0.602245558248,0.641075703445,0.673411218447,
    0.728100369011,0.810668128069,0.883186229134,1.),.UNSPECIFIED.);
#3288 = CARTESIAN_POINT('',(2.317589384375,368.64));
#3289 = CARTESIAN_POINT('',(2.317589384375,369.09087493394));
#3290 = CARTESIAN_POINT('',(2.319757238575,369.54132056074));
#3291 = CARTESIAN_POINT('',(2.324085169932,369.98356048589));
#3292 = CARTESIAN_POINT('',(2.330544940805,370.4097255314));
#3293 = CARTESIAN_POINT('',(2.33907929644,370.81114356264));
#3294 = CARTESIAN_POINT('',(2.355994927711,371.40076046119));
#3295 = CARTESIAN_POINT('',(2.363139880822,371.61124569432));
#3296 = CARTESIAN_POINT('',(2.371005001591,371.80653456788));
#3297 = CARTESIAN_POINT('',(2.37955991644,371.98390748079));
#3298 = CARTESIAN_POINT('',(2.38876339364,372.14036670441));
#3299 = CARTESIAN_POINT('',(2.409720170151,372.42318502536));
#3300 = CARTESIAN_POINT('',(2.421723610648,372.54331290937));
#3301 = CARTESIAN_POINT('',(2.434357788358,372.62522615472));
#3302 = CARTESIAN_POINT('',(2.447357206076,372.66368691718));
#3303 = CARTESIAN_POINT('',(2.460438225042,372.65602767983));
#3304 = CARTESIAN_POINT('',(2.478908199341,372.57898472669));
#3305 = CARTESIAN_POINT('',(2.484438433192,372.54710800958));
#3306 = CARTESIAN_POINT('',(2.489887053097,372.50677503323));
#3307 = CARTESIAN_POINT('',(2.495227952088,372.4582596419));
#3308 = CARTESIAN_POINT('',(2.500436818812,372.40198209638));
#3309 = CARTESIAN_POINT('',(2.512469069952,372.25088408175));
#3310 = CARTESIAN_POINT('',(2.519145459254,372.14963578852));
#3311 = CARTESIAN_POINT('',(2.525487820451,372.03600065792));
#3312 = CARTESIAN_POINT('',(2.531469260357,371.91135418905));
#3313 = CARTESIAN_POINT('',(2.537069079184,371.77721227562));
#3314 = CARTESIAN_POINT('',(2.546368616941,371.52350159149));
#3315 = CARTESIAN_POINT('',(2.550223127826,371.40680417159));
#3316 = CARTESIAN_POINT('',(2.553836992497,371.28571139627));
#3317 = CARTESIAN_POINT('',(2.557211128988,371.16076237623));
#3318 = CARTESIAN_POINT('',(2.560347161625,371.0324642296));
#3319 = CARTESIAN_POINT('',(2.56543545628,370.80233410795));
#3320 = CARTESIAN_POINT('',(2.567489689179,370.70172235623));
#3321 = CARTESIAN_POINT('',(2.569411677801,370.59963121346));
#3322 = CARTESIAN_POINT('',(2.571202915785,370.49622261082));
#3323 = CARTESIAN_POINT('',(2.572864847723,370.39164640683));
#3324 = CARTESIAN_POINT('',(2.578236428366,370.02185284484));
#3325 = CARTESIAN_POINT('',(2.581273313017,369.75123329856));
#3326 = CARTESIAN_POINT('',(2.58353339287,369.47620304594));
#3327 = CARTESIAN_POINT('',(2.585033937714,369.19838707521));
#3328 = CARTESIAN_POINT('',(2.585784232879,368.91919523591));
#3329 = CARTESIAN_POINT('',(2.585784232879,368.438435795));
#3330 = CARTESIAN_POINT('',(2.585393174009,368.23687292136));
#3331 = CARTESIAN_POINT('',(2.58461106731,368.03583072559));
#3332 = CARTESIAN_POINT('',(2.58343543259,367.83583568744));
#3333 = CARTESIAN_POINT('',(2.581861484344,367.63745645701));
#3334 = CARTESIAN_POINT('',(2.578036160946,367.25840141068));
#3335 = CARTESIAN_POINT('',(2.5758372488,367.0774147774));
#3336 = CARTESIAN_POINT('',(2.57328014497,366.89893273744));
#3337 = CARTESIAN_POINT('',(2.570358243774,366.72357428267));
#3338 = CARTESIAN_POINT('',(2.567064162123,366.55204775522));
#3339 = CARTESIAN_POINT('',(2.560498157531,366.25382280247));
#3340 = CARTESIAN_POINT('',(2.557370320103,366.1253333413));
#3341 = CARTESIAN_POINT('',(2.554004243268,366.00018075816));
#3342 = CARTESIAN_POINT('',(2.550398263375,365.87887112369));
#3343 = CARTESIAN_POINT('',(2.54655141414,365.76194277343));
#3344 = CARTESIAN_POINT('',(2.539059157995,365.55671944289));
#3345 = CARTESIAN_POINT('',(2.535487297171,365.46689621901));
#3346 = CARTESIAN_POINT('',(2.531750753737,365.38091511993));
#3347 = CARTESIAN_POINT('',(2.527853482014,365.29918154636));
#3348 = CARTESIAN_POINT('',(2.523800425166,365.22208834817));
#3349 = CARTESIAN_POINT('',(2.51248901113,365.02811975178));
#3350 = CARTESIAN_POINT('',(2.504941287359,364.92040565468));
#3351 = CARTESIAN_POINT('',(2.497015273465,364.82939167565));
#3352 = CARTESIAN_POINT('',(2.488787026882,364.75692688657));
#3353 = CARTESIAN_POINT('',(2.480342818787,364.70416721234));
#3354 = CARTESIAN_POINT('',(2.458840133716,364.62228946271));
#3355 = CARTESIAN_POINT('',(2.445740228296,364.61937641525));
#3356 = CARTESIAN_POINT('',(2.432750402713,364.66253262751));
#3357 = CARTESIAN_POINT('',(2.420149956219,364.748884451));
#3358 = CARTESIAN_POINT('',(2.408198549522,364.87308447577));
#3359 = CARTESIAN_POINT('',(2.387356121772,365.16293273164));
#3360 = CARTESIAN_POINT('',(2.378212792432,365.32248686676));
#3361 = CARTESIAN_POINT('',(2.369726120787,365.50272086785));
#3362 = CARTESIAN_POINT('',(2.361936006533,365.700648025));
#3363 = CARTESIAN_POINT('',(2.354871769277,365.91356888411));
#3364 = CARTESIAN_POINT('',(2.338378396488,366.50216803872));
#3365 = CARTESIAN_POINT('',(2.330120456127,366.89853160436));
#3366 = CARTESIAN_POINT('',(2.32387160111,367.31843283139));
#3367 = CARTESIAN_POINT('',(2.319685782925,367.75362822905));
#3368 = CARTESIAN_POINT('',(2.317589384375,368.19661766205));
#3369 = CARTESIAN_POINT('',(2.317589384375,368.64));
#3370 = ( GEOMETRIC_REPRESENTATION_CONTEXT(2) 
PARAMETRIC_REPRESENTATION_CONTEXT() REPRESENTATION_CONTEXT('2D SPACE',''
  ) );
#3371 = ORIENTED_EDGE('',*,*,#3372,.T.);
#3372 = EDGE_CURVE('',#3113,#1160,#3373,.T.);
#3373 = SEAM_CURVE('',#3374,(#3378,#3385),.PCURVE_S1.);
#3374 = LINE('',#3375,#3376);
#3375 = CARTESIAN_POINT('',(36.285757861213,3.78772051798,548.64));
#3376 = VECTOR('',#3377,1.);
#3377 = DIRECTION('',(-0.946930129495,0.321439465303,-0.));
#3378 = PCURVE('',#1353,#3379);
#3379 = DEFINITIONAL_REPRESENTATION('',(#3380),#3384);
#3380 = LINE('',#3381,#3382);
#3381 = CARTESIAN_POINT('',(6.28318530718,0.));
#3382 = VECTOR('',#3383,1.);
#3383 = DIRECTION('',(0.,-1.));
#3384 = ( GEOMETRIC_REPRESENTATION_CONTEXT(2) 
PARAMETRIC_REPRESENTATION_CONTEXT() REPRESENTATION_CONTEXT('2D SPACE',''
  ) );
#3385 = PCURVE('',#1353,#3386);
#3386 = DEFINITIONAL_REPRESENTATION('',(#3387),#3391);
#3387 = LINE('',#3388,#3389);
#3388 = CARTESIAN_POINT('',(0.,0.));
#3389 = VECTOR('',#3390,1.);
#3390 = DIRECTION('',(0.,-1.));
#3391 = ( GEOMETRIC_REPRESENTATION_CONTEXT(2) 
PARAMETRIC_REPRESENTATION_CONTEXT() REPRESENTATION_CONTEXT('2D SPACE',''
  ) );
#3392 = ORIENTED_EDGE('',*,*,#1159,.T.);
#3393 = ORIENTED_EDGE('',*,*,#3372,.F.);
#3394 = ADVANCED_FACE('',(#3395),#1502,.F.);
#3395 = FACE_BOUND('',#3396,.F.);
#3396 = EDGE_LOOP('',(#3397,#3398,#3421,#3565,#3566,#3567));
#3397 = ORIENTED_EDGE('',*,*,#1456,.F.);
#3398 = ORIENTED_EDGE('',*,*,#3399,.T.);
#3399 = EDGE_CURVE('',#1457,#3400,#3402,.T.);
#3400 = VERTEX_POINT('',#3401);
#3401 = CARTESIAN_POINT('',(-31.54138960669,-5.398216527593,548.64));
#3402 = SEAM_CURVE('',#3403,(#3407,#3414),.PCURVE_S1.);
#3403 = LINE('',#3404,#3405);
#3404 = CARTESIAN_POINT('',(-36.28575786121,-3.78772051798,548.64));
#3405 = VECTOR('',#3406,1.);
#3406 = DIRECTION('',(0.946930129495,-0.321439465303,-0.));
#3407 = PCURVE('',#1502,#3408);
#3408 = DEFINITIONAL_REPRESENTATION('',(#3409),#3413);
#3409 = LINE('',#3410,#3411);
#3410 = CARTESIAN_POINT('',(6.28318530718,0.));
#3411 = VECTOR('',#3412,1.);
#3412 = DIRECTION('',(0.,-1.));
#3413 = ( GEOMETRIC_REPRESENTATION_CONTEXT(2) 
PARAMETRIC_REPRESENTATION_CONTEXT() REPRESENTATION_CONTEXT('2D SPACE',''
  ) );
#3414 = PCURVE('',#1502,#3415);
#3415 = DEFINITIONAL_REPRESENTATION('',(#3416),#3420);
#3416 = LINE('',#3417,#3418);
#3417 = CARTESIAN_POINT('',(0.,0.));
#3418 = VECTOR('',#3419,1.);
#3419 = DIRECTION('',(0.,-1.));
#3420 = ( GEOMETRIC_REPRESENTATION_CONTEXT(2) 
PARAMETRIC_REPRESENTATION_CONTEXT() REPRESENTATION_CONTEXT('2D SPACE',''
  ) );
#3421 = ORIENTED_EDGE('',*,*,#3422,.T.);
#3422 = EDGE_CURVE('',#3400,#3400,#3423,.T.);
#3423 = SURFACE_CURVE('',#3424,(#3469,#3517),.PCURVE_S1.);
#3424 = B_SPLINE_CURVE_WITH_KNOTS('',8,(#3425,#3426,#3427,#3428,#3429,
    #3430,#3431,#3432,#3433,#3434,#3435,#3436,#3437,#3438,#3439,#3440,
    #3441,#3442,#3443,#3444,#3445,#3446,#3447,#3448,#3449,#3450,#3451,
    #3452,#3453,#3454,#3455,#3456,#3457,#3458,#3459,#3460,#3461,#3462,
    #3463,#3464,#3465,#3466,#3467,#3468),.UNSPECIFIED.,.T.,.F.,(9,7,7,7,
    7,7,9),(0.,0.191586494782,0.32637504152,0.499999997986,
    0.673624955273,0.808413503334,1.),.UNSPECIFIED.);
#3425 = CARTESIAN_POINT('',(-31.54138960669,-5.398216527593,548.64));
#3426 = CARTESIAN_POINT('',(-31.54138960669,-5.398216527593,
    549.18453011682));
#3427 = CARTESIAN_POINT('',(-31.55764617115,-5.303231871628,
    549.72772499148));
#3428 = CARTESIAN_POINT('',(-31.59001756639,-5.114080488517,
    550.25863398592));
#3429 = CARTESIAN_POINT('',(-31.63671958801,-4.83159404166,
    550.76602055305));
#3430 = CARTESIAN_POINT('',(-31.69422732516,-4.457408708749,
    551.237318705));
#3431 = CARTESIAN_POINT('',(-31.7573808298,-3.994615046956,
    551.65792332467));
#3432 = CARTESIAN_POINT('',(-31.81970396138,-3.448604946529,
    552.01040932078));
#3433 = CARTESIAN_POINT('',(-31.91333833507,-2.393764710689,
    552.4570148205));
#3434 = CARTESIAN_POINT('',(-31.94906340929,-1.914042179646,
    552.60007777935));
#3435 = CARTESIAN_POINT('',(-31.97829479088,-1.403233460946,
    552.6861974888));
#3436 = CARTESIAN_POINT('',(-31.99800849381,-0.877629514872,
    552.70582733301));
#3437 = CARTESIAN_POINT('',(-32.0068429205,-0.354763612961,
    552.65522147786));
#3438 = CARTESIAN_POINT('',(-32.00568760621,0.148389129025,
    552.53630730275));
#3439 = CARTESIAN_POINT('',(-31.99684975718,0.616985034807,
    552.35674577759));
#3440 = CARTESIAN_POINT('',(-31.96538412227,1.584719476853,
    551.83788577659));
#3441 = CARTESIAN_POINT('',(-31.9397673833,2.046030725135,
    551.47161306014));
#3442 = CARTESIAN_POINT('',(-31.91193157875,2.423551912311,
    551.05325056324));
#3443 = CARTESIAN_POINT('',(-31.88627236364,2.719895411079,
    550.59878716057));
#3444 = CARTESIAN_POINT('',(-31.86555025097,2.938226200001,
    550.12101762611));
#3445 = CARTESIAN_POINT('',(-31.85134159636,3.081749324597,
    549.6299816886));
#3446 = CARTESIAN_POINT('',(-31.84429083027,3.15295758244,549.1338987803
    ));
#3447 = CARTESIAN_POINT('',(-31.84429083027,3.15295758244,
    548.14610121736));
#3448 = CARTESIAN_POINT('',(-31.85134159623,3.081749327264,
    547.65001832179));
#3449 = CARTESIAN_POINT('',(-31.86555025146,2.938226189571,
    547.1589823519));
#3450 = CARTESIAN_POINT('',(-31.8862723628,2.719895429686,546.6812128663
    ));
#3451 = CARTESIAN_POINT('',(-31.91193157953,2.423551893765,
    546.22674941709));
#3452 = CARTESIAN_POINT('',(-31.9397673829,2.046030735552,
    545.80838694797));
#3453 = CARTESIAN_POINT('',(-31.96538412236,1.584719474076,
    545.44211422191));
#3454 = CARTESIAN_POINT('',(-31.99684975718,0.616985034807,
    544.9232542224));
#3455 = CARTESIAN_POINT('',(-32.00568760621,0.148389129025,
    544.74369269724));
#3456 = CARTESIAN_POINT('',(-32.0068429205,-0.35476361296,
    544.62477852213));
#3457 = CARTESIAN_POINT('',(-31.99800849381,-0.877629514874,
    544.57417266698));
#3458 = CARTESIAN_POINT('',(-31.97829479088,-1.403233460945,
    544.59380251119));
#3459 = CARTESIAN_POINT('',(-31.94906340929,-1.914042179646,
    544.67992222065));
#3460 = CARTESIAN_POINT('',(-31.91333833507,-2.393764710689,
    544.82298517949));
#3461 = CARTESIAN_POINT('',(-31.81970396138,-3.448604946533,
    545.26959067921));
#3462 = CARTESIAN_POINT('',(-31.7573808298,-3.994615046942,
    545.62207667531));
#3463 = CARTESIAN_POINT('',(-31.69422732516,-4.45740870877,546.042681295
    ));
#3464 = CARTESIAN_POINT('',(-31.63671958801,-4.831594041643,
    546.51397944695));
#3465 = CARTESIAN_POINT('',(-31.59001756639,-5.114080488525,
    547.02136601406));
#3466 = CARTESIAN_POINT('',(-31.55764617115,-5.303231871627,
    547.55227500852));
#3467 = CARTESIAN_POINT('',(-31.54138960669,-5.398216527593,
    548.09546988317));
#3468 = CARTESIAN_POINT('',(-31.54138960669,-5.398216527593,548.64));
#3469 = PCURVE('',#1502,#3470);
#3470 = DEFINITIONAL_REPRESENTATION('',(#3471),#3516);
#3471 = B_SPLINE_CURVE_WITH_KNOTS('',8,(#3472,#3473,#3474,#3475,#3476,
    #3477,#3478,#3479,#3480,#3481,#3482,#3483,#3484,#3485,#3486,#3487,
    #3488,#3489,#3490,#3491,#3492,#3493,#3494,#3495,#3496,#3497,#3498,
    #3499,#3500,#3501,#3502,#3503,#3504,#3505,#3506,#3507,#3508,#3509,
    #3510,#3511,#3512,#3513,#3514,#3515),.UNSPECIFIED.,.F.,.F.,(9,7,7,7,
    7,7,9),(0.,0.191586494782,0.32637504152,0.499999997986,
    0.673624955273,0.808413503334,1.),.UNSPECIFIED.);
#3472 = CARTESIAN_POINT('',(0.,-5.010262221827));
#3473 = CARTESIAN_POINT('',(0.136132529206,-5.010262221827));
#3474 = CARTESIAN_POINT('',(0.271931725216,-4.964336574115));
#3475 = CARTESIAN_POINT('',(0.408500594131,-4.872882405172));
#3476 = CARTESIAN_POINT('',(0.546808374121,-4.737856561362));
#3477 = CARTESIAN_POINT('',(0.687796346402,-4.563122819042));
#3478 = CARTESIAN_POINT('',(0.83254788807,-4.354560715524));
#3479 = CARTESIAN_POINT('',(0.982278144939,-4.120035869734));
#3480 = CARTESIAN_POINT('',(1.248965779121,-3.692303378737));
#3481 = CARTESIAN_POINT('',(1.364466558897,-3.504272475713));
#3482 = CARTESIAN_POINT('',(1.483199228866,-3.312398318346));
#3483 = CARTESIAN_POINT('',(1.603756691602,-3.124780967694));
#3484 = CARTESIAN_POINT('',(1.725031119468,-2.948345646944));
#3485 = CARTESIAN_POINT('',(1.845942005036,-2.787706500504));
#3486 = CARTESIAN_POINT('',(1.965283903243,-2.645450108632));
#3487 = CARTESIAN_POINT('',(2.230755375282,-2.364177824765));
#3488 = CARTESIAN_POINT('',(2.372577258022,-2.240151445733));
#3489 = CARTESIAN_POINT('',(2.508692845248,-2.14515979919));
#3490 = CARTESIAN_POINT('',(2.640309362544,-2.074200787291));
#3491 = CARTESIAN_POINT('',(2.768471995299,-2.023643048077));
#3492 = CARTESIAN_POINT('',(2.89409673404,-1.990963654791));
#3493 = CARTESIAN_POINT('',(3.018117958514,-1.974751093311));
#3494 = CARTESIAN_POINT('',(3.265067349249,-1.974751093311));
#3495 = CARTESIAN_POINT('',(3.389088570237,-1.990963654058));
#3496 = CARTESIAN_POINT('',(3.514713318597,-2.023643050958));
#3497 = CARTESIAN_POINT('',(3.642875935663,-2.074200782107));
#3498 = CARTESIAN_POINT('',(3.774492469187,-2.145159804415));
#3499 = CARTESIAN_POINT('',(3.910608045746,-2.240151442757));
#3500 = CARTESIAN_POINT('',(4.052429932659,-2.364177825572));
#3501 = CARTESIAN_POINT('',(4.317901403937,-2.645450108632));
#3502 = CARTESIAN_POINT('',(4.437243302143,-2.787706500504));
#3503 = CARTESIAN_POINT('',(4.558154187712,-2.948345646944));
#3504 = CARTESIAN_POINT('',(4.679428615578,-3.124780967694));
#3505 = CARTESIAN_POINT('',(4.799986078314,-3.312398318346));
#3506 = CARTESIAN_POINT('',(4.918718748283,-3.504272475713));
#3507 = CARTESIAN_POINT('',(5.034219528058,-3.692303378737));
#3508 = CARTESIAN_POINT('',(5.300907162242,-4.120035869735));
#3509 = CARTESIAN_POINT('',(5.450637419106,-4.354560715518));
#3510 = CARTESIAN_POINT('',(5.595388960782,-4.563122819051));
#3511 = CARTESIAN_POINT('',(5.736376933057,-4.737856561354));
#3512 = CARTESIAN_POINT('',(5.874684713047,-4.872882405175));
#3513 = CARTESIAN_POINT('',(6.011253581966,-4.964336574114));
#3514 = CARTESIAN_POINT('',(6.147052777973,-5.010262221827));
#3515 = CARTESIAN_POINT('',(6.28318530718,-5.010262221827));
#3516 = ( GEOMETRIC_REPRESENTATION_CONTEXT(2) 
PARAMETRIC_REPRESENTATION_CONTEXT() REPRESENTATION_CONTEXT('2D SPACE',''
  ) );
#3517 = PCURVE('',#2172,#3518);
#3518 = DEFINITIONAL_REPRESENTATION('',(#3519),#3564);
#3519 = B_SPLINE_CURVE_WITH_KNOTS('',8,(#3520,#3521,#3522,#3523,#3524,
    #3525,#3526,#3527,#3528,#3529,#3530,#3531,#3532,#3533,#3534,#3535,
    #3536,#3537,#3538,#3539,#3540,#3541,#3542,#3543,#3544,#3545,#3546,
    #3547,#3548,#3549,#3550,#3551,#3552,#3553,#3554,#3555,#3556,#3557,
    #3558,#3559,#3560,#3561,#3562,#3563),.UNSPECIFIED.,.T.,.F.,(9,7,7,7,
    7,7,9),(0.,0.191586494782,0.32637504152,0.499999997986,
    0.673624955273,0.808413503334,1.),.UNSPECIFIED.);
#3520 = CARTESIAN_POINT('',(3.311097453306,368.64));
#3521 = CARTESIAN_POINT('',(3.311097453306,369.18453011682));
#3522 = CARTESIAN_POINT('',(3.308086025401,369.72772499148));
#3523 = CARTESIAN_POINT('',(3.302089092869,370.25863398592));
#3524 = CARTESIAN_POINT('',(3.293141747475,370.76602055305));
#3525 = CARTESIAN_POINT('',(3.281312788027,371.237318705));
#3526 = CARTESIAN_POINT('',(3.266721447637,371.65792332467));
#3527 = CARTESIAN_POINT('',(3.249553258105,372.01040932078));
#3528 = CARTESIAN_POINT('',(3.216459887016,372.4570148205));
#3529 = CARTESIAN_POINT('',(3.201428567995,372.60007777935));
#3530 = CARTESIAN_POINT('',(3.185443618205,372.6861974888));
#3531 = CARTESIAN_POINT('',(3.169013542038,372.70582733301));
#3532 = CARTESIAN_POINT('',(3.152677941419,372.65522147786));
#3533 = CARTESIAN_POINT('',(3.1369579896,372.53630730275));
#3534 = CARTESIAN_POINT('',(3.122313133065,372.35674577759));
#3535 = CARTESIAN_POINT('',(3.092055450084,371.83788577659));
#3536 = CARTESIAN_POINT('',(3.077621075777,371.47161306013));
#3537 = CARTESIAN_POINT('',(3.06579395109,371.05325056324));
#3538 = CARTESIAN_POINT('',(3.056499175686,370.59878716057));
#3539 = CARTESIAN_POINT('',(3.049645781397,370.12101762611));
#3540 = CARTESIAN_POINT('',(3.045138741751,369.6299816886));
#3541 = CARTESIAN_POINT('',(3.042902604802,369.1338987803));
#3542 = CARTESIAN_POINT('',(3.042902604802,368.14610121736));
#3543 = CARTESIAN_POINT('',(3.045138741667,367.65001832179));
#3544 = CARTESIAN_POINT('',(3.049645781723,367.1589823519));
#3545 = CARTESIAN_POINT('',(3.056499175104,366.6812128663));
#3546 = CARTESIAN_POINT('',(3.06579395167,366.22674941709));
#3547 = CARTESIAN_POINT('',(3.077621075451,365.80838694798));
#3548 = CARTESIAN_POINT('',(3.09205545017,365.44211422191));
#3549 = CARTESIAN_POINT('',(3.122313133065,364.9232542224));
#3550 = CARTESIAN_POINT('',(3.1369579896,364.74369269724));
#3551 = CARTESIAN_POINT('',(3.152677941419,364.62477852213));
#3552 = CARTESIAN_POINT('',(3.169013542038,364.57417266698));
#3553 = CARTESIAN_POINT('',(3.185443618205,364.59380251119));
#3554 = CARTESIAN_POINT('',(3.201428567995,364.67992222065));
#3555 = CARTESIAN_POINT('',(3.216459887016,364.82298517949));
#3556 = CARTESIAN_POINT('',(3.249553258106,365.26959067921));
#3557 = CARTESIAN_POINT('',(3.266721447636,365.62207667531));
#3558 = CARTESIAN_POINT('',(3.281312788028,366.042681295));
#3559 = CARTESIAN_POINT('',(3.293141747474,366.51397944695));
#3560 = CARTESIAN_POINT('',(3.302089092869,367.02136601406));
#3561 = CARTESIAN_POINT('',(3.308086025401,367.55227500852));
#3562 = CARTESIAN_POINT('',(3.311097453306,368.09546988317));
#3563 = CARTESIAN_POINT('',(3.311097453306,368.64));
#3564 = ( GEOMETRIC_REPRESENTATION_CONTEXT(2) 
PARAMETRIC_REPRESENTATION_CONTEXT() REPRESENTATION_CONTEXT('2D SPACE',''
  ) );
#3565 = ORIENTED_EDGE('',*,*,#3399,.F.);
#3566 = ORIENTED_EDGE('',*,*,#1528,.F.);
#3567 = ORIENTED_EDGE('',*,*,#3568,.F.);
#3568 = EDGE_CURVE('',#1459,#1529,#3569,.T.);
#3569 = SURFACE_CURVE('',#3570,(#3575,#3582),.PCURVE_S1.);
#3570 = CIRCLE('',#3571,4.);
#3571 = AXIS2_PLACEMENT_3D('',#3572,#3573,#3574);
#3572 = CARTESIAN_POINT('',(-35.,4.286263797016E-15,548.64));
#3573 = DIRECTION('',(-0.946930129495,0.321439465303,0.));
#3574 = DIRECTION('',(-0.321439465303,-0.946930129495,0.));
#3575 = PCURVE('',#1502,#3576);
#3576 = DEFINITIONAL_REPRESENTATION('',(#3577),#3581);
#3577 = LINE('',#3578,#3579);
#3578 = CARTESIAN_POINT('',(0.,0.));
#3579 = VECTOR('',#3580,1.);
#3580 = DIRECTION('',(1.,0.));
#3581 = ( GEOMETRIC_REPRESENTATION_CONTEXT(2) 
PARAMETRIC_REPRESENTATION_CONTEXT() REPRESENTATION_CONTEXT('2D SPACE',''
  ) );
#3582 = PCURVE('',#1606,#3583);
#3583 = DEFINITIONAL_REPRESENTATION('',(#3584),#3588);
#3584 = CIRCLE('',#3585,4.);
#3585 = AXIS2_PLACEMENT_2D('',#3586,#3587);
#3586 = CARTESIAN_POINT('',(2.563950248511E-16,-3.49503809816E-16));
#3587 = DIRECTION('',(1.,0.));
#3588 = ( GEOMETRIC_REPRESENTATION_CONTEXT(2) 
PARAMETRIC_REPRESENTATION_CONTEXT() REPRESENTATION_CONTEXT('2D SPACE',''
  ) );
#3589 = ADVANCED_FACE('',(#3590),#1606,.F.);
#3590 = FACE_BOUND('',#3591,.F.);
#3591 = EDGE_LOOP('',(#3592,#3593));
#3592 = ORIENTED_EDGE('',*,*,#1593,.T.);
#3593 = ORIENTED_EDGE('',*,*,#3568,.T.);
#3594 = ADVANCED_FACE('',(#3595),#1787,.F.);
#3595 = FACE_BOUND('',#3596,.F.);
#3596 = EDGE_LOOP('',(#3597,#3743,#3764,#3765));
#3597 = ORIENTED_EDGE('',*,*,#3598,.F.);
#3598 = EDGE_CURVE('',#3599,#3599,#3601,.T.);
#3599 = VERTEX_POINT('',#3600);
#3600 = CARTESIAN_POINT('',(-16.88416656178,-27.18317346289,548.64));
#3601 = SURFACE_CURVE('',#3602,(#3647,#3695),.PCURVE_S1.);
#3602 = B_SPLINE_CURVE_WITH_KNOTS('',8,(#3603,#3604,#3605,#3606,#3607,
    #3608,#3609,#3610,#3611,#3612,#3613,#3614,#3615,#3616,#3617,#3618,
    #3619,#3620,#3621,#3622,#3623,#3624,#3625,#3626,#3627,#3628,#3629,
    #3630,#3631,#3632,#3633,#3634,#3635,#3636,#3637,#3638,#3639,#3640,
    #3641,#3642,#3643,#3644,#3645,#3646),.UNSPECIFIED.,.T.,.F.,(9,7,7,7,
    7,7,9),(0.,0.173624956588,0.308413504107,0.5,0.691586495894,
    0.826375043412,1.),.UNSPECIFIED.);
#3603 = CARTESIAN_POINT('',(-16.88416656178,-27.18317346289,548.64));
#3604 = CARTESIAN_POINT('',(-16.88416656178,-27.18317346289,
    548.14610121736));
#3605 = CARTESIAN_POINT('',(-16.94495210324,-27.14541837244,
    547.65001832179));
#3606 = CARTESIAN_POINT('',(-17.0674663452,-27.06931950613,
    547.15898235189));
#3607 = CARTESIAN_POINT('',(-17.25329460496,-26.95284811699,
    546.6812128663));
#3608 = CARTESIAN_POINT('',(-17.50402008049,-26.79280242789,
    546.22674941709));
#3609 = CARTESIAN_POINT('',(-17.82047311584,-26.58506573572,
    545.80838694797));
#3610 = CARTESIAN_POINT('',(-18.20205042896,-26.32456035878,
    545.44211422191));
#3611 = CARTESIAN_POINT('',(-18.98896084368,-25.76040432512,
    544.9232542224));
#3612 = CARTESIAN_POINT('',(-19.36610311239,-25.48215274894,
    544.74369269724));
#3613 = CARTESIAN_POINT('',(-19.7659843317,-25.17676933917,
    544.62477852213));
#3614 = CARTESIAN_POINT('',(-20.17542368328,-24.85145992361,
    544.57417266698));
#3615 = CARTESIAN_POINT('',(-20.58041238761,-24.51585258224,
    544.59380251119));
#3616 = CARTESIAN_POINT('',(-20.96786925321,-24.18170112247,
    544.67992222065));
#3617 = CARTESIAN_POINT('',(-21.32671067839,-23.86132194198,
    544.82298517949));
#3618 = CARTESIAN_POINT('',(-22.10657070784,-23.1448907495,
    545.26959067921));
#3619 = CARTESIAN_POINT('',(-22.5018097262,-22.7630565959,
    545.62207667532));
#3620 = CARTESIAN_POINT('',(-22.83052320592,-22.43122262115,
    546.04268129499));
#3621 = CARTESIAN_POINT('',(-23.09237589743,-22.15780906781,
    546.51397944694));
#3622 = CARTESIAN_POINT('',(-23.28805707421,-21.9487910099,
    547.02136601408));
#3623 = CARTESIAN_POINT('',(-23.41841449899,-21.80796098907,
    547.55227500851));
#3624 = CARTESIAN_POINT('',(-23.48387452367,-21.73724079446,
    548.09546988317));
#3625 = CARTESIAN_POINT('',(-23.48387452367,-21.73724079446,
    549.18453011682));
#3626 = CARTESIAN_POINT('',(-23.41841449899,-21.80796098907,
    549.72772499148));
#3627 = CARTESIAN_POINT('',(-23.28805707421,-21.9487910099,
    550.25863398592));
#3628 = CARTESIAN_POINT('',(-23.09237589743,-22.15780906782,
    550.76602055304));
#3629 = CARTESIAN_POINT('',(-22.83052320592,-22.43122262115,
    551.237318705));
#3630 = CARTESIAN_POINT('',(-22.5018097262,-22.7630565959,
    551.65792332467));
#3631 = CARTESIAN_POINT('',(-22.10657070784,-23.1448907495,
    552.01040932078));
#3632 = CARTESIAN_POINT('',(-21.32671067839,-23.86132194198,
    552.4570148205));
#3633 = CARTESIAN_POINT('',(-20.96786925321,-24.18170112247,
    552.60007777934));
#3634 = CARTESIAN_POINT('',(-20.58041238761,-24.51585258224,
    552.6861974888));
#3635 = CARTESIAN_POINT('',(-20.17542368328,-24.85145992362,
    552.705827333));
#3636 = CARTESIAN_POINT('',(-19.7659843317,-25.17676933917,
    552.65522147787));
#3637 = CARTESIAN_POINT('',(-19.36610311239,-25.48215274894,
    552.53630730275));
#3638 = CARTESIAN_POINT('',(-18.98896084368,-25.76040432512,
    552.35674577759));
#3639 = CARTESIAN_POINT('',(-18.20205042896,-26.32456035878,
    551.83788577808));
#3640 = CARTESIAN_POINT('',(-17.82047311583,-26.58506573572,
    551.47161305202));
#3641 = CARTESIAN_POINT('',(-17.50402008049,-26.79280242789,
    551.0532505829));
#3642 = CARTESIAN_POINT('',(-17.25329460495,-26.95284811699,
    550.59878713369));
#3643 = CARTESIAN_POINT('',(-17.0674663452,-27.06931950613,
    550.12101764809));
#3644 = CARTESIAN_POINT('',(-16.94495210324,-27.14541837244,
    549.6299816782));
#3645 = CARTESIAN_POINT('',(-16.88416656178,-27.18317346289,
    549.13389878263));
#3646 = CARTESIAN_POINT('',(-16.88416656178,-27.18317346289,548.64));
#3647 = PCURVE('',#1787,#3648);
#3648 = DEFINITIONAL_REPRESENTATION('',(#3649),#3694);
#3649 = B_SPLINE_CURVE_WITH_KNOTS('',8,(#3650,#3651,#3652,#3653,#3654,
    #3655,#3656,#3657,#3658,#3659,#3660,#3661,#3662,#3663,#3664,#3665,
    #3666,#3667,#3668,#3669,#3670,#3671,#3672,#3673,#3674,#3675,#3676,
    #3677,#3678,#3679,#3680,#3681,#3682,#3683,#3684,#3685,#3686,#3687,
    #3688,#3689,#3690,#3691,#3692,#3693),.UNSPECIFIED.,.F.,.F.,(9,7,7,7,
    7,7,9),(0.,0.173624956588,0.308413504107,0.5,0.691586495894,
    0.826375043412,1.),.UNSPECIFIED.);
#3650 = CARTESIAN_POINT('',(0.,-64.31035797134));
#3651 = CARTESIAN_POINT('',(0.12347469566,-64.31035797134));
#3652 = CARTESIAN_POINT('',(0.247495916648,-64.29414541059));
#3653 = CARTESIAN_POINT('',(0.373120665004,-64.26146601369));
#3654 = CARTESIAN_POINT('',(0.501283282079,-64.21090828255));
#3655 = CARTESIAN_POINT('',(0.632899815593,-64.13994926024));
#3656 = CARTESIAN_POINT('',(0.769015392158,-64.04495762189));
#3657 = CARTESIAN_POINT('',(0.910837279069,-63.92093123908));
#3658 = CARTESIAN_POINT('',(1.176308750347,-63.63965895602));
#3659 = CARTESIAN_POINT('',(1.295650648553,-63.49740256415));
#3660 = CARTESIAN_POINT('',(1.416561534122,-63.33676341771));
#3661 = CARTESIAN_POINT('',(1.537835961989,-63.16032809696));
#3662 = CARTESIAN_POINT('',(1.658393424723,-62.97271074631));
#3663 = CARTESIAN_POINT('',(1.777126094693,-62.78083658894));
#3664 = CARTESIAN_POINT('',(1.892626874468,-62.59280568592));
#3665 = CARTESIAN_POINT('',(2.159314508651,-62.16507319492));
#3666 = CARTESIAN_POINT('',(2.30904476552,-61.93054834913));
#3667 = CARTESIAN_POINT('',(2.453796307188,-61.72198624561));
#3668 = CARTESIAN_POINT('',(2.594784279469,-61.54725250329));
#3669 = CARTESIAN_POINT('',(2.733092059459,-61.41222665948));
#3670 = CARTESIAN_POINT('',(2.869660928374,-61.32077249054));
#3671 = CARTESIAN_POINT('',(3.005460124384,-61.27484684283));
#3672 = CARTESIAN_POINT('',(3.277725182796,-61.27484684283));
#3673 = CARTESIAN_POINT('',(3.413524378806,-61.32077249054));
#3674 = CARTESIAN_POINT('',(3.55009324772,-61.41222665948));
#3675 = CARTESIAN_POINT('',(3.688401027711,-61.54725250329));
#3676 = CARTESIAN_POINT('',(3.829388999991,-61.72198624561));
#3677 = CARTESIAN_POINT('',(3.97414054166,-61.93054834913));
#3678 = CARTESIAN_POINT('',(4.123870798528,-62.16507319492));
#3679 = CARTESIAN_POINT('',(4.390558432711,-62.59280568592));
#3680 = CARTESIAN_POINT('',(4.506059212487,-62.78083658894));
#3681 = CARTESIAN_POINT('',(4.624791882455,-62.97271074631));
#3682 = CARTESIAN_POINT('',(4.745349345193,-63.16032809696));
#3683 = CARTESIAN_POINT('',(4.866623773056,-63.33676341771));
#3684 = CARTESIAN_POINT('',(4.987534658627,-63.49740256415));
#3685 = CARTESIAN_POINT('',(5.106876556832,-63.63965895602));
#3686 = CARTESIAN_POINT('',(5.37234802811,-63.92093123908));
#3687 = CARTESIAN_POINT('',(5.514169915023,-64.0449576219));
#3688 = CARTESIAN_POINT('',(5.650285491583,-64.13994926024));
#3689 = CARTESIAN_POINT('',(5.781902025104,-64.21090828255));
#3690 = CARTESIAN_POINT('',(5.910064642174,-64.26146601369));
#3691 = CARTESIAN_POINT('',(6.035689390532,-64.29414541059));
#3692 = CARTESIAN_POINT('',(6.15971061152,-64.31035797134));
#3693 = CARTESIAN_POINT('',(6.28318530718,-64.31035797134));
#3694 = ( GEOMETRIC_REPRESENTATION_CONTEXT(2) 
PARAMETRIC_REPRESENTATION_CONTEXT() REPRESENTATION_CONTEXT('2D SPACE',''
  ) );
#3695 = PCURVE('',#2172,#3696);
#3696 = DEFINITIONAL_REPRESENTATION('',(#3697),#3742);
#3697 = B_SPLINE_CURVE_WITH_KNOTS('',8,(#3698,#3699,#3700,#3701,#3702,
    #3703,#3704,#3705,#3706,#3707,#3708,#3709,#3710,#3711,#3712,#3713,
    #3714,#3715,#3716,#3717,#3718,#3719,#3720,#3721,#3722,#3723,#3724,
    #3725,#3726,#3727,#3728,#3729,#3730,#3731,#3732,#3733,#3734,#3735,
    #3736,#3737,#3738,#3739,#3740,#3741),.UNSPECIFIED.,.T.,.F.,(9,7,7,7,
    7,7,9),(0.,0.173624956588,0.308413504107,0.5,0.691586495894,
    0.826375043412,1.),.UNSPECIFIED.);
#3698 = CARTESIAN_POINT('',(4.156580559674,368.64));
#3699 = CARTESIAN_POINT('',(4.156580559674,368.14610121736));
#3700 = CARTESIAN_POINT('',(4.154344422809,367.65001832179));
#3701 = CARTESIAN_POINT('',(4.149837382754,367.15898235189));
#3702 = CARTESIAN_POINT('',(4.142983989372,366.6812128663));
#3703 = CARTESIAN_POINT('',(4.133689212807,366.22674941709));
#3704 = CARTESIAN_POINT('',(4.121862089025,365.80838694797));
#3705 = CARTESIAN_POINT('',(4.107427714306,365.44211422191));
#3706 = CARTESIAN_POINT('',(4.077170031412,364.9232542224));
#3707 = CARTESIAN_POINT('',(4.062525174877,364.74369269724));
#3708 = CARTESIAN_POINT('',(4.046805223057,364.62477852213));
#3709 = CARTESIAN_POINT('',(4.030469622439,364.57417266698));
#3710 = CARTESIAN_POINT('',(4.014039546271,364.59380251119));
#3711 = CARTESIAN_POINT('',(3.998054596482,364.67992222065));
#3712 = CARTESIAN_POINT('',(3.98302327746,364.82298517949));
#3713 = CARTESIAN_POINT('',(3.949929906371,365.26959067921));
#3714 = CARTESIAN_POINT('',(3.93276171684,365.62207667532));
#3715 = CARTESIAN_POINT('',(3.918170376449,366.042681295));
#3716 = CARTESIAN_POINT('',(3.906341417002,366.51397944694));
#3717 = CARTESIAN_POINT('',(3.897394071608,367.02136601408));
#3718 = CARTESIAN_POINT('',(3.891397139076,367.55227500851));
#3719 = CARTESIAN_POINT('',(3.88838571117,368.09546988317));
#3720 = CARTESIAN_POINT('',(3.88838571117,369.18453011682));
#3721 = CARTESIAN_POINT('',(3.891397139076,369.72772499149));
#3722 = CARTESIAN_POINT('',(3.897394071608,370.25863398591));
#3723 = CARTESIAN_POINT('',(3.906341417002,370.76602055305));
#3724 = CARTESIAN_POINT('',(3.918170376449,371.237318705));
#3725 = CARTESIAN_POINT('',(3.93276171684,371.65792332467));
#3726 = CARTESIAN_POINT('',(3.949929906371,372.01040932078));
#3727 = CARTESIAN_POINT('',(3.98302327746,372.4570148205));
#3728 = CARTESIAN_POINT('',(3.998054596482,372.60007777935));
#3729 = CARTESIAN_POINT('',(4.014039546271,372.6861974888));
#3730 = CARTESIAN_POINT('',(4.030469622439,372.70582733301));
#3731 = CARTESIAN_POINT('',(4.046805223057,372.65522147787));
#3732 = CARTESIAN_POINT('',(4.062525174877,372.53630730275));
#3733 = CARTESIAN_POINT('',(4.077170031412,372.35674577759));
#3734 = CARTESIAN_POINT('',(4.107427714306,371.83788577808));
#3735 = CARTESIAN_POINT('',(4.121862089025,371.47161305202));
#3736 = CARTESIAN_POINT('',(4.133689212807,371.0532505829));
#3737 = CARTESIAN_POINT('',(4.142983989373,370.59878713369));
#3738 = CARTESIAN_POINT('',(4.149837382754,370.12101764809));
#3739 = CARTESIAN_POINT('',(4.154344422809,369.6299816782));
#3740 = CARTESIAN_POINT('',(4.156580559674,369.13389878263));
#3741 = CARTESIAN_POINT('',(4.156580559674,368.64));
#3742 = ( GEOMETRIC_REPRESENTATION_CONTEXT(2) 
PARAMETRIC_REPRESENTATION_CONTEXT() REPRESENTATION_CONTEXT('2D SPACE',''
  ) );
#3743 = ORIENTED_EDGE('',*,*,#3744,.T.);
#3744 = EDGE_CURVE('',#3599,#1620,#3745,.T.);
#3745 = SEAM_CURVE('',#3746,(#3750,#3757),.PCURVE_S1.);
#3746 = LINE('',#3747,#3748);
#3747 = CARTESIAN_POINT('',(3.78772051798,33.714242138787,548.64));
#3748 = VECTOR('',#3749,1.);
#3749 = DIRECTION('',(-0.321439465303,-0.946930129495,-0.));
#3750 = PCURVE('',#1787,#3751);
#3751 = DEFINITIONAL_REPRESENTATION('',(#3752),#3756);
#3752 = LINE('',#3753,#3754);
#3753 = CARTESIAN_POINT('',(6.28318530718,0.));
#3754 = VECTOR('',#3755,1.);
#3755 = DIRECTION('',(0.,-1.));
#3756 = ( GEOMETRIC_REPRESENTATION_CONTEXT(2) 
PARAMETRIC_REPRESENTATION_CONTEXT() REPRESENTATION_CONTEXT('2D SPACE',''
  ) );
#3757 = PCURVE('',#1787,#3758);
#3758 = DEFINITIONAL_REPRESENTATION('',(#3759),#3763);
#3759 = LINE('',#3760,#3761);
#3760 = CARTESIAN_POINT('',(0.,0.));
#3761 = VECTOR('',#3762,1.);
#3762 = DIRECTION('',(0.,-1.));
#3763 = ( GEOMETRIC_REPRESENTATION_CONTEXT(2) 
PARAMETRIC_REPRESENTATION_CONTEXT() REPRESENTATION_CONTEXT('2D SPACE',''
  ) );
#3764 = ORIENTED_EDGE('',*,*,#1619,.T.);
#3765 = ORIENTED_EDGE('',*,*,#3744,.F.);
#3766 = ADVANCED_FACE('',(#3767),#1965,.F.);
#3767 = FACE_BOUND('',#3768,.F.);
#3768 = EDGE_LOOP('',(#3769,#3793,#3816,#3960,#3961,#3983));
#3769 = ORIENTED_EDGE('',*,*,#3770,.F.);
#3770 = EDGE_CURVE('',#3771,#1878,#3773,.T.);
#3771 = VERTEX_POINT('',#3772);
#3772 = CARTESIAN_POINT('',(-3.78772051798,-33.71424213878,548.64));
#3773 = SURFACE_CURVE('',#3774,(#3779,#3786),.PCURVE_S1.);
#3774 = CIRCLE('',#3775,4.);
#3775 = AXIS2_PLACEMENT_3D('',#3776,#3777,#3778);
#3776 = CARTESIAN_POINT('',(-6.429395695524E-15,-35.,548.64));
#3777 = DIRECTION('',(-0.321439465303,-0.946930129495,-0.));
#3778 = DIRECTION('',(-0.946930129495,0.321439465303,0.));
#3779 = PCURVE('',#1965,#3780);
#3780 = DEFINITIONAL_REPRESENTATION('',(#3781),#3785);
#3781 = LINE('',#3782,#3783);
#3782 = CARTESIAN_POINT('',(0.,0.));
#3783 = VECTOR('',#3784,1.);
#3784 = DIRECTION('',(1.,0.));
#3785 = ( GEOMETRIC_REPRESENTATION_CONTEXT(2) 
PARAMETRIC_REPRESENTATION_CONTEXT() REPRESENTATION_CONTEXT('2D SPACE',''
  ) );
#3786 = PCURVE('',#2025,#3787);
#3787 = DEFINITIONAL_REPRESENTATION('',(#3788),#3792);
#3788 = CIRCLE('',#3789,4.);
#3789 = AXIS2_PLACEMENT_2D('',#3790,#3791);
#3790 = CARTESIAN_POINT('',(2.563950248511E-16,-3.49503809816E-16));
#3791 = DIRECTION('',(1.,0.));
#3792 = ( GEOMETRIC_REPRESENTATION_CONTEXT(2) 
PARAMETRIC_REPRESENTATION_CONTEXT() REPRESENTATION_CONTEXT('2D SPACE',''
  ) );
#3793 = ORIENTED_EDGE('',*,*,#3794,.T.);
#3794 = EDGE_CURVE('',#3771,#3795,#3797,.T.);
#3795 = VERTEX_POINT('',#3796);
#3796 = CARTESIAN_POINT('',(-3.15295758244,-31.84429083027,548.64));
#3797 = SEAM_CURVE('',#3798,(#3802,#3809),.PCURVE_S1.);
#3798 = LINE('',#3799,#3800);
#3799 = CARTESIAN_POINT('',(-3.78772051798,-33.71424213878,548.64));
#3800 = VECTOR('',#3801,1.);
#3801 = DIRECTION('',(0.321439465303,0.946930129495,0.));
#3802 = PCURVE('',#1965,#3803);
#3803 = DEFINITIONAL_REPRESENTATION('',(#3804),#3808);
#3804 = LINE('',#3805,#3806);
#3805 = CARTESIAN_POINT('',(6.28318530718,0.));
#3806 = VECTOR('',#3807,1.);
#3807 = DIRECTION('',(0.,-1.));
#3808 = ( GEOMETRIC_REPRESENTATION_CONTEXT(2) 
PARAMETRIC_REPRESENTATION_CONTEXT() REPRESENTATION_CONTEXT('2D SPACE',''
  ) );
#3809 = PCURVE('',#1965,#3810);
#3810 = DEFINITIONAL_REPRESENTATION('',(#3811),#3815);
#3811 = LINE('',#3812,#3813);
#3812 = CARTESIAN_POINT('',(0.,0.));
#3813 = VECTOR('',#3814,1.);
#3814 = DIRECTION('',(0.,-1.));
#3815 = ( GEOMETRIC_REPRESENTATION_CONTEXT(2) 
PARAMETRIC_REPRESENTATION_CONTEXT() REPRESENTATION_CONTEXT('2D SPACE',''
  ) );
#3816 = ORIENTED_EDGE('',*,*,#3817,.T.);
#3817 = EDGE_CURVE('',#3795,#3795,#3818,.T.);
#3818 = SURFACE_CURVE('',#3819,(#3864,#3912),.PCURVE_S1.);
#3819 = B_SPLINE_CURVE_WITH_KNOTS('',8,(#3820,#3821,#3822,#3823,#3824,
    #3825,#3826,#3827,#3828,#3829,#3830,#3831,#3832,#3833,#3834,#3835,
    #3836,#3837,#3838,#3839,#3840,#3841,#3842,#3843,#3844,#3845,#3846,
    #3847,#3848,#3849,#3850,#3851,#3852,#3853,#3854,#3855,#3856,#3857,
    #3858,#3859,#3860,#3861,#3862,#3863),.UNSPECIFIED.,.T.,.F.,(9,7,7,7,
    7,7,9),(0.,0.173624956432,0.308413503832,0.499999999556,
    0.69158649528,0.82637504268,1.),.UNSPECIFIED.);
#3820 = CARTESIAN_POINT('',(-3.15295758244,-31.84429083027,548.64));
#3821 = CARTESIAN_POINT('',(-3.15295758244,-31.84429083027,
    548.14610121737));
#3822 = CARTESIAN_POINT('',(-3.081749327265,-31.85134159623,
    547.65001832176));
#3823 = CARTESIAN_POINT('',(-2.938226189561,-31.86555025146,
    547.15898235194));
#3824 = CARTESIAN_POINT('',(-2.719895429714,-31.8862723628,
    546.68121286628));
#3825 = CARTESIAN_POINT('',(-2.423551893727,-31.91193157953,
    546.22674941709));
#3826 = CARTESIAN_POINT('',(-2.046030735579,-31.9397673829,
    545.80838694799));
#3827 = CARTESIAN_POINT('',(-1.584719474068,-31.96538412236,
    545.44211422191));
#3828 = CARTESIAN_POINT('',(-0.616985034806,-31.99684975718,
    544.9232542224));
#3829 = CARTESIAN_POINT('',(-0.148389129025,-32.00568760621,
    544.74369269724));
#3830 = CARTESIAN_POINT('',(0.35476361296,-32.0068429205,544.62477852213
    ));
#3831 = CARTESIAN_POINT('',(0.877629514875,-31.99800849381,
    544.57417266698));
#3832 = CARTESIAN_POINT('',(1.403233460944,-31.97829479088,
    544.59380251119));
#3833 = CARTESIAN_POINT('',(1.914042179647,-31.94906340929,
    544.67992222065));
#3834 = CARTESIAN_POINT('',(2.393764710689,-31.91333833507,
    544.82298517949));
#3835 = CARTESIAN_POINT('',(3.448604946528,-31.81970396138,
    545.26959067921));
#3836 = CARTESIAN_POINT('',(3.994615046959,-31.7573808298,
    545.62207667532));
#3837 = CARTESIAN_POINT('',(4.457408708742,-31.69422732516,
    546.04268129499));
#3838 = CARTESIAN_POINT('',(4.83159404167,-31.63671958801,
    546.51397944694));
#3839 = CARTESIAN_POINT('',(5.114080488511,-31.59001756639,
    547.02136601408));
#3840 = CARTESIAN_POINT('',(5.30323187163,-31.55764617115,
    547.55227500851));
#3841 = CARTESIAN_POINT('',(5.398216527593,-31.54138960669,
    548.09546988317));
#3842 = CARTESIAN_POINT('',(5.398216527593,-31.54138960669,
    549.18453011682));
#3843 = CARTESIAN_POINT('',(5.303231871629,-31.55764617115,
    549.72772499148));
#3844 = CARTESIAN_POINT('',(5.114080488514,-31.59001756639,
    550.25863398592));
#3845 = CARTESIAN_POINT('',(4.831594041666,-31.63671958801,
    550.76602055304));
#3846 = CARTESIAN_POINT('',(4.457408708745,-31.69422732516,551.237318705
    ));
#3847 = CARTESIAN_POINT('',(3.994615046958,-31.7573808298,
    551.65792332467));
#3848 = CARTESIAN_POINT('',(3.448604946528,-31.81970396138,
    552.01040932078));
#3849 = CARTESIAN_POINT('',(2.393764710689,-31.91333833507,
    552.4570148205));
#3850 = CARTESIAN_POINT('',(1.914042179646,-31.94906340929,
    552.60007777935));
#3851 = CARTESIAN_POINT('',(1.403233460947,-31.97829479088,
    552.6861974888));
#3852 = CARTESIAN_POINT('',(0.877629514871,-31.99800849381,
    552.70582733301));
#3853 = CARTESIAN_POINT('',(0.354763612961,-32.0068429205,
    552.65522147786));
#3854 = CARTESIAN_POINT('',(-0.148389129025,-32.00568760621,
    552.53630730275));
#3855 = CARTESIAN_POINT('',(-0.616985034807,-31.99684975718,
    552.35674577759));
#3856 = CARTESIAN_POINT('',(-1.584719476853,-31.96538412227,
    551.83788577659));
#3857 = CARTESIAN_POINT('',(-2.046030725134,-31.9397673833,
    551.47161306014));
#3858 = CARTESIAN_POINT('',(-2.423551912313,-31.91193157875,
    551.05325056324));
#3859 = CARTESIAN_POINT('',(-2.719895411077,-31.88627236364,
    550.59878716057));
#3860 = CARTESIAN_POINT('',(-2.938226200002,-31.86555025097,
    550.12101762611));
#3861 = CARTESIAN_POINT('',(-3.081749324597,-31.85134159636,
    549.6299816886));
#3862 = CARTESIAN_POINT('',(-3.15295758244,-31.84429083027,
    549.1338987803));
#3863 = CARTESIAN_POINT('',(-3.15295758244,-31.84429083027,548.64));
#3864 = PCURVE('',#1965,#3865);
#3865 = DEFINITIONAL_REPRESENTATION('',(#3866),#3911);
#3866 = B_SPLINE_CURVE_WITH_KNOTS('',8,(#3867,#3868,#3869,#3870,#3871,
    #3872,#3873,#3874,#3875,#3876,#3877,#3878,#3879,#3880,#3881,#3882,
    #3883,#3884,#3885,#3886,#3887,#3888,#3889,#3890,#3891,#3892,#3893,
    #3894,#3895,#3896,#3897,#3898,#3899,#3900,#3901,#3902,#3903,#3904,
    #3905,#3906,#3907,#3908,#3909,#3910),.UNSPECIFIED.,.F.,.F.,(9,7,7,7,
    7,7,9),(0.,0.173624956432,0.308413503832,0.499999999556,
    0.69158649528,0.82637504268,1.),.UNSPECIFIED.);
#3867 = CARTESIAN_POINT('',(0.,-1.974751093311));
#3868 = CARTESIAN_POINT('',(0.123474695657,-1.974751093311));
#3869 = CARTESIAN_POINT('',(0.247495916656,-1.990963654058));
#3870 = CARTESIAN_POINT('',(0.373120664995,-2.023643050962));
#3871 = CARTESIAN_POINT('',(0.50128328208,-2.074200782098));
#3872 = CARTESIAN_POINT('',(0.632899815601,-2.145159804426));
#3873 = CARTESIAN_POINT('',(0.76901539215,-2.24015144275));
#3874 = CARTESIAN_POINT('',(0.910837279072,-2.364177825575));
#3875 = CARTESIAN_POINT('',(1.176308750347,-2.645450108632));
#3876 = CARTESIAN_POINT('',(1.295650648553,-2.787706500504));
#3877 = CARTESIAN_POINT('',(1.416561534122,-2.948345646944));
#3878 = CARTESIAN_POINT('',(1.537835961989,-3.124780967694));
#3879 = CARTESIAN_POINT('',(1.658393424723,-3.312398318345));
#3880 = CARTESIAN_POINT('',(1.777126094693,-3.504272475713));
#3881 = CARTESIAN_POINT('',(1.892626874468,-3.692303378737));
#3882 = CARTESIAN_POINT('',(2.159314508651,-4.120035869734));
#3883 = CARTESIAN_POINT('',(2.30904476552,-4.354560715524));
#3884 = CARTESIAN_POINT('',(2.453796307187,-4.563122819041));
#3885 = CARTESIAN_POINT('',(2.594784279469,-4.737856561363));
#3886 = CARTESIAN_POINT('',(2.733092059459,-4.872882405172));
#3887 = CARTESIAN_POINT('',(2.869660928373,-4.964336574115));
#3888 = CARTESIAN_POINT('',(3.005460124384,-5.010262221827));
#3889 = CARTESIAN_POINT('',(3.277725182796,-5.010262221827));
#3890 = CARTESIAN_POINT('',(3.413524378805,-4.964336574115));
#3891 = CARTESIAN_POINT('',(3.550093247722,-4.872882405172));
#3892 = CARTESIAN_POINT('',(3.68840102771,-4.737856561362));
#3893 = CARTESIAN_POINT('',(3.829388999992,-4.563122819041));
#3894 = CARTESIAN_POINT('',(3.974140541659,-4.354560715524));
#3895 = CARTESIAN_POINT('',(4.123870798529,-4.120035869734));
#3896 = CARTESIAN_POINT('',(4.390558432711,-3.692303378737));
#3897 = CARTESIAN_POINT('',(4.506059212486,-3.504272475713));
#3898 = CARTESIAN_POINT('',(4.624791882457,-3.312398318347));
#3899 = CARTESIAN_POINT('',(4.74534934519,-3.124780967692));
#3900 = CARTESIAN_POINT('',(4.866623773058,-2.948345646945));
#3901 = CARTESIAN_POINT('',(4.987534658626,-2.787706500504));
#3902 = CARTESIAN_POINT('',(5.106876556833,-2.645450108632));
#3903 = CARTESIAN_POINT('',(5.372348028872,-2.364177824765));
#3904 = CARTESIAN_POINT('',(5.514169911612,-2.240151445734));
#3905 = CARTESIAN_POINT('',(5.650285498839,-2.14515979919));
#3906 = CARTESIAN_POINT('',(5.781902016132,-2.074200787291));
#3907 = CARTESIAN_POINT('',(5.91006464889,-2.023643048076));
#3908 = CARTESIAN_POINT('',(6.035689387629,-1.990963654791));
#3909 = CARTESIAN_POINT('',(6.159710612104,-1.974751093311));
#3910 = CARTESIAN_POINT('',(6.28318530718,-1.974751093311));
#3911 = ( GEOMETRIC_REPRESENTATION_CONTEXT(2) 
PARAMETRIC_REPRESENTATION_CONTEXT() REPRESENTATION_CONTEXT('2D SPACE',''
  ) );
#3912 = PCURVE('',#2172,#3913);
#3913 = DEFINITIONAL_REPRESENTATION('',(#3914),#3959);
#3914 = B_SPLINE_CURVE_WITH_KNOTS('',8,(#3915,#3916,#3917,#3918,#3919,
    #3920,#3921,#3922,#3923,#3924,#3925,#3926,#3927,#3928,#3929,#3930,
    #3931,#3932,#3933,#3934,#3935,#3936,#3937,#3938,#3939,#3940,#3941,
    #3942,#3943,#3944,#3945,#3946,#3947,#3948,#3949,#3950,#3951,#3952,
    #3953,#3954,#3955,#3956,#3957,#3958),.UNSPECIFIED.,.T.,.F.,(9,7,7,7,
    7,7,9),(0.,0.173624956432,0.308413503832,0.499999999556,
    0.69158649528,0.82637504268,1.),.UNSPECIFIED.);
#3915 = CARTESIAN_POINT('',(4.613698931597,368.64));
#3916 = CARTESIAN_POINT('',(4.613698931597,368.14610121737));
#3917 = CARTESIAN_POINT('',(4.615935068462,367.65001832176));
#3918 = CARTESIAN_POINT('',(4.620442108518,367.15898235194));
#3919 = CARTESIAN_POINT('',(4.627295501898,366.68121286628));
#3920 = CARTESIAN_POINT('',(4.636590278466,366.22674941709));
#3921 = CARTESIAN_POINT('',(4.648417402245,365.80838694799));
#3922 = CARTESIAN_POINT('',(4.662851776966,365.44211422191));
#3923 = CARTESIAN_POINT('',(4.69310945986,364.9232542224));
#3924 = CARTESIAN_POINT('',(4.707754316395,364.74369269724));
#3925 = CARTESIAN_POINT('',(4.723474268214,364.62477852213));
#3926 = CARTESIAN_POINT('',(4.739809868833,364.57417266698));
#3927 = CARTESIAN_POINT('',(4.756239945,364.59380251119));
#3928 = CARTESIAN_POINT('',(4.77222489479,364.67992222065));
#3929 = CARTESIAN_POINT('',(4.787256213811,364.82298517949));
#3930 = CARTESIAN_POINT('',(4.8203495849,365.26959067921));
#3931 = CARTESIAN_POINT('',(4.837517774432,365.62207667532));
#3932 = CARTESIAN_POINT('',(4.852109114822,366.04268129499));
#3933 = CARTESIAN_POINT('',(4.863938074269,366.51397944694));
#3934 = CARTESIAN_POINT('',(4.872885419664,367.02136601408));
#3935 = CARTESIAN_POINT('',(4.878882352195,367.55227500851));
#3936 = CARTESIAN_POINT('',(4.881893780101,368.09546988317));
#3937 = CARTESIAN_POINT('',(4.881893780101,369.18453011682));
#3938 = CARTESIAN_POINT('',(4.878882352195,369.72772499148));
#3939 = CARTESIAN_POINT('',(4.872885419664,370.25863398592));
#3940 = CARTESIAN_POINT('',(4.863938074269,370.76602055304));
#3941 = CARTESIAN_POINT('',(4.852109114822,371.237318705));
#3942 = CARTESIAN_POINT('',(4.837517774432,371.65792332467));
#3943 = CARTESIAN_POINT('',(4.8203495849,372.01040932078));
#3944 = CARTESIAN_POINT('',(4.787256213811,372.4570148205));
#3945 = CARTESIAN_POINT('',(4.77222489479,372.60007777935));
#3946 = CARTESIAN_POINT('',(4.756239945,372.6861974888));
#3947 = CARTESIAN_POINT('',(4.739809868833,372.70582733301));
#3948 = CARTESIAN_POINT('',(4.723474268214,372.65522147786));
#3949 = CARTESIAN_POINT('',(4.707754316395,372.53630730275));
#3950 = CARTESIAN_POINT('',(4.69310945986,372.35674577759));
#3951 = CARTESIAN_POINT('',(4.662851776878,371.83788577659));
#3952 = CARTESIAN_POINT('',(4.648417402572,371.47161306014));
#3953 = CARTESIAN_POINT('',(4.636590277885,371.05325056324));
#3954 = CARTESIAN_POINT('',(4.627295502481,370.59878716057));
#3955 = CARTESIAN_POINT('',(4.620442108191,370.12101762611));
#3956 = CARTESIAN_POINT('',(4.615935068546,369.6299816886));
#3957 = CARTESIAN_POINT('',(4.613698931597,369.1338987803));
#3958 = CARTESIAN_POINT('',(4.613698931597,368.64));
#3959 = ( GEOMETRIC_REPRESENTATION_CONTEXT(2) 
PARAMETRIC_REPRESENTATION_CONTEXT() REPRESENTATION_CONTEXT('2D SPACE',''
  ) );
#3960 = ORIENTED_EDGE('',*,*,#3794,.F.);
#3961 = ORIENTED_EDGE('',*,*,#3962,.F.);
#3962 = EDGE_CURVE('',#1880,#3771,#3963,.T.);
#3963 = SURFACE_CURVE('',#3964,(#3969,#3976),.PCURVE_S1.);
#3964 = CIRCLE('',#3965,4.);
#3965 = AXIS2_PLACEMENT_3D('',#3966,#3967,#3968);
#3966 = CARTESIAN_POINT('',(-6.429395695524E-15,-35.,548.64));
#3967 = DIRECTION('',(-0.321439465303,-0.946930129495,-0.));
#3968 = DIRECTION('',(-0.946930129495,0.321439465303,0.));
#3969 = PCURVE('',#1965,#3970);
#3970 = DEFINITIONAL_REPRESENTATION('',(#3971),#3975);
#3971 = LINE('',#3972,#3973);
#3972 = CARTESIAN_POINT('',(0.,0.));
#3973 = VECTOR('',#3974,1.);
#3974 = DIRECTION('',(1.,0.));
#3975 = ( GEOMETRIC_REPRESENTATION_CONTEXT(2) 
PARAMETRIC_REPRESENTATION_CONTEXT() REPRESENTATION_CONTEXT('2D SPACE',''
  ) );
#3976 = PCURVE('',#2025,#3977);
#3977 = DEFINITIONAL_REPRESENTATION('',(#3978),#3982);
#3978 = CIRCLE('',#3979,4.);
#3979 = AXIS2_PLACEMENT_2D('',#3980,#3981);
#3980 = CARTESIAN_POINT('',(2.563950248511E-16,-3.49503809816E-16));
#3981 = DIRECTION('',(1.,0.));
#3982 = ( GEOMETRIC_REPRESENTATION_CONTEXT(2) 
PARAMETRIC_REPRESENTATION_CONTEXT() REPRESENTATION_CONTEXT('2D SPACE',''
  ) );
#3983 = ORIENTED_EDGE('',*,*,#1877,.F.);
#3984 = ADVANCED_FACE('',(#3985),#2025,.F.);
#3985 = FACE_BOUND('',#3986,.F.);
#3986 = EDGE_LOOP('',(#3987,#3988,#3989));
#3987 = ORIENTED_EDGE('',*,*,#3962,.T.);
#3988 = ORIENTED_EDGE('',*,*,#3770,.T.);
#3989 = ORIENTED_EDGE('',*,*,#2012,.T.);
#3990 = ADVANCED_FACE('',(#3991,#4039),#2078,.T.);
#3991 = FACE_BOUND('',#3992,.F.);
#3992 = EDGE_LOOP('',(#3993));
#3993 = ORIENTED_EDGE('',*,*,#3994,.F.);
#3994 = EDGE_CURVE('',#3995,#3995,#3997,.T.);
#3995 = VERTEX_POINT('',#3996);
#3996 = CARTESIAN_POINT('',(17.5625,0.,3.));
#3997 = SURFACE_CURVE('',#3998,(#4003,#4010),.PCURVE_S1.);
#3998 = CIRCLE('',#3999,17.5625);
#3999 = AXIS2_PLACEMENT_3D('',#4000,#4001,#4002);
#4000 = CARTESIAN_POINT('',(0.,0.,3.));
#4001 = DIRECTION('',(0.,0.,1.));
#4002 = DIRECTION('',(1.,0.,0.));
#4003 = PCURVE('',#2078,#4004);
#4004 = DEFINITIONAL_REPRESENTATION('',(#4005),#4009);
#4005 = CIRCLE('',#4006,17.5625);
#4006 = AXIS2_PLACEMENT_2D('',#4007,#4008);
#4007 = CARTESIAN_POINT('',(0.,0.));
#4008 = DIRECTION('',(1.,-0.));
#4009 = ( GEOMETRIC_REPRESENTATION_CONTEXT(2) 
PARAMETRIC_REPRESENTATION_CONTEXT() REPRESENTATION_CONTEXT('2D SPACE',''
  ) );
#4010 = PCURVE('',#4011,#4033);
#4011 = SURFACE_OF_REVOLUTION('',#4012,#4030);
#4012 = B_SPLINE_CURVE_WITH_KNOTS('',3,(#4013,#4014,#4015,#4016,#4017,
    #4018,#4019,#4020,#4021,#4022,#4023,#4024,#4025,#4026,#4027,#4028,
    #4029),.UNSPECIFIED.,.F.,.F.,(4,1,1,1,1,1,1,1,1,1,1,1,1,1,4),(0.,
    9.857560870165,22.717563629338,35.582516454848,48.454579179628,
    61.335551890118,74.226784674242,87.129110573434,100.04280496787,
    112.96757319897,125.90256676502,138.84642699802,151.79735381116,
    164.75319595115,177.71155823464),.UNSPECIFIED.);
#4013 = CARTESIAN_POINT('',(17.5625,0.,3.));
#4014 = CARTESIAN_POINT('',(17.576062778527,0.,6.28582549976));
#4015 = CARTESIAN_POINT('',(17.645660354216,0.,13.858167843343));
#4016 = CARTESIAN_POINT('',(17.894575407124,0.,25.716774395613));
#4017 = CARTESIAN_POINT('',(18.344316915509,0.,38.574988777714));
#4018 = CARTESIAN_POINT('',(18.965154366288,0.,51.433033147218));
#4019 = CARTESIAN_POINT('',(19.750094889585,0.,64.290847347905));
#4020 = CARTESIAN_POINT('',(20.689033825819,0.,77.148402399635));
#4021 = CARTESIAN_POINT('',(21.77021135824,0.,90.005677735197));
#4022 = CARTESIAN_POINT('',(22.980005427773,0.,102.86266847403));
#4023 = CARTESIAN_POINT('',(24.303199817689,0.,115.71938355061));
#4024 = CARTESIAN_POINT('',(25.723149985605,0.,128.57584579851));
#4025 = CARTESIAN_POINT('',(27.222001796541,0.,141.43208914663));
#4026 = CARTESIAN_POINT('',(28.780905706999,0.,154.28816173596));
#4027 = CARTESIAN_POINT('',(30.380285000824,0.,167.14410519369));
#4028 = CARTESIAN_POINT('',(31.46003621375,0.,175.7144379403));
#4029 = CARTESIAN_POINT('',(32.,0.,180.));
#4030 = AXIS1_PLACEMENT('',#4031,#4032);
#4031 = CARTESIAN_POINT('',(0.,0.,0.));
#4032 = DIRECTION('',(0.,0.,1.));
#4033 = DEFINITIONAL_REPRESENTATION('',(#4034),#4038);
#4034 = LINE('',#4035,#4036);
#4035 = CARTESIAN_POINT('',(0.,0.));
#4036 = VECTOR('',#4037,1.);
#4037 = DIRECTION('',(1.,0.));
#4038 = ( GEOMETRIC_REPRESENTATION_CONTEXT(2) 
PARAMETRIC_REPRESENTATION_CONTEXT() REPRESENTATION_CONTEXT('2D SPACE',''
  ) );
#4039 = FACE_BOUND('',#4040,.F.);
#4040 = EDGE_LOOP('',(#4041));
#4041 = ORIENTED_EDGE('',*,*,#2063,.F.);
#4042 = ADVANCED_FACE('',(#4043,#4192,#4195,#4198,#4201,#4204,#4207,
    #4210),#2172,.F.);
#4043 = FACE_BOUND('',#4044,.F.);
#4044 = EDGE_LOOP('',(#4045,#4069,#4090,#4091,#4114,#4188,#4189,#4190,
    #4191));
#4045 = ORIENTED_EDGE('',*,*,#4046,.T.);
#4046 = EDGE_CURVE('',#4047,#4047,#4049,.T.);
#4047 = VERTEX_POINT('',#4048);
#4048 = CARTESIAN_POINT('',(32.,0.,180.));
#4049 = SURFACE_CURVE('',#4050,(#4055,#4062),.PCURVE_S1.);
#4050 = CIRCLE('',#4051,32.);
#4051 = AXIS2_PLACEMENT_3D('',#4052,#4053,#4054);
#4052 = CARTESIAN_POINT('',(0.,0.,180.));
#4053 = DIRECTION('',(0.,0.,1.));
#4054 = DIRECTION('',(1.,0.,0.));
#4055 = PCURVE('',#2172,#4056);
#4056 = DEFINITIONAL_REPRESENTATION('',(#4057),#4061);
#4057 = LINE('',#4058,#4059);
#4058 = CARTESIAN_POINT('',(0.,0.));
#4059 = VECTOR('',#4060,1.);
#4060 = DIRECTION('',(1.,0.));
#4061 = ( GEOMETRIC_REPRESENTATION_CONTEXT(2) 
PARAMETRIC_REPRESENTATION_CONTEXT() REPRESENTATION_CONTEXT('2D SPACE',''
  ) );
#4062 = PCURVE('',#4011,#4063);
#4063 = DEFINITIONAL_REPRESENTATION('',(#4064),#4068);
#4064 = LINE('',#4065,#4066);
#4065 = CARTESIAN_POINT('',(0.,177.71155823464));
#4066 = VECTOR('',#4067,1.);
#4067 = DIRECTION('',(1.,0.));
#4068 = ( GEOMETRIC_REPRESENTATION_CONTEXT(2) 
PARAMETRIC_REPRESENTATION_CONTEXT() REPRESENTATION_CONTEXT('2D SPACE',''
  ) );
#4069 = ORIENTED_EDGE('',*,*,#4070,.T.);
#4070 = EDGE_CURVE('',#4047,#2202,#4071,.T.);
#4071 = SEAM_CURVE('',#4072,(#4076,#4083),.PCURVE_S1.);
#4072 = LINE('',#4073,#4074);
#4073 = CARTESIAN_POINT('',(32.,0.,180.));
#4074 = VECTOR('',#4075,1.);
#4075 = DIRECTION('',(0.,0.,1.));
#4076 = PCURVE('',#2172,#4077);
#4077 = DEFINITIONAL_REPRESENTATION('',(#4078),#4082);
#4078 = LINE('',#4079,#4080);
#4079 = CARTESIAN_POINT('',(0.,0.));
#4080 = VECTOR('',#4081,1.);
#4081 = DIRECTION('',(0.,1.));
#4082 = ( GEOMETRIC_REPRESENTATION_CONTEXT(2) 
PARAMETRIC_REPRESENTATION_CONTEXT() REPRESENTATION_CONTEXT('2D SPACE',''
  ) );
#4083 = PCURVE('',#2172,#4084);
#4084 = DEFINITIONAL_REPRESENTATION('',(#4085),#4089);
#4085 = LINE('',#4086,#4087);
#4086 = CARTESIAN_POINT('',(6.28318530718,0.));
#4087 = VECTOR('',#4088,1.);
#4088 = DIRECTION('',(0.,1.));
#4089 = ( GEOMETRIC_REPRESENTATION_CONTEXT(2) 
PARAMETRIC_REPRESENTATION_CONTEXT() REPRESENTATION_CONTEXT('2D SPACE',''
  ) );
#4090 = ORIENTED_EDGE('',*,*,#2201,.F.);
#4091 = ORIENTED_EDGE('',*,*,#4092,.T.);
#4092 = EDGE_CURVE('',#2123,#4093,#4095,.T.);
#4093 = VERTEX_POINT('',#4094);
#4094 = CARTESIAN_POINT('',(32.,0.,592.));
#4095 = SEAM_CURVE('',#4096,(#4100,#4107),.PCURVE_S1.);
#4096 = LINE('',#4097,#4098);
#4097 = CARTESIAN_POINT('',(32.,0.,180.));
#4098 = VECTOR('',#4099,1.);
#4099 = DIRECTION('',(0.,0.,1.));
#4100 = PCURVE('',#2172,#4101);
#4101 = DEFINITIONAL_REPRESENTATION('',(#4102),#4106);
#4102 = LINE('',#4103,#4104);
#4103 = CARTESIAN_POINT('',(0.,0.));
#4104 = VECTOR('',#4105,1.);
#4105 = DIRECTION('',(0.,1.));
#4106 = ( GEOMETRIC_REPRESENTATION_CONTEXT(2) 
PARAMETRIC_REPRESENTATION_CONTEXT() REPRESENTATION_CONTEXT('2D SPACE',''
  ) );
#4107 = PCURVE('',#2172,#4108);
#4108 = DEFINITIONAL_REPRESENTATION('',(#4109),#4113);
#4109 = LINE('',#4110,#4111);
#4110 = CARTESIAN_POINT('',(6.28318530718,0.));
#4111 = VECTOR('',#4112,1.);
#4112 = DIRECTION('',(0.,1.));
#4113 = ( GEOMETRIC_REPRESENTATION_CONTEXT(2) 
PARAMETRIC_REPRESENTATION_CONTEXT() REPRESENTATION_CONTEXT('2D SPACE',''
  ) );
#4114 = ORIENTED_EDGE('',*,*,#4115,.F.);
#4115 = EDGE_CURVE('',#4093,#4093,#4116,.T.);
#4116 = SURFACE_CURVE('',#4117,(#4122,#4129),.PCURVE_S1.);
#4117 = CIRCLE('',#4118,32.);
#4118 = AXIS2_PLACEMENT_3D('',#4119,#4120,#4121);
#4119 = CARTESIAN_POINT('',(0.,0.,592.));
#4120 = DIRECTION('',(0.,0.,1.));
#4121 = DIRECTION('',(1.,0.,0.));
#4122 = PCURVE('',#2172,#4123);
#4123 = DEFINITIONAL_REPRESENTATION('',(#4124),#4128);
#4124 = LINE('',#4125,#4126);
#4125 = CARTESIAN_POINT('',(0.,412.));
#4126 = VECTOR('',#4127,1.);
#4127 = DIRECTION('',(1.,0.));
#4128 = ( GEOMETRIC_REPRESENTATION_CONTEXT(2) 
PARAMETRIC_REPRESENTATION_CONTEXT() REPRESENTATION_CONTEXT('2D SPACE',''
  ) );
#4129 = PCURVE('',#4130,#4182);
#4130 = SURFACE_OF_REVOLUTION('',#4131,#4179);
#4131 = B_SPLINE_CURVE_WITH_KNOTS('',3,(#4132,#4133,#4134,#4135,#4136,
    #4137,#4138,#4139,#4140,#4141,#4142,#4143,#4144,#4145,#4146,#4147,
    #4148,#4149,#4150,#4151,#4152,#4153,#4154,#4155,#4156,#4157,#4158,
    #4159,#4160,#4161,#4162,#4163,#4164,#4165,#4166,#4167,#4168,#4169,
    #4170,#4171,#4172,#4173,#4174,#4175,#4176,#4177,#4178),
  .UNSPECIFIED.,.F.,.F.,(4,1,1,1,1,1,1,1,1,1,1,1,1,1,1,1,1,1,1,1,1,1,1,1
    ,1,1,1,1,1,1,1,1,1,1,1,1,1,1,1,1,1,1,1,1,4),(0.,3.864962552121,
    7.732971618758,11.603854533008,15.477554937183,19.354037432185,
    23.233279914907,27.115270870152,31.000007985221,34.887497347459,
    38.777752979002,42.670796602396,46.566657584248,50.465373029548,
    54.366988013847,58.271555950027,62.179139093867,66.08980919916,
    70.003648339812,73.920749923681,77.841219931695,81.765178426627,
    85.69276138991,89.624122963334,93.559438197229,97.498906440721,
    101.44275555689,105.39124721266,109.34468358987,113.30341600645,
    117.26785615056,121.23849096147,125.21590271426,129.20079672251,
    133.1940405258,137.19672099563,141.21023055937,145.23640312158,
    149.27774009934,153.33781288145,157.42204734752,161.53945995814,
    165.70732001525,169.81961762623,170.68325398987),.UNSPECIFIED.);
#4132 = CARTESIAN_POINT('',(32.,0.,592.));
#4133 = CARTESIAN_POINT('',(31.983311317453,0.,593.28840564609));
#4134 = CARTESIAN_POINT('',(31.912726153903,0.,595.86516004613));
#4135 = CARTESIAN_POINT('',(31.722745225607,0.,599.72870207135));
#4136 = CARTESIAN_POINT('',(31.485153528895,0.,603.59231532543));
#4137 = CARTESIAN_POINT('',(31.204938872956,0.,607.45593171876));
#4138 = CARTESIAN_POINT('',(30.889012720241,0.,611.31955654081));
#4139 = CARTESIAN_POINT('',(30.540908133012,0.,615.18318612886));
#4140 = CARTESIAN_POINT('',(30.163499888553,0.,619.0468204254));
#4141 = CARTESIAN_POINT('',(29.758869730149,0.,622.91045885524));
#4142 = CARTESIAN_POINT('',(29.328659196539,0.,626.77410122366));
#4143 = CARTESIAN_POINT('',(28.874160946908,0.,630.63774739233));
#4144 = CARTESIAN_POINT('',(28.396411290362,0.,634.50139732631));
#4145 = CARTESIAN_POINT('',(27.896242828278,0.,638.36505106066));
#4146 = CARTESIAN_POINT('',(27.374323553464,0.,642.22870869912));
#4147 = CARTESIAN_POINT('',(26.831183913494,0.,646.09237041073));
#4148 = CARTESIAN_POINT('',(26.26723650102,0.,649.9560364319));
#4149 = CARTESIAN_POINT('',(25.68279024447,0.,653.8197070712));
#4150 = CARTESIAN_POINT('',(25.078060583944,0.,657.68338271743));
#4151 = CARTESIAN_POINT('',(24.453176522943,0.,661.54706385124));
#4152 = CARTESIAN_POINT('',(23.808185155923,0.,665.41075106079));
#4153 = CARTESIAN_POINT('',(23.143054044351,0.,669.27444506266));
#4154 = CARTESIAN_POINT('',(22.457671654689,0.,673.13814672924));
#4155 = CARTESIAN_POINT('',(21.751845942572,0.,677.00185712488));
#4156 = CARTESIAN_POINT('',(21.025301054157,0.,680.86557755354));
#4157 = CARTESIAN_POINT('',(20.277672003629,0.,684.72930962238));
#4158 = CARTESIAN_POINT('',(19.508497062366,0.,688.59305532728));
#4159 = CARTESIAN_POINT('',(18.717207446735,0.,692.45681716961));
#4160 = CARTESIAN_POINT('',(17.903113697206,0.,696.32059831772));
#4161 = CARTESIAN_POINT('',(17.065387883483,0.,700.18440283424));
#4162 = CARTESIAN_POINT('',(16.203040378057,0.,704.04823600252));
#4163 = CARTESIAN_POINT('',(15.31488946462,0.,707.91210480342));
#4164 = CARTESIAN_POINT('',(14.399520955274,0.,711.77601863729));
#4165 = CARTESIAN_POINT('',(13.455234699736,0.,715.63999041697));
#4166 = CARTESIAN_POINT('',(12.479969078657,0.,719.50403839241));
#4167 = CARTESIAN_POINT('',(11.471205068575,0.,723.36818886154));
#4168 = CARTESIAN_POINT('',(10.425793320576,0.,727.2324820332));
#4169 = CARTESIAN_POINT('',(9.339832222502,0.,731.09697824693));
#4170 = CARTESIAN_POINT('',(8.207971883447,0.,734.96178719538));
#4171 = CARTESIAN_POINT('',(7.024220541135,0.,738.82706350168));
#4172 = CARTESIAN_POINT('',(5.775931733994,0.,742.69325422597));
#4173 = CARTESIAN_POINT('',(4.461105814767,0.,746.56074167467));
#4174 = CARTESIAN_POINT('',(3.012659051164,0.,750.43289783448));
#4175 = CARTESIAN_POINT('',(1.578262289942,0.,754.2652777264));
#4176 = CARTESIAN_POINT('',(2.548321958961E-02,0.,757.04944760998));
#4177 = CARTESIAN_POINT('',(2.410976879097E-02,0.,758.70766046477));
#4178 = CARTESIAN_POINT('',(5.E-02,0.,759.));
#4179 = AXIS1_PLACEMENT('',#4180,#4181);
#4180 = CARTESIAN_POINT('',(0.,0.,0.));
#4181 = DIRECTION('',(0.,0.,1.));
#4182 = DEFINITIONAL_REPRESENTATION('',(#4183),#4187);
#4183 = LINE('',#4184,#4185);
#4184 = CARTESIAN_POINT('',(0.,0.));
#4185 = VECTOR('',#4186,1.);
#4186 = DIRECTION('',(1.,0.));
#4187 = ( GEOMETRIC_REPRESENTATION_CONTEXT(2) 
PARAMETRIC_REPRESENTATION_CONTEXT() REPRESENTATION_CONTEXT('2D SPACE',''
  ) );
#4188 = ORIENTED_EDGE('',*,*,#4092,.F.);
#4189 = ORIENTED_EDGE('',*,*,#2122,.F.);
#4190 = ORIENTED_EDGE('',*,*,#2341,.F.);
#4191 = ORIENTED_EDGE('',*,*,#4070,.F.);
#4192 = FACE_BOUND('',#4193,.F.);
#4193 = EDGE_LOOP('',(#4194));
#4194 = ORIENTED_EDGE('',*,*,#2935,.F.);
#4195 = FACE_BOUND('',#4196,.F.);
#4196 = EDGE_LOOP('',(#4197));
#4197 = ORIENTED_EDGE('',*,*,#3422,.F.);
#4198 = FACE_BOUND('',#4199,.F.);
#4199 = EDGE_LOOP('',(#4200));
#4200 = ORIENTED_EDGE('',*,*,#3598,.T.);
#4201 = FACE_BOUND('',#4202,.F.);
#4202 = EDGE_LOOP('',(#4203));
#4203 = ORIENTED_EDGE('',*,*,#3817,.F.);
#4204 = FACE_BOUND('',#4205,.F.);
#4205 = EDGE_LOOP('',(#4206));
#4206 = ORIENTED_EDGE('',*,*,#2544,.T.);
#4207 = FACE_BOUND('',#4208,.F.);
#4208 = EDGE_LOOP('',(#4209));
#4209 = ORIENTED_EDGE('',*,*,#2716,.T.);
#4210 = FACE_BOUND('',#4211,.F.);
#4211 = EDGE_LOOP('',(#4212));
#4212 = ORIENTED_EDGE('',*,*,#3112,.T.);
#4213 = ADVANCED_FACE('',(#4214),#2523,.T.);
#4214 = FACE_BOUND('',#4215,.T.);
#4215 = EDGE_LOOP('',(#4216));
#4216 = ORIENTED_EDGE('',*,*,#2508,.T.);
#4217 = ADVANCED_FACE('',(#4218),#4011,.F.);
#4218 = FACE_BOUND('',#4219,.F.);
#4219 = EDGE_LOOP('',(#4220,#4221,#4256,#4257));
#4220 = ORIENTED_EDGE('',*,*,#3994,.T.);
#4221 = ORIENTED_EDGE('',*,*,#4222,.T.);
#4222 = EDGE_CURVE('',#3995,#4047,#4223,.T.);
#4223 = SEAM_CURVE('',#4224,(#4242,#4249),.PCURVE_S1.);
#4224 = B_SPLINE_CURVE_WITH_KNOTS('',3,(#4225,#4226,#4227,#4228,#4229,
    #4230,#4231,#4232,#4233,#4234,#4235,#4236,#4237,#4238,#4239,#4240,
    #4241),.UNSPECIFIED.,.F.,.F.,(4,1,1,1,1,1,1,1,1,1,1,1,1,1,4),(0.,
    9.857560870165,22.717563629338,35.582516454848,48.454579179628,
    61.335551890118,74.226784674242,87.129110573434,100.04280496787,
    112.96757319897,125.90256676502,138.84642699802,151.79735381116,
    164.75319595115,177.71155823464),.UNSPECIFIED.);
#4225 = CARTESIAN_POINT('',(17.5625,0.,3.));
#4226 = CARTESIAN_POINT('',(17.576062778527,0.,6.28582549976));
#4227 = CARTESIAN_POINT('',(17.645660354216,0.,13.858167843343));
#4228 = CARTESIAN_POINT('',(17.894575407124,0.,25.716774395613));
#4229 = CARTESIAN_POINT('',(18.344316915509,0.,38.574988777714));
#4230 = CARTESIAN_POINT('',(18.965154366288,0.,51.433033147218));
#4231 = CARTESIAN_POINT('',(19.750094889585,0.,64.290847347905));
#4232 = CARTESIAN_POINT('',(20.689033825819,0.,77.148402399635));
#4233 = CARTESIAN_POINT('',(21.77021135824,0.,90.005677735197));
#4234 = CARTESIAN_POINT('',(22.980005427773,0.,102.86266847403));
#4235 = CARTESIAN_POINT('',(24.303199817689,0.,115.71938355061));
#4236 = CARTESIAN_POINT('',(25.723149985605,0.,128.57584579851));
#4237 = CARTESIAN_POINT('',(27.222001796541,0.,141.43208914663));
#4238 = CARTESIAN_POINT('',(28.780905706999,0.,154.28816173596));
#4239 = CARTESIAN_POINT('',(30.380285000824,0.,167.14410519369));
#4240 = CARTESIAN_POINT('',(31.46003621375,0.,175.7144379403));
#4241 = CARTESIAN_POINT('',(32.,0.,180.));
#4242 = PCURVE('',#4011,#4243);
#4243 = DEFINITIONAL_REPRESENTATION('',(#4244),#4248);
#4244 = LINE('',#4245,#4246);
#4245 = CARTESIAN_POINT('',(0.,0.));
#4246 = VECTOR('',#4247,1.);
#4247 = DIRECTION('',(0.,1.));
#4248 = ( GEOMETRIC_REPRESENTATION_CONTEXT(2) 
PARAMETRIC_REPRESENTATION_CONTEXT() REPRESENTATION_CONTEXT('2D SPACE',''
  ) );
#4249 = PCURVE('',#4011,#4250);
#4250 = DEFINITIONAL_REPRESENTATION('',(#4251),#4255);
#4251 = LINE('',#4252,#4253);
#4252 = CARTESIAN_POINT('',(6.28318530718,0.));
#4253 = VECTOR('',#4254,1.);
#4254 = DIRECTION('',(0.,1.));
#4255 = ( GEOMETRIC_REPRESENTATION_CONTEXT(2) 
PARAMETRIC_REPRESENTATION_CONTEXT() REPRESENTATION_CONTEXT('2D SPACE',''
  ) );
#4256 = ORIENTED_EDGE('',*,*,#4046,.F.);
#4257 = ORIENTED_EDGE('',*,*,#4222,.F.);
#4258 = ADVANCED_FACE('',(#4259),#4130,.F.);
#4259 = FACE_BOUND('',#4260,.F.);
#4260 = EDGE_LOOP('',(#4261,#4262,#4329,#4356));
#4261 = ORIENTED_EDGE('',*,*,#4115,.T.);
#4262 = ORIENTED_EDGE('',*,*,#4263,.T.);
#4263 = EDGE_CURVE('',#4093,#4264,#4266,.T.);
#4264 = VERTEX_POINT('',#4265);
#4265 = CARTESIAN_POINT('',(5.E-02,0.,759.));
#4266 = SEAM_CURVE('',#4267,(#4315,#4322),.PCURVE_S1.);
#4267 = B_SPLINE_CURVE_WITH_KNOTS('',3,(#4268,#4269,#4270,#4271,#4272,
    #4273,#4274,#4275,#4276,#4277,#4278,#4279,#4280,#4281,#4282,#4283,
    #4284,#4285,#4286,#4287,#4288,#4289,#4290,#4291,#4292,#4293,#4294,
    #4295,#4296,#4297,#4298,#4299,#4300,#4301,#4302,#4303,#4304,#4305,
    #4306,#4307,#4308,#4309,#4310,#4311,#4312,#4313,#4314),
  .UNSPECIFIED.,.F.,.F.,(4,1,1,1,1,1,1,1,1,1,1,1,1,1,1,1,1,1,1,1,1,1,1,1
    ,1,1,1,1,1,1,1,1,1,1,1,1,1,1,1,1,1,1,1,1,4),(0.,3.864962552121,
    7.732971618758,11.603854533008,15.477554937183,19.354037432185,
    23.233279914907,27.115270870152,31.000007985221,34.887497347459,
    38.777752979002,42.670796602396,46.566657584248,50.465373029548,
    54.366988013847,58.271555950027,62.179139093867,66.08980919916,
    70.003648339812,73.920749923681,77.841219931695,81.765178426627,
    85.69276138991,89.624122963334,93.559438197229,97.498906440721,
    101.44275555689,105.39124721266,109.34468358987,113.30341600645,
    117.26785615056,121.23849096147,125.21590271426,129.20079672251,
    133.1940405258,137.19672099563,141.21023055937,145.23640312158,
    149.27774009934,153.33781288145,157.42204734752,161.53945995814,
    165.70732001525,169.81961762623,170.68325398987),.UNSPECIFIED.);
#4268 = CARTESIAN_POINT('',(32.,0.,592.));
#4269 = CARTESIAN_POINT('',(31.983311317453,0.,593.28840564609));
#4270 = CARTESIAN_POINT('',(31.912726153903,0.,595.86516004613));
#4271 = CARTESIAN_POINT('',(31.722745225607,0.,599.72870207135));
#4272 = CARTESIAN_POINT('',(31.485153528895,0.,603.59231532543));
#4273 = CARTESIAN_POINT('',(31.204938872956,0.,607.45593171876));
#4274 = CARTESIAN_POINT('',(30.889012720241,0.,611.31955654081));
#4275 = CARTESIAN_POINT('',(30.540908133012,0.,615.18318612886));
#4276 = CARTESIAN_POINT('',(30.163499888553,0.,619.0468204254));
#4277 = CARTESIAN_POINT('',(29.758869730149,0.,622.91045885524));
#4278 = CARTESIAN_POINT('',(29.328659196539,0.,626.77410122366));
#4279 = CARTESIAN_POINT('',(28.874160946908,0.,630.63774739233));
#4280 = CARTESIAN_POINT('',(28.396411290362,0.,634.50139732631));
#4281 = CARTESIAN_POINT('',(27.896242828278,0.,638.36505106066));
#4282 = CARTESIAN_POINT('',(27.374323553464,0.,642.22870869912));
#4283 = CARTESIAN_POINT('',(26.831183913494,0.,646.09237041073));
#4284 = CARTESIAN_POINT('',(26.26723650102,0.,649.9560364319));
#4285 = CARTESIAN_POINT('',(25.68279024447,0.,653.8197070712));
#4286 = CARTESIAN_POINT('',(25.078060583944,0.,657.68338271743));
#4287 = CARTESIAN_POINT('',(24.453176522943,0.,661.54706385124));
#4288 = CARTESIAN_POINT('',(23.808185155923,0.,665.41075106079));
#4289 = CARTESIAN_POINT('',(23.143054044351,0.,669.27444506266));
#4290 = CARTESIAN_POINT('',(22.457671654689,0.,673.13814672924));
#4291 = CARTESIAN_POINT('',(21.751845942572,0.,677.00185712488));
#4292 = CARTESIAN_POINT('',(21.025301054157,0.,680.86557755354));
#4293 = CARTESIAN_POINT('',(20.277672003629,0.,684.72930962238));
#4294 = CARTESIAN_POINT('',(19.508497062366,0.,688.59305532728));
#4295 = CARTESIAN_POINT('',(18.717207446735,0.,692.45681716961));
#4296 = CARTESIAN_POINT('',(17.903113697206,0.,696.32059831772));
#4297 = CARTESIAN_POINT('',(17.065387883483,0.,700.18440283424));
#4298 = CARTESIAN_POINT('',(16.203040378057,0.,704.04823600252));
#4299 = CARTESIAN_POINT('',(15.31488946462,0.,707.91210480342));
#4300 = CARTESIAN_POINT('',(14.399520955274,0.,711.77601863729));
#4301 = CARTESIAN_POINT('',(13.455234699736,0.,715.63999041697));
#4302 = CARTESIAN_POINT('',(12.479969078657,0.,719.50403839241));
#4303 = CARTESIAN_POINT('',(11.471205068575,0.,723.36818886154));
#4304 = CARTESIAN_POINT('',(10.425793320576,0.,727.2324820332));
#4305 = CARTESIAN_POINT('',(9.339832222502,0.,731.09697824693));
#4306 = CARTESIAN_POINT('',(8.207971883447,0.,734.96178719538));
#4307 = CARTESIAN_POINT('',(7.024220541135,0.,738.82706350168));
#4308 = CARTESIAN_POINT('',(5.775931733994,0.,742.69325422597));
#4309 = CARTESIAN_POINT('',(4.461105814767,0.,746.56074167467));
#4310 = CARTESIAN_POINT('',(3.012659051164,0.,750.43289783448));
#4311 = CARTESIAN_POINT('',(1.578262289942,0.,754.2652777264));
#4312 = CARTESIAN_POINT('',(2.548321958961E-02,0.,757.04944760998));
#4313 = CARTESIAN_POINT('',(2.410976879097E-02,0.,758.70766046477));
#4314 = CARTESIAN_POINT('',(5.E-02,0.,759.));
#4315 = PCURVE('',#4130,#4316);
#4316 = DEFINITIONAL_REPRESENTATION('',(#4317),#4321);
#4317 = LINE('',#4318,#4319);
#4318 = CARTESIAN_POINT('',(0.,0.));
#4319 = VECTOR('',#4320,1.);
#4320 = DIRECTION('',(0.,1.));
#4321 = ( GEOMETRIC_REPRESENTATION_CONTEXT(2) 
PARAMETRIC_REPRESENTATION_CONTEXT() REPRESENTATION_CONTEXT('2D SPACE',''
  ) );
#4322 = PCURVE('',#4130,#4323);
#4323 = DEFINITIONAL_REPRESENTATION('',(#4324),#4328);
#4324 = LINE('',#4325,#4326);
#4325 = CARTESIAN_POINT('',(6.28318530718,0.));
#4326 = VECTOR('',#4327,1.);
#4327 = DIRECTION('',(0.,1.));
#4328 = ( GEOMETRIC_REPRESENTATION_CONTEXT(2) 
PARAMETRIC_REPRESENTATION_CONTEXT() REPRESENTATION_CONTEXT('2D SPACE',''
  ) );
#4329 = ORIENTED_EDGE('',*,*,#4330,.F.);
#4330 = EDGE_CURVE('',#4264,#4264,#4331,.T.);
#4331 = SURFACE_CURVE('',#4332,(#4337,#4344),.PCURVE_S1.);
#4332 = CIRCLE('',#4333,5.E-02);
#4333 = AXIS2_PLACEMENT_3D('',#4334,#4335,#4336);
#4334 = CARTESIAN_POINT('',(0.,0.,759.));
#4335 = DIRECTION('',(0.,0.,1.));
#4336 = DIRECTION('',(1.,0.,0.));
#4337 = PCURVE('',#4130,#4338);
#4338 = DEFINITIONAL_REPRESENTATION('',(#4339),#4343);
#4339 = LINE('',#4340,#4341);
#4340 = CARTESIAN_POINT('',(0.,170.68325398987));
#4341 = VECTOR('',#4342,1.);
#4342 = DIRECTION('',(1.,0.));
#4343 = ( GEOMETRIC_REPRESENTATION_CONTEXT(2) 
PARAMETRIC_REPRESENTATION_CONTEXT() REPRESENTATION_CONTEXT('2D SPACE',''
  ) );
#4344 = PCURVE('',#4345,#4350);
#4345 = PLANE('',#4346);
#4346 = AXIS2_PLACEMENT_3D('',#4347,#4348,#4349);
#4347 = CARTESIAN_POINT('',(0.,0.,759.));
#4348 = DIRECTION('',(0.,0.,1.));
#4349 = DIRECTION('',(1.,0.,0.));
#4350 = DEFINITIONAL_REPRESENTATION('',(#4351),#4355);
#4351 = CIRCLE('',#4352,5.E-02);
#4352 = AXIS2_PLACEMENT_2D('',#4353,#4354);
#4353 = CARTESIAN_POINT('',(0.,0.));
#4354 = DIRECTION('',(1.,0.));
#4355 = ( GEOMETRIC_REPRESENTATION_CONTEXT(2) 
PARAMETRIC_REPRESENTATION_CONTEXT() REPRESENTATION_CONTEXT('2D SPACE',''
  ) );
#4356 = ORIENTED_EDGE('',*,*,#4263,.F.);
#4357 = ADVANCED_FACE('',(#4358),#4345,.F.);
#4358 = FACE_BOUND('',#4359,.F.);
#4359 = EDGE_LOOP('',(#4360));
#4360 = ORIENTED_EDGE('',*,*,#4330,.T.);
#4361 = ( GEOMETRIC_REPRESENTATION_CONTEXT(3) 
GLOBAL_UNCERTAINTY_ASSIGNED_CONTEXT((#4365)) 
GLOBAL_UNIT_ASSIGNED_CONTEXT((#4362,#4363,#4364)) REPRESENTATION_CONTEXT
('Context #1','3D Context with UNIT and UNCERTAINTY') );
#4362 = ( LENGTH_UNIT() NAMED_UNIT(*) SI_UNIT(.MILLI.,.METRE.) );
#4363 = ( NAMED_UNIT(*) PLANE_ANGLE_UNIT() SI_UNIT($,.RADIAN.) );
#4364 = ( NAMED_UNIT(*) SI_UNIT($,.STERADIAN.) SOLID_ANGLE_UNIT() );
#4365 = UNCERTAINTY_MEASURE_WITH_UNIT(LENGTH_MEASURE(1.E-07),#4362,
  'distance_accuracy_value','confusion accuracy');
#4366 = PRODUCT_RELATED_PRODUCT_CATEGORY('part',$,(#7));
ENDSEC;
END-ISO-10303-21;
