ISO-10303-21;
HEADER;
FILE_DESCRIPTION(('Open CASCADE Model'),'2;1');
FILE_NAME('rocket','2026-08-12T23:18:34',('Author'),('Open CASCADE'),
  'Open CASCADE STEP processor 7.9','build123d','Unknown');
FILE_SCHEMA(('AUTOMOTIVE_DESIGN { 1 0 10303 214 1 1 1 1 }'));
ENDSEC;
DATA;
#1 = APPLICATION_PROTOCOL_DEFINITION('international standard',
  'automotive_design',2000,#2);
#2 = APPLICATION_CONTEXT(
  'core data for automotive mechanical design processes');
#3 = SHAPE_DEFINITION_REPRESENTATION(#4,#10);
#4 = PRODUCT_DEFINITION_SHAPE('','',#5);
#5 = PRODUCT_DEFINITION('design','',#6,#9);
#6 = PRODUCT_DEFINITION_FORMATION('','',#7);
#7 = PRODUCT('rocket','rocket','',(#8));
#8 = PRODUCT_CONTEXT('',#2,'mechanical');
#9 = PRODUCT_DEFINITION_CONTEXT('part definition',#2,'design');
#10 = SHAPE_REPRESENTATION('',(#11,#15,#19),#23);
#11 = AXIS2_PLACEMENT_3D('',#12,#13,#14);
#12 = CARTESIAN_POINT('',(0.,0.,0.));
#13 = DIRECTION('',(0.,0.,1.));
#14 = DIRECTION('',(1.,0.,-0.));
#15 = AXIS2_PLACEMENT_3D('',#16,#17,#18);
#16 = CARTESIAN_POINT('',(0.,0.,0.));
#17 = DIRECTION('',(0.,0.,1.));
#18 = DIRECTION('',(1.,0.,-0.));
#19 = AXIS2_PLACEMENT_3D('',#20,#21,#22);
#20 = CARTESIAN_POINT('',(0.,0.,592.));
#21 = DIRECTION('',(0.,0.,1.));
#22 = DIRECTION('',(1.,0.,-0.));
#23 = ( GEOMETRIC_REPRESENTATION_CONTEXT(3) 
GLOBAL_UNCERTAINTY_ASSIGNED_CONTEXT((#27)) GLOBAL_UNIT_ASSIGNED_CONTEXT(
(#24,#25,#26)) REPRESENTATION_CONTEXT('Context #1',
  '3D Context with UNIT and UNCERTAINTY') );
#24 = ( LENGTH_UNIT() NAMED_UNIT(*) SI_UNIT(.MILLI.,.METRE.) );
#25 = ( NAMED_UNIT(*) PLANE_ANGLE_UNIT() SI_UNIT($,.RADIAN.) );
#26 = ( NAMED_UNIT(*) SI_UNIT($,.STERADIAN.) SOLID_ANGLE_UNIT() );
#27 = UNCERTAINTY_MEASURE_WITH_UNIT(LENGTH_MEASURE(1.E-07),#24,
  'distance_accuracy_value','confusion accuracy');
#28 = PRODUCT_RELATED_PRODUCT_CATEGORY('part',$,(#7));
#29 = SHAPE_DEFINITION_REPRESENTATION(#30,#36);
#30 = PRODUCT_DEFINITION_SHAPE('','',#31);
#31 = PRODUCT_DEFINITION('design','',#32,#35);
#32 = PRODUCT_DEFINITION_FORMATION('','',#33);
#33 = PRODUCT('airframe','airframe','',(#34));
#34 = PRODUCT_CONTEXT('',#2,'mechanical');
#35 = PRODUCT_DEFINITION_CONTEXT('part definition',#2,'design');
#36 = ADVANCED_BREP_SHAPE_REPRESENTATION('',(#11,#37),#5241);
#37 = MANIFOLD_SOLID_BREP('',#38);
#38 = CLOSED_SHELL('',(#39,#1964,#1999,#2573,#2577,#2582,#2898,#3214,
    #3576,#3582,#4108,#4447,#4452,#4814,#4820,#5136,#5237));
#39 = ADVANCED_FACE('',(#40,#342,#600,#858,#1016,#1313,#1506,#1664),#53,
  .T.);
#40 = FACE_BOUND('',#41,.T.);
#41 = EDGE_LOOP('',(#42,#76,#99,#127,#150,#177,#178,#263,#341));
#42 = ORIENTED_EDGE('',*,*,#43,.T.);
#43 = EDGE_CURVE('',#44,#44,#46,.T.);
#44 = VERTEX_POINT('',#45);
#45 = CARTESIAN_POINT('',(50.,-1.224646799147E-14,0.));
#46 = SURFACE_CURVE('',#47,(#52,#64),.PCURVE_S1.);
#47 = CIRCLE('',#48,50.);
#48 = AXIS2_PLACEMENT_3D('',#49,#50,#51);
#49 = CARTESIAN_POINT('',(0.,0.,0.));
#50 = DIRECTION('',(0.,0.,1.));
#51 = DIRECTION('',(1.,0.,-0.));
#52 = PCURVE('',#53,#58);
#53 = CYLINDRICAL_SURFACE('',#54,50.);
#54 = AXIS2_PLACEMENT_3D('',#55,#56,#57);
#55 = CARTESIAN_POINT('',(0.,0.,0.));
#56 = DIRECTION('',(0.,0.,1.));
#57 = DIRECTION('',(1.,0.,-0.));
#58 = DEFINITIONAL_REPRESENTATION('',(#59),#63);
#59 = LINE('',#60,#61);
#60 = CARTESIAN_POINT('',(0.,0.));
#61 = VECTOR('',#62,1.);
#62 = DIRECTION('',(1.,0.));
#63 = ( GEOMETRIC_REPRESENTATION_CONTEXT(2) 
PARAMETRIC_REPRESENTATION_CONTEXT() REPRESENTATION_CONTEXT('2D SPACE',''
  ) );
#64 = PCURVE('',#65,#70);
#65 = PLANE('',#66);
#66 = AXIS2_PLACEMENT_3D('',#67,#68,#69);
#67 = CARTESIAN_POINT('',(0.,0.,0.));
#68 = DIRECTION('',(0.,0.,1.));
#69 = DIRECTION('',(1.,0.,-0.));
#70 = DEFINITIONAL_REPRESENTATION('',(#71),#75);
#71 = CIRCLE('',#72,50.);
#72 = AXIS2_PLACEMENT_2D('',#73,#74);
#73 = CARTESIAN_POINT('',(0.,0.));
#74 = DIRECTION('',(1.,0.));
#75 = ( GEOMETRIC_REPRESENTATION_CONTEXT(2) 
PARAMETRIC_REPRESENTATION_CONTEXT() REPRESENTATION_CONTEXT('2D SPACE',''
  ) );
#76 = ORIENTED_EDGE('',*,*,#77,.T.);
#77 = EDGE_CURVE('',#44,#78,#80,.T.);
#78 = VERTEX_POINT('',#79);
#79 = CARTESIAN_POINT('',(50.,-4.336229014592E-14,544.64));
#80 = SEAM_CURVE('',#81,(#85,#92),.PCURVE_S1.);
#81 = LINE('',#82,#83);
#82 = CARTESIAN_POINT('',(50.,-1.224646799147E-14,0.));
#83 = VECTOR('',#84,1.);
#84 = DIRECTION('',(0.,0.,1.));
#85 = PCURVE('',#53,#86);
#86 = DEFINITIONAL_REPRESENTATION('',(#87),#91);
#87 = LINE('',#88,#89);
#88 = CARTESIAN_POINT('',(0.,-0.));
#89 = VECTOR('',#90,1.);
#90 = DIRECTION('',(0.,1.));
#91 = ( GEOMETRIC_REPRESENTATION_CONTEXT(2) 
PARAMETRIC_REPRESENTATION_CONTEXT() REPRESENTATION_CONTEXT('2D SPACE',''
  ) );
#92 = PCURVE('',#53,#93);
#93 = DEFINITIONAL_REPRESENTATION('',(#94),#98);
#94 = LINE('',#95,#96);
#95 = CARTESIAN_POINT('',(6.28318530718,-0.));
#96 = VECTOR('',#97,1.);
#97 = DIRECTION('',(0.,1.));
#98 = ( GEOMETRIC_REPRESENTATION_CONTEXT(2) 
PARAMETRIC_REPRESENTATION_CONTEXT() REPRESENTATION_CONTEXT('2D SPACE',''
  ) );
#99 = ORIENTED_EDGE('',*,*,#100,.T.);
#100 = EDGE_CURVE('',#78,#101,#103,.T.);
#101 = VERTEX_POINT('',#102);
#102 = CARTESIAN_POINT('',(50.,-4.293806005043E-14,552.64));
#103 = SURFACE_CURVE('',#104,(#108,#115),.PCURVE_S1.);
#104 = LINE('',#105,#106);
#105 = CARTESIAN_POINT('',(50.,-1.224646799147E-14,0.));
#106 = VECTOR('',#107,1.);
#107 = DIRECTION('',(0.,0.,1.));
#108 = PCURVE('',#53,#109);
#109 = DEFINITIONAL_REPRESENTATION('',(#110),#114);
#110 = LINE('',#111,#112);
#111 = CARTESIAN_POINT('',(6.28318530718,-0.));
#112 = VECTOR('',#113,1.);
#113 = DIRECTION('',(0.,1.));
#114 = ( GEOMETRIC_REPRESENTATION_CONTEXT(2) 
PARAMETRIC_REPRESENTATION_CONTEXT() REPRESENTATION_CONTEXT('2D SPACE',''
  ) );
#115 = PCURVE('',#116,#121);
#116 = PLANE('',#117);
#117 = AXIS2_PLACEMENT_3D('',#118,#119,#120);
#118 = CARTESIAN_POINT('',(50.,-2.22044604925E-16,548.64));
#119 = DIRECTION('',(0.866025403784,-0.5,0.));
#120 = DIRECTION('',(0.5,0.866025403784,0.));
#121 = DEFINITIONAL_REPRESENTATION('',(#122),#126);
#122 = LINE('',#123,#124);
#123 = CARTESIAN_POINT('',(-1.040174601155E-14,-548.64));
#124 = VECTOR('',#125,1.);
#125 = DIRECTION('',(0.,1.));
#126 = ( GEOMETRIC_REPRESENTATION_CONTEXT(2) 
PARAMETRIC_REPRESENTATION_CONTEXT() REPRESENTATION_CONTEXT('2D SPACE',''
  ) );
#127 = ORIENTED_EDGE('',*,*,#128,.T.);
#128 = EDGE_CURVE('',#101,#129,#131,.T.);
#129 = VERTEX_POINT('',#130);
#130 = CARTESIAN_POINT('',(50.,-1.224646799147E-14,592.));
#131 = SEAM_CURVE('',#132,(#136,#143),.PCURVE_S1.);
#132 = LINE('',#133,#134);
#133 = CARTESIAN_POINT('',(50.,-1.224646799147E-14,0.));
#134 = VECTOR('',#135,1.);
#135 = DIRECTION('',(0.,0.,1.));
#136 = PCURVE('',#53,#137);
#137 = DEFINITIONAL_REPRESENTATION('',(#138),#142);
#138 = LINE('',#139,#140);
#139 = CARTESIAN_POINT('',(0.,-0.));
#140 = VECTOR('',#141,1.);
#141 = DIRECTION('',(0.,1.));
#142 = ( GEOMETRIC_REPRESENTATION_CONTEXT(2) 
PARAMETRIC_REPRESENTATION_CONTEXT() REPRESENTATION_CONTEXT('2D SPACE',''
  ) );
#143 = PCURVE('',#53,#144);
#144 = DEFINITIONAL_REPRESENTATION('',(#145),#149);
#145 = LINE('',#146,#147);
#146 = CARTESIAN_POINT('',(6.28318530718,-0.));
#147 = VECTOR('',#148,1.);
#148 = DIRECTION('',(0.,1.));
#149 = ( GEOMETRIC_REPRESENTATION_CONTEXT(2) 
PARAMETRIC_REPRESENTATION_CONTEXT() REPRESENTATION_CONTEXT('2D SPACE',''
  ) );
#150 = ORIENTED_EDGE('',*,*,#151,.F.);
#151 = EDGE_CURVE('',#129,#129,#152,.T.);
#152 = SURFACE_CURVE('',#153,(#158,#165),.PCURVE_S1.);
#153 = CIRCLE('',#154,50.);
#154 = AXIS2_PLACEMENT_3D('',#155,#156,#157);
#155 = CARTESIAN_POINT('',(0.,0.,592.));
#156 = DIRECTION('',(0.,0.,1.));
#157 = DIRECTION('',(1.,0.,-0.));
#158 = PCURVE('',#53,#159);
#159 = DEFINITIONAL_REPRESENTATION('',(#160),#164);
#160 = LINE('',#161,#162);
#161 = CARTESIAN_POINT('',(0.,592.));
#162 = VECTOR('',#163,1.);
#163 = DIRECTION('',(1.,0.));
#164 = ( GEOMETRIC_REPRESENTATION_CONTEXT(2) 
PARAMETRIC_REPRESENTATION_CONTEXT() REPRESENTATION_CONTEXT('2D SPACE',''
  ) );
#165 = PCURVE('',#166,#171);
#166 = PLANE('',#167);
#167 = AXIS2_PLACEMENT_3D('',#168,#169,#170);
#168 = CARTESIAN_POINT('',(0.,0.,592.));
#169 = DIRECTION('',(0.,0.,1.));
#170 = DIRECTION('',(1.,0.,-0.));
#171 = DEFINITIONAL_REPRESENTATION('',(#172),#176);
#172 = CIRCLE('',#173,50.);
#173 = AXIS2_PLACEMENT_2D('',#174,#175);
#174 = CARTESIAN_POINT('',(0.,0.));
#175 = DIRECTION('',(1.,0.));
#176 = ( GEOMETRIC_REPRESENTATION_CONTEXT(2) 
PARAMETRIC_REPRESENTATION_CONTEXT() REPRESENTATION_CONTEXT('2D SPACE',''
  ) );
#177 = ORIENTED_EDGE('',*,*,#128,.F.);
#178 = ORIENTED_EDGE('',*,*,#179,.F.);
#179 = EDGE_CURVE('',#180,#101,#182,.T.);
#180 = VERTEX_POINT('',#181);
#181 = CARTESIAN_POINT('',(49.773928048915,4.749324855332,548.64));
#182 = SURFACE_CURVE('',#183,(#206,#232),.PCURVE_S1.);
#183 = B_SPLINE_CURVE_WITH_KNOTS('',6,(#184,#185,#186,#187,#188,#189,
    #190,#191,#192,#193,#194,#195,#196,#197,#198,#199,#200,#201,#202,
    #203,#204,#205),.UNSPECIFIED.,.F.,.F.,(7,5,5,5,7),(0.,0.217878590594
    ,0.422517863558,0.686953000144,1.),.UNSPECIFIED.);
#184 = CARTESIAN_POINT('',(49.773928048915,4.749324855332,548.64));
#185 = CARTESIAN_POINT('',(49.773928048915,4.749324855332,548.8625455445
    ));
#186 = CARTESIAN_POINT('',(49.775660339072,4.731167638971,
    549.08506253598));
#187 = CARTESIAN_POINT('',(49.779124993606,4.694864212272,
    549.30632507034));
#188 = CARTESIAN_POINT('',(49.784250965216,4.640610598586,
    549.52511957649));
#189 = CARTESIAN_POINT('',(49.790903781491,4.568791047432,
    549.74024628856));
#190 = CARTESIAN_POINT('',(49.806397224349,4.396567936458,
    550.14801789452));
#191 = CARTESIAN_POINT('',(49.8150803658,4.298167677118,550.34123239077)
  );
#192 = CARTESIAN_POINT('',(49.824790545167,4.185210691077,
    550.52930227453));
#193 = CARTESIAN_POINT('',(49.835338846423,4.058212420625,
    550.71137874778));
#194 = CARTESIAN_POINT('',(49.846510525084,3.917777915957,
    550.88662645111));
#195 = CARTESIAN_POINT('',(49.873020865224,3.566677568861,
    551.27079323999));
#196 = CARTESIAN_POINT('',(49.888626910552,3.347432636927,
    551.47464096891));
#197 = CARTESIAN_POINT('',(49.904409968912,3.10823422303,551.66412396234
    ));
#198 = CARTESIAN_POINT('',(49.91984834939,2.850606337352,551.83760187766
    ));
#199 = CARTESIAN_POINT('',(49.934424415341,2.576250125061,
    551.99343530129));
#200 = CARTESIAN_POINT('',(49.963342231626,1.944706758695,
    552.29163489615));
#201 = CARTESIAN_POINT('',(49.97718021197,1.580867551778,552.4265876393)
  );
#202 = CARTESIAN_POINT('',(49.988335851764,1.199580965789,
    552.53142068935));
#203 = CARTESIAN_POINT('',(49.996084871972,0.805544842434,
    552.60329519617));
#204 = CARTESIAN_POINT('',(50.,0.403899077099,552.64));
#205 = CARTESIAN_POINT('',(50.,-1.225264695408E-14,552.64));
#206 = PCURVE('',#53,#207);
#207 = DEFINITIONAL_REPRESENTATION('',(#208),#231);
#208 = B_SPLINE_CURVE_WITH_KNOTS('',6,(#209,#210,#211,#212,#213,#214,
    #215,#216,#217,#218,#219,#220,#221,#222,#223,#224,#225,#226,#227,
    #228,#229,#230),.UNSPECIFIED.,.F.,.F.,(7,5,5,5,7),(0.,0.217878590594
    ,0.422517863558,0.686953000144,1.),.UNSPECIFIED.);
#209 = CARTESIAN_POINT('',(9.512991507395E-02,548.64));
#210 = CARTESIAN_POINT('',(9.512991507395E-02,548.8625455445));
#211 = CARTESIAN_POINT('',(9.476512213144E-02,549.08506253598));
#212 = CARTESIAN_POINT('',(9.403575359483E-02,549.30632507034));
#213 = CARTESIAN_POINT('',(9.29458505447E-02,549.52511957649));
#214 = CARTESIAN_POINT('',(9.150331476853E-02,549.74024628856));
#215 = CARTESIAN_POINT('',(8.804494250834E-02,550.14801789452));
#216 = CARTESIAN_POINT('',(8.60692927258E-02,550.34123239077));
#217 = CARTESIAN_POINT('',(8.380183065133E-02,550.52930227453));
#218 = CARTESIAN_POINT('',(8.125313835259E-02,550.71137874778));
#219 = CARTESIAN_POINT('',(7.843559795944E-02,550.88662645111));
#220 = CARTESIAN_POINT('',(7.139360245064E-02,551.27079323999));
#221 = CARTESIAN_POINT('',(6.699764853695E-02,551.47464096891));
#222 = CARTESIAN_POINT('',(6.220338400504E-02,551.66412396234));
#223 = CARTESIAN_POINT('',(5.704174199957E-02,551.83760187766));
#224 = CARTESIAN_POINT('',(5.154702804307E-02,551.99343530129));
#225 = CARTESIAN_POINT('',(3.890292643483E-02,552.29163489615));
#226 = CARTESIAN_POINT('',(3.162109892872E-02,552.4265876393));
#227 = CARTESIAN_POINT('',(2.399256606613E-02,552.53142068935));
#228 = CARTESIAN_POINT('',(1.611089734469E-02,552.60329519617));
#229 = CARTESIAN_POINT('',(8.077981541973E-03,552.64));
#230 = CARTESIAN_POINT('',(0.,552.64));
#231 = ( GEOMETRIC_REPRESENTATION_CONTEXT(2) 
PARAMETRIC_REPRESENTATION_CONTEXT() REPRESENTATION_CONTEXT('2D SPACE',''
  ) );
#232 = PCURVE('',#233,#238);
#233 = CYLINDRICAL_SURFACE('',#234,4.);
#234 = AXIS2_PLACEMENT_3D('',#235,#236,#237);
#235 = CARTESIAN_POINT('',(50.,0.,548.64));
#236 = DIRECTION('',(0.866025403784,-0.5,0.));
#237 = DIRECTION('',(0.5,0.866025403784,0.));
#238 = DEFINITIONAL_REPRESENTATION('',(#239),#262);
#239 = B_SPLINE_CURVE_WITH_KNOTS('',6,(#240,#241,#242,#243,#244,#245,
    #246,#247,#248,#249,#250,#251,#252,#253,#254,#255,#256,#257,#258,
    #259,#260,#261),.UNSPECIFIED.,.F.,.F.,(7,5,5,5,7),(0.,0.217878590594
    ,0.422517863558,0.686953000144,1.),.UNSPECIFIED.);
#240 = CARTESIAN_POINT('',(0.,-2.570446480389));
#241 = CARTESIAN_POINT('',(5.563638612723E-02,-2.570446480389));
#242 = CARTESIAN_POINT('',(0.111265670771,-2.559867664925));
#243 = CARTESIAN_POINT('',(0.166891214336,-2.538715472735));
#244 = CARTESIAN_POINT('',(0.222519412382,-2.507149444258));
#245 = CARTESIAN_POINT('',(0.278154643875,-2.46547816078));
#246 = CARTESIAN_POINT('',(0.386052875337,-2.365948890186));
#247 = CARTESIAN_POINT('',(0.438314777218,-2.309228939435));
#248 = CARTESIAN_POINT('',(0.490608809414,-2.244341184407));
#249 = CARTESIAN_POINT('',(0.54296293448,-2.171706952327));
#250 = CARTESIAN_POINT('',(0.595403323237,-2.091814742469));
#251 = CARTESIAN_POINT('',(0.715858872415,-1.893305940897));
#252 = CARTESIAN_POINT('',(0.783964001246,-1.770168243224));
#253 = CARTESIAN_POINT('',(0.852363548288,-1.636900506786));
#254 = CARTESIAN_POINT('',(0.921150832701,-1.494716534259));
#255 = CARTESIAN_POINT('',(0.990423219056,-1.344915184713));
#256 = CARTESIAN_POINT('',(1.142995175376,-1.004099938006));
#257 = CARTESIAN_POINT('',(1.226700746564,-0.810196292032));
#258 = CARTESIAN_POINT('',(1.311333749709,-0.60989193158));
#259 = CARTESIAN_POINT('',(1.396880162228,-0.406163021548));
#260 = CARTESIAN_POINT('',(1.483349611462,-0.201949538549));
#261 = CARTESIAN_POINT('',(1.570796326795,1.42108547152E-14));
#262 = ( GEOMETRIC_REPRESENTATION_CONTEXT(2) 
PARAMETRIC_REPRESENTATION_CONTEXT() REPRESENTATION_CONTEXT('2D SPACE',''
  ) );
#263 = ORIENTED_EDGE('',*,*,#264,.F.);
#264 = EDGE_CURVE('',#78,#180,#265,.T.);
#265 = SURFACE_CURVE('',#266,(#289,#315),.PCURVE_S1.);
#266 = B_SPLINE_CURVE_WITH_KNOTS('',6,(#267,#268,#269,#270,#271,#272,
    #273,#274,#275,#276,#277,#278,#279,#280,#281,#282,#283,#284,#285,
    #286,#287,#288),.UNSPECIFIED.,.F.,.F.,(7,5,5,5,7),(0.,0.31304699979,
    0.577482136402,0.782121409385,1.),.UNSPECIFIED.);
#267 = CARTESIAN_POINT('',(50.,-1.310110714506E-14,544.64));
#268 = CARTESIAN_POINT('',(50.,0.403899077133,544.64));
#269 = CARTESIAN_POINT('',(49.996084871971,0.805544842483,
    544.67670480383));
#270 = CARTESIAN_POINT('',(49.988335851764,1.199580965706,
    544.74857931065));
#271 = CARTESIAN_POINT('',(49.977180211975,1.580867551705,
    544.85341236063));
#272 = CARTESIAN_POINT('',(49.963342231621,1.944706758801,544.9883651039
    ));
#273 = CARTESIAN_POINT('',(49.934424415341,2.576250125061,545.2865646987
    ));
#274 = CARTESIAN_POINT('',(49.91984834939,2.850606337352,545.44239812233
    ));
#275 = CARTESIAN_POINT('',(49.904409968912,3.10823422303,545.61587603765
    ));
#276 = CARTESIAN_POINT('',(49.888626910552,3.347432636928,
    545.80535903108));
#277 = CARTESIAN_POINT('',(49.873020865224,3.566677568861,546.00920676)
  );
#278 = CARTESIAN_POINT('',(49.846510525084,3.917777915956,
    546.39337354888));
#279 = CARTESIAN_POINT('',(49.835338846423,4.058212420625,
    546.56862125221));
#280 = CARTESIAN_POINT('',(49.824790545167,4.185210691078,
    546.75069772546));
#281 = CARTESIAN_POINT('',(49.8150803658,4.298167677118,546.93876760922)
  );
#282 = CARTESIAN_POINT('',(49.806397224349,4.396567936458,
    547.13198210548));
#283 = CARTESIAN_POINT('',(49.790903781491,4.568791047432,
    547.53975371143));
#284 = CARTESIAN_POINT('',(49.784250965216,4.640610598586,547.7548804235
    ));
#285 = CARTESIAN_POINT('',(49.779124993606,4.694864212272,
    547.97367492965));
#286 = CARTESIAN_POINT('',(49.775660339072,4.731167638971,
    548.19493746401));
#287 = CARTESIAN_POINT('',(49.773928048915,4.749324855332,
    548.41745445549));
#288 = CARTESIAN_POINT('',(49.773928048915,4.749324855332,548.64));
#289 = PCURVE('',#53,#290);
#290 = DEFINITIONAL_REPRESENTATION('',(#291),#314);
#291 = B_SPLINE_CURVE_WITH_KNOTS('',6,(#292,#293,#294,#295,#296,#297,
    #298,#299,#300,#301,#302,#303,#304,#305,#306,#307,#308,#309,#310,
    #311,#312,#313),.UNSPECIFIED.,.F.,.F.,(7,5,5,5,7),(0.,0.31304699979,
    0.577482136402,0.782121409385,1.),.UNSPECIFIED.);
#292 = CARTESIAN_POINT('',(0.,544.64));
#293 = CARTESIAN_POINT('',(8.077981542652E-03,544.64));
#294 = CARTESIAN_POINT('',(1.611089734567E-02,544.67670480383));
#295 = CARTESIAN_POINT('',(2.399256606448E-02,544.74857931065));
#296 = CARTESIAN_POINT('',(3.162109892726E-02,544.85341236063));
#297 = CARTESIAN_POINT('',(3.890292643694E-02,544.9883651039));
#298 = CARTESIAN_POINT('',(5.154702804307E-02,545.2865646987));
#299 = CARTESIAN_POINT('',(5.704174199957E-02,545.44239812233));
#300 = CARTESIAN_POINT('',(6.220338400505E-02,545.61587603765));
#301 = CARTESIAN_POINT('',(6.699764853695E-02,545.80535903108));
#302 = CARTESIAN_POINT('',(7.139360245064E-02,546.00920676));
#303 = CARTESIAN_POINT('',(7.843559795943E-02,546.39337354888));
#304 = CARTESIAN_POINT('',(8.125313835259E-02,546.56862125221));
#305 = CARTESIAN_POINT('',(8.380183065133E-02,546.75069772546));
#306 = CARTESIAN_POINT('',(8.60692927258E-02,546.93876760922));
#307 = CARTESIAN_POINT('',(8.804494250834E-02,547.13198210548));
#308 = CARTESIAN_POINT('',(9.150331476853E-02,547.53975371143));
#309 = CARTESIAN_POINT('',(9.29458505447E-02,547.7548804235));
#310 = CARTESIAN_POINT('',(9.403575359483E-02,547.97367492965));
#311 = CARTESIAN_POINT('',(9.476512213144E-02,548.19493746401));
#312 = CARTESIAN_POINT('',(9.512991507395E-02,548.41745445549));
#313 = CARTESIAN_POINT('',(9.512991507395E-02,548.64));
#314 = ( GEOMETRIC_REPRESENTATION_CONTEXT(2) 
PARAMETRIC_REPRESENTATION_CONTEXT() REPRESENTATION_CONTEXT('2D SPACE',''
  ) );
#315 = PCURVE('',#233,#316);
#316 = DEFINITIONAL_REPRESENTATION('',(#317),#340);
#317 = B_SPLINE_CURVE_WITH_KNOTS('',6,(#318,#319,#320,#321,#322,#323,
    #324,#325,#326,#327,#328,#329,#330,#331,#332,#333,#334,#335,#336,
    #337,#338,#339),.UNSPECIFIED.,.F.,.F.,(7,5,5,5,7),(0.,0.31304699979,
    0.577482136402,0.782121409385,1.),.UNSPECIFIED.);
#318 = CARTESIAN_POINT('',(4.712388980385,1.42108547152E-14));
#319 = CARTESIAN_POINT('',(4.799835695725,-0.201949538566));
#320 = CARTESIAN_POINT('',(4.886305144962,-0.406163021573));
#321 = CARTESIAN_POINT('',(4.971851557455,-0.609891931539));
#322 = CARTESIAN_POINT('',(5.056484560596,-0.810196291991));
#323 = CARTESIAN_POINT('',(5.140190131829,-1.004099938063));
#324 = CARTESIAN_POINT('',(5.292762088123,-1.344915184713));
#325 = CARTESIAN_POINT('',(5.362034474479,-1.494716534259));
#326 = CARTESIAN_POINT('',(5.430821758892,-1.636900506786));
#327 = CARTESIAN_POINT('',(5.499221305934,-1.770168243224));
#328 = CARTESIAN_POINT('',(5.567326434764,-1.893305940897));
#329 = CARTESIAN_POINT('',(5.687781983943,-2.091814742469));
#330 = CARTESIAN_POINT('',(5.740222372699,-2.171706952327));
#331 = CARTESIAN_POINT('',(5.792576497766,-2.244341184407));
#332 = CARTESIAN_POINT('',(5.844870529961,-2.309228939435));
#333 = CARTESIAN_POINT('',(5.897132431842,-2.365948890186));
#334 = CARTESIAN_POINT('',(6.005030663304,-2.46547816078));
#335 = CARTESIAN_POINT('',(6.060665894797,-2.507149444258));
#336 = CARTESIAN_POINT('',(6.116294092843,-2.538715472735));
#337 = CARTESIAN_POINT('',(6.171919636409,-2.559867664925));
#338 = CARTESIAN_POINT('',(6.227548921052,-2.570446480389));
#339 = CARTESIAN_POINT('',(6.28318530718,-2.570446480389));
#340 = ( GEOMETRIC_REPRESENTATION_CONTEXT(2) 
PARAMETRIC_REPRESENTATION_CONTEXT() REPRESENTATION_CONTEXT('2D SPACE',''
  ) );
#341 = ORIENTED_EDGE('',*,*,#77,.F.);
#342 = FACE_BOUND('',#343,.T.);
#343 = EDGE_LOOP('',(#344));
#344 = ORIENTED_EDGE('',*,*,#345,.T.);
#345 = EDGE_CURVE('',#346,#346,#348,.T.);
#346 = VERTEX_POINT('',#347);
#347 = CARTESIAN_POINT('',(40.87463608855,28.796946446257,548.64));
#348 = SURFACE_CURVE('',#349,(#429,#512),.PCURVE_S1.);
#349 = B_SPLINE_CURVE_WITH_KNOTS('',8,(#350,#351,#352,#353,#354,#355,
    #356,#357,#358,#359,#360,#361,#362,#363,#364,#365,#366,#367,#368,
    #369,#370,#371,#372,#373,#374,#375,#376,#377,#378,#379,#380,#381,
    #382,#383,#384,#385,#386,#387,#388,#389,#390,#391,#392,#393,#394,
    #395,#396,#397,#398,#399,#400,#401,#402,#403,#404,#405,#406,#407,
    #408,#409,#410,#411,#412,#413,#414,#415,#416,#417,#418,#419,#420,
    #421,#422,#423,#424,#425,#426,#427,#428),.UNSPECIFIED.,.T.,.F.,(9,7,
    7,7,7,7,7,7,7,7,7,9),(0.,0.162325156309,0.336445106338,
    0.499075862831,0.554543538778,0.606640740472,0.683390465702,
    0.759619163952,0.793603634515,0.83346336492,0.884829816652,1.),
  .UNSPECIFIED.);
#350 = CARTESIAN_POINT('',(40.87463608855,28.796946446257,548.64));
#351 = CARTESIAN_POINT('',(40.87463608855,28.796946446257,548.15060814)
  );
#352 = CARTESIAN_POINT('',(40.918063646557,28.735304660148,
    547.6572496587));
#353 = CARTESIAN_POINT('',(41.006149153415,28.610276594227,
    547.17049280654));
#354 = CARTESIAN_POINT('',(41.138703249919,28.421020720818,
    546.70134523352));
#355 = CARTESIAN_POINT('',(41.314095611091,28.167488165871,
    546.26108582685));
#356 = CARTESIAN_POINT('',(41.529369207696,27.850369347875,
    545.86110229264));
#357 = CARTESIAN_POINT('',(41.780382687555,27.471270188407,
    545.51302396717));
#358 = CARTESIAN_POINT('',(42.363817904641,26.563486569004,
    544.92524902615));
#359 = CARTESIAN_POINT('',(42.69336701136,26.037546830027,
    544.70278604246));
#360 = CARTESIAN_POINT('',(43.037888090199,25.469987789784,
    544.57429453751));
#361 = CARTESIAN_POINT('',(43.383359710389,24.879210730534,
    544.54545239906));
#362 = CARTESIAN_POINT('',(43.716457440144,24.286227821174,
    544.6154317103));
#363 = CARTESIAN_POINT('',(44.026108715364,23.713592558549,
    544.77700967137));
#364 = CARTESIAN_POINT('',(44.303965962352,23.182761605133,
    545.01658045215));
#365 = CARTESIAN_POINT('',(44.77030438368,22.268042451741,
    545.59202959033));
#366 = CARTESIAN_POINT('',(44.968552659349,21.866807503608,
    545.92677879178));
#367 = CARTESIAN_POINT('',(45.136726590522,21.516408784904,
    546.31030522678));
#368 = CARTESIAN_POINT('',(45.272903208779,21.225749957837,
    546.73375347838));
#369 = CARTESIAN_POINT('',(45.375975298114,21.001990897099,
    547.18789441177));
#370 = CARTESIAN_POINT('',(45.44524968972,20.850332609763,
    547.66334769124));
#371 = CARTESIAN_POINT('',(45.480148564165,20.773928048915,
    548.15062376006));
#372 = CARTESIAN_POINT('',(45.480148564165,20.773928048915,
    548.80690915838));
#373 = CARTESIAN_POINT('',(45.476088706541,20.782815953759,
    548.97380302049));
#374 = CARTESIAN_POINT('',(45.467970979611,20.800588372596,
    549.14024376345));
#375 = CARTESIAN_POINT('',(45.455803996466,20.827199959472,
    549.30579620715));
#376 = CARTESIAN_POINT('',(45.439603881017,20.862563527902,
    549.47002797201));
#377 = CARTESIAN_POINT('',(45.419395154026,20.906550165425,
    549.63250963672));
#378 = CARTESIAN_POINT('',(45.395211619154,20.958989348175,
    549.79281489598));
#379 = CARTESIAN_POINT('',(45.340691238869,21.076661581163,
    550.09864360045));
#380 = CARTESIAN_POINT('',(45.310817927803,21.140923032291,
    550.24447218978));
#381 = CARTESIAN_POINT('',(45.277507091749,21.212293177867,
    550.38769865323));
#382 = CARTESIAN_POINT('',(45.240790808601,21.290592030337,
    550.52801797228));
#383 = CARTESIAN_POINT('',(45.200704711066,21.375620025606,
    550.66512797555));
#384 = CARTESIAN_POINT('',(45.157289239536,21.467158203086,
    550.79872937135));
#385 = CARTESIAN_POINT('',(45.110590894958,21.564968385756,
    550.92852578028));
#386 = CARTESIAN_POINT('',(44.987110318852,21.82174856706,
    551.23940235113));
#387 = CARTESIAN_POINT('',(44.906531332662,21.987794602994,
    551.41573061629));
#388 = CARTESIAN_POINT('',(44.819066050279,22.166177081797,
    551.58233374288));
#389 = CARTESIAN_POINT('',(44.724871728647,22.35608335456,
    551.73833917511));
#390 = CARTESIAN_POINT('',(44.624132537763,22.556644063118,
    551.88287628306));
#391 = CARTESIAN_POINT('',(44.517068733932,22.766934693497,
    552.0150760239));
#392 = CARTESIAN_POINT('',(44.403945833018,22.985977129358,
    552.13407060322));
#393 = CARTESIAN_POINT('',(44.167028647173,23.437965859689,
    552.3432033869));
#394 = CARTESIAN_POINT('',(44.043159451475,23.671098802819,
    552.43366662192));
#395 = CARTESIAN_POINT('',(43.913951725095,23.910808083167,
    552.50930677597));
#396 = CARTESIAN_POINT('',(43.779965769781,24.15567369518,
    552.56917942926));
#397 = CARTESIAN_POINT('',(43.641848715973,24.404215161245,
    552.61247531201));
#398 = CARTESIAN_POINT('',(43.500332514617,24.654917295154,
    552.63852401121));
#399 = CARTESIAN_POINT('',(43.356227865385,24.906254147204,
    552.64679787927));
#400 = CARTESIAN_POINT('',(43.145407012183,25.26837049526,
    552.63251064524));
#401 = CARTESIAN_POINT('',(43.080100908514,25.379785129602,
    552.62449922118));
#402 = CARTESIAN_POINT('',(43.014599891721,25.490777375178,
    552.61285791298));
#403 = CARTESIAN_POINT('',(42.949009709455,25.601173637764,
    552.59757605029));
#404 = CARTESIAN_POINT('',(42.883437535122,25.710804435355,
    552.57865625061));
#405 = CARTESIAN_POINT('',(42.817991767445,25.819504445849,
    552.55611441775));
#406 = CARTESIAN_POINT('',(42.75278183003,25.927112554717,
    552.52997974012));
#407 = CARTESIAN_POINT('',(42.611840400958,26.15821873162,552.4654776653
    ));
#408 = CARTESIAN_POINT('',(42.536250560982,26.281228604172,
    552.42578183487));
#409 = CARTESIAN_POINT('',(42.461328278908,26.402245558265,
    552.3812803067));
#410 = CARTESIAN_POINT('',(42.387251172718,26.521027930049,
    552.33207036547));
#411 = CARTESIAN_POINT('',(42.31419372285,26.637348343352,
    552.27827345791));
#412 = CARTESIAN_POINT('',(42.242326344584,26.750993699134,
    552.22003517894));
#413 = CARTESIAN_POINT('',(42.171814460423,26.861765164941,
    552.15752525774));
#414 = CARTESIAN_POINT('',(42.013902638087,27.108285791252,
    552.00512726486));
#415 = CARTESIAN_POINT('',(41.927537142428,27.24196187178,
    551.91257770373));
#416 = CARTESIAN_POINT('',(41.843988297803,27.370228652231,
    551.81364555805));
#417 = CARTESIAN_POINT('',(41.763508868517,27.492838707172,
    551.70871818357));
#418 = CARTESIAN_POINT('',(41.686333714118,27.609576246363,
    551.59821208785));
#419 = CARTESIAN_POINT('',(41.612676332643,27.720258421661,
    551.48257142397));
#420 = CARTESIAN_POINT('',(41.542725403849,27.824736633925,
    551.36226648412));
#421 = CARTESIAN_POINT('',(41.32847235519,28.142987873626,
    550.95870484329));
#422 = CARTESIAN_POINT('',(41.199971964508,28.330980842421,
    550.65909012995));
#423 = CARTESIAN_POINT('',(41.09198637175,28.487050268083,
    550.34302139685));
#424 = CARTESIAN_POINT('',(41.005139735711,28.611432422067,
    550.01423679365));
#425 = CARTESIAN_POINT('',(40.939847908732,28.704383913833,
    549.67624177444));
#426 = CARTESIAN_POINT('',(40.896332618924,28.766150404561,
    549.33238621064));
#427 = CARTESIAN_POINT('',(40.87463608855,28.796946446257,
    548.98591611832));
#428 = CARTESIAN_POINT('',(40.87463608855,28.796946446257,548.64));
#429 = PCURVE('',#53,#430);
#430 = DEFINITIONAL_REPRESENTATION('',(#431),#511);
#431 = B_SPLINE_CURVE_WITH_KNOTS('',8,(#432,#433,#434,#435,#436,#437,
    #438,#439,#440,#441,#442,#443,#444,#445,#446,#447,#448,#449,#450,
    #451,#452,#453,#454,#455,#456,#457,#458,#459,#460,#461,#462,#463,
    #464,#465,#466,#467,#468,#469,#470,#471,#472,#473,#474,#475,#476,
    #477,#478,#479,#480,#481,#482,#483,#484,#485,#486,#487,#488,#489,
    #490,#491,#492,#493,#494,#495,#496,#497,#498,#499,#500,#501,#502,
    #503,#504,#505,#506,#507,#508,#509,#510),.UNSPECIFIED.,.T.,.F.,(9,7,
    7,7,7,7,7,7,7,7,7,9),(0.,0.162325156309,0.336445106338,
    0.499075862831,0.554543538778,0.606640740472,0.683390465702,
    0.759619163952,0.793603634515,0.83346336492,0.884829816652,1.),
  .UNSPECIFIED.);
#432 = CARTESIAN_POINT('',(0.613752231127,548.64));
#433 = CARTESIAN_POINT('',(0.613752231127,548.15060814));
#434 = CARTESIAN_POINT('',(0.612244162025,547.6572496587));
#435 = CARTESIAN_POINT('',(0.609185344166,547.17049280654));
#436 = CARTESIAN_POINT('',(0.604564158047,546.70134523352));
#437 = CARTESIAN_POINT('',(0.598398651218,546.26108582685));
#438 = CARTESIAN_POINT('',(0.590733655564,545.86110229264));
#439 = CARTESIAN_POINT('',(0.581641121245,545.51302396717));
#440 = CARTESIAN_POINT('',(0.560059019844,544.92524902615));
#441 = CARTESIAN_POINT('',(0.547646701389,544.70278604246));
#442 = CARTESIAN_POINT('',(0.534370097197,544.57429453751));
#443 = CARTESIAN_POINT('',(0.520686453166,544.54545239906));
#444 = CARTESIAN_POINT('',(0.507087468745,544.6154317103));
#445 = CARTESIAN_POINT('',(0.49406953567,544.77700967137));
#446 = CARTESIAN_POINT('',(0.482087142147,545.01658045215));
#447 = CARTESIAN_POINT('',(0.461552462672,545.59202959033));
#448 = CARTESIAN_POINT('',(0.452602372774,545.92677879178));
#449 = CARTESIAN_POINT('',(0.444829791073,546.31030522678));
#450 = CARTESIAN_POINT('',(0.438410559149,546.73375347838));
#451 = CARTESIAN_POINT('',(0.433483425057,547.18789441177));
#452 = CARTESIAN_POINT('',(0.430148812386,547.66334769124));
#453 = CARTESIAN_POINT('',(0.428468860524,548.15062376006));
#454 = CARTESIAN_POINT('',(0.428468860524,548.80690915838));
#455 = CARTESIAN_POINT('',(0.428664285315,548.97380302049));
#456 = CARTESIAN_POINT('',(0.429055057272,549.14024376345));
#457 = CARTESIAN_POINT('',(0.429640279399,549.30579620715));
#458 = CARTESIAN_POINT('',(0.430418231369,549.47002797201));
#459 = CARTESIAN_POINT('',(0.431386365558,549.63250963672));
#460 = CARTESIAN_POINT('',(0.432541303088,549.79281489598));
#461 = CARTESIAN_POINT('',(0.435135082283,550.09864360045));
#462 = CARTESIAN_POINT('',(0.436552395358,550.24447218978));
#463 = CARTESIAN_POINT('',(0.438127613994,550.38769865323));
#464 = CARTESIAN_POINT('',(0.439857208566,550.52801797228));
#465 = CARTESIAN_POINT('',(0.441737269324,550.66512797555));
#466 = CARTESIAN_POINT('',(0.443763500787,550.79872937135));
#467 = CARTESIAN_POINT('',(0.445931216148,550.92852578028));
#468 = CARTESIAN_POINT('',(0.45162976032,551.23940235113));
#469 = CARTESIAN_POINT('',(0.455321039744,551.41573061629));
#470 = CARTESIAN_POINT('',(0.459294417277,551.58233374288));
#471 = CARTESIAN_POINT('',(0.463533989848,551.73833917511));
#472 = CARTESIAN_POINT('',(0.468022653642,551.88287628306));
#473 = CARTESIAN_POINT('',(0.472742053761,552.0150760239));
#474 = CARTESIAN_POINT('',(0.477672533884,552.13407060322));
#475 = CARTESIAN_POINT('',(0.48787887633,552.3432033869));
#476 = CARTESIAN_POINT('',(0.493158738796,552.43366662192));
#477 = CARTESIAN_POINT('',(0.498604863024,552.50930677597));
#478 = CARTESIAN_POINT('',(0.504187159091,552.56917942926));
#479 = CARTESIAN_POINT('',(0.509873709171,552.61247531201));
#480 = CARTESIAN_POINT('',(0.515631215262,552.63852401121));
#481 = CARTESIAN_POINT('',(0.521425442923,552.64679787927));
#482 = CARTESIAN_POINT('',(0.529805745583,552.63251064524));
#483 = CARTESIAN_POINT('',(0.532388609269,552.62449922118));
#484 = CARTESIAN_POINT('',(0.534966160005,552.61285791298));
#485 = CARTESIAN_POINT('',(0.537534359401,552.59757605029));
#486 = CARTESIAN_POINT('',(0.540089224816,552.57865625061));
#487 = CARTESIAN_POINT('',(0.542626831433,552.55611441775));
#488 = CARTESIAN_POINT('',(0.545143314332,552.52997974012));
#489 = CARTESIAN_POINT('',(0.550557168834,552.4654776653));
#490 = CARTESIAN_POINT('',(0.553444729246,552.42578183487));
#491 = CARTESIAN_POINT('',(0.556291346988,552.3812803067));
#492 = CARTESIAN_POINT('',(0.559091079949,552.33207036547));
#493 = CARTESIAN_POINT('',(0.561838257451,552.27827345791));
#494 = CARTESIAN_POINT('',(0.564527488978,552.22003517894));
#495 = CARTESIAN_POINT('',(0.567153672907,552.15752525774));
#496 = CARTESIAN_POINT('',(0.573008877867,552.00512726486));
#497 = CARTESIAN_POINT('',(0.576191826386,551.91257770373));
#498 = CARTESIAN_POINT('',(0.579253345983,551.81364555805));
#499 = CARTESIAN_POINT('',(0.582186580959,551.70871818357));
#500 = CARTESIAN_POINT('',(0.584985385886,551.59821208785));
#501 = CARTESIAN_POINT('',(0.587644386772,551.48257142397));
#502 = CARTESIAN_POINT('',(0.590159042219,551.36226648412));
#503 = CARTESIAN_POINT('',(0.597832065624,550.95870484329));
#504 = CARTESIAN_POINT('',(0.60238623343,550.65909012995));
#505 = CARTESIAN_POINT('',(0.606181864465,550.34302139685));
#506 = CARTESIAN_POINT('',(0.60921586098,550.01423679365));
#507 = CARTESIAN_POINT('',(0.611487686437,549.67624177444));
#508 = CARTESIAN_POINT('',(0.612998803007,549.33238621064));
#509 = CARTESIAN_POINT('',(0.613752231127,548.98591611832));
#510 = CARTESIAN_POINT('',(0.613752231127,548.64));
#511 = ( GEOMETRIC_REPRESENTATION_CONTEXT(2) 
PARAMETRIC_REPRESENTATION_CONTEXT() REPRESENTATION_CONTEXT('2D SPACE',''
  ) );
#512 = PCURVE('',#513,#518);
#513 = CYLINDRICAL_SURFACE('',#514,4.);
#514 = AXIS2_PLACEMENT_3D('',#515,#516,#517);
#515 = CARTESIAN_POINT('',(-9.184850993605E-15,-50.,548.64));
#516 = DIRECTION('',(-0.5,-0.866025403784,-0.));
#517 = DIRECTION('',(-0.866025403784,0.5,0.));
#518 = DEFINITIONAL_REPRESENTATION('',(#519),#599);
#519 = B_SPLINE_CURVE_WITH_KNOTS('',8,(#520,#521,#522,#523,#524,#525,
    #526,#527,#528,#529,#530,#531,#532,#533,#534,#535,#536,#537,#538,
    #539,#540,#541,#542,#543,#544,#545,#546,#547,#548,#549,#550,#551,
    #552,#553,#554,#555,#556,#557,#558,#559,#560,#561,#562,#563,#564,
    #565,#566,#567,#568,#569,#570,#571,#572,#573,#574,#575,#576,#577,
    #578,#579,#580,#581,#582,#583,#584,#585,#586,#587,#588,#589,#590,
    #591,#592,#593,#594,#595,#596,#597,#598),.UNSPECIFIED.,.F.,.F.,(9,7,
    7,7,7,7,7,7,7,7,7,9),(0.,0.162325156309,0.336445106338,
    0.499075862831,0.554543538778,0.606640740472,0.683390465702,
    0.759619163952,0.793603634515,0.83346336492,0.884829816652,1.),
  .UNSPECIFIED.);
#520 = CARTESIAN_POINT('',(0.,-88.67747540737));
#521 = CARTESIAN_POINT('',(0.122347965,-88.67747540737));
#522 = CARTESIAN_POINT('',(0.245686984699,-88.64580583367));
#523 = CARTESIAN_POINT('',(0.37016928952,-88.58157110583));
#524 = CARTESIAN_POINT('',(0.496014715765,-88.48394775989));
#525 = CARTESIAN_POINT('',(0.623531162221,-88.35207830721));
#526 = CARTESIAN_POINT('',(0.753120437912,-88.1850821531));
#527 = CARTESIAN_POINT('',(0.885330816442,-87.98227939038));
#528 = CARTESIAN_POINT('',(1.166563618174,-87.48783332338));
#529 = CARTESIAN_POINT('',(1.31251287061,-87.19713070193));
#530 = CARTESIAN_POINT('',(1.458085063257,-86.87787069435));
#531 = CARTESIAN_POINT('',(1.602795179029,-86.53897856316));
#532 = CARTESIAN_POINT('',(1.746130888457,-86.19198916452));
#533 = CARTESIAN_POINT('',(1.887489851304,-85.8508981176));
#534 = CARTESIAN_POINT('',(2.025954992254,-85.53011365032));
#535 = CARTESIAN_POINT('',(2.284900263249,-84.97111283682));
#536 = CARTESIAN_POINT('',(2.408784620308,-84.72275731668));
#537 = CARTESIAN_POINT('',(2.531726383517,-84.50339009042));
#538 = CARTESIAN_POINT('',(2.653969689903,-84.31976047147));
#539 = CARTESIAN_POINT('',(2.775775799443,-84.17751548521));
#540 = CARTESIAN_POINT('',(2.897429565565,-84.08081275149));
#541 = CARTESIAN_POINT('',(3.019248593607,-84.03209389805));
#542 = CARTESIAN_POINT('',(3.183319943185,-84.03209389805));
#543 = CARTESIAN_POINT('',(3.225043428414,-84.03776112062));
#544 = CARTESIAN_POINT('',(3.266764309422,-84.04909362335));
#545 = CARTESIAN_POINT('',(3.308484436743,-84.06605644205));
#546 = CARTESIAN_POINT('',(3.350205770044,-84.08858213296));
#547 = CARTESIAN_POINT('',(3.391929836864,-84.11657131498));
#548 = CARTESIAN_POINT('',(3.433657191357,-84.14989321196));
#549 = CARTESIAN_POINT('',(3.514580864954,-84.22454016491));
#550 = CARTESIAN_POINT('',(3.553776595796,-84.26525555853));
#551 = CARTESIAN_POINT('',(3.592984381391,-84.31040849965));
#552 = CARTESIAN_POINT('',(3.632214340047,-84.3598591534));
#553 = CARTESIAN_POINT('',(3.671476299342,-84.41345250857));
#554 = CARTESIAN_POINT('',(3.710779702906,-84.47101915992));
#555 = CARTESIAN_POINT('',(3.750133517218,-84.53237609057));
#556 = CARTESIAN_POINT('',(3.84760890851,-84.69301396271));
#557 = CARTESIAN_POINT('',(3.90581321932,-84.79652455494));
#558 = CARTESIAN_POINT('',(3.964207951532,-84.90727567198));
#559 = CARTESIAN_POINT('',(4.022841658699,-85.02464216771));
#560 = CARTESIAN_POINT('',(4.081763623981,-85.14796324088));
#561 = CARTESIAN_POINT('',(4.141024916919,-85.27654836705));
#562 = CARTESIAN_POINT('',(4.200679450201,-85.40968323056));
#563 = CARTESIAN_POINT('',(4.320482586907,-85.68265836033));
#564 = CARTESIAN_POINT('',(4.380702325075,-85.82262281369));
#565 = CARTESIAN_POINT('',(4.441408615727,-85.9656132768));
#566 = CARTESIAN_POINT('',(4.502577522238,-86.11068013966));
#567 = CARTESIAN_POINT('',(4.56419328897,-86.25686483626));
#568 = CARTESIAN_POINT('',(4.626246461144,-86.40322115233));
#569 = CARTESIAN_POINT('',(4.688733642189,-86.5488329265));
#570 = CARTESIAN_POINT('',(4.779712380636,-86.75702445644));
#571 = CARTESIAN_POINT('',(4.807835390961,-86.8208593083));
#572 = CARTESIAN_POINT('',(4.836017080099,-86.8842309042));
#573 = CARTESIAN_POINT('',(4.864247332591,-86.94704178094));
#574 = CARTESIAN_POINT('',(4.892516468643,-87.00919874953));
#575 = CARTESIAN_POINT('',(4.920814955807,-87.07061283617));
#576 = CARTESIAN_POINT('',(4.949133120668,-87.1311992234));
#577 = CARTESIAN_POINT('',(5.010685920545,-87.26087232903));
#578 = CARTESIAN_POINT('',(5.043919079214,-87.32960708359));
#579 = CARTESIAN_POINT('',(5.077142964885,-87.39694969908));
#580 = CARTESIAN_POINT('',(5.110340947873,-87.46277969748));
#581 = CARTESIAN_POINT('',(5.143496524616,-87.52698740544));
#582 = CARTESIAN_POINT('',(5.176592701821,-87.58947348144));
#583 = CARTESIAN_POINT('',(5.209611380611,-87.65014844276));
#584 = CARTESIAN_POINT('',(5.284957850823,-87.78468565653));
#585 = CARTESIAN_POINT('',(5.327205344067,-87.85726979032));
#586 = CARTESIAN_POINT('',(5.369266496901,-87.92657765834));
#587 = CARTESIAN_POINT('',(5.411130805557,-87.99252136604));
#588 = CARTESIAN_POINT('',(5.452785624336,-88.05503146335));
#589 = CARTESIAN_POINT('',(5.494215803921,-88.11405634817));
#590 = CARTESIAN_POINT('',(5.535403329708,-88.16956166973));
#591 = CARTESIAN_POINT('',(5.668082996586,-88.33804880377));
#592 = CARTESIAN_POINT('',(5.758370544666,-88.43660529514));
#593 = CARTESIAN_POINT('',(5.847485161095,-88.51777258614));
#594 = CARTESIAN_POINT('',(5.935670883923,-88.58206737324));
#595 = CARTESIAN_POINT('',(6.023139985564,-88.62991981294));
#596 = CARTESIAN_POINT('',(6.110088321922,-88.66165351811));
#597 = CARTESIAN_POINT('',(6.196706277599,-88.67747540737));
#598 = CARTESIAN_POINT('',(6.28318530718,-88.67747540737));
#599 = ( GEOMETRIC_REPRESENTATION_CONTEXT(2) 
PARAMETRIC_REPRESENTATION_CONTEXT() REPRESENTATION_CONTEXT('2D SPACE',''
  ) );
#600 = FACE_BOUND('',#601,.T.);
#601 = EDGE_LOOP('',(#602));
#602 = ORIENTED_EDGE('',*,*,#603,.T.);
#603 = EDGE_CURVE('',#604,#604,#606,.T.);
#604 = VERTEX_POINT('',#605);
#605 = CARTESIAN_POINT('',(-40.87463608855,-28.79694644625,548.64));
#606 = SURFACE_CURVE('',#607,(#687,#770),.PCURVE_S1.);
#607 = B_SPLINE_CURVE_WITH_KNOTS('',8,(#608,#609,#610,#611,#612,#613,
    #614,#615,#616,#617,#618,#619,#620,#621,#622,#623,#624,#625,#626,
    #627,#628,#629,#630,#631,#632,#633,#634,#635,#636,#637,#638,#639,
    #640,#641,#642,#643,#644,#645,#646,#647,#648,#649,#650,#651,#652,
    #653,#654,#655,#656,#657,#658,#659,#660,#661,#662,#663,#664,#665,
    #666,#667,#668,#669,#670,#671,#672,#673,#674,#675,#676,#677,#678,
    #679,#680,#681,#682,#683,#684,#685,#686),.UNSPECIFIED.,.T.,.F.,(9,7,
    7,7,7,7,7,7,7,7,7,9),(0.,0.162325156339,0.336445106414,0.49907586295
    ,0.554543538913,0.606640740621,0.683390465871,0.759619164142,
    0.793603634716,0.833463365136,0.884829816481,1.),.UNSPECIFIED.);
#608 = CARTESIAN_POINT('',(-40.87463608855,-28.79694644625,548.64));
#609 = CARTESIAN_POINT('',(-40.87463608855,-28.79694644625,
    548.15060813995));
#610 = CARTESIAN_POINT('',(-40.91806364656,-28.73530466013,
    547.6572496587));
#611 = CARTESIAN_POINT('',(-41.00614915341,-28.61027659422,
    547.17049280656));
#612 = CARTESIAN_POINT('',(-41.1387032499,-28.42102072083,
    546.70134523356));
#613 = CARTESIAN_POINT('',(-41.31409561108,-28.16748816588,
    546.26108582686));
#614 = CARTESIAN_POINT('',(-41.52936920769,-27.85036934787,
    545.86110229262));
#615 = CARTESIAN_POINT('',(-41.78038268757,-27.47127018837,
    545.51302396715));
#616 = CARTESIAN_POINT('',(-42.36381790464,-26.563486569,544.92524902615
    ));
#617 = CARTESIAN_POINT('',(-42.69336701135,-26.03754683002,
    544.70278604246));
#618 = CARTESIAN_POINT('',(-43.0378880902,-25.46998778978,
    544.57429453751));
#619 = CARTESIAN_POINT('',(-43.38335971038,-24.87921073053,
    544.54545239906));
#620 = CARTESIAN_POINT('',(-43.71645744014,-24.28622782117,
    544.6154317103));
#621 = CARTESIAN_POINT('',(-44.02610871536,-23.71359255854,
    544.77700967138));
#622 = CARTESIAN_POINT('',(-44.30396596235,-23.18276160513,
    545.01658045215));
#623 = CARTESIAN_POINT('',(-44.77030438368,-22.26804245174,
    545.59202959033));
#624 = CARTESIAN_POINT('',(-44.96855265934,-21.8668075036,
    545.92677879178));
#625 = CARTESIAN_POINT('',(-45.13672659052,-21.5164087849,
    546.31030522678));
#626 = CARTESIAN_POINT('',(-45.27290320878,-21.22574995783,
    546.73375347838));
#627 = CARTESIAN_POINT('',(-45.37597529811,-21.00199089709,
    547.18789441177));
#628 = CARTESIAN_POINT('',(-45.44524968972,-20.85033260976,
    547.66334769124));
#629 = CARTESIAN_POINT('',(-45.48014856416,-20.77392804891,
    548.15062376006));
#630 = CARTESIAN_POINT('',(-45.48014856416,-20.77392804891,
    548.80690915838));
#631 = CARTESIAN_POINT('',(-45.47608870654,-20.78281595375,
    548.97380302049));
#632 = CARTESIAN_POINT('',(-45.46797097961,-20.80058837259,
    549.14024376345));
#633 = CARTESIAN_POINT('',(-45.45580399646,-20.82719995947,
    549.30579620715));
#634 = CARTESIAN_POINT('',(-45.43960388101,-20.8625635279,
    549.47002797201));
#635 = CARTESIAN_POINT('',(-45.41939515402,-20.90655016542,
    549.63250963672));
#636 = CARTESIAN_POINT('',(-45.39521161915,-20.95898934817,
    549.79281489598));
#637 = CARTESIAN_POINT('',(-45.34069123886,-21.07666158116,
    550.09864360045));
#638 = CARTESIAN_POINT('',(-45.3108179278,-21.14092303229,
    550.24447218978));
#639 = CARTESIAN_POINT('',(-45.27750709174,-21.21229317786,
    550.38769865323));
#640 = CARTESIAN_POINT('',(-45.2407908086,-21.29059203033,
    550.52801797228));
#641 = CARTESIAN_POINT('',(-45.20070471106,-21.3756200256,
    550.66512797555));
#642 = CARTESIAN_POINT('',(-45.15728923953,-21.46715820308,
    550.79872937135));
#643 = CARTESIAN_POINT('',(-45.11059089495,-21.56496838575,
    550.92852578028));
#644 = CARTESIAN_POINT('',(-44.98711031885,-21.82174856706,
    551.23940235113));
#645 = CARTESIAN_POINT('',(-44.90653133266,-21.98779460299,
    551.41573061629));
#646 = CARTESIAN_POINT('',(-44.81906605027,-22.16617708179,
    551.58233374288));
#647 = CARTESIAN_POINT('',(-44.72487172864,-22.35608335456,
    551.73833917511));
#648 = CARTESIAN_POINT('',(-44.62413253776,-22.55664406311,
    551.88287628306));
#649 = CARTESIAN_POINT('',(-44.51706873393,-22.76693469349,
    552.0150760239));
#650 = CARTESIAN_POINT('',(-44.40394583301,-22.98597712935,
    552.13407060322));
#651 = CARTESIAN_POINT('',(-44.16702864717,-23.43796585968,
    552.3432033869));
#652 = CARTESIAN_POINT('',(-44.04315945147,-23.67109880281,
    552.43366662192));
#653 = CARTESIAN_POINT('',(-43.91395172509,-23.91080808316,
    552.50930677597));
#654 = CARTESIAN_POINT('',(-43.77996576978,-24.15567369518,
    552.56917942925));
#655 = CARTESIAN_POINT('',(-43.64184871597,-24.40421516124,
    552.61247531201));
#656 = CARTESIAN_POINT('',(-43.50033251461,-24.65491729515,
    552.63852401121));
#657 = CARTESIAN_POINT('',(-43.35622786538,-24.9062541472,
    552.64679787927));
#658 = CARTESIAN_POINT('',(-43.14540701218,-25.26837049526,
    552.63251064524));
#659 = CARTESIAN_POINT('',(-43.08010090851,-25.3797851296,
    552.62449922118));
#660 = CARTESIAN_POINT('',(-43.01459989172,-25.49077737517,
    552.61285791298));
#661 = CARTESIAN_POINT('',(-42.94900970945,-25.60117363775,
    552.59757605029));
#662 = CARTESIAN_POINT('',(-42.88343753512,-25.71080443535,
    552.57865625062));
#663 = CARTESIAN_POINT('',(-42.81799176744,-25.81950444585,
    552.55611441775));
#664 = CARTESIAN_POINT('',(-42.75278183002,-25.92711255472,
    552.52997974012));
#665 = CARTESIAN_POINT('',(-42.61184040095,-26.15821873162,
    552.4654776653));
#666 = CARTESIAN_POINT('',(-42.53625056098,-26.28122860417,
    552.42578183487));
#667 = CARTESIAN_POINT('',(-42.4613282789,-26.40224555826,552.3812803067
    ));
#668 = CARTESIAN_POINT('',(-42.38725117271,-26.52102793004,
    552.33207036547));
#669 = CARTESIAN_POINT('',(-42.31419372285,-26.63734834335,
    552.27827345791));
#670 = CARTESIAN_POINT('',(-42.24232634458,-26.75099369913,
    552.22003517894));
#671 = CARTESIAN_POINT('',(-42.17181446042,-26.86176516494,
    552.15752525774));
#672 = CARTESIAN_POINT('',(-42.01390263878,-27.10828579015,
    552.00512726554));
#673 = CARTESIAN_POINT('',(-41.92753714211,-27.24196187225,
    551.91257770319));
#674 = CARTESIAN_POINT('',(-41.84398829714,-27.37022865324,
    551.81364555729));
#675 = CARTESIAN_POINT('',(-41.76350886843,-27.4928387073,
    551.70871818369));
#676 = CARTESIAN_POINT('',(-41.68633371469,-27.60957624549,
    551.59821208875));
#677 = CARTESIAN_POINT('',(-41.61267633303,-27.72025842105,
    551.48257142439));
#678 = CARTESIAN_POINT('',(-41.54272540333,-27.82473663469,
    551.36226648315));
#679 = CARTESIAN_POINT('',(-41.32847235501,-28.14298787388,
    550.95870484296));
#680 = CARTESIAN_POINT('',(-41.1999719647,-28.33098084212,
    550.65909013059));
#681 = CARTESIAN_POINT('',(-41.09198637182,-28.48705026796,
    550.34302139682));
#682 = CARTESIAN_POINT('',(-41.00513973556,-28.61143242228,
    550.01423679303));
#683 = CARTESIAN_POINT('',(-40.93984790865,-28.70438391395,
    549.67624177447));
#684 = CARTESIAN_POINT('',(-40.89633261903,-28.76615040439,
    549.33238621131));
#685 = CARTESIAN_POINT('',(-40.87463608855,-28.79694644625,
    548.98591611792));
#686 = CARTESIAN_POINT('',(-40.87463608855,-28.79694644625,548.64));
#687 = PCURVE('',#53,#688);
#688 = DEFINITIONAL_REPRESENTATION('',(#689),#769);
#689 = B_SPLINE_CURVE_WITH_KNOTS('',8,(#690,#691,#692,#693,#694,#695,
    #696,#697,#698,#699,#700,#701,#702,#703,#704,#705,#706,#707,#708,
    #709,#710,#711,#712,#713,#714,#715,#716,#717,#718,#719,#720,#721,
    #722,#723,#724,#725,#726,#727,#728,#729,#730,#731,#732,#733,#734,
    #735,#736,#737,#738,#739,#740,#741,#742,#743,#744,#745,#746,#747,
    #748,#749,#750,#751,#752,#753,#754,#755,#756,#757,#758,#759,#760,
    #761,#762,#763,#764,#765,#766,#767,#768),.UNSPECIFIED.,.F.,.F.,(9,7,
    7,7,7,7,7,7,7,7,7,9),(0.,0.162325156339,0.336445106414,0.49907586295
    ,0.554543538913,0.606640740621,0.683390465871,0.759619164142,
    0.793603634716,0.833463365136,0.884829816481,1.),.UNSPECIFIED.);
#690 = CARTESIAN_POINT('',(3.755344884717,548.64));
#691 = CARTESIAN_POINT('',(3.755344884717,548.15060813995));
#692 = CARTESIAN_POINT('',(3.753836815614,547.6572496587));
#693 = CARTESIAN_POINT('',(3.750777997756,547.17049280656));
#694 = CARTESIAN_POINT('',(3.746156811637,546.70134523356));
#695 = CARTESIAN_POINT('',(3.739991304808,546.26108582686));
#696 = CARTESIAN_POINT('',(3.732326309154,545.86110229262));
#697 = CARTESIAN_POINT('',(3.723233774834,545.51302396715));
#698 = CARTESIAN_POINT('',(3.701651673434,544.92524902615));
#699 = CARTESIAN_POINT('',(3.689239354979,544.70278604246));
#700 = CARTESIAN_POINT('',(3.675962750787,544.57429453751));
#701 = CARTESIAN_POINT('',(3.662279106756,544.54545239906));
#702 = CARTESIAN_POINT('',(3.648680122335,544.6154317103));
#703 = CARTESIAN_POINT('',(3.63566218926,544.77700967138));
#704 = CARTESIAN_POINT('',(3.623679795736,545.01658045215));
#705 = CARTESIAN_POINT('',(3.603145116262,545.59202959033));
#706 = CARTESIAN_POINT('',(3.594195026364,545.92677879178));
#707 = CARTESIAN_POINT('',(3.586422444662,546.31030522678));
#708 = CARTESIAN_POINT('',(3.580003212739,546.73375347838));
#709 = CARTESIAN_POINT('',(3.575076078647,547.18789441177));
#710 = CARTESIAN_POINT('',(3.571741465976,547.66334769124));
#711 = CARTESIAN_POINT('',(3.570061514114,548.15062376006));
#712 = CARTESIAN_POINT('',(3.570061514114,548.80690915838));
#713 = CARTESIAN_POINT('',(3.570256938905,548.97380302049));
#714 = CARTESIAN_POINT('',(3.570647710862,549.14024376345));
#715 = CARTESIAN_POINT('',(3.571232932989,549.30579620715));
#716 = CARTESIAN_POINT('',(3.572010884959,549.47002797201));
#717 = CARTESIAN_POINT('',(3.572979019148,549.63250963672));
#718 = CARTESIAN_POINT('',(3.574133956678,549.79281489598));
#719 = CARTESIAN_POINT('',(3.576727735873,550.09864360045));
#720 = CARTESIAN_POINT('',(3.578145048948,550.24447218978));
#721 = CARTESIAN_POINT('',(3.579720267584,550.38769865323));
#722 = CARTESIAN_POINT('',(3.581449862156,550.52801797228));
#723 = CARTESIAN_POINT('',(3.583329922914,550.66512797555));
#724 = CARTESIAN_POINT('',(3.585356154377,550.79872937135));
#725 = CARTESIAN_POINT('',(3.587523869738,550.92852578028));
#726 = CARTESIAN_POINT('',(3.593222413909,551.23940235113));
#727 = CARTESIAN_POINT('',(3.596913693334,551.41573061629));
#728 = CARTESIAN_POINT('',(3.600887070867,551.58233374288));
#729 = CARTESIAN_POINT('',(3.605126643438,551.73833917511));
#730 = CARTESIAN_POINT('',(3.609615307231,551.88287628306));
#731 = CARTESIAN_POINT('',(3.614334707351,552.0150760239));
#732 = CARTESIAN_POINT('',(3.619265187474,552.13407060322));
#733 = CARTESIAN_POINT('',(3.62947152992,552.3432033869));
#734 = CARTESIAN_POINT('',(3.634751392386,552.43366662192));
#735 = CARTESIAN_POINT('',(3.640197516614,552.50930677597));
#736 = CARTESIAN_POINT('',(3.645779812681,552.56917942925));
#737 = CARTESIAN_POINT('',(3.651466362761,552.61247531201));
#738 = CARTESIAN_POINT('',(3.657223868852,552.63852401121));
#739 = CARTESIAN_POINT('',(3.663018096513,552.64679787927));
#740 = CARTESIAN_POINT('',(3.671398399173,552.63251064524));
#741 = CARTESIAN_POINT('',(3.673981262859,552.62449922118));
#742 = CARTESIAN_POINT('',(3.676558813595,552.61285791298));
#743 = CARTESIAN_POINT('',(3.679127012991,552.59757605029));
#744 = CARTESIAN_POINT('',(3.681681878406,552.57865625062));
#745 = CARTESIAN_POINT('',(3.684219485023,552.55611441775));
#746 = CARTESIAN_POINT('',(3.686735967922,552.52997974012));
#747 = CARTESIAN_POINT('',(3.692149822424,552.4654776653));
#748 = CARTESIAN_POINT('',(3.695037382836,552.42578183487));
#749 = CARTESIAN_POINT('',(3.697884000578,552.3812803067));
#750 = CARTESIAN_POINT('',(3.700683733539,552.33207036547));
#751 = CARTESIAN_POINT('',(3.703430911041,552.27827345791));
#752 = CARTESIAN_POINT('',(3.706120142568,552.22003517894));
#753 = CARTESIAN_POINT('',(3.708746326496,552.15752525774));
#754 = CARTESIAN_POINT('',(3.714601531431,552.00512726554));
#755 = CARTESIAN_POINT('',(3.717784479987,551.91257770319));
#756 = CARTESIAN_POINT('',(3.720845999597,551.81364555729));
#757 = CARTESIAN_POINT('',(3.723779234552,551.70871818369));
#758 = CARTESIAN_POINT('',(3.726578039455,551.59821208875));
#759 = CARTESIAN_POINT('',(3.729237040348,551.48257142439));
#760 = CARTESIAN_POINT('',(3.731751695827,551.36226648315));
#761 = CARTESIAN_POINT('',(3.73942471922,550.95870484296));
#762 = CARTESIAN_POINT('',(3.743978887013,550.65909013059));
#763 = CARTESIAN_POINT('',(3.747774518052,550.34302139682));
#764 = CARTESIAN_POINT('',(3.750808514575,550.01423679303));
#765 = CARTESIAN_POINT('',(3.75308034003,549.67624177447));
#766 = CARTESIAN_POINT('',(3.754591456593,549.33238621131));
#767 = CARTESIAN_POINT('',(3.755344884717,548.98591611792));
#768 = CARTESIAN_POINT('',(3.755344884717,548.64));
#769 = ( GEOMETRIC_REPRESENTATION_CONTEXT(2) 
PARAMETRIC_REPRESENTATION_CONTEXT() REPRESENTATION_CONTEXT('2D SPACE',''
  ) );
#770 = PCURVE('',#771,#776);
#771 = CYLINDRICAL_SURFACE('',#772,4.);
#772 = AXIS2_PLACEMENT_3D('',#773,#774,#775);
#773 = CARTESIAN_POINT('',(3.061616997868E-15,50.,548.64));
#774 = DIRECTION('',(0.5,0.866025403784,0.));
#775 = DIRECTION('',(0.866025403784,-0.5,0.));
#776 = DEFINITIONAL_REPRESENTATION('',(#777),#857);
#777 = B_SPLINE_CURVE_WITH_KNOTS('',8,(#778,#779,#780,#781,#782,#783,
    #784,#785,#786,#787,#788,#789,#790,#791,#792,#793,#794,#795,#796,
    #797,#798,#799,#800,#801,#802,#803,#804,#805,#806,#807,#808,#809,
    #810,#811,#812,#813,#814,#815,#816,#817,#818,#819,#820,#821,#822,
    #823,#824,#825,#826,#827,#828,#829,#830,#831,#832,#833,#834,#835,
    #836,#837,#838,#839,#840,#841,#842,#843,#844,#845,#846,#847,#848,
    #849,#850,#851,#852,#853,#854,#855,#856),.UNSPECIFIED.,.F.,.F.,(9,7,
    7,7,7,7,7,7,7,7,7,9),(0.,0.162325156339,0.336445106414,0.49907586295
    ,0.554543538913,0.606640740621,0.683390465871,0.759619164142,
    0.793603634716,0.833463365136,0.884829816481,1.),.UNSPECIFIED.);
#778 = CARTESIAN_POINT('',(0.,-88.67747540737));
#779 = CARTESIAN_POINT('',(0.122347965011,-88.67747540737));
#780 = CARTESIAN_POINT('',(0.245686984701,-88.64580583366));
#781 = CARTESIAN_POINT('',(0.370169289514,-88.58157110583));
#782 = CARTESIAN_POINT('',(0.496014715756,-88.4839477599));
#783 = CARTESIAN_POINT('',(0.623531162216,-88.35207830721));
#784 = CARTESIAN_POINT('',(0.753120437915,-88.1850821531));
#785 = CARTESIAN_POINT('',(0.885330816453,-87.98227939036));
#786 = CARTESIAN_POINT('',(1.166563618174,-87.48783332338));
#787 = CARTESIAN_POINT('',(1.312512870609,-87.19713070193));
#788 = CARTESIAN_POINT('',(1.45808506326,-86.87787069435));
#789 = CARTESIAN_POINT('',(1.602795179026,-86.53897856316));
#790 = CARTESIAN_POINT('',(1.746130888459,-86.19198916452));
#791 = CARTESIAN_POINT('',(1.887489851304,-85.8508981176));
#792 = CARTESIAN_POINT('',(2.025954992254,-85.53011365032));
#793 = CARTESIAN_POINT('',(2.284900263249,-84.97111283682));
#794 = CARTESIAN_POINT('',(2.408784620308,-84.72275731668));
#795 = CARTESIAN_POINT('',(2.531726383517,-84.50339009042));
#796 = CARTESIAN_POINT('',(2.653969689903,-84.31976047147));
#797 = CARTESIAN_POINT('',(2.775775799442,-84.17751548521));
#798 = CARTESIAN_POINT('',(2.897429565565,-84.08081275149));
#799 = CARTESIAN_POINT('',(3.019248593607,-84.03209389805));
#800 = CARTESIAN_POINT('',(3.183319943185,-84.03209389805));
#801 = CARTESIAN_POINT('',(3.225043428414,-84.03776112062));
#802 = CARTESIAN_POINT('',(3.266764309422,-84.04909362335));
#803 = CARTESIAN_POINT('',(3.308484436743,-84.06605644205));
#804 = CARTESIAN_POINT('',(3.350205770044,-84.08858213296));
#805 = CARTESIAN_POINT('',(3.391929836864,-84.11657131498));
#806 = CARTESIAN_POINT('',(3.433657191357,-84.14989321196));
#807 = CARTESIAN_POINT('',(3.514580864954,-84.22454016491));
#808 = CARTESIAN_POINT('',(3.553776595796,-84.26525555853));
#809 = CARTESIAN_POINT('',(3.592984381391,-84.31040849965));
#810 = CARTESIAN_POINT('',(3.632214340047,-84.3598591534));
#811 = CARTESIAN_POINT('',(3.671476299342,-84.41345250857));
#812 = CARTESIAN_POINT('',(3.710779702906,-84.47101915992));
#813 = CARTESIAN_POINT('',(3.750133517218,-84.53237609057));
#814 = CARTESIAN_POINT('',(3.84760890851,-84.69301396271));
#815 = CARTESIAN_POINT('',(3.90581321932,-84.79652455494));
#816 = CARTESIAN_POINT('',(3.964207951532,-84.90727567198));
#817 = CARTESIAN_POINT('',(4.022841658699,-85.02464216771));
#818 = CARTESIAN_POINT('',(4.081763623981,-85.14796324088));
#819 = CARTESIAN_POINT('',(4.141024916919,-85.27654836705));
#820 = CARTESIAN_POINT('',(4.200679450201,-85.40968323056));
#821 = CARTESIAN_POINT('',(4.320482586907,-85.68265836033));
#822 = CARTESIAN_POINT('',(4.380702325075,-85.82262281369));
#823 = CARTESIAN_POINT('',(4.441408615727,-85.9656132768));
#824 = CARTESIAN_POINT('',(4.502577522238,-86.11068013966));
#825 = CARTESIAN_POINT('',(4.56419328897,-86.25686483626));
#826 = CARTESIAN_POINT('',(4.626246461144,-86.40322115233));
#827 = CARTESIAN_POINT('',(4.688733642189,-86.5488329265));
#828 = CARTESIAN_POINT('',(4.779712380638,-86.75702445644));
#829 = CARTESIAN_POINT('',(4.807835390962,-86.8208593083));
#830 = CARTESIAN_POINT('',(4.836017080098,-86.88423090419));
#831 = CARTESIAN_POINT('',(4.86424733259,-86.94704178094));
#832 = CARTESIAN_POINT('',(4.892516468643,-87.00919874953));
#833 = CARTESIAN_POINT('',(4.920814955807,-87.07061283617));
#834 = CARTESIAN_POINT('',(4.949133120669,-87.1311992234));
#835 = CARTESIAN_POINT('',(5.010685920545,-87.26087232903));
#836 = CARTESIAN_POINT('',(5.043919079214,-87.32960708359));
#837 = CARTESIAN_POINT('',(5.077142964885,-87.39694969908));
#838 = CARTESIAN_POINT('',(5.110340947873,-87.46277969748));
#839 = CARTESIAN_POINT('',(5.143496524616,-87.52698740544));
#840 = CARTESIAN_POINT('',(5.176592701821,-87.58947348144));
#841 = CARTESIAN_POINT('',(5.209611380611,-87.65014844276));
#842 = CARTESIAN_POINT('',(5.284957850489,-87.78468565594));
#843 = CARTESIAN_POINT('',(5.327205344254,-87.85726979057));
#844 = CARTESIAN_POINT('',(5.369266497234,-87.92657765889));
#845 = CARTESIAN_POINT('',(5.411130805564,-87.99252136611));
#846 = CARTESIAN_POINT('',(5.452785624009,-88.05503146289));
#847 = CARTESIAN_POINT('',(5.494215803728,-88.11405634784));
#848 = CARTESIAN_POINT('',(5.535403330027,-88.16956167014));
#849 = CARTESIAN_POINT('',(5.668082996695,-88.33804880391));
#850 = CARTESIAN_POINT('',(5.75837054448,-88.43660529498));
#851 = CARTESIAN_POINT('',(5.847485161092,-88.51777258607));
#852 = CARTESIAN_POINT('',(5.935670884095,-88.58206737336));
#853 = CARTESIAN_POINT('',(6.023139985569,-88.62991981301));
#854 = CARTESIAN_POINT('',(6.110088321741,-88.66165351803));
#855 = CARTESIAN_POINT('',(6.196706277699,-88.67747540737));
#856 = CARTESIAN_POINT('',(6.28318530718,-88.67747540737));
#857 = ( GEOMETRIC_REPRESENTATION_CONTEXT(2) 
PARAMETRIC_REPRESENTATION_CONTEXT() REPRESENTATION_CONTEXT('2D SPACE',''
  ) );
#858 = FACE_BOUND('',#859,.T.);
#859 = EDGE_LOOP('',(#860,#992));
#860 = ORIENTED_EDGE('',*,*,#861,.F.);
#861 = EDGE_CURVE('',#862,#864,#866,.T.);
#862 = VERTEX_POINT('',#863);
#863 = CARTESIAN_POINT('',(1.788824846213E-14,50.,544.64));
#864 = VERTEX_POINT('',#865);
#865 = CARTESIAN_POINT('',(1.473223304749E-14,50.,552.64));
#866 = SURFACE_CURVE('',#867,(#905,#946),.PCURVE_S1.);
#867 = B_SPLINE_CURVE_WITH_KNOTS('',6,(#868,#869,#870,#871,#872,#873,
    #874,#875,#876,#877,#878,#879,#880,#881,#882,#883,#884,#885,#886,
    #887,#888,#889,#890,#891,#892,#893,#894,#895,#896,#897,#898,#899,
    #900,#901,#902,#903,#904),.UNSPECIFIED.,.F.,.F.,(7,5,5,5,5,5,5,7),(
    0.,0.156531932854,0.288746486374,0.391063789803,0.570466616204,
    0.71122580624,0.849638519664,1.),.UNSPECIFIED.);
#868 = CARTESIAN_POINT('',(1.200000026458E-06,50.,544.64));
#869 = CARTESIAN_POINT('',(-0.404021342738,50.000000009697,
    544.63999990909));
#870 = CARTESIAN_POINT('',(-0.805675589918,49.996082494448,
    544.67672706415));
#871 = CARTESIAN_POINT('',(-1.199654149673,49.988332930662,
    544.74860617749));
#872 = CARTESIAN_POINT('',(-1.580874096563,49.977179493395,
    544.8534210494));
#873 = CARTESIAN_POINT('',(-1.944680507142,49.963343433661,
    544.98835270849));
#874 = CARTESIAN_POINT('',(-2.576250125061,49.934424415341,
    545.2865646987));
#875 = CARTESIAN_POINT('',(-2.850606337352,49.91984834939,
    545.44239812233));
#876 = CARTESIAN_POINT('',(-3.10823422303,49.904409968912,
    545.61587603765));
#877 = CARTESIAN_POINT('',(-3.347432636927,49.888626910552,
    545.80535903108));
#878 = CARTESIAN_POINT('',(-3.566677568861,49.873020865224,546.00920676)
  );
#879 = CARTESIAN_POINT('',(-3.917777915956,49.846510525084,
    546.39337354888));
#880 = CARTESIAN_POINT('',(-4.058212420625,49.835338846423,
    546.56862125221));
#881 = CARTESIAN_POINT('',(-4.185210691078,49.824790545167,
    546.75069772546));
#882 = CARTESIAN_POINT('',(-4.298167677118,49.8150803658,546.93876760922
    ));
#883 = CARTESIAN_POINT('',(-4.396567936458,49.806397224349,
    547.13198210548));
#884 = CARTESIAN_POINT('',(-4.626237863807,49.785735781901,
    547.67577018702));
#885 = CARTESIAN_POINT('',(-4.726454299531,49.776200571185,
    548.03531179761));
#886 = CARTESIAN_POINT('',(-4.777977628769,49.771138790445,
    548.40276257555));
#887 = CARTESIAN_POINT('',(-4.779640932096,49.771012195351,
    548.77259220105));
#888 = CARTESIAN_POINT('',(-4.731686745509,49.77570097853,
    549.13923558297));
#889 = CARTESIAN_POINT('',(-4.56062857208,49.791629537176,
    549.77812368592));
#890 = CARTESIAN_POINT('',(-4.455980319215,49.801236622231,
    550.05352891592));
#891 = CARTESIAN_POINT('',(-4.322704965105,49.81317020035,
    550.32111818794));
#892 = CARTESIAN_POINT('',(-4.161972404578,49.826997674473,
    550.57858575588));
#893 = CARTESIAN_POINT('',(-3.975308084496,49.842166626398,
    550.82367812225));
#894 = CARTESIAN_POINT('',(-3.557416799889,49.873720112996,
    551.28092618321));
#895 = CARTESIAN_POINT('',(-3.326866746955,49.890088930109,
    551.4936917431));
#896 = CARTESIAN_POINT('',(-3.074520367602,49.906627020147,
    551.69063279448));
#897 = CARTESIAN_POINT('',(-2.802136406096,49.922733713415,
    551.86986605522));
#898 = CARTESIAN_POINT('',(-2.511687993591,49.937815624132,
    552.02951046854));
#899 = CARTESIAN_POINT('',(-1.872634733211,49.966030221729,
    552.31778785655));
#900 = CARTESIAN_POINT('',(-1.520578509942,49.978908555768,
    552.44282233583));
#901 = CARTESIAN_POINT('',(-1.15288863947,49.989236158639,
    552.53977269759));
#902 = CARTESIAN_POINT('',(-0.77379659958,49.996388767008,
    552.60614433173));
#903 = CARTESIAN_POINT('',(-0.387905968787,50.00000000931,
    552.64000008727));
#904 = CARTESIAN_POINT('',(1.200000033563E-06,50.,552.64));
#905 = PCURVE('',#53,#906);
#906 = DEFINITIONAL_REPRESENTATION('',(#907),#945);
#907 = B_SPLINE_CURVE_WITH_KNOTS('',6,(#908,#909,#910,#911,#912,#913,
    #914,#915,#916,#917,#918,#919,#920,#921,#922,#923,#924,#925,#926,
    #927,#928,#929,#930,#931,#932,#933,#934,#935,#936,#937,#938,#939,
    #940,#941,#942,#943,#944),.UNSPECIFIED.,.F.,.F.,(7,5,5,5,5,5,5,7),(
    0.,0.156531932854,0.288746486374,0.391063789803,0.570466616204,
    0.71122580624,0.849638519664,1.),.UNSPECIFIED.);
#908 = CARTESIAN_POINT('',(1.570796302795,544.64));
#909 = CARTESIAN_POINT('',(1.57887675365,544.63999990909));
#910 = CARTESIAN_POINT('',(1.586909839102,544.67672706415));
#911 = CARTESIAN_POINT('',(1.594790357428,544.74860617749));
#912 = CARTESIAN_POINT('',(1.602417557182,544.8534210494));
#913 = CARTESIAN_POINT('',(1.609698727649,544.98835270849));
#914 = CARTESIAN_POINT('',(1.622343354838,545.2865646987));
#915 = CARTESIAN_POINT('',(1.627838068794,545.44239812233));
#916 = CARTESIAN_POINT('',(1.6329997108,545.61587603765));
#917 = CARTESIAN_POINT('',(1.637793975332,545.80535903108));
#918 = CARTESIAN_POINT('',(1.642189929246,546.00920676));
#919 = CARTESIAN_POINT('',(1.649231924754,546.39337354888));
#920 = CARTESIAN_POINT('',(1.652049465147,546.56862125221));
#921 = CARTESIAN_POINT('',(1.654598157446,546.75069772546));
#922 = CARTESIAN_POINT('',(1.656865619521,546.93876760922));
#923 = CARTESIAN_POINT('',(1.658841269303,547.13198210548));
#924 = CARTESIAN_POINT('',(1.66345321773,547.67577018702));
#925 = CARTESIAN_POINT('',(1.665466571404,548.03531179761));
#926 = CARTESIAN_POINT('',(1.666502011758,548.40276257555));
#927 = CARTESIAN_POINT('',(1.666535356823,548.77259220105));
#928 = CARTESIAN_POINT('',(1.665571709606,549.13923558297));
#929 = CARTESIAN_POINT('',(1.66213574583,549.77812368592));
#930 = CARTESIAN_POINT('',(1.660033981608,550.05352891592));
#931 = CARTESIAN_POINT('',(1.657357820133,550.32111818794));
#932 = CARTESIAN_POINT('',(1.654131334773,550.57858575588));
#933 = CARTESIAN_POINT('',(1.650385803387,550.82367812225));
#934 = CARTESIAN_POINT('',(1.642004186639,551.28092618321));
#935 = CARTESIAN_POINT('',(1.637381622973,551.4936917431));
#936 = CARTESIAN_POINT('',(1.63232399337,551.69063279448));
#937 = CARTESIAN_POINT('',(1.626866986132,551.86986605522));
#938 = CARTESIAN_POINT('',(1.621050368832,552.02951046854));
#939 = CARTESIAN_POINT('',(1.608256852769,552.31778785655));
#940 = CARTESIAN_POINT('',(1.601211219781,552.44282233583));
#941 = CARTESIAN_POINT('',(1.593854938438,552.53977269759));
#942 = CARTESIAN_POINT('',(1.586272259185,552.60614433173));
#943 = CARTESIAN_POINT('',(1.578554446171,552.64000008727));
#944 = CARTESIAN_POINT('',(1.570796302795,552.64));
#945 = ( GEOMETRIC_REPRESENTATION_CONTEXT(2) 
PARAMETRIC_REPRESENTATION_CONTEXT() REPRESENTATION_CONTEXT('2D SPACE',''
  ) );
#946 = PCURVE('',#947,#952);
#947 = CYLINDRICAL_SURFACE('',#948,4.);
#948 = AXIS2_PLACEMENT_3D('',#949,#950,#951);
#949 = CARTESIAN_POINT('',(3.061616997868E-15,50.,548.64));
#950 = DIRECTION('',(0.5,0.866025403784,0.));
#951 = DIRECTION('',(0.866025403784,-0.5,0.));
#952 = DEFINITIONAL_REPRESENTATION('',(#953),#991);
#953 = B_SPLINE_CURVE_WITH_KNOTS('',6,(#954,#955,#956,#957,#958,#959,
    #960,#961,#962,#963,#964,#965,#966,#967,#968,#969,#970,#971,#972,
    #973,#974,#975,#976,#977,#978,#979,#980,#981,#982,#983,#984,#985,
    #986,#987,#988,#989,#990),.UNSPECIFIED.,.F.,.F.,(7,5,5,5,5,5,5,7),(
    0.,0.156531932854,0.288746486374,0.391063789803,0.570466616204,
    0.71122580624,0.849638519664,1.),.UNSPECIFIED.);
#954 = CARTESIAN_POINT('',(1.570796066987,5.999999999062E-07));
#955 = CARTESIAN_POINT('',(1.658269514627,-0.202010662971));
#956 = CARTESIAN_POINT('',(1.744740503149,-0.406230454287));
#957 = CARTESIAN_POINT('',(1.830275463711,-0.609931053271));
#958 = CARTESIAN_POINT('',(1.9148941257,-0.810200186729));
#959 = CARTESIAN_POINT('',(1.998591136209,-1.004085771236));
#960 = CARTESIAN_POINT('',(2.151169434533,-1.344915184713));
#961 = CARTESIAN_POINT('',(2.220441820889,-1.494716534259));
#962 = CARTESIAN_POINT('',(2.289229105302,-1.636900506786));
#963 = CARTESIAN_POINT('',(2.357628652344,-1.770168243224));
#964 = CARTESIAN_POINT('',(2.425733781174,-1.893305940897));
#965 = CARTESIAN_POINT('',(2.546189330353,-2.091814742469));
#966 = CARTESIAN_POINT('',(2.59862971911,-2.171706952327));
#967 = CARTESIAN_POINT('',(2.650983844176,-2.244341184407));
#968 = CARTESIAN_POINT('',(2.703277876371,-2.309228939435));
#969 = CARTESIAN_POINT('',(2.755539778253,-2.365948890186));
#970 = CARTESIAN_POINT('',(2.899428591089,-2.4986771879));
#971 = CARTESIAN_POINT('',(2.991070948755,-2.557043140471));
#972 = CARTESIAN_POINT('',(3.082696460594,-2.587188435799));
#973 = CARTESIAN_POINT('',(3.174317522509,-2.588129722031));
#974 = CARTESIAN_POINT('',(3.265947967946,-2.560092023392));
#975 = CARTESIAN_POINT('',(3.429469266952,-2.460768400244));
#976 = CARTESIAN_POINT('',(3.501319108848,-2.400124294098));
#977 = CARTESIAN_POINT('',(3.57319519897,-2.323151835233));
#978 = CARTESIAN_POINT('',(3.645156520091,-2.230810611109));
#979 = CARTESIAN_POINT('',(3.717258519706,-2.124341753352));
#980 = CARTESIAN_POINT('',(3.860628711735,-1.888069990077));
#981 = CARTESIAN_POINT('',(3.931931155093,-1.75861915216));
#982 = CARTESIAN_POINT('',(4.003561350125,-1.61812355638));
#983 = CARTESIAN_POINT('',(4.075625689329,-1.467982770086));
#984 = CARTESIAN_POINT('',(4.148235776679,-1.309697246016));
#985 = CARTESIAN_POINT('',(4.301120473098,-0.965736057549));
#986 = CARTESIAN_POINT('',(4.38165814423,-0.778554981478));
#987 = CARTESIAN_POINT('',(4.463060443782,-0.585766079796));
#988 = CARTESIAN_POINT('',(4.545308524899,-0.3900257193));
#989 = CARTESIAN_POINT('',(4.628404873409,-0.193952976331));
#990 = CARTESIAN_POINT('',(4.712389240192,5.999999999062E-07));
#991 = ( GEOMETRIC_REPRESENTATION_CONTEXT(2) 
PARAMETRIC_REPRESENTATION_CONTEXT() REPRESENTATION_CONTEXT('2D SPACE',''
  ) );
#992 = ORIENTED_EDGE('',*,*,#993,.T.);
#993 = EDGE_CURVE('',#862,#864,#994,.T.);
#994 = SURFACE_CURVE('',#995,(#999,#1005),.PCURVE_S1.);
#995 = LINE('',#996,#997);
#996 = CARTESIAN_POINT('',(1.06581410364E-14,50.,0.));
#997 = VECTOR('',#998,1.);
#998 = DIRECTION('',(0.,0.,1.));
#999 = PCURVE('',#53,#1000);
#1000 = DEFINITIONAL_REPRESENTATION('',(#1001),#1004);
#1001 = B_SPLINE_CURVE_WITH_KNOTS('',1,(#1002,#1003),.UNSPECIFIED.,.F.,
  .F.,(2,2),(543.84,553.44),.PIECEWISE_BEZIER_KNOTS.);
#1002 = CARTESIAN_POINT('',(1.570796326795,543.84));
#1003 = CARTESIAN_POINT('',(1.570796326795,553.44));
#1004 = ( GEOMETRIC_REPRESENTATION_CONTEXT(2) 
PARAMETRIC_REPRESENTATION_CONTEXT() REPRESENTATION_CONTEXT('2D SPACE',''
  ) );
#1005 = PCURVE('',#1006,#1011);
#1006 = PLANE('',#1007);
#1007 = AXIS2_PLACEMENT_3D('',#1008,#1009,#1010);
#1008 = CARTESIAN_POINT('',(2.839572392943E-15,50.,548.64));
#1009 = DIRECTION('',(0.5,0.866025403784,0.));
#1010 = DIRECTION('',(0.866025403784,-0.5,0.));
#1011 = DEFINITIONAL_REPRESENTATION('',(#1012),#1015);
#1012 = B_SPLINE_CURVE_WITH_KNOTS('',1,(#1013,#1014),.UNSPECIFIED.,.F.,
  .F.,(2,2),(543.84,553.44),.PIECEWISE_BEZIER_KNOTS.);
#1013 = CARTESIAN_POINT('',(6.771079066467E-15,4.8));
#1014 = CARTESIAN_POINT('',(6.771079066467E-15,-4.8));
#1015 = ( GEOMETRIC_REPRESENTATION_CONTEXT(2) 
PARAMETRIC_REPRESENTATION_CONTEXT() REPRESENTATION_CONTEXT('2D SPACE',''
  ) );
#1016 = FACE_BOUND('',#1017,.T.);
#1017 = EDGE_LOOP('',(#1018));
#1018 = ORIENTED_EDGE('',*,*,#1019,.T.);
#1019 = EDGE_CURVE('',#1020,#1020,#1022,.T.);
#1020 = VERTEX_POINT('',#1021);
#1021 = CARTESIAN_POINT('',(-20.77392804891,45.480148564165,548.64));
#1022 = SURFACE_CURVE('',#1023,(#1116,#1212),.PCURVE_S1.);
#1023 = B_SPLINE_CURVE_WITH_KNOTS('',6,(#1024,#1025,#1026,#1027,#1028,
    #1029,#1030,#1031,#1032,#1033,#1034,#1035,#1036,#1037,#1038,#1039,
    #1040,#1041,#1042,#1043,#1044,#1045,#1046,#1047,#1048,#1049,#1050,
    #1051,#1052,#1053,#1054,#1055,#1056,#1057,#1058,#1059,#1060,#1061,
    #1062,#1063,#1064,#1065,#1066,#1067,#1068,#1069,#1070,#1071,#1072,
    #1073,#1074,#1075,#1076,#1077,#1078,#1079,#1080,#1081,#1082,#1083,
    #1084,#1085,#1086,#1087,#1088,#1089,#1090,#1091,#1092,#1093,#1094,
    #1095,#1096,#1097,#1098,#1099,#1100,#1101,#1102,#1103,#1104,#1105,
    #1106,#1107,#1108,#1109,#1110,#1111,#1112,#1113,#1114,#1115),
  .UNSPECIFIED.,.T.,.F.,(7,5,5,5,5,5,5,5,5,5,5,5,5,5,5,5,5,5,7),(0.,
    5.538914909808E-02,0.107412595599,0.184053664498,0.242289524816,
    0.259003377884,0.294188706777,0.334038932612,0.385393135412,
    0.421309326984,0.445228360426,0.500362709583,0.580984001964,
    0.663568500411,0.740165906978,0.816187108003,0.892727917763,
    0.94468330903,1.),.UNSPECIFIED.);
#1024 = CARTESIAN_POINT('',(-20.77392804891,45.480148564165,548.64));
#1025 = CARTESIAN_POINT('',(-20.77392804891,45.480148564165,
    548.8625455445));
#1026 = CARTESIAN_POINT('',(-20.79051880462,45.472570163267,
    549.08506253598));
#1027 = CARTESIAN_POINT('',(-20.82369082165,45.457418928759,
    549.30632507034));
#1028 = CARTESIAN_POINT('',(-20.87323881516,45.43473134355,
    549.52511957649));
#1029 = CARTESIAN_POINT('',(-20.93876277908,45.404583075874,
    549.74024628856));
#1030 = CARTESIAN_POINT('',(-21.09565908973,45.331889235494,
    550.14801789452));
#1031 = CARTESIAN_POINT('',(-21.18521778479,45.290208926905,
    550.34123239077));
#1032 = CARTESIAN_POINT('',(-21.28789649392,45.242139695892,
    550.52930227453));
#1033 = CARTESIAN_POINT('',(-21.40315437299,45.18777565752,
    550.71137874778));
#1034 = CARTESIAN_POINT('',(-21.53036006093,45.12723336271,
    550.88662645111));
#1035 = CARTESIAN_POINT('',(-21.87273363601,44.962592594568,
    551.30112854557));
#1036 = CARTESIAN_POINT('',(-22.1011101261,44.851406845868,
    551.53151272942));
#1037 = CARTESIAN_POINT('',(-22.35181054907,44.727496893609,
    551.74292682225));
#1038 = CARTESIAN_POINT('',(-22.62245073096,44.591336171527,
    551.9329318951));
#1039 = CARTESIAN_POINT('',(-22.910389104,44.443566516123,
    552.09909642555));
#1040 = CARTESIAN_POINT('',(-23.44248401824,44.164660381465,
    552.34529391485));
#1041 = CARTESIAN_POINT('',(-23.68068290317,44.037981702737,
    552.43649031272));
#1042 = CARTESIAN_POINT('',(-23.92575683112,43.905601092042,
    552.51133096475));
#1043 = CARTESIAN_POINT('',(-24.17599993806,43.768200303629,
    552.56872491367));
#1044 = CARTESIAN_POINT('',(-24.42963132066,43.626588676313,
    552.60775134713));
#1045 = CARTESIAN_POINT('',(-24.75809181574,43.440119519775,
    552.63338585255));
#1046 = CARTESIAN_POINT('',(-24.83145078775,43.398277375578,
    552.63752698348));
#1047 = CARTESIAN_POINT('',(-24.90486865271,43.356204035827,
    552.64007583149));
#1048 = CARTESIAN_POINT('',(-24.97829226585,43.313928633734,
    552.64101829463));
#1049 = CARTESIAN_POINT('',(-25.05166843277,43.271481275634,
    552.64034306526));
#1050 = CARTESIAN_POINT('',(-25.27920048536,43.139238008302,
    552.63319674161));
#1051 = CARTESIAN_POINT('',(-25.43303518368,43.048944529296,
    552.62114418243));
#1052 = CARTESIAN_POINT('',(-25.58589809105,42.958332928267,
    552.60180299227));
#1053 = CARTESIAN_POINT('',(-25.73726010665,42.867732698382,
    552.5751626609));
#1054 = CARTESIAN_POINT('',(-25.88661340564,42.777480468653,
    552.54128311236));
#1055 = CARTESIAN_POINT('',(-26.19980100793,42.586481210969,
    552.45387199065));
#1056 = CARTESIAN_POINT('',(-26.36288779459,42.485954880329,
    552.39834218663));
#1057 = CARTESIAN_POINT('',(-26.52201556886,42.386842497157,
    552.33390998163));
#1058 = CARTESIAN_POINT('',(-26.67653436198,42.289637266602,
    552.26089290121));
#1059 = CARTESIAN_POINT('',(-26.82586083179,42.19481342307,
    552.17972116236));
#1060 = CARTESIAN_POINT('',(-27.15455499813,41.984264327956,
    551.9765238398));
#1061 = CARTESIAN_POINT('',(-27.33005295246,41.870470031152,
    551.8495301374));
#1062 = CARTESIAN_POINT('',(-27.49519430217,41.762182886099,
    551.71095520143));
#1063 = CARTESIAN_POINT('',(-27.64934287609,41.660083658496,
    551.56194084962));
#1064 = CARTESIAN_POINT('',(-27.79201623339,41.564753426654,
    551.40375791252));
#1065 = CARTESIAN_POINT('',(-28.01443404527,41.415017342936,
    551.12171880029));
#1066 = CARTESIAN_POINT('',(-28.10024175323,41.356897351707,
    551.00178875833));
#1067 = CARTESIAN_POINT('',(-28.18028151735,41.302389012763,
    550.87837130241));
#1068 = CARTESIAN_POINT('',(-28.25452801202,41.251582926981,
    550.75183412534));
#1069 = CARTESIAN_POINT('',(-28.32297003241,41.204552642111,
    550.62254337777));
#1070 = CARTESIAN_POINT('',(-28.42732703637,41.132586175222,
    550.40316919837));
#1071 = CARTESIAN_POINT('',(-28.46647569447,41.105513684691,
    550.31440380053));
#1072 = CARTESIAN_POINT('',(-28.50306126558,41.08015094545,
    550.22466499711));
#1073 = CARTESIAN_POINT('',(-28.53708983648,41.056509096021,
    550.13404613326));
#1074 = CARTESIAN_POINT('',(-28.56856878395,41.034596649187,
    550.0426363768));
#1075 = CARTESIAN_POINT('',(-28.66421002581,40.96791032043,
    549.73819036241));
#1076 = CARTESIAN_POINT('',(-28.71739921809,40.930630451933,
    549.52214874495));
#1077 = CARTESIAN_POINT('',(-28.75719939656,40.902638578065,
    549.3033854163));
#1078 = CARTESIAN_POINT('',(-28.78369901807,40.883969177044,
    549.08283623786));
#1079 = CARTESIAN_POINT('',(-28.79694644625,40.87463608855,
    548.8614074933));
#1080 = CARTESIAN_POINT('',(-28.79694644625,40.87463608855,
    548.31624251441));
#1081 = CARTESIAN_POINT('',(-28.76862023129,40.894592485409,
    547.9923304493));
#1082 = CARTESIAN_POINT('',(-28.71191788385,40.934540176462,
    547.67115769231));
#1083 = CARTESIAN_POINT('',(-28.6266322751,40.994405519086,
    547.35565453576));
#1084 = CARTESIAN_POINT('',(-28.51243134627,41.073977703891,
    547.04892981597));
#1085 = CARTESIAN_POINT('',(-28.22185407378,41.274190921119,
    546.45272452276));
#1086 = CARTESIAN_POINT('',(-28.04368101019,41.396026087037,
    546.16312891028));
#1087 = CARTESIAN_POINT('',(-27.83444680081,41.537607077666,
    545.89107421869));
#1088 = CARTESIAN_POINT('',(-27.59506677269,41.69733568388,
    545.64170525685));
#1089 = CARTESIAN_POINT('',(-27.32721311909,41.872968592068,
    545.41974938763));
#1090 = CARTESIAN_POINT('',(-26.76067628731,42.237083489464,
    545.05292612075));
#1091 = CARTESIAN_POINT('',(-26.46626442295,42.42330652555,
    544.90404408036));
#1092 = CARTESIAN_POINT('',(-26.15363302426,42.617402669809,
    544.78689010934));
#1093 = CARTESIAN_POINT('',(-25.82745282349,42.815704807163,
    544.70402055543));
#1094 = CARTESIAN_POINT('',(-25.49318490672,43.014522101046,
    544.65635936609));
#1095 = CARTESIAN_POINT('',(-24.82276848592,43.404832460113,
    544.62990820928));
#1096 = CARTESIAN_POINT('',(-24.48718342013,43.596060453789,
    544.65062302131));
#1097 = CARTESIAN_POINT('',(-24.15419677555,43.78163598598,
    544.7041621316));
#1098 = CARTESIAN_POINT('',(-23.82810242269,43.959417175838,
    544.78877395785));
#1099 = CARTESIAN_POINT('',(-23.5130407444,44.127676935018,
    544.90205986288));
#1100 = CARTESIAN_POINT('',(-22.910389104,44.443566516123,
    545.18090357444));
#1101 = CARTESIAN_POINT('',(-22.62245073096,44.591336171527,
    545.3470681049));
#1102 = CARTESIAN_POINT('',(-22.35181054907,44.727496893609,
    545.53707317774));
#1103 = CARTESIAN_POINT('',(-22.1011101261,44.851406845868,
    545.74848727057));
#1104 = CARTESIAN_POINT('',(-21.87273363601,44.962592594568,
    545.97887145442));
#1105 = CARTESIAN_POINT('',(-21.53036006093,45.127233362709,
    546.39337354888));
#1106 = CARTESIAN_POINT('',(-21.40315437299,45.18777565752,
    546.56862125221));
#1107 = CARTESIAN_POINT('',(-21.28789649392,45.242139695893,
    546.75069772546));
#1108 = CARTESIAN_POINT('',(-21.18521778479,45.290208926905,
    546.93876760922));
#1109 = CARTESIAN_POINT('',(-21.09565908973,45.331889235494,
    547.13198210548));
#1110 = CARTESIAN_POINT('',(-20.93876277908,45.404583075874,
    547.53975371143));
#1111 = CARTESIAN_POINT('',(-20.87323881516,45.43473134355,
    547.7548804235));
#1112 = CARTESIAN_POINT('',(-20.82369082165,45.457418928759,
    547.97367492965));
#1113 = CARTESIAN_POINT('',(-20.79051880462,45.472570163267,
    548.19493746401));
#1114 = CARTESIAN_POINT('',(-20.77392804891,45.480148564165,
    548.41745445549));
#1115 = CARTESIAN_POINT('',(-20.77392804891,45.480148564165,548.64));
#1116 = PCURVE('',#53,#1117);
#1117 = DEFINITIONAL_REPRESENTATION('',(#1118),#1211);
#1118 = B_SPLINE_CURVE_WITH_KNOTS('',6,(#1119,#1120,#1121,#1122,#1123,
    #1124,#1125,#1126,#1127,#1128,#1129,#1130,#1131,#1132,#1133,#1134,
    #1135,#1136,#1137,#1138,#1139,#1140,#1141,#1142,#1143,#1144,#1145,
    #1146,#1147,#1148,#1149,#1150,#1151,#1152,#1153,#1154,#1155,#1156,
    #1157,#1158,#1159,#1160,#1161,#1162,#1163,#1164,#1165,#1166,#1167,
    #1168,#1169,#1170,#1171,#1172,#1173,#1174,#1175,#1176,#1177,#1178,
    #1179,#1180,#1181,#1182,#1183,#1184,#1185,#1186,#1187,#1188,#1189,
    #1190,#1191,#1192,#1193,#1194,#1195,#1196,#1197,#1198,#1199,#1200,
    #1201,#1202,#1203,#1204,#1205,#1206,#1207,#1208,#1209,#1210),
  .UNSPECIFIED.,.T.,.F.,(7,5,5,5,5,5,5,5,5,5,5,5,5,5,5,5,5,5,7),(0.,
    5.538914909808E-02,0.107412595599,0.184053664498,0.242289524816,
    0.259003377884,0.294188706777,0.334038932612,0.385393135412,
    0.421309326984,0.445228360426,0.500362709583,0.580984001964,
    0.663568500411,0.740165906978,0.816187108003,0.892727917763,
    0.94468330903,1.),.UNSPECIFIED.);
#1119 = CARTESIAN_POINT('',(1.999265187319,548.64));
#1120 = CARTESIAN_POINT('',(1.999265187319,548.8625455445));
#1121 = CARTESIAN_POINT('',(1.999629980262,549.08506253598));
#1122 = CARTESIAN_POINT('',(2.000359348798,549.30632507034));
#1123 = CARTESIAN_POINT('',(2.001449251848,549.52511957649));
#1124 = CARTESIAN_POINT('',(2.002891787625,549.74024628856));
#1125 = CARTESIAN_POINT('',(2.006350159885,550.14801789452));
#1126 = CARTESIAN_POINT('',(2.008325809667,550.34123239077));
#1127 = CARTESIAN_POINT('',(2.010593271742,550.52930227453));
#1128 = CARTESIAN_POINT('',(2.013141964041,550.71137874778));
#1129 = CARTESIAN_POINT('',(2.015959504434,550.88662645111));
#1130 = CARTESIAN_POINT('',(2.023557563329,551.30112854557));
#1131 = CARTESIAN_POINT('',(2.028637589644,551.53151272942));
#1132 = CARTESIAN_POINT('',(2.034230429937,551.74292682225));
#1133 = CARTESIAN_POINT('',(2.04028940819,551.9329318951));
#1134 = CARTESIAN_POINT('',(2.046762009999,552.09909642555));
#1135 = CARTESIAN_POINT('',(2.058777227512,552.34529391485));
#1136 = CARTESIAN_POINT('',(2.064172915326,552.43649031272));
#1137 = CARTESIAN_POINT('',(2.06974357819,552.51133096475));
#1138 = CARTESIAN_POINT('',(2.075453030519,552.56872491367));
#1139 = CARTESIAN_POINT('',(2.081262623539,552.60775134713));
#1140 = CARTESIAN_POINT('',(2.088816617004,552.63338585255));
#1141 = CARTESIAN_POINT('',(2.090505672874,552.63752698348));
#1142 = CARTESIAN_POINT('',(2.092198044556,552.64007583149));
#1143 = CARTESIAN_POINT('',(2.093892528822,552.64101829463));
#1144 = CARTESIAN_POINT('',(2.095587911982,552.64034306526));
#1145 = CARTESIAN_POINT('',(2.100851337358,552.63319674161));
#1146 = CARTESIAN_POINT('',(2.104418826255,552.62114418243));
#1147 = CARTESIAN_POINT('',(2.107972790413,552.60180299227));
#1148 = CARTESIAN_POINT('',(2.1115008507,552.5751626609));
#1149 = CARTESIAN_POINT('',(2.114990914859,552.54128311236));
#1150 = CARTESIAN_POINT('',(2.122327595053,552.45387199065));
#1151 = CARTESIAN_POINT('',(2.126159148744,552.39834218663));
#1152 = CARTESIAN_POINT('',(2.12990848496,552.33390998163));
#1153 = CARTESIAN_POINT('',(2.133559456168,552.26089290121));
#1154 = CARTESIAN_POINT('',(2.137097222258,552.17972116236));
#1155 = CARTESIAN_POINT('',(2.144904162156,551.9765238398));
#1156 = CARTESIAN_POINT('',(2.149087334108,551.8495301374));
#1157 = CARTESIAN_POINT('',(2.153036834066,551.71095520143));
#1158 = CARTESIAN_POINT('',(2.156734677919,551.56194084962));
#1159 = CARTESIAN_POINT('',(2.160166481595,551.40375791252));
#1160 = CARTESIAN_POINT('',(2.165528965266,551.12171880029));
#1161 = CARTESIAN_POINT('',(2.167601723675,551.00178875833));
#1162 = CARTESIAN_POINT('',(2.169538466791,550.87837130241));
#1163 = CARTESIAN_POINT('',(2.171337771667,550.75183412534));
#1164 = CARTESIAN_POINT('',(2.172998632226,550.62254337777));
#1165 = CARTESIAN_POINT('',(2.175533947325,550.40316919837));
#1166 = CARTESIAN_POINT('',(2.176485899789,550.31440380053));
#1167 = CARTESIAN_POINT('',(2.177376240986,550.22466499711));
#1168 = CARTESIAN_POINT('',(2.178204945563,550.13404613326));
#1169 = CARTESIAN_POINT('',(2.178972038476,550.0426363768));
#1170 = CARTESIAN_POINT('',(2.181303931577,549.73819036241));
#1171 = CARTESIAN_POINT('',(2.182602985932,549.52214874495));
#1172 = CARTESIAN_POINT('',(2.183576144434,549.3033854163));
#1173 = CARTESIAN_POINT('',(2.184224458919,549.08283623786));
#1174 = CARTESIAN_POINT('',(2.184548557922,548.8614074933));
#1175 = CARTESIAN_POINT('',(2.184548557922,548.31624251441));
#1176 = CARTESIAN_POINT('',(2.183855558078,547.9923304493));
#1177 = CARTESIAN_POINT('',(2.182468326095,547.67115769231));
#1178 = CARTESIAN_POINT('',(2.180384351255,547.35565453576));
#1179 = CARTESIAN_POINT('',(2.17760060597,547.04892981597));
#1180 = CARTESIAN_POINT('',(2.170543113961,546.45272452276));
#1181 = CARTESIAN_POINT('',(2.166226224025,546.16312891028));
#1182 = CARTESIAN_POINT('',(2.161173630246,545.89107421869));
#1183 = CARTESIAN_POINT('',(2.155418307263,545.64170525685));
#1184 = CARTESIAN_POINT('',(2.149012563286,545.41974938763));
#1185 = CARTESIAN_POINT('',(2.135543433541,545.05292612075));
#1186 = CARTESIAN_POINT('',(2.128576338315,544.90404408036));
#1187 = CARTESIAN_POINT('',(2.12121708405,544.78689010934));
#1188 = CARTESIAN_POINT('',(2.113583034026,544.70402055543));
#1189 = CARTESIAN_POINT('',(2.105804855462,544.65635936609));
#1190 = CARTESIAN_POINT('',(2.090289697021,544.62990820928));
#1191 = CARTESIAN_POINT('',(2.082565121703,544.65062302131));
#1192 = CARTESIAN_POINT('',(2.074941509045,544.7041621316));
#1193 = CARTESIAN_POINT('',(2.067513788315,544.78877395785));
#1194 = CARTESIAN_POINT('',(2.060370466593,544.90205986288));
#1195 = CARTESIAN_POINT('',(2.046762009999,545.18090357444));
#1196 = CARTESIAN_POINT('',(2.04028940819,545.3470681049));
#1197 = CARTESIAN_POINT('',(2.034230429937,545.53707317774));
#1198 = CARTESIAN_POINT('',(2.028637589644,545.74848727057));
#1199 = CARTESIAN_POINT('',(2.023557563329,545.97887145442));
#1200 = CARTESIAN_POINT('',(2.015959504434,546.39337354888));
#1201 = CARTESIAN_POINT('',(2.013141964041,546.56862125221));
#1202 = CARTESIAN_POINT('',(2.010593271742,546.75069772546));
#1203 = CARTESIAN_POINT('',(2.008325809667,546.93876760922));
#1204 = CARTESIAN_POINT('',(2.006350159885,547.13198210548));
#1205 = CARTESIAN_POINT('',(2.002891787625,547.53975371143));
#1206 = CARTESIAN_POINT('',(2.001449251848,547.7548804235));
#1207 = CARTESIAN_POINT('',(2.000359348798,547.97367492965));
#1208 = CARTESIAN_POINT('',(1.999629980262,548.19493746401));
#1209 = CARTESIAN_POINT('',(1.999265187319,548.41745445549));
#1210 = CARTESIAN_POINT('',(1.999265187319,548.64));
#1211 = ( GEOMETRIC_REPRESENTATION_CONTEXT(2) 
PARAMETRIC_REPRESENTATION_CONTEXT() REPRESENTATION_CONTEXT('2D SPACE',''
  ) );
#1212 = PCURVE('',#1213,#1218);
#1213 = CYLINDRICAL_SURFACE('',#1214,4.);
#1214 = AXIS2_PLACEMENT_3D('',#1215,#1216,#1217);
#1215 = CARTESIAN_POINT('',(50.,0.,548.64));
#1216 = DIRECTION('',(0.866025403784,-0.5,0.));
#1217 = DIRECTION('',(0.5,0.866025403784,0.));
#1218 = DEFINITIONAL_REPRESENTATION('',(#1219),#1312);
#1219 = B_SPLINE_CURVE_WITH_KNOTS('',6,(#1220,#1221,#1222,#1223,#1224,
    #1225,#1226,#1227,#1228,#1229,#1230,#1231,#1232,#1233,#1234,#1235,
    #1236,#1237,#1238,#1239,#1240,#1241,#1242,#1243,#1244,#1245,#1246,
    #1247,#1248,#1249,#1250,#1251,#1252,#1253,#1254,#1255,#1256,#1257,
    #1258,#1259,#1260,#1261,#1262,#1263,#1264,#1265,#1266,#1267,#1268,
    #1269,#1270,#1271,#1272,#1273,#1274,#1275,#1276,#1277,#1278,#1279,
    #1280,#1281,#1282,#1283,#1284,#1285,#1286,#1287,#1288,#1289,#1290,
    #1291,#1292,#1293,#1294,#1295,#1296,#1297,#1298,#1299,#1300,#1301,
    #1302,#1303,#1304,#1305,#1306,#1307,#1308,#1309,#1310,#1311),
  .UNSPECIFIED.,.F.,.F.,(7,5,5,5,5,5,5,5,5,5,5,5,5,5,5,5,5,5,7),(0.,
    5.538914909808E-02,0.107412595599,0.184053664498,0.242289524816,
    0.259003377884,0.294188706777,0.334038932612,0.385393135412,
    0.421309326984,0.445228360426,0.500362709583,0.580984001964,
    0.663568500411,0.740165906978,0.816187108003,0.892727917763,
    0.94468330903,1.),.UNSPECIFIED.);
#1220 = CARTESIAN_POINT('',(0.,-84.03209389805));
#1221 = CARTESIAN_POINT('',(5.563638612722E-02,-84.03209389805));
#1222 = CARTESIAN_POINT('',(0.111265670771,-84.04267271351));
#1223 = CARTESIAN_POINT('',(0.166891214336,-84.0638249057));
#1224 = CARTESIAN_POINT('',(0.222519412382,-84.09539093418));
#1225 = CARTESIAN_POINT('',(0.278154643875,-84.13706221766));
#1226 = CARTESIAN_POINT('',(0.386052875337,-84.23659148825));
#1227 = CARTESIAN_POINT('',(0.438314777218,-84.293311439));
#1228 = CARTESIAN_POINT('',(0.490608809414,-84.35819919403));
#1229 = CARTESIAN_POINT('',(0.54296293448,-84.43083342611));
#1230 = CARTESIAN_POINT('',(0.595403323237,-84.51072563597));
#1231 = CARTESIAN_POINT('',(0.725370511626,-84.7249094655));
#1232 = CARTESIAN_POINT('',(0.803051747742,-84.86709643319));
#1233 = CARTESIAN_POINT('',(0.881134059138,-85.0222543921));
#1234 = CARTESIAN_POINT('',(0.959752785064,-85.18855530386));
#1235 = CARTESIAN_POINT('',(1.039051601202,-85.36403242193));
#1236 = CARTESIAN_POINT('',(1.180087506467,-85.68538706756));
#1237 = CARTESIAN_POINT('',(1.241504198398,-85.8283340137));
#1238 = CARTESIAN_POINT('',(1.303427199785,-85.97438395576));
#1239 = CARTESIAN_POINT('',(1.365853287455,-86.12240044929));
#1240 = CARTESIAN_POINT('',(1.428790357763,-86.27124585616));
#1241 = CARTESIAN_POINT('',(1.510471471909,-86.46246641076));
#1242 = CARTESIAN_POINT('',(1.52872544947,-86.50507607202));
#1243 = CARTESIAN_POINT('',(1.547016340251,-86.5476211383));
#1244 = CARTESIAN_POINT('',(1.565342046152,-86.59007015147));
#1245 = CARTESIAN_POINT('',(1.583700473865,-86.632392097));
#1246 = CARTESIAN_POINT('',(1.640801443891,-86.76331900105));
#1247 = CARTESIAN_POINT('',(1.679655183957,-86.85139701828));
#1248 = CARTESIAN_POINT('',(1.718617785838,-86.93847437884));
#1249 = CARTESIAN_POINT('',(1.757660162766,-87.02425761458));
#1250 = CARTESIAN_POINT('',(1.796753927091,-87.10847525078));
#1251 = CARTESIAN_POINT('',(1.880168286959,-87.28420404167));
#1252 = CARTESIAN_POINT('',(1.924483484469,-87.37517817662));
#1253 = CARTESIAN_POINT('',(1.968765158836,-87.46343068));
#1254 = CARTESIAN_POINT('',(2.01296813196,-87.54864526493));
#1255 = CARTESIAN_POINT('',(2.057044940332,-87.63055385948));
#1256 = CARTESIAN_POINT('',(2.157506899978,-87.80993681004));
#1257 = CARTESIAN_POINT('',(2.213742163604,-87.9050253484));
#1258 = CARTESIAN_POINT('',(2.269621447207,-87.99389837994));
#1259 = CARTESIAN_POINT('',(2.325112019726,-88.07634534711));
#1260 = CARTESIAN_POINT('',(2.380169466595,-88.15223898306));
#1261 = CARTESIAN_POINT('',(2.472895959084,-88.26999041654));
#1262 = CARTESIAN_POINT('',(2.510833048763,-88.31524207585));
#1263 = CARTESIAN_POINT('',(2.548556994754,-88.35730437542));
#1264 = CARTESIAN_POINT('',(2.586077357312,-88.39620068306));
#1265 = CARTESIAN_POINT('',(2.623401837765,-88.43195806897));
#1266 = CARTESIAN_POINT('',(2.685266626887,-88.48635065202));
#1267 = CARTESIAN_POINT('',(2.709915914077,-88.50671813919));
#1268 = CARTESIAN_POINT('',(2.734488582113,-88.52572080356));
#1269 = CARTESIAN_POINT('',(2.758989549196,-88.5433694857));
#1270 = CARTESIAN_POINT('',(2.783424209695,-88.55967483048));
#1271 = CARTESIAN_POINT('',(2.863982017174,-88.6091594112));
#1272 = CARTESIAN_POINT('',(2.919834115159,-88.63658266868));
#1273 = CARTESIAN_POINT('',(2.975441012826,-88.65705469737));
#1274 = CARTESIAN_POINT('',(3.030883615069,-88.67066934228));
#1275 = CARTESIAN_POINT('',(3.086240780264,-88.67747540737));
#1276 = CARTESIAN_POINT('',(3.222532024987,-88.67747540737));
#1277 = CARTESIAN_POINT('',(3.30350973199,-88.66292238405));
#1278 = CARTESIAN_POINT('',(3.384758084027,-88.63379055624));
#1279 = CARTESIAN_POINT('',(3.46650161062,-88.58986372379));
#1280 = CARTESIAN_POINT('',(3.548979244666,-88.53074891069));
#1281 = CARTESIAN_POINT('',(3.717986761922,-88.37920821957));
#1282 = CARTESIAN_POINT('',(3.804770243165,-88.28582340319));
#1283 = CARTESIAN_POINT('',(3.892657552094,-88.17541175784));
#1284 = CARTESIAN_POINT('',(3.981589648773,-88.04796687544));
#1285 = CARTESIAN_POINT('',(4.071552578054,-87.90381526102));
#1286 = CARTESIAN_POINT('',(4.247066585004,-87.59523742122));
#1287 = CARTESIAN_POINT('',(4.332269659959,-87.43338078555));
#1288 = CARTESIAN_POINT('',(4.417808751457,-87.25968212439));
#1289 = CARTESIAN_POINT('',(4.503351858625,-87.07635285299));
#1290 = CARTESIAN_POINT('',(4.588582818034,-86.88627699234));
#1291 = CARTESIAN_POINT('',(4.757019400713,-86.50083452034));
#1292 = CARTESIAN_POINT('',(4.840102007255,-86.30582332508));
#1293 = CARTESIAN_POINT('',(4.922378249932,-86.11023619785));
#1294 = CARTESIAN_POINT('',(5.00382470604,-85.91672079917));
#1295 = CARTESIAN_POINT('',(5.084396190381,-85.7279992616));
#1296 = CARTESIAN_POINT('',(5.244133705978,-85.36403242193));
#1297 = CARTESIAN_POINT('',(5.323432522115,-85.18855530386));
#1298 = CARTESIAN_POINT('',(5.402051248041,-85.0222543921));
#1299 = CARTESIAN_POINT('',(5.480133559438,-84.86709643319));
#1300 = CARTESIAN_POINT('',(5.557814795554,-84.7249094655));
#1301 = CARTESIAN_POINT('',(5.687781983943,-84.51072563597));
#1302 = CARTESIAN_POINT('',(5.740222372699,-84.43083342611));
#1303 = CARTESIAN_POINT('',(5.792576497766,-84.35819919403));
#1304 = CARTESIAN_POINT('',(5.844870529961,-84.293311439));
#1305 = CARTESIAN_POINT('',(5.897132431842,-84.23659148825));
#1306 = CARTESIAN_POINT('',(6.005030663304,-84.13706221766));
#1307 = CARTESIAN_POINT('',(6.060665894797,-84.09539093418));
#1308 = CARTESIAN_POINT('',(6.116294092843,-84.0638249057));
#1309 = CARTESIAN_POINT('',(6.171919636409,-84.04267271351));
#1310 = CARTESIAN_POINT('',(6.227548921052,-84.03209389805));
#1311 = CARTESIAN_POINT('',(6.28318530718,-84.03209389805));
#1312 = ( GEOMETRIC_REPRESENTATION_CONTEXT(2) 
PARAMETRIC_REPRESENTATION_CONTEXT() REPRESENTATION_CONTEXT('2D SPACE',''
  ) );
#1313 = FACE_BOUND('',#1314,.T.);
#1314 = EDGE_LOOP('',(#1315,#1402,#1482));
#1315 = ORIENTED_EDGE('',*,*,#1316,.F.);
#1316 = EDGE_CURVE('',#1317,#1319,#1321,.T.);
#1317 = VERTEX_POINT('',#1318);
#1318 = CARTESIAN_POINT('',(-49.77392804891,-4.749324855332,548.64));
#1319 = VERTEX_POINT('',#1320);
#1320 = CARTESIAN_POINT('',(-50.,2.975585625915E-14,552.64));
#1321 = SURFACE_CURVE('',#1322,(#1345,#1371),.PCURVE_S1.);
#1322 = B_SPLINE_CURVE_WITH_KNOTS('',6,(#1323,#1324,#1325,#1326,#1327,
    #1328,#1329,#1330,#1331,#1332,#1333,#1334,#1335,#1336,#1337,#1338,
    #1339,#1340,#1341,#1342,#1343,#1344),.UNSPECIFIED.,.F.,.F.,(7,5,5,5,
    7),(0.,0.217872242033,0.422505552205,0.699305125128,1.),
  .UNSPECIFIED.);
#1323 = CARTESIAN_POINT('',(-49.77392804891,-4.749324855332,548.64));
#1324 = CARTESIAN_POINT('',(-49.77392804891,-4.749324855332,
    548.8625455445));
#1325 = CARTESIAN_POINT('',(-49.77566033907,-4.731167638971,
    549.08506253598));
#1326 = CARTESIAN_POINT('',(-49.7791249936,-4.694864212272,
    549.30632507034));
#1327 = CARTESIAN_POINT('',(-49.78425096521,-4.640610598586,
    549.52511957649));
#1328 = CARTESIAN_POINT('',(-49.79090378149,-4.568791047432,
    549.74024628856));
#1329 = CARTESIAN_POINT('',(-49.80639722434,-4.396567936458,
    550.14801789452));
#1330 = CARTESIAN_POINT('',(-49.8150803658,-4.298167677118,
    550.34123239077));
#1331 = CARTESIAN_POINT('',(-49.82479054516,-4.185210691078,
    550.52930227453));
#1332 = CARTESIAN_POINT('',(-49.83533884642,-4.058212420625,
    550.71137874778));
#1333 = CARTESIAN_POINT('',(-49.84651052508,-3.917777915956,
    550.88662645111));
#1334 = CARTESIAN_POINT('',(-49.87372011299,-3.557416799889,
    551.28092618321));
#1335 = CARTESIAN_POINT('',(-49.8900889301,-3.326866746955,
    551.4936917431));
#1336 = CARTESIAN_POINT('',(-49.90662702014,-3.074520367602,
    551.69063279448));
#1337 = CARTESIAN_POINT('',(-49.92273371341,-2.802136406096,
    551.86986605522));
#1338 = CARTESIAN_POINT('',(-49.93781562413,-2.511687993591,
    552.02951046854));
#1339 = CARTESIAN_POINT('',(-49.96603022173,-1.872634733189,
    552.31778785656));
#1340 = CARTESIAN_POINT('',(-49.97890855576,-1.520578509976,
    552.44282233581));
#1341 = CARTESIAN_POINT('',(-49.98923615864,-1.152888639475,
    552.5397726976));
#1342 = CARTESIAN_POINT('',(-49.996388767,-0.773796599537,
    552.60614433172));
#1343 = CARTESIAN_POINT('',(-50.00000000931,-0.387905968813,
    552.64000008727));
#1344 = CARTESIAN_POINT('',(-50.,1.20000004955E-06,552.64));
#1345 = PCURVE('',#53,#1346);
#1346 = DEFINITIONAL_REPRESENTATION('',(#1347),#1370);
#1347 = B_SPLINE_CURVE_WITH_KNOTS('',6,(#1348,#1349,#1350,#1351,#1352,
    #1353,#1354,#1355,#1356,#1357,#1358,#1359,#1360,#1361,#1362,#1363,
    #1364,#1365,#1366,#1367,#1368,#1369),.UNSPECIFIED.,.F.,.F.,(7,5,5,5,
    7),(0.,0.217872242033,0.422505552205,0.699305125128,1.),
  .UNSPECIFIED.);
#1348 = CARTESIAN_POINT('',(3.236722568664,548.64));
#1349 = CARTESIAN_POINT('',(3.236722568664,548.8625455445));
#1350 = CARTESIAN_POINT('',(3.236357775721,549.08506253598));
#1351 = CARTESIAN_POINT('',(3.235628407185,549.30632507034));
#1352 = CARTESIAN_POINT('',(3.234538504134,549.52511957649));
#1353 = CARTESIAN_POINT('',(3.233095968358,549.74024628856));
#1354 = CARTESIAN_POINT('',(3.229637596098,550.14801789452));
#1355 = CARTESIAN_POINT('',(3.227661946316,550.34123239077));
#1356 = CARTESIAN_POINT('',(3.225394484241,550.52930227453));
#1357 = CARTESIAN_POINT('',(3.222845791942,550.71137874778));
#1358 = CARTESIAN_POINT('',(3.220028251549,550.88662645111));
#1359 = CARTESIAN_POINT('',(3.212800513434,551.28092618321));
#1360 = CARTESIAN_POINT('',(3.208177949768,551.4936917431));
#1361 = CARTESIAN_POINT('',(3.203120320165,551.69063279448));
#1362 = CARTESIAN_POINT('',(3.197663312927,551.86986605522));
#1363 = CARTESIAN_POINT('',(3.191846695627,552.02951046854));
#1364 = CARTESIAN_POINT('',(3.179053179564,552.31778785656));
#1365 = CARTESIAN_POINT('',(3.172007546577,552.44282233581));
#1366 = CARTESIAN_POINT('',(3.164651265233,552.5397726976));
#1367 = CARTESIAN_POINT('',(3.157068585979,552.60614433172));
#1368 = CARTESIAN_POINT('',(3.149350772966,552.64000008727));
#1369 = CARTESIAN_POINT('',(3.14159262959,552.64));
#1370 = ( GEOMETRIC_REPRESENTATION_CONTEXT(2) 
PARAMETRIC_REPRESENTATION_CONTEXT() REPRESENTATION_CONTEXT('2D SPACE',''
  ) );
#1371 = PCURVE('',#1372,#1377);
#1372 = CYLINDRICAL_SURFACE('',#1373,4.);
#1373 = AXIS2_PLACEMENT_3D('',#1374,#1375,#1376);
#1374 = CARTESIAN_POINT('',(-50.,6.123233995737E-15,548.64));
#1375 = DIRECTION('',(-0.866025403784,0.5,0.));
#1376 = DIRECTION('',(-0.5,-0.866025403784,0.));
#1377 = DEFINITIONAL_REPRESENTATION('',(#1378),#1401);
#1378 = B_SPLINE_CURVE_WITH_KNOTS('',6,(#1379,#1380,#1381,#1382,#1383,
    #1384,#1385,#1386,#1387,#1388,#1389,#1390,#1391,#1392,#1393,#1394,
    #1395,#1396,#1397,#1398,#1399,#1400),.UNSPECIFIED.,.F.,.F.,(7,5,5,5,
    7),(0.,0.217872242033,0.422505552205,0.699305125128,1.),
  .UNSPECIFIED.);
#1379 = CARTESIAN_POINT('',(0.,-2.570446480389));
#1380 = CARTESIAN_POINT('',(5.563638612721E-02,-2.570446480389));
#1381 = CARTESIAN_POINT('',(0.111265670771,-2.559867664925));
#1382 = CARTESIAN_POINT('',(0.166891214336,-2.538715472735));
#1383 = CARTESIAN_POINT('',(0.222519412382,-2.507149444258));
#1384 = CARTESIAN_POINT('',(0.278154643875,-2.46547816078));
#1385 = CARTESIAN_POINT('',(0.386052875337,-2.365948890186));
#1386 = CARTESIAN_POINT('',(0.438314777218,-2.309228939435));
#1387 = CARTESIAN_POINT('',(0.490608809414,-2.244341184407));
#1388 = CARTESIAN_POINT('',(0.54296293448,-2.171706952327));
#1389 = CARTESIAN_POINT('',(0.595403323237,-2.091814742469));
#1390 = CARTESIAN_POINT('',(0.719036058145,-1.888069990077));
#1391 = CARTESIAN_POINT('',(0.790338501503,-1.75861915216));
#1392 = CARTESIAN_POINT('',(0.861968696535,-1.61812355638));
#1393 = CARTESIAN_POINT('',(0.934033035739,-1.467982770086));
#1394 = CARTESIAN_POINT('',(1.006643123089,-1.309697246016));
#1395 = CARTESIAN_POINT('',(1.159527819514,-0.965736057537));
#1396 = CARTESIAN_POINT('',(1.240065490632,-0.778554981497));
#1397 = CARTESIAN_POINT('',(1.321467790192,-0.585766079797));
#1398 = CARTESIAN_POINT('',(1.403715871318,-0.390025719279));
#1399 = CARTESIAN_POINT('',(1.486812219813,-0.193952976344));
#1400 = CARTESIAN_POINT('',(1.570796586603,5.999999999062E-07));
#1401 = ( GEOMETRIC_REPRESENTATION_CONTEXT(2) 
PARAMETRIC_REPRESENTATION_CONTEXT() REPRESENTATION_CONTEXT('2D SPACE',''
  ) );
#1402 = ORIENTED_EDGE('',*,*,#1403,.F.);
#1403 = EDGE_CURVE('',#1404,#1317,#1406,.T.);
#1404 = VERTEX_POINT('',#1405);
#1405 = CARTESIAN_POINT('',(-50.,3.137350152468E-14,544.64));
#1406 = SURFACE_CURVE('',#1407,(#1430,#1456),.PCURVE_S1.);
#1407 = B_SPLINE_CURVE_WITH_KNOTS('',6,(#1408,#1409,#1410,#1411,#1412,
    #1413,#1414,#1415,#1416,#1417,#1418,#1419,#1420,#1421,#1422,#1423,
    #1424,#1425,#1426,#1427,#1428,#1429),.UNSPECIFIED.,.F.,.F.,(7,5,5,5,
    7),(0.,0.313063489371,0.577492278497,0.782126639331,1.),
  .UNSPECIFIED.);
#1408 = CARTESIAN_POINT('',(-50.,1.200000048662E-06,544.64));
#1409 = CARTESIAN_POINT('',(-50.00000000969,-0.404021342839,
    544.63999990909));
#1410 = CARTESIAN_POINT('',(-49.99608249444,-0.805675589786,
    544.67672706416));
#1411 = CARTESIAN_POINT('',(-49.98833293066,-1.199654149678,
    544.74860617744));
#1412 = CARTESIAN_POINT('',(-49.97717949338,-1.580874096658,
    544.85342104946));
#1413 = CARTESIAN_POINT('',(-49.96334343366,-1.944680507087,
    544.98835270847));
#1414 = CARTESIAN_POINT('',(-49.93442441534,-2.576250125061,
    545.2865646987));
#1415 = CARTESIAN_POINT('',(-49.91984834939,-2.850606337352,
    545.44239812233));
#1416 = CARTESIAN_POINT('',(-49.90440996891,-3.10823422303,
    545.61587603765));
#1417 = CARTESIAN_POINT('',(-49.88862691055,-3.347432636927,
    545.80535903108));
#1418 = CARTESIAN_POINT('',(-49.87302086522,-3.566677568862,546.00920676
    ));
#1419 = CARTESIAN_POINT('',(-49.84651052508,-3.917777915956,
    546.39337354888));
#1420 = CARTESIAN_POINT('',(-49.83533884642,-4.058212420625,
    546.56862125221));
#1421 = CARTESIAN_POINT('',(-49.82479054516,-4.185210691078,
    546.75069772546));
#1422 = CARTESIAN_POINT('',(-49.8150803658,-4.298167677118,
    546.93876760922));
#1423 = CARTESIAN_POINT('',(-49.80639722434,-4.396567936458,
    547.13198210548));
#1424 = CARTESIAN_POINT('',(-49.79090378149,-4.568791047432,
    547.53975371143));
#1425 = CARTESIAN_POINT('',(-49.78425096521,-4.640610598586,
    547.7548804235));
#1426 = CARTESIAN_POINT('',(-49.7791249936,-4.694864212272,
    547.97367492965));
#1427 = CARTESIAN_POINT('',(-49.77566033907,-4.731167638971,
    548.19493746401));
#1428 = CARTESIAN_POINT('',(-49.77392804891,-4.749324855332,
    548.41745445549));
#1429 = CARTESIAN_POINT('',(-49.77392804891,-4.749324855332,548.64));
#1430 = PCURVE('',#53,#1431);
#1431 = DEFINITIONAL_REPRESENTATION('',(#1432),#1455);
#1432 = B_SPLINE_CURVE_WITH_KNOTS('',6,(#1433,#1434,#1435,#1436,#1437,
    #1438,#1439,#1440,#1441,#1442,#1443,#1444,#1445,#1446,#1447,#1448,
    #1449,#1450,#1451,#1452,#1453,#1454),.UNSPECIFIED.,.F.,.F.,(7,5,5,5,
    7),(0.,0.313063489371,0.577492278497,0.782126639331,1.),
  .UNSPECIFIED.);
#1433 = CARTESIAN_POINT('',(3.14159262959,544.64));
#1434 = CARTESIAN_POINT('',(3.149673080447,544.63999990909));
#1435 = CARTESIAN_POINT('',(3.157706165894,544.67672706416));
#1436 = CARTESIAN_POINT('',(3.165586684223,544.74860617744));
#1437 = CARTESIAN_POINT('',(3.173213883979,544.85342104946));
#1438 = CARTESIAN_POINT('',(3.180495054442,544.98835270847));
#1439 = CARTESIAN_POINT('',(3.193139681633,545.2865646987));
#1440 = CARTESIAN_POINT('',(3.198634395589,545.44239812233));
#1441 = CARTESIAN_POINT('',(3.203796037595,545.61587603765));
#1442 = CARTESIAN_POINT('',(3.208590302127,545.80535903108));
#1443 = CARTESIAN_POINT('',(3.21298625604,546.00920676));
#1444 = CARTESIAN_POINT('',(3.220028251549,546.39337354888));
#1445 = CARTESIAN_POINT('',(3.222845791942,546.56862125221));
#1446 = CARTESIAN_POINT('',(3.225394484241,546.75069772546));
#1447 = CARTESIAN_POINT('',(3.227661946316,546.93876760922));
#1448 = CARTESIAN_POINT('',(3.229637596098,547.13198210548));
#1449 = CARTESIAN_POINT('',(3.233095968358,547.53975371143));
#1450 = CARTESIAN_POINT('',(3.234538504134,547.7548804235));
#1451 = CARTESIAN_POINT('',(3.235628407185,547.97367492965));
#1452 = CARTESIAN_POINT('',(3.236357775721,548.19493746401));
#1453 = CARTESIAN_POINT('',(3.236722568664,548.41745445549));
#1454 = CARTESIAN_POINT('',(3.236722568664,548.64));
#1455 = ( GEOMETRIC_REPRESENTATION_CONTEXT(2) 
PARAMETRIC_REPRESENTATION_CONTEXT() REPRESENTATION_CONTEXT('2D SPACE',''
  ) );
#1456 = PCURVE('',#1372,#1457);
#1457 = DEFINITIONAL_REPRESENTATION('',(#1458),#1481);
#1458 = B_SPLINE_CURVE_WITH_KNOTS('',6,(#1459,#1460,#1461,#1462,#1463,
    #1464,#1465,#1466,#1467,#1468,#1469,#1470,#1471,#1472,#1473,#1474,
    #1475,#1476,#1477,#1478,#1479,#1480),.UNSPECIFIED.,.F.,.F.,(7,5,5,5,
    7),(0.,0.313063489371,0.577492278497,0.782126639331,1.),
  .UNSPECIFIED.);
#1459 = CARTESIAN_POINT('',(4.712388720577,5.999999999062E-07));
#1460 = CARTESIAN_POINT('',(4.799862168239,-0.202010663022));
#1461 = CARTESIAN_POINT('',(4.886333156711,-0.406230454222));
#1462 = CARTESIAN_POINT('',(4.971868117299,-0.609931053269));
#1463 = CARTESIAN_POINT('',(5.056486779313,-0.810200186781));
#1464 = CARTESIAN_POINT('',(5.140183789786,-1.004085771206));
#1465 = CARTESIAN_POINT('',(5.292762088123,-1.344915184714));
#1466 = CARTESIAN_POINT('',(5.362034474479,-1.494716534259));
#1467 = CARTESIAN_POINT('',(5.430821758892,-1.636900506786));
#1468 = CARTESIAN_POINT('',(5.499221305934,-1.770168243224));
#1469 = CARTESIAN_POINT('',(5.567326434764,-1.893305940898));
#1470 = CARTESIAN_POINT('',(5.687781983943,-2.091814742469));
#1471 = CARTESIAN_POINT('',(5.740222372699,-2.171706952327));
#1472 = CARTESIAN_POINT('',(5.792576497766,-2.244341184407));
#1473 = CARTESIAN_POINT('',(5.844870529961,-2.309228939435));
#1474 = CARTESIAN_POINT('',(5.897132431842,-2.365948890186));
#1475 = CARTESIAN_POINT('',(6.005030663304,-2.46547816078));
#1476 = CARTESIAN_POINT('',(6.060665894797,-2.507149444258));
#1477 = CARTESIAN_POINT('',(6.116294092843,-2.538715472735));
#1478 = CARTESIAN_POINT('',(6.171919636409,-2.559867664925));
#1479 = CARTESIAN_POINT('',(6.227548921052,-2.570446480389));
#1480 = CARTESIAN_POINT('',(6.28318530718,-2.570446480389));
#1481 = ( GEOMETRIC_REPRESENTATION_CONTEXT(2) 
PARAMETRIC_REPRESENTATION_CONTEXT() REPRESENTATION_CONTEXT('2D SPACE',''
  ) );
#1482 = ORIENTED_EDGE('',*,*,#1483,.T.);
#1483 = EDGE_CURVE('',#1404,#1319,#1484,.T.);
#1484 = SURFACE_CURVE('',#1485,(#1489,#1495),.PCURVE_S1.);
#1485 = LINE('',#1486,#1487);
#1486 = CARTESIAN_POINT('',(-50.,1.42108547152E-14,0.));
#1487 = VECTOR('',#1488,1.);
#1488 = DIRECTION('',(0.,0.,1.));
#1489 = PCURVE('',#53,#1490);
#1490 = DEFINITIONAL_REPRESENTATION('',(#1491),#1494);
#1491 = B_SPLINE_CURVE_WITH_KNOTS('',1,(#1492,#1493),.UNSPECIFIED.,.F.,
  .F.,(2,2),(543.84,553.44),.PIECEWISE_BEZIER_KNOTS.);
#1492 = CARTESIAN_POINT('',(3.14159265359,543.84));
#1493 = CARTESIAN_POINT('',(3.14159265359,553.44));
#1494 = ( GEOMETRIC_REPRESENTATION_CONTEXT(2) 
PARAMETRIC_REPRESENTATION_CONTEXT() REPRESENTATION_CONTEXT('2D SPACE',''
  ) );
#1495 = PCURVE('',#1496,#1501);
#1496 = PLANE('',#1497);
#1497 = AXIS2_PLACEMENT_3D('',#1498,#1499,#1500);
#1498 = CARTESIAN_POINT('',(-50.,6.345278600662E-15,548.64));
#1499 = DIRECTION('',(-0.866025403784,0.5,0.));
#1500 = DIRECTION('',(-0.5,-0.866025403784,0.));
#1501 = DEFINITIONAL_REPRESENTATION('',(#1502),#1505);
#1502 = B_SPLINE_CURVE_WITH_KNOTS('',1,(#1503,#1504),.UNSPECIFIED.,.F.,
  .F.,(2,2),(543.84,553.44),.PIECEWISE_BEZIER_KNOTS.);
#1503 = CARTESIAN_POINT('',(-3.259075051791E-15,-4.8));
#1504 = CARTESIAN_POINT('',(-3.259075051791E-15,4.8));
#1505 = ( GEOMETRIC_REPRESENTATION_CONTEXT(2) 
PARAMETRIC_REPRESENTATION_CONTEXT() REPRESENTATION_CONTEXT('2D SPACE',''
  ) );
#1506 = FACE_BOUND('',#1507,.T.);
#1507 = EDGE_LOOP('',(#1508,#1640));
#1508 = ORIENTED_EDGE('',*,*,#1509,.F.);
#1509 = EDGE_CURVE('',#1510,#1512,#1514,.T.);
#1510 = VERTEX_POINT('',#1511);
#1511 = CARTESIAN_POINT('',(-2.401148245787E-14,-50.,544.64));
#1512 = VERTEX_POINT('',#1513);
#1513 = CARTESIAN_POINT('',(-2.085546704323E-14,-50.,552.64));
#1514 = SURFACE_CURVE('',#1515,(#1553,#1594),.PCURVE_S1.);
#1515 = B_SPLINE_CURVE_WITH_KNOTS('',6,(#1516,#1517,#1518,#1519,#1520,
    #1521,#1522,#1523,#1524,#1525,#1526,#1527,#1528,#1529,#1530,#1531,
    #1532,#1533,#1534,#1535,#1536,#1537,#1538,#1539,#1540,#1541,#1542,
    #1543,#1544,#1545,#1546,#1547,#1548,#1549,#1550,#1551,#1552),
  .UNSPECIFIED.,.F.,.F.,(7,5,5,5,5,5,5,7),(0.,0.156545561618,
    0.288771626521,0.429530816568,0.608933642981,0.711250946418,
    0.849651609879,1.),.UNSPECIFIED.);
#1516 = CARTESIAN_POINT('',(-1.200000024244E-06,-50.,544.64));
#1517 = CARTESIAN_POINT('',(0.404021342275,-50.00000000969,
    544.63999990909));
#1518 = CARTESIAN_POINT('',(0.805675590006,-49.99608249445,
    544.67672706406));
#1519 = CARTESIAN_POINT('',(1.199654150078,-49.98833293065,
    544.74860617758));
#1520 = CARTESIAN_POINT('',(1.580874096671,-49.97717949338,
    544.85342104952));
#1521 = CARTESIAN_POINT('',(1.944680506779,-49.96334343367,
    544.98835270832));
#1522 = CARTESIAN_POINT('',(2.576250125061,-49.93442441534,
    545.2865646987));
#1523 = CARTESIAN_POINT('',(2.850606337352,-49.91984834939,
    545.44239812233));
#1524 = CARTESIAN_POINT('',(3.10823422303,-49.90440996891,
    545.61587603765));
#1525 = CARTESIAN_POINT('',(3.347432636927,-49.88862691055,
    545.80535903108));
#1526 = CARTESIAN_POINT('',(3.566677568862,-49.87302086522,546.00920676)
  );
#1527 = CARTESIAN_POINT('',(3.975308084496,-49.84216662639,
    546.45632187774));
#1528 = CARTESIAN_POINT('',(4.161972404578,-49.82699767447,
    546.70141424411));
#1529 = CARTESIAN_POINT('',(4.322704965105,-49.81317020035,
    546.95888181205));
#1530 = CARTESIAN_POINT('',(4.455980319215,-49.80123662223,
    547.22647108408));
#1531 = CARTESIAN_POINT('',(4.56062857208,-49.79162953717,
    547.50187631407));
#1532 = CARTESIAN_POINT('',(4.731686745509,-49.77570097853,
    548.14076441702));
#1533 = CARTESIAN_POINT('',(4.779640932096,-49.77101219535,
    548.50740779895));
#1534 = CARTESIAN_POINT('',(4.777977628769,-49.77113879044,
    548.87723742444));
#1535 = CARTESIAN_POINT('',(4.726454299531,-49.77620057118,
    549.24468820238));
#1536 = CARTESIAN_POINT('',(4.626237863807,-49.7857357819,
    549.60422981297));
#1537 = CARTESIAN_POINT('',(4.396567936458,-49.80639722434,
    550.14801789452));
#1538 = CARTESIAN_POINT('',(4.298167677118,-49.8150803658,
    550.34123239077));
#1539 = CARTESIAN_POINT('',(4.185210691078,-49.82479054516,
    550.52930227453));
#1540 = CARTESIAN_POINT('',(4.058212420625,-49.83533884642,
    550.71137874778));
#1541 = CARTESIAN_POINT('',(3.917777915956,-49.84651052508,
    550.88662645111));
#1542 = CARTESIAN_POINT('',(3.557416799889,-49.87372011299,
    551.28092618321));
#1543 = CARTESIAN_POINT('',(3.326866746955,-49.8900889301,551.4936917431
    ));
#1544 = CARTESIAN_POINT('',(3.074520367602,-49.90662702014,
    551.69063279448));
#1545 = CARTESIAN_POINT('',(2.802136406096,-49.92273371341,
    551.86986605522));
#1546 = CARTESIAN_POINT('',(2.511687993591,-49.93781562413,
    552.02951046854));
#1547 = CARTESIAN_POINT('',(1.872634733238,-49.96603022172,
    552.31778785654));
#1548 = CARTESIAN_POINT('',(1.520578509971,-49.97890855576,
    552.44282233582));
#1549 = CARTESIAN_POINT('',(1.152888639417,-49.98923615864,
    552.53977269762));
#1550 = CARTESIAN_POINT('',(0.773796599509,-49.996388767,552.60614433171
    ));
#1551 = CARTESIAN_POINT('',(0.387905968881,-50.00000000931,
    552.64000008727));
#1552 = CARTESIAN_POINT('',(-1.200000052562E-06,-50.,552.64));
#1553 = PCURVE('',#53,#1554);
#1554 = DEFINITIONAL_REPRESENTATION('',(#1555),#1593);
#1555 = B_SPLINE_CURVE_WITH_KNOTS('',6,(#1556,#1557,#1558,#1559,#1560,
    #1561,#1562,#1563,#1564,#1565,#1566,#1567,#1568,#1569,#1570,#1571,
    #1572,#1573,#1574,#1575,#1576,#1577,#1578,#1579,#1580,#1581,#1582,
    #1583,#1584,#1585,#1586,#1587,#1588,#1589,#1590,#1591,#1592),
  .UNSPECIFIED.,.F.,.F.,(7,5,5,5,5,5,5,7),(0.,0.156545561618,
    0.288771626521,0.429530816568,0.608933642981,0.711250946418,
    0.849651609879,1.),.UNSPECIFIED.);
#1556 = CARTESIAN_POINT('',(4.712388956385,544.64));
#1557 = CARTESIAN_POINT('',(4.72046940723,544.63999990909));
#1558 = CARTESIAN_POINT('',(4.728502492694,544.67672706406));
#1559 = CARTESIAN_POINT('',(4.736383011026,544.74860617758));
#1560 = CARTESIAN_POINT('',(4.744010210774,544.85342104952));
#1561 = CARTESIAN_POINT('',(4.751291381231,544.98835270832));
#1562 = CARTESIAN_POINT('',(4.763936008428,545.2865646987));
#1563 = CARTESIAN_POINT('',(4.769430722384,545.44239812233));
#1564 = CARTESIAN_POINT('',(4.77459236439,545.61587603765));
#1565 = CARTESIAN_POINT('',(4.779386628922,545.80535903108));
#1566 = CARTESIAN_POINT('',(4.783782582835,546.00920676));
#1567 = CARTESIAN_POINT('',(4.791978456977,546.45632187774));
#1568 = CARTESIAN_POINT('',(4.795723988363,546.70141424411));
#1569 = CARTESIAN_POINT('',(4.798950473722,546.95888181205));
#1570 = CARTESIAN_POINT('',(4.801626635198,547.22647108408));
#1571 = CARTESIAN_POINT('',(4.80372839942,547.50187631407));
#1572 = CARTESIAN_POINT('',(4.807164363196,548.14076441702));
#1573 = CARTESIAN_POINT('',(4.808128010413,548.50740779895));
#1574 = CARTESIAN_POINT('',(4.808094665348,548.87723742444));
#1575 = CARTESIAN_POINT('',(4.807059224994,549.24468820238));
#1576 = CARTESIAN_POINT('',(4.80504587132,549.60422981297));
#1577 = CARTESIAN_POINT('',(4.800433922893,550.14801789452));
#1578 = CARTESIAN_POINT('',(4.79845827311,550.34123239077));
#1579 = CARTESIAN_POINT('',(4.796190811036,550.52930227453));
#1580 = CARTESIAN_POINT('',(4.793642118737,550.71137874778));
#1581 = CARTESIAN_POINT('',(4.790824578344,550.88662645111));
#1582 = CARTESIAN_POINT('',(4.783596840229,551.28092618321));
#1583 = CARTESIAN_POINT('',(4.778974276563,551.4936917431));
#1584 = CARTESIAN_POINT('',(4.77391664696,551.69063279448));
#1585 = CARTESIAN_POINT('',(4.768459639722,551.86986605522));
#1586 = CARTESIAN_POINT('',(4.762643022422,552.02951046854));
#1587 = CARTESIAN_POINT('',(4.74984950636,552.31778785654));
#1588 = CARTESIAN_POINT('',(4.742803873372,552.44282233582));
#1589 = CARTESIAN_POINT('',(4.735447592027,552.53977269762));
#1590 = CARTESIAN_POINT('',(4.727864912774,552.60614433171));
#1591 = CARTESIAN_POINT('',(4.720147099762,552.64000008727));
#1592 = CARTESIAN_POINT('',(4.712388956385,552.64));
#1593 = ( GEOMETRIC_REPRESENTATION_CONTEXT(2) 
PARAMETRIC_REPRESENTATION_CONTEXT() REPRESENTATION_CONTEXT('2D SPACE',''
  ) );
#1594 = PCURVE('',#1595,#1600);
#1595 = CYLINDRICAL_SURFACE('',#1596,4.);
#1596 = AXIS2_PLACEMENT_3D('',#1597,#1598,#1599);
#1597 = CARTESIAN_POINT('',(-9.184850993605E-15,-50.,548.64));
#1598 = DIRECTION('',(-0.5,-0.866025403784,-0.));
#1599 = DIRECTION('',(-0.866025403784,0.5,0.));
#1600 = DEFINITIONAL_REPRESENTATION('',(#1601),#1639);
#1601 = B_SPLINE_CURVE_WITH_KNOTS('',6,(#1602,#1603,#1604,#1605,#1606,
    #1607,#1608,#1609,#1610,#1611,#1612,#1613,#1614,#1615,#1616,#1617,
    #1618,#1619,#1620,#1621,#1622,#1623,#1624,#1625,#1626,#1627,#1628,
    #1629,#1630,#1631,#1632,#1633,#1634,#1635,#1636,#1637,#1638),
  .UNSPECIFIED.,.F.,.F.,(7,5,5,5,5,5,5,7),(0.,0.156545561618,
    0.288771626521,0.429530816568,0.608933642981,0.711250946418,
    0.849651609879,1.),.UNSPECIFIED.);
#1602 = CARTESIAN_POINT('',(1.570796066987,5.999999999062E-07));
#1603 = CARTESIAN_POINT('',(1.658269514527,-0.20201066274));
#1604 = CARTESIAN_POINT('',(1.744740503169,-0.406230454323));
#1605 = CARTESIAN_POINT('',(1.830275463793,-0.609931053482));
#1606 = CARTESIAN_POINT('',(1.914894125735,-0.810200186792));
#1607 = CARTESIAN_POINT('',(1.998591136121,-1.00408577104));
#1608 = CARTESIAN_POINT('',(2.151169434534,-1.344915184714));
#1609 = CARTESIAN_POINT('',(2.220441820889,-1.494716534259));
#1610 = CARTESIAN_POINT('',(2.289229105302,-1.636900506786));
#1611 = CARTESIAN_POINT('',(2.357628652344,-1.770168243224));
#1612 = CARTESIAN_POINT('',(2.425733781174,-1.893305940898));
#1613 = CARTESIAN_POINT('',(2.565926787473,-2.124341753352));
#1614 = CARTESIAN_POINT('',(2.638028787089,-2.230810611109));
#1615 = CARTESIAN_POINT('',(2.709990108209,-2.323151835233));
#1616 = CARTESIAN_POINT('',(2.781866198331,-2.400124294097));
#1617 = CARTESIAN_POINT('',(2.853716040228,-2.460768400244));
#1618 = CARTESIAN_POINT('',(3.017237339233,-2.560092023392));
#1619 = CARTESIAN_POINT('',(3.10886778467,-2.588129722031));
#1620 = CARTESIAN_POINT('',(3.200488846585,-2.587188435799));
#1621 = CARTESIAN_POINT('',(3.292114358424,-2.557043140471));
#1622 = CARTESIAN_POINT('',(3.383756716091,-2.4986771879));
#1623 = CARTESIAN_POINT('',(3.527645528927,-2.365948890186));
#1624 = CARTESIAN_POINT('',(3.579907430808,-2.309228939435));
#1625 = CARTESIAN_POINT('',(3.632201463004,-2.244341184407));
#1626 = CARTESIAN_POINT('',(3.68455558807,-2.171706952327));
#1627 = CARTESIAN_POINT('',(3.736995976827,-2.091814742469));
#1628 = CARTESIAN_POINT('',(3.860628711735,-1.888069990077));
#1629 = CARTESIAN_POINT('',(3.931931155093,-1.75861915216));
#1630 = CARTESIAN_POINT('',(4.003561350125,-1.61812355638));
#1631 = CARTESIAN_POINT('',(4.075625689329,-1.467982770086));
#1632 = CARTESIAN_POINT('',(4.148235776679,-1.309697246016));
#1633 = CARTESIAN_POINT('',(4.301120473092,-0.965736057563));
#1634 = CARTESIAN_POINT('',(4.381658144224,-0.778554981494));
#1635 = CARTESIAN_POINT('',(4.463060443794,-0.585766079766));
#1636 = CARTESIAN_POINT('',(4.545308524914,-0.390025719266));
#1637 = CARTESIAN_POINT('',(4.628404873388,-0.193952976378));
#1638 = CARTESIAN_POINT('',(4.712389240192,5.999999999062E-07));
#1639 = ( GEOMETRIC_REPRESENTATION_CONTEXT(2) 
PARAMETRIC_REPRESENTATION_CONTEXT() REPRESENTATION_CONTEXT('2D SPACE',''
  ) );
#1640 = ORIENTED_EDGE('',*,*,#1641,.T.);
#1641 = EDGE_CURVE('',#1510,#1512,#1642,.T.);
#1642 = SURFACE_CURVE('',#1643,(#1647,#1653),.PCURVE_S1.);
#1643 = LINE('',#1644,#1645);
#1644 = CARTESIAN_POINT('',(-1.7763568394E-14,-50.,0.));
#1645 = VECTOR('',#1646,1.);
#1646 = DIRECTION('',(0.,0.,1.));
#1647 = PCURVE('',#53,#1648);
#1648 = DEFINITIONAL_REPRESENTATION('',(#1649),#1652);
#1649 = B_SPLINE_CURVE_WITH_KNOTS('',1,(#1650,#1651),.UNSPECIFIED.,.F.,
  .F.,(2,2),(543.84,553.44),.PIECEWISE_BEZIER_KNOTS.);
#1650 = CARTESIAN_POINT('',(4.712388980385,543.84));
#1651 = CARTESIAN_POINT('',(4.712388980385,553.44));
#1652 = ( GEOMETRIC_REPRESENTATION_CONTEXT(2) 
PARAMETRIC_REPRESENTATION_CONTEXT() REPRESENTATION_CONTEXT('2D SPACE',''
  ) );
#1653 = PCURVE('',#1654,#1659);
#1654 = PLANE('',#1655);
#1655 = AXIS2_PLACEMENT_3D('',#1656,#1657,#1658);
#1656 = CARTESIAN_POINT('',(-8.96280638868E-15,-50.,548.64));
#1657 = DIRECTION('',(-0.5,-0.866025403784,0.));
#1658 = DIRECTION('',(-0.866025403784,0.5,0.));
#1659 = DEFINITIONAL_REPRESENTATION('',(#1660),#1663);
#1660 = B_SPLINE_CURVE_WITH_KNOTS('',1,(#1661,#1662),.UNSPECIFIED.,.F.,
  .F.,(2,2),(543.84,553.44),.PIECEWISE_BEZIER_KNOTS.);
#1661 = CARTESIAN_POINT('',(7.62168346927E-15,4.8));
#1662 = CARTESIAN_POINT('',(7.62168346927E-15,-4.8));
#1663 = ( GEOMETRIC_REPRESENTATION_CONTEXT(2) 
PARAMETRIC_REPRESENTATION_CONTEXT() REPRESENTATION_CONTEXT('2D SPACE',''
  ) );
#1664 = FACE_BOUND('',#1665,.T.);
#1665 = EDGE_LOOP('',(#1666));
#1666 = ORIENTED_EDGE('',*,*,#1667,.T.);
#1667 = EDGE_CURVE('',#1668,#1668,#1670,.T.);
#1668 = VERTEX_POINT('',#1669);
#1669 = CARTESIAN_POINT('',(20.773928048915,-45.48014856416,548.64));
#1670 = SURFACE_CURVE('',#1671,(#1765,#1862),.PCURVE_S1.);
#1671 = B_SPLINE_CURVE_WITH_KNOTS('',8,(#1672,#1673,#1674,#1675,#1676,
    #1677,#1678,#1679,#1680,#1681,#1682,#1683,#1684,#1685,#1686,#1687,
    #1688,#1689,#1690,#1691,#1692,#1693,#1694,#1695,#1696,#1697,#1698,
    #1699,#1700,#1701,#1702,#1703,#1704,#1705,#1706,#1707,#1708,#1709,
    #1710,#1711,#1712,#1713,#1714,#1715,#1716,#1717,#1718,#1719,#1720,
    #1721,#1722,#1723,#1724,#1725,#1726,#1727,#1728,#1729,#1730,#1731,
    #1732,#1733,#1734,#1735,#1736,#1737,#1738,#1739,#1740,#1741,#1742,
    #1743,#1744,#1745,#1746,#1747,#1748,#1749,#1750,#1751,#1752,#1753,
    #1754,#1755,#1756,#1757,#1758,#1759,#1760,#1761,#1762,#1763,#1764),
  .UNSPECIFIED.,.T.,.F.,(9,7,7,7,7,7,7,7,7,7,7,7,7,9),(0.,
    5.544804553241E-02,0.107526809646,0.184249372588,0.260451092924,
    0.294423536123,0.334269159865,0.38561743262,0.42152947642,
    0.445445747579,0.498943934388,0.663023302149,0.837260103006,1.),
  .UNSPECIFIED.);
#1672 = CARTESIAN_POINT('',(20.773928048915,-45.48014856416,548.64));
#1673 = CARTESIAN_POINT('',(20.773928048915,-45.48014856416,
    548.80690915838));
#1674 = CARTESIAN_POINT('',(20.782815953759,-45.47608870654,
    548.97380302049));
#1675 = CARTESIAN_POINT('',(20.800588372596,-45.46797097961,
    549.14024376345));
#1676 = CARTESIAN_POINT('',(20.827199959472,-45.45580399646,
    549.30579620715));
#1677 = CARTESIAN_POINT('',(20.862563527902,-45.43960388101,
    549.47002797201));
#1678 = CARTESIAN_POINT('',(20.906550165425,-45.41939515402,
    549.63250963672));
#1679 = CARTESIAN_POINT('',(20.958989348175,-45.39521161915,
    549.79281489598));
#1680 = CARTESIAN_POINT('',(21.076661581163,-45.34069123886,
    550.09864360045));
#1681 = CARTESIAN_POINT('',(21.140923032291,-45.3108179278,
    550.24447218978));
#1682 = CARTESIAN_POINT('',(21.212293177867,-45.27750709174,
    550.38769865323));
#1683 = CARTESIAN_POINT('',(21.290592030337,-45.2407908086,
    550.52801797228));
#1684 = CARTESIAN_POINT('',(21.375620025606,-45.20070471106,
    550.66512797555));
#1685 = CARTESIAN_POINT('',(21.467158203086,-45.15728923953,
    550.79872937135));
#1686 = CARTESIAN_POINT('',(21.564968385756,-45.11059089495,
    550.92852578028));
#1687 = CARTESIAN_POINT('',(21.82174856706,-44.98711031885,
    551.23940235113));
#1688 = CARTESIAN_POINT('',(21.987794602994,-44.90653133266,
    551.41573061629));
#1689 = CARTESIAN_POINT('',(22.166177081797,-44.81906605027,
    551.58233374288));
#1690 = CARTESIAN_POINT('',(22.35608335456,-44.72487172864,
    551.73833917511));
#1691 = CARTESIAN_POINT('',(22.556644063118,-44.62413253776,
    551.88287628306));
#1692 = CARTESIAN_POINT('',(22.766934693497,-44.51706873393,
    552.0150760239));
#1693 = CARTESIAN_POINT('',(22.985977129358,-44.40394583301,
    552.13407060322));
#1694 = CARTESIAN_POINT('',(23.437965859625,-44.1670286472,
    552.34320338687));
#1695 = CARTESIAN_POINT('',(23.671098802816,-44.04315945147,
    552.43366662193));
#1696 = CARTESIAN_POINT('',(23.910808083213,-43.91395172507,
    552.50930677599));
#1697 = CARTESIAN_POINT('',(24.15567369522,-43.77996576975,
    552.56917942926));
#1698 = CARTESIAN_POINT('',(24.404215161242,-43.64184871597,
    552.61247531201));
#1699 = CARTESIAN_POINT('',(24.654917295122,-43.50033251463,
    552.63852401121));
#1700 = CARTESIAN_POINT('',(24.906254147188,-43.35622786539,
    552.64679787927));
#1701 = CARTESIAN_POINT('',(25.26837049526,-43.14540701218,
    552.63251064524));
#1702 = CARTESIAN_POINT('',(25.379785129602,-43.08010090851,
    552.62449922118));
#1703 = CARTESIAN_POINT('',(25.490777375178,-43.01459989172,
    552.61285791298));
#1704 = CARTESIAN_POINT('',(25.601173637764,-42.94900970945,
    552.59757605029));
#1705 = CARTESIAN_POINT('',(25.710804435355,-42.88343753512,
    552.57865625061));
#1706 = CARTESIAN_POINT('',(25.819504445849,-42.81799176744,
    552.55611441775));
#1707 = CARTESIAN_POINT('',(25.927112554717,-42.75278183003,
    552.52997974012));
#1708 = CARTESIAN_POINT('',(26.15821873162,-42.61184040095,
    552.4654776653));
#1709 = CARTESIAN_POINT('',(26.281228604172,-42.53625056098,
    552.42578183487));
#1710 = CARTESIAN_POINT('',(26.402245558265,-42.4613282789,
    552.3812803067));
#1711 = CARTESIAN_POINT('',(26.521027930049,-42.38725117271,
    552.33207036547));
#1712 = CARTESIAN_POINT('',(26.637348343352,-42.31419372285,
    552.27827345791));
#1713 = CARTESIAN_POINT('',(26.750993699133,-42.24232634458,
    552.22003517894));
#1714 = CARTESIAN_POINT('',(26.861765164941,-42.17181446042,
    552.15752525774));
#1715 = CARTESIAN_POINT('',(27.108285791261,-42.01390263808,
    552.00512726486));
#1716 = CARTESIAN_POINT('',(27.241961871776,-41.92753714243,
    551.91257770373));
#1717 = CARTESIAN_POINT('',(27.370228652222,-41.8439882978,
    551.81364555806));
#1718 = CARTESIAN_POINT('',(27.492838707171,-41.76350886851,
    551.70871818357));
#1719 = CARTESIAN_POINT('',(27.60957624637,-41.68633371411,
    551.59821208785));
#1720 = CARTESIAN_POINT('',(27.720258421666,-41.61267633264,
    551.48257142396));
#1721 = CARTESIAN_POINT('',(27.824736633918,-41.54272540385,
    551.36226648413));
#1722 = CARTESIAN_POINT('',(27.99154999394,-41.43042334031,
    551.15073714854));
#1723 = CARTESIAN_POINT('',(28.057133310062,-41.38608249011,
    551.06161604185));
#1724 = CARTESIAN_POINT('',(28.11963370028,-41.34365722971,
    550.97056074285));
#1725 = CARTESIAN_POINT('',(28.17904010247,-41.30318235272,
    550.87770279074));
#1726 = CARTESIAN_POINT('',(28.235344480396,-41.26468899852,
    550.7831733942));
#1727 = CARTESIAN_POINT('',(28.28854182371,-41.22820465224,
    550.68710343148));
#1728 = CARTESIAN_POINT('',(28.33863014795,-41.19375314477,
    550.58962345037));
#1729 = CARTESIAN_POINT('',(28.416897900917,-41.13977829461,
    550.42509281582));
#1730 = CARTESIAN_POINT('',(28.44680965529,-41.11911050092,
    550.35874825202));
#1731 = CARTESIAN_POINT('',(28.475347470787,-41.09935618751,
    550.29186480622));
#1732 = CARTESIAN_POINT('',(28.502513336966,-41.08051970755,
    550.22447641274));
#1733 = CARTESIAN_POINT('',(28.528309519818,-41.06260485151,
    550.15661611073));
#1734 = CARTESIAN_POINT('',(28.552738561767,-41.04561484723,
    550.08831604424));
#1735 = CARTESIAN_POINT('',(28.575803281667,-41.02955235988,
    550.01960746216));
#1736 = CARTESIAN_POINT('',(28.646055209578,-40.98056885581,
    549.79598092784));
#1737 = CARTESIAN_POINT('',(28.68778595898,-40.95137429016,
    549.63956797477));
#1738 = CARTESIAN_POINT('',(28.722739604164,-40.92685511694,
    549.48160517104));
#1739 = CARTESIAN_POINT('',(28.750949866198,-40.90702598834,
    549.32240562564));
#1740 = CARTESIAN_POINT('',(28.772443273989,-40.89189722434,
    549.16227446199));
#1741 = CARTESIAN_POINT('',(28.787238832206,-40.88147515006,
    549.00151103531));
#1742 = CARTESIAN_POINT('',(28.7953476892,-40.87576243322,
    548.84041115007));
#1743 = CARTESIAN_POINT('',(28.801143646294,-40.87167910976,
    548.18504586206));
#1744 = CARTESIAN_POINT('',(28.742679605769,-40.91286669953,
    547.68628881657));
#1745 = CARTESIAN_POINT('',(28.619607308155,-40.9996122264,
    547.19381588995));
#1746 = CARTESIAN_POINT('',(28.431057306641,-41.13175740015,
    546.71889910399));
#1747 = CARTESIAN_POINT('',(28.176956369181,-41.30766502575,
    546.27310235473));
#1748 = CARTESIAN_POINT('',(27.857973672294,-41.5243319092,
    545.86811524067));
#1749 = CARTESIAN_POINT('',(27.475706433623,-41.77753149963,
    545.51589636288));
#1750 = CARTESIAN_POINT('',(26.563486569003,-42.36381790464,
    544.92524902615));
#1751 = CARTESIAN_POINT('',(26.03754683003,-42.69336701135,
    544.70278604246));
#1752 = CARTESIAN_POINT('',(25.469987789777,-43.0378880902,
    544.57429453751));
#1753 = CARTESIAN_POINT('',(24.879210730543,-43.38335971038,
    544.54545239906));
#1754 = CARTESIAN_POINT('',(24.286227821167,-43.71645744014,
    544.6154317103));
#1755 = CARTESIAN_POINT('',(23.713592558552,-44.02610871536,
    544.77700967137));
#1756 = CARTESIAN_POINT('',(23.182761605132,-44.30396596235,
    545.01658045215));
#1757 = CARTESIAN_POINT('',(22.268042451741,-44.77030438368,
    545.59202959033));
#1758 = CARTESIAN_POINT('',(21.866807503608,-44.96855265934,
    545.92677879178));
#1759 = CARTESIAN_POINT('',(21.516408784904,-45.13672659052,
    546.31030522678));
#1760 = CARTESIAN_POINT('',(21.225749957837,-45.27290320877,
    546.73375347838));
#1761 = CARTESIAN_POINT('',(21.001990897099,-45.37597529811,
    547.18789441177));
#1762 = CARTESIAN_POINT('',(20.850332609763,-45.44524968972,
    547.66334769124));
#1763 = CARTESIAN_POINT('',(20.773928048915,-45.48014856416,
    548.15062376006));
#1764 = CARTESIAN_POINT('',(20.773928048915,-45.48014856416,548.64));
#1765 = PCURVE('',#53,#1766);
#1766 = DEFINITIONAL_REPRESENTATION('',(#1767),#1861);
#1767 = B_SPLINE_CURVE_WITH_KNOTS('',8,(#1768,#1769,#1770,#1771,#1772,
    #1773,#1774,#1775,#1776,#1777,#1778,#1779,#1780,#1781,#1782,#1783,
    #1784,#1785,#1786,#1787,#1788,#1789,#1790,#1791,#1792,#1793,#1794,
    #1795,#1796,#1797,#1798,#1799,#1800,#1801,#1802,#1803,#1804,#1805,
    #1806,#1807,#1808,#1809,#1810,#1811,#1812,#1813,#1814,#1815,#1816,
    #1817,#1818,#1819,#1820,#1821,#1822,#1823,#1824,#1825,#1826,#1827,
    #1828,#1829,#1830,#1831,#1832,#1833,#1834,#1835,#1836,#1837,#1838,
    #1839,#1840,#1841,#1842,#1843,#1844,#1845,#1846,#1847,#1848,#1849,
    #1850,#1851,#1852,#1853,#1854,#1855,#1856,#1857,#1858,#1859,#1860),
  .UNSPECIFIED.,.T.,.F.,(9,7,7,7,7,7,7,7,7,7,7,7,7,9),(0.,
    5.544804553241E-02,0.107526809646,0.184249372588,0.260451092924,
    0.294423536123,0.334269159865,0.38561743262,0.42152947642,
    0.445445747579,0.498943934388,0.663023302149,0.837260103006,1.),
  .UNSPECIFIED.);
#1768 = CARTESIAN_POINT('',(5.140857840909,548.64));
#1769 = CARTESIAN_POINT('',(5.140857840909,548.80690915838));
#1770 = CARTESIAN_POINT('',(5.1410532657,548.97380302049));
#1771 = CARTESIAN_POINT('',(5.141444037657,549.14024376345));
#1772 = CARTESIAN_POINT('',(5.142029259784,549.30579620715));
#1773 = CARTESIAN_POINT('',(5.142807211754,549.47002797201));
#1774 = CARTESIAN_POINT('',(5.143775345943,549.63250963672));
#1775 = CARTESIAN_POINT('',(5.144930283473,549.79281489598));
#1776 = CARTESIAN_POINT('',(5.147524062668,550.09864360045));
#1777 = CARTESIAN_POINT('',(5.148941375743,550.24447218978));
#1778 = CARTESIAN_POINT('',(5.150516594379,550.38769865323));
#1779 = CARTESIAN_POINT('',(5.152246188951,550.52801797228));
#1780 = CARTESIAN_POINT('',(5.154126249709,550.66512797555));
#1781 = CARTESIAN_POINT('',(5.156152481171,550.79872937135));
#1782 = CARTESIAN_POINT('',(5.158320196533,550.92852578028));
#1783 = CARTESIAN_POINT('',(5.164018740704,551.23940235113));
#1784 = CARTESIAN_POINT('',(5.167710020129,551.41573061629));
#1785 = CARTESIAN_POINT('',(5.171683397662,551.58233374288));
#1786 = CARTESIAN_POINT('',(5.175922970233,551.73833917511));
#1787 = CARTESIAN_POINT('',(5.180411634026,551.88287628306));
#1788 = CARTESIAN_POINT('',(5.185131034146,552.0150760239));
#1789 = CARTESIAN_POINT('',(5.190061514269,552.13407060322));
#1790 = CARTESIAN_POINT('',(5.200267856713,552.34320338687));
#1791 = CARTESIAN_POINT('',(5.205547719181,552.43366662193));
#1792 = CARTESIAN_POINT('',(5.21099384341,552.50930677599));
#1793 = CARTESIAN_POINT('',(5.216576139476,552.56917942926));
#1794 = CARTESIAN_POINT('',(5.222262689555,552.61247531201));
#1795 = CARTESIAN_POINT('',(5.228020195646,552.63852401121));
#1796 = CARTESIAN_POINT('',(5.233814423307,552.64679787927));
#1797 = CARTESIAN_POINT('',(5.242194725967,552.63251064524));
#1798 = CARTESIAN_POINT('',(5.244777589654,552.62449922118));
#1799 = CARTESIAN_POINT('',(5.24735514039,552.61285791298));
#1800 = CARTESIAN_POINT('',(5.249923339786,552.59757605029));
#1801 = CARTESIAN_POINT('',(5.252478205201,552.57865625061));
#1802 = CARTESIAN_POINT('',(5.255015811818,552.55611441775));
#1803 = CARTESIAN_POINT('',(5.257532294717,552.52997974012));
#1804 = CARTESIAN_POINT('',(5.262946149219,552.4654776653));
#1805 = CARTESIAN_POINT('',(5.265833709631,552.42578183487));
#1806 = CARTESIAN_POINT('',(5.268680327373,552.3812803067));
#1807 = CARTESIAN_POINT('',(5.271480060334,552.33207036547));
#1808 = CARTESIAN_POINT('',(5.274227237836,552.27827345791));
#1809 = CARTESIAN_POINT('',(5.276916469363,552.22003517894));
#1810 = CARTESIAN_POINT('',(5.279542653291,552.15752525774));
#1811 = CARTESIAN_POINT('',(5.285397858252,552.00512726486));
#1812 = CARTESIAN_POINT('',(5.288580806771,551.91257770373));
#1813 = CARTESIAN_POINT('',(5.291642326368,551.81364555806));
#1814 = CARTESIAN_POINT('',(5.294575561343,551.70871818357));
#1815 = CARTESIAN_POINT('',(5.297374366271,551.59821208785));
#1816 = CARTESIAN_POINT('',(5.300033367157,551.48257142396));
#1817 = CARTESIAN_POINT('',(5.302548022603,551.36226648413));
#1818 = CARTESIAN_POINT('',(5.306569885383,551.15073714854));
#1819 = CARTESIAN_POINT('',(5.308153206079,551.06161604185));
#1820 = CARTESIAN_POINT('',(5.309663989977,550.97056074285));
#1821 = CARTESIAN_POINT('',(5.31110166933,550.87770279074));
#1822 = CARTESIAN_POINT('',(5.312465765718,550.7831733942));
#1823 = CARTESIAN_POINT('',(5.313755890053,550.68710343148));
#1824 = CARTESIAN_POINT('',(5.314971742573,550.58962345037));
#1825 = CARTESIAN_POINT('',(5.316873228898,550.42509281582));
#1826 = CARTESIAN_POINT('',(5.317600379447,550.35874825202));
#1827 = CARTESIAN_POINT('',(5.318294537471,550.29186480622));
#1828 = CARTESIAN_POINT('',(5.318955686729,550.22447641274));
#1829 = CARTESIAN_POINT('',(5.319583821759,550.15661611073));
#1830 = CARTESIAN_POINT('',(5.320178947881,550.08831604424));
#1831 = CARTESIAN_POINT('',(5.320741081194,550.01960746216));
#1832 = CARTESIAN_POINT('',(5.322453940446,549.79598092784));
#1833 = CARTESIAN_POINT('',(5.323472522281,549.63956797477));
#1834 = CARTESIAN_POINT('',(5.324326440921,549.48160517104));
#1835 = CARTESIAN_POINT('',(5.325016081884,549.32240562564));
#1836 = CARTESIAN_POINT('',(5.325541760985,549.16227446199));
#1837 = CARTESIAN_POINT('',(5.325903715934,549.00151103531));
#1838 = CARTESIAN_POINT('',(5.326102097951,548.84041115007));
#1839 = CARTESIAN_POINT('',(5.326243895905,548.18504586206));
#1840 = CARTESIAN_POINT('',(5.324813584004,547.68628881657));
#1841 = CARTESIAN_POINT('',(5.321802178333,547.19381588995));
#1842 = CARTESIAN_POINT('',(5.317197241854,546.71889910399));
#1843 = CARTESIAN_POINT('',(5.311016521058,546.27310235473));
#1844 = CARTESIAN_POINT('',(5.303305046536,545.86811524067));
#1845 = CARTESIAN_POINT('',(5.29413557114,545.51589636288));
#1846 = CARTESIAN_POINT('',(5.272448000228,544.92524902615));
#1847 = CARTESIAN_POINT('',(5.260035681774,544.70278604246));
#1848 = CARTESIAN_POINT('',(5.246759077582,544.57429453751));
#1849 = CARTESIAN_POINT('',(5.233075433551,544.54545239906));
#1850 = CARTESIAN_POINT('',(5.21947644913,544.6154317103));
#1851 = CARTESIAN_POINT('',(5.206458516055,544.77700967137));
#1852 = CARTESIAN_POINT('',(5.194476122531,545.01658045215));
#1853 = CARTESIAN_POINT('',(5.173941443057,545.59202959033));
#1854 = CARTESIAN_POINT('',(5.164991353159,545.92677879178));
#1855 = CARTESIAN_POINT('',(5.157218771457,546.31030522678));
#1856 = CARTESIAN_POINT('',(5.150799539534,546.73375347838));
#1857 = CARTESIAN_POINT('',(5.145872405442,547.18789441177));
#1858 = CARTESIAN_POINT('',(5.142537792771,547.66334769124));
#1859 = CARTESIAN_POINT('',(5.140857840909,548.15062376006));
#1860 = CARTESIAN_POINT('',(5.140857840909,548.64));
#1861 = ( GEOMETRIC_REPRESENTATION_CONTEXT(2) 
PARAMETRIC_REPRESENTATION_CONTEXT() REPRESENTATION_CONTEXT('2D SPACE',''
  ) );
#1862 = PCURVE('',#1863,#1868);
#1863 = CYLINDRICAL_SURFACE('',#1864,4.);
#1864 = AXIS2_PLACEMENT_3D('',#1865,#1866,#1867);
#1865 = CARTESIAN_POINT('',(-50.,6.123233995737E-15,548.64));
#1866 = DIRECTION('',(-0.866025403784,0.5,0.));
#1867 = DIRECTION('',(-0.5,-0.866025403784,0.));
#1868 = DEFINITIONAL_REPRESENTATION('',(#1869),#1963);
#1869 = B_SPLINE_CURVE_WITH_KNOTS('',8,(#1870,#1871,#1872,#1873,#1874,
    #1875,#1876,#1877,#1878,#1879,#1880,#1881,#1882,#1883,#1884,#1885,
    #1886,#1887,#1888,#1889,#1890,#1891,#1892,#1893,#1894,#1895,#1896,
    #1897,#1898,#1899,#1900,#1901,#1902,#1903,#1904,#1905,#1906,#1907,
    #1908,#1909,#1910,#1911,#1912,#1913,#1914,#1915,#1916,#1917,#1918,
    #1919,#1920,#1921,#1922,#1923,#1924,#1925,#1926,#1927,#1928,#1929,
    #1930,#1931,#1932,#1933,#1934,#1935,#1936,#1937,#1938,#1939,#1940,
    #1941,#1942,#1943,#1944,#1945,#1946,#1947,#1948,#1949,#1950,#1951,
    #1952,#1953,#1954,#1955,#1956,#1957,#1958,#1959,#1960,#1961,#1962),
  .UNSPECIFIED.,.F.,.F.,(9,7,7,7,7,7,7,7,7,7,7,7,7,9),(0.,
    5.544804553241E-02,0.107526809646,0.184249372588,0.260451092924,
    0.294423536123,0.334269159865,0.38561743262,0.42152947642,
    0.445445747579,0.498943934388,0.663023302149,0.837260103006,1.),
  .UNSPECIFIED.);
#1870 = CARTESIAN_POINT('',(0.,-84.03209389805));
#1871 = CARTESIAN_POINT('',(4.172728959542E-02,-84.03209389805));
#1872 = CARTESIAN_POINT('',(8.345077482471E-02,-84.03776112062));
#1873 = CARTESIAN_POINT('',(0.125171655833,-84.04909362335));
#1874 = CARTESIAN_POINT('',(0.166891783154,-84.06605644205));
#1875 = CARTESIAN_POINT('',(0.208613116454,-84.08858213296));
#1876 = CARTESIAN_POINT('',(0.250337183274,-84.11657131498));
#1877 = CARTESIAN_POINT('',(0.292064537767,-84.14989321196));
#1878 = CARTESIAN_POINT('',(0.372988211364,-84.22454016491));
#1879 = CARTESIAN_POINT('',(0.412183942206,-84.26525555853));
#1880 = CARTESIAN_POINT('',(0.451391727801,-84.31040849965));
#1881 = CARTESIAN_POINT('',(0.490621686458,-84.3598591534));
#1882 = CARTESIAN_POINT('',(0.529883645752,-84.41345250857));
#1883 = CARTESIAN_POINT('',(0.569187049316,-84.47101915992));
#1884 = CARTESIAN_POINT('',(0.608540863628,-84.53237609057));
#1885 = CARTESIAN_POINT('',(0.70601625492,-84.69301396271));
#1886 = CARTESIAN_POINT('',(0.76422056573,-84.79652455494));
#1887 = CARTESIAN_POINT('',(0.822615297942,-84.90727567198));
#1888 = CARTESIAN_POINT('',(0.881249005109,-85.02464216771));
#1889 = CARTESIAN_POINT('',(0.940170970391,-85.14796324088));
#1890 = CARTESIAN_POINT('',(0.999432263329,-85.27654836705));
#1891 = CARTESIAN_POINT('',(1.059086796611,-85.40968323056));
#1892 = CARTESIAN_POINT('',(1.1788899333,-85.68265836029));
#1893 = CARTESIAN_POINT('',(1.239109671485,-85.82262281369));
#1894 = CARTESIAN_POINT('',(1.299815962149,-85.96561327683));
#1895 = CARTESIAN_POINT('',(1.360984868658,-86.11068013968));
#1896 = CARTESIAN_POINT('',(1.422600635379,-86.25686483626));
#1897 = CARTESIAN_POINT('',(1.484653807547,-86.40322115232));
#1898 = CARTESIAN_POINT('',(1.547140988595,-86.54883292649));
#1899 = CARTESIAN_POINT('',(1.638119727046,-86.75702445644));
#1900 = CARTESIAN_POINT('',(1.666242737372,-86.8208593083));
#1901 = CARTESIAN_POINT('',(1.694424426509,-86.8842309042));
#1902 = CARTESIAN_POINT('',(1.722654679001,-86.94704178094));
#1903 = CARTESIAN_POINT('',(1.750923815053,-87.00919874953));
#1904 = CARTESIAN_POINT('',(1.779222302217,-87.07061283617));
#1905 = CARTESIAN_POINT('',(1.807540467078,-87.1311992234));
#1906 = CARTESIAN_POINT('',(1.869093266955,-87.26087232903));
#1907 = CARTESIAN_POINT('',(1.902326425625,-87.32960708359));
#1908 = CARTESIAN_POINT('',(1.935550311295,-87.39694969908));
#1909 = CARTESIAN_POINT('',(1.968748294284,-87.46277969748));
#1910 = CARTESIAN_POINT('',(2.001903871027,-87.52698740544));
#1911 = CARTESIAN_POINT('',(2.035000048231,-87.58947348144));
#1912 = CARTESIAN_POINT('',(2.068018727021,-87.65014844276));
#1913 = CARTESIAN_POINT('',(2.143365197236,-87.78468565654));
#1914 = CARTESIAN_POINT('',(2.185612690476,-87.85726979032));
#1915 = CARTESIAN_POINT('',(2.227673843308,-87.92657765834));
#1916 = CARTESIAN_POINT('',(2.269538151967,-87.99252136603));
#1917 = CARTESIAN_POINT('',(2.311192970749,-88.05503146335));
#1918 = CARTESIAN_POINT('',(2.352623150333,-88.11405634817));
#1919 = CARTESIAN_POINT('',(2.393810676115,-88.16956166973));
#1920 = CARTESIAN_POINT('',(2.463355545946,-88.25787524543));
#1921 = CARTESIAN_POINT('',(2.491856483821,-88.29250163816));
#1922 = CARTESIAN_POINT('',(2.520241198437,-88.32541593363));
#1923 = CARTESIAN_POINT('',(2.548513369732,-88.35662594858));
#1924 = CARTESIAN_POINT('',(2.576676279304,-88.38614029311));
#1925 = CARTESIAN_POINT('',(2.604732810406,-88.41396837069));
#1926 = CARTESIAN_POINT('',(2.632685447951,-88.44012037818));
#1927 = CARTESIAN_POINT('',(2.679084039792,-88.48091481547));
#1928 = CARTESIAN_POINT('',(2.69758837544,-88.49648525778));
#1929 = CARTESIAN_POINT('',(2.716050871891,-88.51132257427));
#1930 = CARTESIAN_POINT('',(2.734473217623,-88.52543066451));
#1931 = CARTESIAN_POINT('',(2.752857203149,-88.53881338616));
#1932 = CARTESIAN_POINT('',(2.771204721015,-88.55147455494));
#1933 = CARTESIAN_POINT('',(2.789517765808,-88.56341794463));
#1934 = CARTESIAN_POINT('',(2.848690369317,-88.59976614683));
#1935 = CARTESIAN_POINT('',(2.889415279495,-88.62130875311));
#1936 = CARTESIAN_POINT('',(2.930001232638,-88.63931991118));
#1937 = CARTESIAN_POINT('',(2.970475282381,-88.65383615045));
#1938 = CARTESIAN_POINT('',(3.010863774421,-88.66488560561));
#1939 = CARTESIAN_POINT('',(3.051192652916,-88.67248789775));
#1940 = CARTESIAN_POINT('',(3.091487766874,-88.67665401548));
#1941 = CARTESIAN_POINT('',(3.255336984941,-88.67963179984));
#1942 = CARTESIAN_POINT('',(3.379860302471,-88.64959425042));
#1943 = CARTESIAN_POINT('',(3.505514343933,-88.58638327762));
#1944 = CARTESIAN_POINT('',(3.632533530181,-88.4891667733));
#1945 = CARTESIAN_POINT('',(3.761241317987,-88.35706271913));
#1946 = CARTESIAN_POINT('',(3.892056601307,-88.18914904198));
#1947 = CARTESIAN_POINT('',(4.025549114244,-87.98469569748));
#1948 = CARTESIAN_POINT('',(4.308156271764,-87.48783332338));
#1949 = CARTESIAN_POINT('',(4.454105524199,-87.19713070193));
#1950 = CARTESIAN_POINT('',(4.599677716851,-86.87787069435));
#1951 = CARTESIAN_POINT('',(4.744387832613,-86.53897856316));
#1952 = CARTESIAN_POINT('',(4.887723542051,-86.19198916452));
#1953 = CARTESIAN_POINT('',(5.029082504892,-85.8508981176));
#1954 = CARTESIAN_POINT('',(5.167547645844,-85.53011365032));
#1955 = CARTESIAN_POINT('',(5.426492916839,-84.97111283682));
#1956 = CARTESIAN_POINT('',(5.550377273898,-84.72275731668));
#1957 = CARTESIAN_POINT('',(5.673319037107,-84.50339009042));
#1958 = CARTESIAN_POINT('',(5.795562343492,-84.31976047147));
#1959 = CARTESIAN_POINT('',(5.917368453032,-84.17751548521));
#1960 = CARTESIAN_POINT('',(6.039022219155,-84.08081275149));
#1961 = CARTESIAN_POINT('',(6.160841247196,-84.03209389805));
#1962 = CARTESIAN_POINT('',(6.28318530718,-84.03209389805));
#1963 = ( GEOMETRIC_REPRESENTATION_CONTEXT(2) 
PARAMETRIC_REPRESENTATION_CONTEXT() REPRESENTATION_CONTEXT('2D SPACE',''
  ) );
#1964 = ADVANCED_FACE('',(#1965,#1968),#65,.F.);
#1965 = FACE_BOUND('',#1966,.F.);
#1966 = EDGE_LOOP('',(#1967));
#1967 = ORIENTED_EDGE('',*,*,#43,.T.);
#1968 = FACE_BOUND('',#1969,.F.);
#1969 = EDGE_LOOP('',(#1970));
#1970 = ORIENTED_EDGE('',*,*,#1971,.F.);
#1971 = EDGE_CURVE('',#1972,#1972,#1974,.T.);
#1972 = VERTEX_POINT('',#1973);
#1973 = CARTESIAN_POINT('',(47.,-1.151167991199E-14,0.));
#1974 = SURFACE_CURVE('',#1975,(#1980,#1987),.PCURVE_S1.);
#1975 = CIRCLE('',#1976,47.);
#1976 = AXIS2_PLACEMENT_3D('',#1977,#1978,#1979);
#1977 = CARTESIAN_POINT('',(0.,0.,0.));
#1978 = DIRECTION('',(0.,0.,1.));
#1979 = DIRECTION('',(1.,0.,-0.));
#1980 = PCURVE('',#65,#1981);
#1981 = DEFINITIONAL_REPRESENTATION('',(#1982),#1986);
#1982 = CIRCLE('',#1983,47.);
#1983 = AXIS2_PLACEMENT_2D('',#1984,#1985);
#1984 = CARTESIAN_POINT('',(0.,0.));
#1985 = DIRECTION('',(1.,0.));
#1986 = ( GEOMETRIC_REPRESENTATION_CONTEXT(2) 
PARAMETRIC_REPRESENTATION_CONTEXT() REPRESENTATION_CONTEXT('2D SPACE',''
  ) );
#1987 = PCURVE('',#1988,#1993);
#1988 = CYLINDRICAL_SURFACE('',#1989,47.);
#1989 = AXIS2_PLACEMENT_3D('',#1990,#1991,#1992);
#1990 = CARTESIAN_POINT('',(0.,0.,0.));
#1991 = DIRECTION('',(0.,0.,1.));
#1992 = DIRECTION('',(1.,0.,-0.));
#1993 = DEFINITIONAL_REPRESENTATION('',(#1994),#1998);
#1994 = LINE('',#1995,#1996);
#1995 = CARTESIAN_POINT('',(0.,0.));
#1996 = VECTOR('',#1997,1.);
#1997 = DIRECTION('',(1.,0.));
#1998 = ( GEOMETRIC_REPRESENTATION_CONTEXT(2) 
PARAMETRIC_REPRESENTATION_CONTEXT() REPRESENTATION_CONTEXT('2D SPACE',''
  ) );
#1999 = ADVANCED_FACE('',(#2000),#233,.F.);
#2000 = FACE_BOUND('',#2001,.F.);
#2001 = EDGE_LOOP('',(#2002,#2003,#2026,#2271,#2411,#2549,#2550,#2551));
#2002 = ORIENTED_EDGE('',*,*,#179,.F.);
#2003 = ORIENTED_EDGE('',*,*,#2004,.T.);
#2004 = EDGE_CURVE('',#180,#2005,#2007,.T.);
#2005 = VERTEX_POINT('',#2006);
#2006 = CARTESIAN_POINT('',(46.531234756094,6.621494700842,548.64));
#2007 = SEAM_CURVE('',#2008,(#2012,#2019),.PCURVE_S1.);
#2008 = LINE('',#2009,#2010);
#2009 = CARTESIAN_POINT('',(52.,3.464101615138,548.64));
#2010 = VECTOR('',#2011,1.);
#2011 = DIRECTION('',(-0.866025403784,0.5,-0.));
#2012 = PCURVE('',#233,#2013);
#2013 = DEFINITIONAL_REPRESENTATION('',(#2014),#2018);
#2014 = LINE('',#2015,#2016);
#2015 = CARTESIAN_POINT('',(6.28318530718,0.));
#2016 = VECTOR('',#2017,1.);
#2017 = DIRECTION('',(0.,-1.));
#2018 = ( GEOMETRIC_REPRESENTATION_CONTEXT(2) 
PARAMETRIC_REPRESENTATION_CONTEXT() REPRESENTATION_CONTEXT('2D SPACE',''
  ) );
#2019 = PCURVE('',#233,#2020);
#2020 = DEFINITIONAL_REPRESENTATION('',(#2021),#2025);
#2021 = LINE('',#2022,#2023);
#2022 = CARTESIAN_POINT('',(0.,0.));
#2023 = VECTOR('',#2024,1.);
#2024 = DIRECTION('',(0.,-1.));
#2025 = ( GEOMETRIC_REPRESENTATION_CONTEXT(2) 
PARAMETRIC_REPRESENTATION_CONTEXT() REPRESENTATION_CONTEXT('2D SPACE',''
  ) );
#2026 = ORIENTED_EDGE('',*,*,#2027,.T.);
#2027 = EDGE_CURVE('',#2005,#2028,#2030,.T.);
#2028 = VERTEX_POINT('',#2029);
#2029 = CARTESIAN_POINT('',(47.,-1.151167991199E-14,552.34809924355));
#2030 = SURFACE_CURVE('',#2031,(#2109,#2190),.PCURVE_S1.);
#2031 = B_SPLINE_CURVE_WITH_KNOTS('',6,(#2032,#2033,#2034,#2035,#2036,
    #2037,#2038,#2039,#2040,#2041,#2042,#2043,#2044,#2045,#2046,#2047,
    #2048,#2049,#2050,#2051,#2052,#2053,#2054,#2055,#2056,#2057,#2058,
    #2059,#2060,#2061,#2062,#2063,#2064,#2065,#2066,#2067,#2068,#2069,
    #2070,#2071,#2072,#2073,#2074,#2075,#2076,#2077,#2078,#2079,#2080,
    #2081,#2082,#2083,#2084,#2085,#2086,#2087,#2088,#2089,#2090,#2091,
    #2092,#2093,#2094,#2095,#2096,#2097,#2098,#2099,#2100,#2101,#2102,
    #2103,#2104,#2105,#2106,#2107,#2108),.UNSPECIFIED.,.F.,.F.,(7,5,5,5,
    5,5,5,5,5,5,5,5,5,5,5,7),(0.,0.220119715974,0.294459330125,
    0.442453677554,0.586739566472,0.732351053234,0.978518544386,
    0.987602006673,0.988954381869,0.990523091885,0.992091758042,
    0.993119483421,0.99457990925,0.996148484848,0.997717034273,1.),
  .UNSPECIFIED.);
#2032 = CARTESIAN_POINT('',(46.531234756094,6.621494700842,548.64));
#2033 = CARTESIAN_POINT('',(46.531234756094,6.621494700842,
    548.92217808621));
#2034 = CARTESIAN_POINT('',(46.535511134732,6.591443122582,
    549.20417665651));
#2035 = CARTESIAN_POINT('',(46.544053995801,6.531410720247,
    549.48335740212));
#2036 = CARTESIAN_POINT('',(46.556615328553,6.44209268651,
    549.75709301688));
#2037 = CARTESIAN_POINT('',(46.572716246504,6.3247933292,550.02283364263
    ));
#2038 = CARTESIAN_POINT('',(46.598156877834,6.133038434377,
    550.36441835294));
#2039 = CARTESIAN_POINT('',(46.60491455294,6.081640897574,550.4494984034
    ));
#2040 = CARTESIAN_POINT('',(46.611984297765,6.027320621007,
    550.53334137797));
#2041 = CARTESIAN_POINT('',(46.619342350152,5.970143884004,
    550.61587099386));
#2042 = CARTESIAN_POINT('',(46.62696401382,5.910179157014,
    550.69701485827));
#2043 = CARTESIAN_POINT('',(46.650470537604,5.722710472133,
    550.93534951914));
#2044 = CARTESIAN_POINT('',(46.667057772396,5.587178526831,
    551.08819894649));
#2045 = CARTESIAN_POINT('',(46.684388515986,5.441427999642,
    551.23475779912));
#2046 = CARTESIAN_POINT('',(46.702255763534,5.286011371002,
    551.37453982537));
#2047 = CARTESIAN_POINT('',(46.720449382158,5.12150998437,
    551.50706729831));
#2048 = CARTESIAN_POINT('',(46.756617991637,4.779898713002,
    551.75354704222));
#2049 = CARTESIAN_POINT('',(46.77459016144,4.60317862082,551.86790287654
    ));
#2050 = CARTESIAN_POINT('',(46.792491624688,4.418911233769,
    551.97451931834));
#2051 = CARTESIAN_POINT('',(46.810137801328,4.227651321491,
    552.07297710548));
#2052 = CARTESIAN_POINT('',(46.827352830979,4.029976444485,
    552.16285633785));
#2053 = CARTESIAN_POINT('',(46.860749574382,3.62113270393,552.3253588809
    ));
#2054 = CARTESIAN_POINT('',(46.876924037747,3.409811468484,
    552.39783381714));
#2055 = CARTESIAN_POINT('',(46.892322908723,3.193242136491,
    552.46068071034));
#2056 = CARTESIAN_POINT('',(46.90678812027,2.97217681471,552.51344953384
    ));
#2057 = CARTESIAN_POINT('',(46.9201847764,2.747405006049,552.55572002969
    ));
#2058 = CARTESIAN_POINT('',(46.953069781895,2.134896167874,
    552.64015384655));
#2059 = CARTESIAN_POINT('',(46.970417257182,1.741044257676,
    552.66219008665));
#2060 = CARTESIAN_POINT('',(46.983814174675,1.343973351388,
    552.65084298523));
#2061 = CARTESIAN_POINT('',(46.992978847508,0.949694787777,
    552.60498657563));
#2062 = CARTESIAN_POINT('',(46.998082178132,0.564123358627,
    552.5246972254));
#2063 = CARTESIAN_POINT('',(46.999661187468,0.178986342956,
    552.40705390077));
#2064 = CARTESIAN_POINT('',(46.99971249823,0.165301302608,
    552.40282265027));
#2065 = CARTESIAN_POINT('',(46.999758954919,0.151636951993,
    552.39854667512));
#2066 = CARTESIAN_POINT('',(46.999800584157,0.137993457498,
    552.39422602424));
#2067 = CARTESIAN_POINT('',(46.99983741277,0.124371061352,
    552.38986077186));
#2068 = CARTESIAN_POINT('',(46.999874240242,0.108745123843,
    552.38479447912));
#2069 = CARTESIAN_POINT('',(46.999878906884,0.106720640733,
    552.38413695421));
#2070 = CARTESIAN_POINT('',(46.999883467804,0.104696633281,
    552.38347844316));
#2071 = CARTESIAN_POINT('',(46.999887923092,0.102673102475,
    552.38281894629));
#2072 = CARTESIAN_POINT('',(46.999892272838,0.100650049303,
    552.38215846392));
#2073 = CARTESIAN_POINT('',(46.999901440373,9.628135588988E-02,
    552.38072971609));
#2074 = CARTESIAN_POINT('',(46.999906221727,9.39358810228E-02,
    552.37996111024));
#2075 = CARTESIAN_POINT('',(46.999910861334,9.159105169115E-02,
    552.37919117928));
#2076 = CARTESIAN_POINT('',(46.999915359339,8.924686943393E-02,
    552.37841992373));
#2077 = CARTESIAN_POINT('',(46.999919715882,8.69033357889E-02,
    552.37764734408));
#2078 = CARTESIAN_POINT('',(46.999928146216,8.221763429874E-02,
    552.37609955922));
#2079 = CARTESIAN_POINT('',(46.999932220014,7.987546641726E-02,
    552.37532435409));
#2080 = CARTESIAN_POINT('',(46.999936152645,7.75339501844E-02,
    552.37454782594));
#2081 = CARTESIAN_POINT('',(46.999939944253,7.519308713518E-02,
    552.37376997528));
#2082 = CARTESIAN_POINT('',(46.999943594983,7.285287880333E-02,
    552.37299080262));
#2083 = CARTESIAN_POINT('',(46.999949404583,6.898054867456E-02,
    552.37169896089));
#2084 = CARTESIAN_POINT('',(46.999951643779,6.744805231193E-02,
    552.37118704608));
#2085 = CARTESIAN_POINT('',(46.999953822609,6.591583806428E-02,
    552.37067456418));
#2086 = CARTESIAN_POINT('',(46.999955941112,6.438390636229E-02,
    552.37016151535));
#2087 = CARTESIAN_POINT('',(46.99995799933,6.285225763643E-02,
    552.36964789972));
#2088 = CARTESIAN_POINT('',(46.999962836479,5.91447803769E-02,
    552.36840305039));
#2089 = CARTESIAN_POINT('',(46.999965554002,5.696924072457E-02,
    552.36767123909));
#2090 = CARTESIAN_POINT('',(46.99996814999,5.479427459436E-02,
    552.36693828395));
#2091 = CARTESIAN_POINT('',(46.999970624562,5.261988321969E-02,
    552.36620418541));
#2092 = CARTESIAN_POINT('',(46.999972977835,5.044606783299E-02,
    552.36546894388));
#2093 = CARTESIAN_POINT('',(46.999977607317,4.593865542154E-02,
    552.3639416438));
#2094 = CARTESIAN_POINT('',(46.999979864914,4.360514705253E-02,
    552.36314940977));
#2095 = CARTESIAN_POINT('',(46.999981982867,4.127230608438E-02,
    552.3623558582));
#2096 = CARTESIAN_POINT('',(46.999983961323,3.894013404144E-02,
    552.36156098963));
#2097 = CARTESIAN_POINT('',(46.999985800432,3.660863244665E-02,
    552.36076480458));
#2098 = CARTESIAN_POINT('',(46.999989200222,3.194701208809E-02,
    552.3591698159));
#2099 = CARTESIAN_POINT('',(46.999990760909,2.961689330189E-02,
    552.35837101231));
#2100 = CARTESIAN_POINT('',(46.99999218255,2.728744798447E-02,
    552.35757089335));
#2101 = CARTESIAN_POINT('',(46.999993465294,2.495867765594E-02,
    552.35676945956));
#2102 = CARTESIAN_POINT('',(46.999994609293,2.263058383493E-02,
    552.35596671146));
#2103 = CARTESIAN_POINT('',(46.999997078021,1.691570034902E-02,
    552.35399236729));
#2104 = CARTESIAN_POINT('',(46.99999824775,1.352966896828E-02,
    552.35281930193));
#2105 = CARTESIAN_POINT('',(46.999999124345,1.01450785748E-02,
    552.3516434552));
#2106 = CARTESIAN_POINT('',(46.999999708272,6.761933840148E-03,
    552.35046482877));
#2107 = CARTESIAN_POINT('',(47.,3.380239429174E-03,552.34928342432));
#2108 = CARTESIAN_POINT('',(47.,-1.106331904453E-14,552.34809924354));
#2109 = PCURVE('',#233,#2110);
#2110 = DEFINITIONAL_REPRESENTATION('',(#2111),#2189);
#2111 = B_SPLINE_CURVE_WITH_KNOTS('',6,(#2112,#2113,#2114,#2115,#2116,
    #2117,#2118,#2119,#2120,#2121,#2122,#2123,#2124,#2125,#2126,#2127,
    #2128,#2129,#2130,#2131,#2132,#2133,#2134,#2135,#2136,#2137,#2138,
    #2139,#2140,#2141,#2142,#2143,#2144,#2145,#2146,#2147,#2148,#2149,
    #2150,#2151,#2152,#2153,#2154,#2155,#2156,#2157,#2158,#2159,#2160,
    #2161,#2162,#2163,#2164,#2165,#2166,#2167,#2168,#2169,#2170,#2171,
    #2172,#2173,#2174,#2175,#2176,#2177,#2178,#2179,#2180,#2181,#2182,
    #2183,#2184,#2185,#2186,#2187,#2188),.UNSPECIFIED.,.F.,.F.,(7,5,5,5,
    5,5,5,5,5,5,5,5,5,5,5,7),(0.,0.220119715974,0.294459330125,
    0.442453677554,0.586739566472,0.732351053234,0.978518544386,
    0.987602006673,0.988954381869,0.990523091885,0.992091758042,
    0.993119483421,0.99457990925,0.996148484848,0.997717034273,1.),
  .UNSPECIFIED.);
#2112 = CARTESIAN_POINT('',(0.,-6.314786171408));
#2113 = CARTESIAN_POINT('',(7.054452155299E-02,-6.314786171408));
#2114 = CARTESIAN_POINT('',(0.141044123319,-6.296056929741));
#2115 = CARTESIAN_POINT('',(0.211471423965,-6.258642393867));
#2116 = CARTESIAN_POINT('',(0.281796575699,-6.20310494373));
#2117 = CARTESIAN_POINT('',(0.351981233223,-6.130511461105));
#2118 = CARTESIAN_POINT('',(0.445587652271,-6.012601780674));
#2119 = CARTESIAN_POINT('',(0.469203495076,-5.98105069396));
#2120 = CARTESIAN_POINT('',(0.492804138403,-5.94776797706));
#2121 = CARTESIAN_POINT('',(0.516391103718,-5.912807348269));
#2122 = CARTESIAN_POINT('',(0.539966468817,-5.876224430418));
#2123 = CARTESIAN_POINT('',(0.610448551787,-5.762132841226));
#2124 = CARTESIAN_POINT('',(0.657319317301,-5.680001901866));
#2125 = CARTESIAN_POINT('',(0.704178592966,-5.592117774057));
#2126 = CARTESIAN_POINT('',(0.751057779112,-5.498935969465));
#2127 = CARTESIAN_POINT('',(0.797986836402,-5.400929140233));
#2128 = CARTESIAN_POINT('',(0.890824979917,-5.198800569921));
#2129 = CARTESIAN_POINT('',(0.936738155323,-5.094876168219));
#2130 = CARTESIAN_POINT('',(0.982769206124,-4.987239352756));
#2131 = CARTESIAN_POINT('',(1.028952371543,-4.876327359367));
#2132 = CARTESIAN_POINT('',(1.075322639996,-4.76258126786));
#2133 = CARTESIAN_POINT('',(1.168939566061,-4.529236969391));
#2134 = CARTESIAN_POINT('',(1.216200655398,-4.409568855502));
#2135 = CARTESIAN_POINT('',(1.263715443511,-4.28794837605));
#2136 = CARTESIAN_POINT('',(1.311502692751,-4.164888474489));
#2137 = CARTESIAN_POINT('',(1.359584177615,-4.040900725624));
#2138 = CARTESIAN_POINT('',(1.489807769114,-3.706167056375));
#2139 = CARTESIAN_POINT('',(1.572704686838,-3.494217746985));
#2140 = CARTESIAN_POINT('',(1.656410278449,-3.28408022296));
#2141 = CARTESIAN_POINT('',(1.740742971437,-3.079004101664));
#2142 = CARTESIAN_POINT('',(1.825536677148,-2.881798773125));
#2143 = CARTESIAN_POINT('',(1.91376996362,-2.687862803092));
#2144 = CARTESIAN_POINT('',(1.916909967921,-2.680975846494));
#2145 = CARTESIAN_POINT('',(1.920050103745,-2.674103438513));
#2146 = CARTESIAN_POINT('',(1.923190385657,-2.667245639288));
#2147 = CARTESIAN_POINT('',(1.926330810628,-2.660402546701));
#2148 = CARTESIAN_POINT('',(1.929938932865,-2.652557684421));
#2149 = CARTESIAN_POINT('',(1.930406510428,-2.651541401435));
#2150 = CARTESIAN_POINT('',(1.930874090661,-2.650525447836));
#2151 = CARTESIAN_POINT('',(1.931341673511,-2.64950982404));
#2152 = CARTESIAN_POINT('',(1.931809258923,-2.648494530464));
#2153 = CARTESIAN_POINT('',(1.932819233196,-2.646302244439));
#2154 = CARTESIAN_POINT('',(1.933361622924,-2.645125366232));
#2155 = CARTESIAN_POINT('',(1.93390401594,-2.643948933548));
#2156 = CARTESIAN_POINT('',(1.93444641216,-2.642772947033));
#2157 = CARTESIAN_POINT('',(1.934988811497,-2.641597407333));
#2158 = CARTESIAN_POINT('',(1.936073601074,-2.639247255705));
#2159 = CARTESIAN_POINT('',(1.936615991313,-2.638072643752));
#2160 = CARTESIAN_POINT('',(1.9371583845,-2.636898479877));
#2161 = CARTESIAN_POINT('',(1.937700780549,-2.635724764723));
#2162 = CARTESIAN_POINT('',(1.938243179375,-2.634551498933));
#2163 = CARTESIAN_POINT('',(1.939140940001,-2.632610302607));
#2164 = CARTESIAN_POINT('',(1.939496300265,-2.631842115225));
#2165 = CARTESIAN_POINT('',(1.939851661659,-2.631074121179));
#2166 = CARTESIAN_POINT('',(1.940207024162,-2.630306320651));
#2167 = CARTESIAN_POINT('',(1.940562387748,-2.629538713819));
#2168 = CARTESIAN_POINT('',(1.94142273526,-2.627680786095));
#2169 = CARTESIAN_POINT('',(1.941927720266,-2.626590662825));
#2170 = CARTESIAN_POINT('',(1.942432707343,-2.625500931568));
#2171 = CARTESIAN_POINT('',(1.942937696423,-2.624411592839));
#2172 = CARTESIAN_POINT('',(1.943442687436,-2.623322647151));
#2173 = CARTESIAN_POINT('',(1.944490069725,-2.621064931696));
#2174 = CARTESIAN_POINT('',(1.945032461286,-2.619896222375));
#2175 = CARTESIAN_POINT('',(1.945574854914,-2.61872796769));
#2176 = CARTESIAN_POINT('',(1.946117250522,-2.617560168275));
#2177 = CARTESIAN_POINT('',(1.946659648026,-2.616392824763));
#2178 = CARTESIAN_POINT('',(1.947744437603,-2.614059070279));
#2179 = CARTESIAN_POINT('',(1.948286829676,-2.612892659292));
#2180 = CARTESIAN_POINT('',(1.948829223475,-2.611726705456));
#2181 = CARTESIAN_POINT('',(1.949371618912,-2.610561209402));
#2182 = CARTESIAN_POINT('',(1.949914015904,-2.60939617176));
#2183 = CARTESIAN_POINT('',(1.951245855283,-2.606536592036));
#2184 = CARTESIAN_POINT('',(1.952035299312,-2.60484256333));
#2185 = CARTESIAN_POINT('',(1.952824746191,-2.60314950898));
#2186 = CARTESIAN_POINT('',(1.953614195655,-2.601457430917));
#2187 = CARTESIAN_POINT('',(1.954403647443,-2.599766331068));
#2188 = CARTESIAN_POINT('',(1.955193101291,-2.598076211353));
#2189 = ( GEOMETRIC_REPRESENTATION_CONTEXT(2) 
PARAMETRIC_REPRESENTATION_CONTEXT() REPRESENTATION_CONTEXT('2D SPACE',''
  ) );
#2190 = PCURVE('',#1988,#2191);
#2191 = DEFINITIONAL_REPRESENTATION('',(#2192),#2270);
#2192 = B_SPLINE_CURVE_WITH_KNOTS('',6,(#2193,#2194,#2195,#2196,#2197,
    #2198,#2199,#2200,#2201,#2202,#2203,#2204,#2205,#2206,#2207,#2208,
    #2209,#2210,#2211,#2212,#2213,#2214,#2215,#2216,#2217,#2218,#2219,
    #2220,#2221,#2222,#2223,#2224,#2225,#2226,#2227,#2228,#2229,#2230,
    #2231,#2232,#2233,#2234,#2235,#2236,#2237,#2238,#2239,#2240,#2241,
    #2242,#2243,#2244,#2245,#2246,#2247,#2248,#2249,#2250,#2251,#2252,
    #2253,#2254,#2255,#2256,#2257,#2258,#2259,#2260,#2261,#2262,#2263,
    #2264,#2265,#2266,#2267,#2268,#2269),.UNSPECIFIED.,.F.,.F.,(7,5,5,5,
    5,5,5,5,5,5,5,5,5,5,5,7),(0.,0.220119715974,0.294459330125,
    0.442453677554,0.586739566472,0.732351053234,0.978518544386,
    0.987602006673,0.988954381869,0.990523091885,0.992091758042,
    0.993119483421,0.99457990925,0.996148484848,0.997717034273,1.),
  .UNSPECIFIED.);
#2193 = CARTESIAN_POINT('',(0.141353118402,548.64));
#2194 = CARTESIAN_POINT('',(0.141353118402,548.92217808621));
#2195 = CARTESIAN_POINT('',(0.140707282005,549.20417665651));
#2196 = CARTESIAN_POINT('',(0.139417127876,549.48335740212));
#2197 = CARTESIAN_POINT('',(0.137498047781,549.75709301688));
#2198 = CARTESIAN_POINT('',(0.134978940986,550.02283364263));
#2199 = CARTESIAN_POINT('',(0.130863299048,550.36441835294));
#2200 = CARTESIAN_POINT('',(0.129760323606,550.4494984034));
#2201 = CARTESIAN_POINT('',(0.128594827252,550.53334137797));
#2202 = CARTESIAN_POINT('',(0.127368271014,550.61587099386));
#2203 = CARTESIAN_POINT('',(0.126082163139,550.69701485827));
#2204 = CARTESIAN_POINT('',(0.122062234035,550.93534951914));
#2205 = CARTESIAN_POINT('',(0.119157072179,551.08819894649));
#2206 = CARTESIAN_POINT('',(0.116034180919,551.23475779912));
#2207 = CARTESIAN_POINT('',(0.112705706297,551.37453982537));
#2208 = CARTESIAN_POINT('',(0.10918437414,551.50706729831));
#2209 = CARTESIAN_POINT('',(0.101875424385,551.75354704222));
#2210 = CARTESIAN_POINT('',(9.809606046671E-02,551.86790287654));
#2211 = CARTESIAN_POINT('',(9.415708291669E-02,551.97451931834));
#2212 = CARTESIAN_POINT('',(9.007051677111E-02,552.07297710548));
#2213 = CARTESIAN_POINT('',(8.584881028139E-02,552.16285633785));
#2214 = CARTESIAN_POINT('',(7.712103383008E-02,552.3253588809));
#2215 = CARTESIAN_POINT('',(7.261174519984E-02,552.39783381714));
#2216 = CARTESIAN_POINT('',(6.799235841778E-02,552.46068071034));
#2217 = CARTESIAN_POINT('',(6.327889901736E-02,552.51344953384));
#2218 = CARTESIAN_POINT('',(5.848811687935E-02,552.55572002969));
#2219 = CARTESIAN_POINT('',(4.543724485896E-02,552.64015384655));
#2220 = CARTESIAN_POINT('',(3.704967924807E-02,552.66219008665));
#2221 = CARTESIAN_POINT('',(2.859724427586E-02,552.65084298523));
#2222 = CARTESIAN_POINT('',(2.02067274772E-02,552.60498657563));
#2223 = CARTESIAN_POINT('',(1.200270255543E-02,552.5246972254));
#2224 = CARTESIAN_POINT('',(3.808229097579E-03,552.40705390077));
#2225 = CARTESIAN_POINT('',(3.517055997599E-03,552.40282265027));
#2226 = CARTESIAN_POINT('',(3.226323479758E-03,552.39854667512));
#2227 = CARTESIAN_POINT('',(2.936035037935E-03,552.39422602424));
#2228 = CARTESIAN_POINT('',(2.646195780266E-03,552.38986077186));
#2229 = CARTESIAN_POINT('',(2.313728101409E-03,552.38479447912));
#2230 = CARTESIAN_POINT('',(2.270653878299E-03,552.38413695421));
#2231 = CARTESIAN_POINT('',(2.227589780703E-03,552.38347844316));
#2232 = CARTESIAN_POINT('',(2.184535829501E-03,552.38281894629));
#2233 = CARTESIAN_POINT('',(2.141492045557E-03,552.38215846392));
#2234 = CARTESIAN_POINT('',(2.048540917216E-03,552.38072971609));
#2235 = CARTESIAN_POINT('',(1.998637093038E-03,552.37996111024));
#2236 = CARTESIAN_POINT('',(1.94874700973E-03,552.37919117928));
#2237 = CARTESIAN_POINT('',(1.898870699809E-03,552.37841992373));
#2238 = CARTESIAN_POINT('',(1.849008195763E-03,552.37764734408));
#2239 = CARTESIAN_POINT('',(1.749312258021E-03,552.37609955922));
#2240 = CARTESIAN_POINT('',(1.69947882355E-03,552.37532435409));
#2241 = CARTESIAN_POINT('',(1.649659259102E-03,552.37454782594));
#2242 = CARTESIAN_POINT('',(1.599853597109E-03,552.37376997528));
#2243 = CARTESIAN_POINT('',(1.550061869976E-03,552.37299080262));
#2244 = CARTESIAN_POINT('',(1.467671774512E-03,552.37169896089));
#2245 = CARTESIAN_POINT('',(1.435065434143E-03,552.37118704608));
#2246 = CARTESIAN_POINT('',(1.402465098078E-03,552.37067456418));
#2247 = CARTESIAN_POINT('',(1.369870775417E-03,552.37016151535));
#2248 = CARTESIAN_POINT('',(1.337282475255E-03,552.36964789972));
#2249 = CARTESIAN_POINT('',(1.258399913233E-03,552.36840305039));
#2250 = CARTESIAN_POINT('',(1.212111799484E-03,552.36767123909));
#2251 = CARTESIAN_POINT('',(1.165835891517E-03,552.36693828395));
#2252 = CARTESIAN_POINT('',(1.119572215395E-03,552.36620418541));
#2253 = CARTESIAN_POINT('',(1.073320797158E-03,552.36546894388));
#2254 = CARTESIAN_POINT('',(9.774183548412E-04,552.3639416438));
#2255 = CARTESIAN_POINT('',(9.277692174594E-04,552.36314940977));
#2256 = CARTESIAN_POINT('',(8.781342829197E-04,552.3623558582));
#2257 = CARTESIAN_POINT('',(8.285135834317E-04,552.36156098963));
#2258 = CARTESIAN_POINT('',(7.78907151176E-04,552.36076480458));
#2259 = CARTESIAN_POINT('',(6.79723712914E-04,552.3591698159));
#2260 = CARTESIAN_POINT('',(6.301467064304E-04,552.35837101231));
#2261 = CARTESIAN_POINT('',(5.805840310041E-04,552.35757089335));
#2262 = CARTESIAN_POINT('',(5.310357187561E-04,552.35676945956));
#2263 = CARTESIAN_POINT('',(4.815018017777E-04,552.35596671146));
#2264 = CARTESIAN_POINT('',(3.599085247748E-04,552.35399236729));
#2265 = CARTESIAN_POINT('',(2.878652998792E-04,552.35281930193));
#2266 = CARTESIAN_POINT('',(2.158527363043E-04,552.3516434552));
#2267 = CARTESIAN_POINT('',(1.438709327696E-04,552.35046482877));
#2268 = CARTESIAN_POINT('',(7.1919987855E-05,552.34928342432));
#2269 = CARTESIAN_POINT('',(0.,552.34809924354));
#2270 = ( GEOMETRIC_REPRESENTATION_CONTEXT(2) 
PARAMETRIC_REPRESENTATION_CONTEXT() REPRESENTATION_CONTEXT('2D SPACE',''
  ) );
#2271 = ORIENTED_EDGE('',*,*,#2272,.T.);
#2272 = EDGE_CURVE('',#2028,#2273,#2275,.T.);
#2273 = VERTEX_POINT('',#2274);
#2274 = CARTESIAN_POINT('',(47.,-1.151167991199E-14,544.93190075644));
#2275 = SURFACE_CURVE('',#2276,(#2319,#2365),.PCURVE_S1.);
#2276 = B_SPLINE_CURVE_WITH_KNOTS('',6,(#2277,#2278,#2279,#2280,#2281,
    #2282,#2283,#2284,#2285,#2286,#2287,#2288,#2289,#2290,#2291,#2292,
    #2293,#2294,#2295,#2296,#2297,#2298,#2299,#2300,#2301,#2302,#2303,
    #2304,#2305,#2306,#2307,#2308,#2309,#2310,#2311,#2312,#2313,#2314,
    #2315,#2316,#2317,#2318),.UNSPECIFIED.,.F.,.F.,(7,5,5,5,5,5,5,5,7),(
    0.,0.21971470521,0.308219587261,0.366190341077,0.500000499109,
    0.634935444905,0.692698080247,0.78063803203,1.),.UNSPECIFIED.);
#2277 = CARTESIAN_POINT('',(47.,-1.68753899743E-14,552.34809924354));
#2278 = CARTESIAN_POINT('',(47.,-0.387343599187,552.2124032812));
#2279 = CARTESIAN_POINT('',(46.996169678207,-0.754611969312,
    552.04059169945));
#2280 = CARTESIAN_POINT('',(46.989251126329,-1.095916782501,
    551.83522517365));
#2281 = CARTESIAN_POINT('',(46.980318596942,-1.406237424046,
    551.60022536638));
#2282 = CARTESIAN_POINT('',(46.970508088863,-1.681788260916,
    551.34071188722));
#2283 = CARTESIAN_POINT('',(46.956818288373,-2.016549515669,
    550.95087394189));
#2284 = CARTESIAN_POINT('',(46.952891095274,-2.106795329477,
    550.83582219065));
#2285 = CARTESIAN_POINT('',(46.949025522198,-2.191083290798,
    550.71794541601));
#2286 = CARTESIAN_POINT('',(46.945273673135,-2.26935167485,
    550.59753005144));
#2287 = CARTESIAN_POINT('',(46.941681952617,-2.341554408564,
    550.47486373096));
#2288 = CARTESIAN_POINT('',(46.936070032636,-2.450960976091,
    550.26860358083));
#2289 = CARTESIAN_POINT('',(46.933934870776,-2.491649742247,
    550.18612183972));
#2290 = CARTESIAN_POINT('',(46.931896738444,-2.529721909838,
    550.10286424581));
#2291 = CARTESIAN_POINT('',(46.929965612534,-2.565173941415,
    550.01890249644));
#2292 = CARTESIAN_POINT('',(46.928150288525,-2.598004221292,
    549.93430580636));
#2293 = CARTESIAN_POINT('',(46.92255305808,-2.697942162376,
    549.65256025611));
#2294 = CARTESIAN_POINT('',(46.91930593943,-2.753692240575,
    549.45298504263));
#2295 = CARTESIAN_POINT('',(46.91680948358,-2.795485451507,
    549.25118983306));
#2296 = CARTESIAN_POINT('',(46.915125007233,-2.823338543399,
    549.04793342547));
#2297 = CARTESIAN_POINT('',(46.914282912066,-2.837262562155,
    548.84395995521));
#2298 = CARTESIAN_POINT('',(46.914282912066,-2.837262562155,
    548.43432558853));
#2299 = CARTESIAN_POINT('',(46.915139223169,-2.823103483123,
    548.22863704047));
#2300 = CARTESIAN_POINT('',(46.916852147048,-2.794780007336,
    548.02368370845));
#2301 = CARTESIAN_POINT('',(46.919390242795,-2.752280767496,
    547.82022902424));
#2302 = CARTESIAN_POINT('',(46.922690091429,-2.695588653858,
    547.61905167977));
#2303 = CARTESIAN_POINT('',(46.928353803104,-2.594327191036,
    547.33614253896));
#2304 = CARTESIAN_POINT('',(46.93017348799,-2.561370602105,
    547.25190756636));
#2305 = CARTESIAN_POINT('',(46.932107515434,-2.525811116541,
    547.16830803872));
#2306 = CARTESIAN_POINT('',(46.934147120668,-2.48765042215,
    547.08541256033));
#2307 = CARTESIAN_POINT('',(46.936282373784,-2.446892132557,
    547.00329219136));
#2308 = CARTESIAN_POINT('',(46.941881693625,-2.337543633631,
    546.7982893687));
#2309 = CARTESIAN_POINT('',(46.945457853485,-2.265527833502,
    546.67650640627));
#2310 = CARTESIAN_POINT('',(46.94919052877,-2.187524820141,
    546.55695536163));
#2311 = CARTESIAN_POINT('',(46.95303404299,-2.103580357631,
    546.43991876466));
#2312 = CARTESIAN_POINT('',(46.956937173706,-2.013755540831,
    546.32567787404));
#2313 = CARTESIAN_POINT('',(46.970586428315,-1.679585502461,
    545.93721645577));
#2314 = CARTESIAN_POINT('',(46.980375594515,-1.404254960071,
    545.67827396335));
#2315 = CARTESIAN_POINT('',(46.989284402733,-1.09427837816,
    545.44378776593));
#2316 = CARTESIAN_POINT('',(46.996182116504,-0.753429853421,
    545.23885402234));
#2317 = CARTESIAN_POINT('',(47.,-0.386713989667,545.06737615114));
#2318 = CARTESIAN_POINT('',(47.,-1.59872115546E-14,544.93190075645));
#2319 = PCURVE('',#233,#2320);
#2320 = DEFINITIONAL_REPRESENTATION('',(#2321),#2364);
#2321 = B_SPLINE_CURVE_WITH_KNOTS('',6,(#2322,#2323,#2324,#2325,#2326,
    #2327,#2328,#2329,#2330,#2331,#2332,#2333,#2334,#2335,#2336,#2337,
    #2338,#2339,#2340,#2341,#2342,#2343,#2344,#2345,#2346,#2347,#2348,
    #2349,#2350,#2351,#2352,#2353,#2354,#2355,#2356,#2357,#2358,#2359,
    #2360,#2361,#2362,#2363),.UNSPECIFIED.,.F.,.F.,(7,5,5,5,5,5,5,5,7),(
    0.,0.21971470521,0.308219587261,0.366190341077,0.500000499109,
    0.634935444905,0.692698080247,0.78063803203,1.),.UNSPECIFIED.);
#2322 = CARTESIAN_POINT('',(1.955193101291,-2.598076211353));
#2323 = CARTESIAN_POINT('',(2.045657076189,-2.40440441176));
#2324 = CARTESIAN_POINT('',(2.135921373188,-2.224087382675));
#2325 = CARTESIAN_POINT('',(2.225811577961,-2.059426617764));
#2326 = CARTESIAN_POINT('',(2.315128308748,-1.91200209436));
#2327 = CARTESIAN_POINT('',(2.403629472224,-1.782722825146));
#2328 = CARTESIAN_POINT('',(2.526113688954,-1.627197912767));
#2329 = CARTESIAN_POINT('',(2.561132121978,-1.585476054852));
#2330 = CARTESIAN_POINT('',(2.596004882409,-1.546679758676));
#2331 = CARTESIAN_POINT('',(2.630737862227,-1.510794763249));
#2332 = CARTESIAN_POINT('',(2.66533575618,-1.477803917604));
#2333 = CARTESIAN_POINT('',(2.722377513783,-1.427960699108));
#2334 = CARTESIAN_POINT('',(2.744898780501,-1.409465420442));
#2335 = CARTESIAN_POINT('',(2.767368676034,-1.392194411023));
#2336 = CARTESIAN_POINT('',(2.789790364412,-1.37614079933));
#2337 = CARTESIAN_POINT('',(2.812167359602,-1.361297776099));
#2338 = CARTESIAN_POINT('',(2.886060658917,-1.316176149313));
#2339 = CARTESIAN_POINT('',(2.937391666989,-1.291113197454));
#2340 = CARTESIAN_POINT('',(2.988556548039,-1.272378586173));
#2341 = CARTESIAN_POINT('',(3.039609314605,-1.259910839536));
#2342 = CARTESIAN_POINT('',(3.090602664785,-1.253678105965));
#2343 = CARTESIAN_POINT('',(3.193011256457,-1.253678105965));
#2344 = CARTESIAN_POINT('',(3.244433375058,-1.260016058312));
#2345 = CARTESIAN_POINT('',(3.295916443157,-1.272694360612));
#2346 = CARTESIAN_POINT('',(3.347514409595,-1.291745925138));
#2347 = CARTESIAN_POINT('',(3.399282594942,-1.317234229211));
#2348 = CARTESIAN_POINT('',(3.473542566261,-1.362960042432));
#2349 = CARTESIAN_POINT('',(3.495843415408,-1.377862443559));
#2350 = CARTESIAN_POINT('',(3.518188901825,-1.393967269443));
#2351 = CARTESIAN_POINT('',(3.540582483811,-1.411281266693));
#2352 = CARTESIAN_POINT('',(3.563027271738,-1.429811228046));
#2353 = CARTESIAN_POINT('',(3.619778958761,-1.479636324284));
#2354 = CARTESIAN_POINT('',(3.65416217611,-1.512547179061));
#2355 = CARTESIAN_POINT('',(3.688679028149,-1.548316094121));
#2356 = CARTESIAN_POINT('',(3.72333404263,-1.586959744421));
#2357 = CARTESIAN_POINT('',(3.758132927017,-1.628491942467));
#2358 = CARTESIAN_POINT('',(3.880262763333,-1.783756360418));
#2359 = CARTESIAN_POINT('',(3.968627530219,-1.912943965001));
#2360 = CARTESIAN_POINT('',(4.057805453192,-2.060217001724));
#2361 = CARTESIAN_POINT('',(4.147554595693,-2.224667668739));
#2362 = CARTESIAN_POINT('',(4.237675276095,-2.40471921652));
#2363 = CARTESIAN_POINT('',(4.327992205889,-2.598076211353));
#2364 = ( GEOMETRIC_REPRESENTATION_CONTEXT(2) 
PARAMETRIC_REPRESENTATION_CONTEXT() REPRESENTATION_CONTEXT('2D SPACE',''
  ) );
#2365 = PCURVE('',#1988,#2366);
#2366 = DEFINITIONAL_REPRESENTATION('',(#2367),#2410);
#2367 = B_SPLINE_CURVE_WITH_KNOTS('',6,(#2368,#2369,#2370,#2371,#2372,
    #2373,#2374,#2375,#2376,#2377,#2378,#2379,#2380,#2381,#2382,#2383,
    #2384,#2385,#2386,#2387,#2388,#2389,#2390,#2391,#2392,#2393,#2394,
    #2395,#2396,#2397,#2398,#2399,#2400,#2401,#2402,#2403,#2404,#2405,
    #2406,#2407,#2408,#2409),.UNSPECIFIED.,.F.,.F.,(7,5,5,5,5,5,5,5,7),(
    0.,0.21971470521,0.308219587261,0.366190341077,0.500000499109,
    0.634935444905,0.692698080247,0.78063803203,1.),.UNSPECIFIED.);
#2368 = CARTESIAN_POINT('',(6.28318530718,552.34809924354));
#2369 = CARTESIAN_POINT('',(6.274943954005,552.2124032812));
#2370 = CARTESIAN_POINT('',(6.267129734277,552.04059169945));
#2371 = CARTESIAN_POINT('',(6.259866918191,551.83522517365));
#2372 = CARTESIAN_POINT('',(6.253261859581,551.60022536638));
#2373 = CARTESIAN_POINT('',(6.24739544379,551.34071188722));
#2374 = CARTESIAN_POINT('',(6.240266910712,550.95087394189));
#2375 = CARTESIAN_POINT('',(6.238344975824,550.83582219065));
#2376 = CARTESIAN_POINT('',(6.236549737244,550.71794541601));
#2377 = CARTESIAN_POINT('',(6.234882545165,550.59753005144));
#2378 = CARTESIAN_POINT('',(6.23334441844,550.47486373096));
#2379 = CARTESIAN_POINT('',(6.231013558815,550.26860358083));
#2380 = CARTESIAN_POINT('',(6.230146649798,550.18612183972));
#2381 = CARTESIAN_POINT('',(6.229335444452,550.10286424581));
#2382 = CARTESIAN_POINT('',(6.228580028135,550.01890249644));
#2383 = CARTESIAN_POINT('',(6.227880444642,549.93430580636));
#2384 = CARTESIAN_POINT('',(6.22575077314,549.65256025611));
#2385 = CARTESIAN_POINT('',(6.224562593718,549.45298504263));
#2386 = CARTESIAN_POINT('',(6.223671792343,549.25118983306));
#2387 = CARTESIAN_POINT('',(6.223078089979,549.04793342547));
#2388 = CARTESIAN_POINT('',(6.222781293191,548.84395995521));
#2389 = CARTESIAN_POINT('',(6.222781293191,548.43432558853));
#2390 = CARTESIAN_POINT('',(6.223083100387,548.22863704047));
#2391 = CARTESIAN_POINT('',(6.223686829238,548.02368370845));
#2392 = CARTESIAN_POINT('',(6.224592678559,547.82022902424));
#2393 = CARTESIAN_POINT('',(6.225800932472,547.61905167977));
#2394 = CARTESIAN_POINT('',(6.227958799052,547.33614253896));
#2395 = CARTESIAN_POINT('',(6.228661070994,547.25190756636));
#2396 = CARTESIAN_POINT('',(6.229418773539,547.16830803872));
#2397 = CARTESIAN_POINT('',(6.230231861415,547.08541256033));
#2398 = CARTESIAN_POINT('',(6.231100247724,547.00329219136));
#2399 = CARTESIAN_POINT('',(6.233429859745,546.7982893687));
#2400 = CARTESIAN_POINT('',(6.234963997613,546.67650640627));
#2401 = CARTESIAN_POINT('',(6.236625530506,546.55695536163));
#2402 = CARTESIAN_POINT('',(6.238413446882,546.43991876466));
#2403 = CARTESIAN_POINT('',(6.240326410692,546.32567787404));
#2404 = CARTESIAN_POINT('',(6.247442339963,545.93721645577));
#2405 = CARTESIAN_POINT('',(6.253304055523,545.67827396335));
#2406 = CARTESIAN_POINT('',(6.259901782806,545.44378776593));
#2407 = CARTESIAN_POINT('',(6.267154885663,545.23885402234));
#2408 = CARTESIAN_POINT('',(6.274957349953,545.06737615114));
#2409 = CARTESIAN_POINT('',(6.28318530718,544.93190075645));
#2410 = ( GEOMETRIC_REPRESENTATION_CONTEXT(2) 
PARAMETRIC_REPRESENTATION_CONTEXT() REPRESENTATION_CONTEXT('2D SPACE',''
  ) );
#2411 = ORIENTED_EDGE('',*,*,#2412,.T.);
#2412 = EDGE_CURVE('',#2273,#2005,#2413,.T.);
#2413 = SURFACE_CURVE('',#2414,(#2457,#2503),.PCURVE_S1.);
#2414 = B_SPLINE_CURVE_WITH_KNOTS('',6,(#2415,#2416,#2417,#2418,#2419,
    #2420,#2421,#2422,#2423,#2424,#2425,#2426,#2427,#2428,#2429,#2430,
    #2431,#2432,#2433,#2434,#2435,#2436,#2437,#2438,#2439,#2440,#2441,
    #2442,#2443,#2444,#2445,#2446,#2447,#2448,#2449,#2450,#2451,#2452,
    #2453,#2454,#2455,#2456),.UNSPECIFIED.,.F.,.F.,(7,5,5,5,5,5,5,5,7),(
    0.,0.264848753138,0.414893613503,0.558006196804,0.704303875258,
    0.779181091082,0.995469569112,0.998070150869,1.),.UNSPECIFIED.);
#2415 = CARTESIAN_POINT('',(47.,-1.039718522975E-14,544.93190075645));
#2416 = CARTESIAN_POINT('',(47.,0.392289775607,544.7944720272));
#2417 = CARTESIAN_POINT('',(46.996070768421,0.803359686773,
    544.69472127545));
#2418 = CARTESIAN_POINT('',(46.987507627858,1.226543606285,
    544.63474383808));
#2419 = CARTESIAN_POINT('',(46.973988750284,1.65439450816,
    544.61498014053));
#2420 = CARTESIAN_POINT('',(46.955819542166,2.079263170989,
    544.63418934549));
#2421 = CARTESIAN_POINT('',(46.921315071631,2.728644452938,
    544.72064961827));
#2422 = CARTESIAN_POINT('',(46.907581166899,2.960505774145,
    544.76351064984));
#2423 = CARTESIAN_POINT('',(46.892705716185,3.188471763284,
    544.81753939465));
#2424 = CARTESIAN_POINT('',(46.876835727938,3.411676524785,
    544.88227709007));
#2425 = CARTESIAN_POINT('',(46.860144421478,3.62929633206,
    544.95723103477));
#2426 = CARTESIAN_POINT('',(46.826304516919,4.04203870253,
    545.12260665149));
#2427 = CARTESIAN_POINT('',(46.809208706805,4.237784348247,
    545.21217282784));
#2428 = CARTESIAN_POINT('',(46.791695316275,4.427197602641,
    545.31016204437));
#2429 = CARTESIAN_POINT('',(46.773936149132,4.609715797579,
    545.41616470773));
#2430 = CARTESIAN_POINT('',(46.756111370435,4.784798222025,
    545.52977188834));
#2431 = CARTESIAN_POINT('',(46.720303439527,5.122769000362,
    545.77406656074));
#2432 = CARTESIAN_POINT('',(46.702322483919,5.285328508874,
    545.90509914559));
#2433 = CARTESIAN_POINT('',(46.684660781539,5.439010575601,
    546.04321938533));
#2434 = CARTESIAN_POINT('',(46.667521217295,5.58325382331,
    546.18796604943));
#2435 = CARTESIAN_POINT('',(46.651103730114,5.7175243551,546.3388698145)
  );
#2436 = CARTESIAN_POINT('',(46.627662982552,5.904669493697,
    546.57559462955));
#2437 = CARTESIAN_POINT('',(46.619966998796,5.965274341863,
    546.65721595045));
#2438 = CARTESIAN_POINT('',(46.61253694979,6.023055098092,
    546.74024724582));
#2439 = CARTESIAN_POINT('',(46.605398101561,6.077941729815,
    546.82461471325));
#2440 = CARTESIAN_POINT('',(46.598574769043,6.129866432304,
    546.91024056147));
#2441 = CARTESIAN_POINT('',(46.573359485227,6.320006863542,
    547.24777842213));
#2442 = CARTESIAN_POINT('',(46.557438004011,6.436123257777,
    547.50856587099));
#2443 = CARTESIAN_POINT('',(46.544916866303,6.52527795062,
    547.77713751578));
#2444 = CARTESIAN_POINT('',(46.53625390168,6.586220752252,
    548.05108401924));
#2445 = CARTESIAN_POINT('',(46.53169425829,6.618265548525,
    548.32792243526));
#2446 = CARTESIAN_POINT('',(46.531256725863,6.621340310933,548.608490275
    ));
#2447 = CARTESIAN_POINT('',(46.531252124343,6.621372647901,
    548.61182368358));
#2448 = CARTESIAN_POINT('',(46.531248119574,6.621400791061,
    548.61515711982));
#2449 = CARTESIAN_POINT('',(46.531244711576,6.62142474035,
    548.61849057907));
#2450 = CARTESIAN_POINT('',(46.531241900365,6.621444495722,
    548.6218240567));
#2451 = CARTESIAN_POINT('',(46.531238042674,6.621471605022,
    548.62763127745));
#2452 = CARTESIAN_POINT('',(46.531236728045,6.621480843341,
    548.63010501439));
#2453 = CARTESIAN_POINT('',(46.53123574207,6.621487772089,548.632578757)
  );
#2454 = CARTESIAN_POINT('',(46.531235084753,6.621492391258,
    548.6350525034));
#2455 = CARTESIAN_POINT('',(46.531234756094,6.621494700842,
    548.6375262517));
#2456 = CARTESIAN_POINT('',(46.531234756094,6.621494700842,548.64));
#2457 = PCURVE('',#233,#2458);
#2458 = DEFINITIONAL_REPRESENTATION('',(#2459),#2502);
#2459 = B_SPLINE_CURVE_WITH_KNOTS('',6,(#2460,#2461,#2462,#2463,#2464,
    #2465,#2466,#2467,#2468,#2469,#2470,#2471,#2472,#2473,#2474,#2475,
    #2476,#2477,#2478,#2479,#2480,#2481,#2482,#2483,#2484,#2485,#2486,
    #2487,#2488,#2489,#2490,#2491,#2492,#2493,#2494,#2495,#2496,#2497,
    #2498,#2499,#2500,#2501),.UNSPECIFIED.,.F.,.F.,(7,5,5,5,5,5,5,5,7),(
    0.,0.264848753138,0.414893613503,0.558006196804,0.704303875258,
    0.779181091082,0.995469569112,0.998070150869,1.),.UNSPECIFIED.);
#2460 = CARTESIAN_POINT('',(4.327992205889,-2.598076211353));
#2461 = CARTESIAN_POINT('',(4.419611358724,-2.794221099157));
#2462 = CARTESIAN_POINT('',(4.511011997613,-3.003158869105));
#2463 = CARTESIAN_POINT('',(4.601963669244,-3.222166726124));
#2464 = CARTESIAN_POINT('',(4.692240314509,-3.447799868471));
#2465 = CARTESIAN_POINT('',(4.781600502979,-3.675969195683));
#2466 = CARTESIAN_POINT('',(4.919586101765,-4.030541584685));
#2467 = CARTESIAN_POINT('',(4.969148815912,-4.158366155679));
#2468 = CARTESIAN_POINT('',(5.018398580201,-4.28523166846));
#2469 = CARTESIAN_POINT('',(5.067359107192,-4.41057786219));
#2470 = CARTESIAN_POINT('',(5.116050702907,-4.533842861244));
#2471 = CARTESIAN_POINT('',(5.210690368282,-4.769520263489));
#2472 = CARTESIAN_POINT('',(5.256672277016,-4.882198492204));
#2473 = CARTESIAN_POINT('',(5.302471374544,-4.992072160507));
#2474 = CARTESIAN_POINT('',(5.34812182684,-5.098711147871));
#2475 = CARTESIAN_POINT('',(5.393657089093,-5.201689071263));
#2476 = CARTESIAN_POINT('',(5.485576875822,-5.401685038255));
#2477 = CARTESIAN_POINT('',(5.531965702568,-5.498536756852));
#2478 = CARTESIAN_POINT('',(5.578305841674,-5.59067327315));
#2479 = CARTESIAN_POINT('',(5.624626290443,-5.67763819505));
#2480 = CARTESIAN_POINT('',(5.670957415306,-5.75899142191));
#2481 = CARTESIAN_POINT('',(5.741066430037,-5.872864274081));
#2482 = CARTESIAN_POINT('',(5.764810266512,-5.909831615604));
#2483 = CARTESIAN_POINT('',(5.788565740023,-5.945156604909));
#2484 = CARTESIAN_POINT('',(5.812334997335,-5.97878234469));
#2485 = CARTESIAN_POINT('',(5.836119614107,-6.010653875234));
#2486 = CARTESIAN_POINT('',(5.928671520691,-6.127561167201));
#2487 = CARTESIAN_POINT('',(5.997623427135,-6.199407771518));
#2488 = CARTESIAN_POINT('',(6.066711711194,-6.254828741278));
#2489 = CARTESIAN_POINT('',(6.135900763842,-6.29280248953));
#2490 = CARTESIAN_POINT('',(6.205163176198,-6.312773654675));
#2491 = CARTESIAN_POINT('',(6.275307797385,-6.314689950075));
#2492 = CARTESIAN_POINT('',(6.27614117389,-6.314710103593));
#2493 = CARTESIAN_POINT('',(6.276974551089,-6.314727643404));
#2494 = CARTESIAN_POINT('',(6.277807928866,-6.314742569462));
#2495 = CARTESIAN_POINT('',(6.278641307104,-6.314754881727));
#2496 = CARTESIAN_POINT('',(6.280093122286,-6.314771777236));
#2497 = CARTESIAN_POINT('',(6.280711559075,-6.314777534898));
#2498 = CARTESIAN_POINT('',(6.281329996006,-6.314781853151));
#2499 = CARTESIAN_POINT('',(6.281948433031,-6.314784731989));
#2500 = CARTESIAN_POINT('',(6.282566870105,-6.314786171408));
#2501 = CARTESIAN_POINT('',(6.28318530718,-6.314786171408));
#2502 = ( GEOMETRIC_REPRESENTATION_CONTEXT(2) 
PARAMETRIC_REPRESENTATION_CONTEXT() REPRESENTATION_CONTEXT('2D SPACE',''
  ) );
#2503 = PCURVE('',#1988,#2504);
#2504 = DEFINITIONAL_REPRESENTATION('',(#2505),#2548);
#2505 = B_SPLINE_CURVE_WITH_KNOTS('',6,(#2506,#2507,#2508,#2509,#2510,
    #2511,#2512,#2513,#2514,#2515,#2516,#2517,#2518,#2519,#2520,#2521,
    #2522,#2523,#2524,#2525,#2526,#2527,#2528,#2529,#2530,#2531,#2532,
    #2533,#2534,#2535,#2536,#2537,#2538,#2539,#2540,#2541,#2542,#2543,
    #2544,#2545,#2546,#2547),.UNSPECIFIED.,.F.,.F.,(7,5,5,5,5,5,5,5,7),(
    0.,0.264848753138,0.414893613503,0.558006196804,0.704303875258,
    0.779181091082,0.995469569112,0.998070150869,1.),.UNSPECIFIED.);
#2506 = CARTESIAN_POINT('',(0.,544.93190075645));
#2507 = CARTESIAN_POINT('',(8.346590970367E-03,544.7944720272));
#2508 = CARTESIAN_POINT('',(1.709276142911E-02,544.69472127545));
#2509 = CARTESIAN_POINT('',(2.609771092992E-02,544.63474383808));
#2510 = CARTESIAN_POINT('',(3.520458958741E-02,544.61498014053));
#2511 = CARTESIAN_POINT('',(4.42521284146E-02,544.63418934549));
#2512 = CARTESIAN_POINT('',(5.808824166225E-02,544.72064961827));
#2513 = CARTESIAN_POINT('',(6.303001634299E-02,544.76351064984));
#2514 = CARTESIAN_POINT('',(6.789054375298E-02,544.81753939465));
#2515 = CARTESIAN_POINT('',(7.26514553565E-02,544.88227709007));
#2516 = CARTESIAN_POINT('',(7.729519949926E-02,544.95723103477));
#2517 = CARTESIAN_POINT('',(8.610641820935E-02,545.12260665149));
#2518 = CARTESIAN_POINT('',(9.028701383574E-02,545.21217282784));
#2519 = CARTESIAN_POINT('',(9.433419829475E-02,545.31016204437));
#2520 = CARTESIAN_POINT('',(9.823584244744E-02,545.41616470773));
#2521 = CARTESIAN_POINT('',(0.10198022475,545.52977188834));
#2522 = CARTESIAN_POINT('',(0.109211339768,545.77406656074));
#2523 = CARTESIAN_POINT('',(0.112691109799,545.90509914559));
#2524 = CARTESIAN_POINT('',(0.115982422286,546.04321938533));
#2525 = CARTESIAN_POINT('',(0.119072988698,546.18796604943));
#2526 = CARTESIAN_POINT('',(0.121951072289,546.3388698145));
#2527 = CARTESIAN_POINT('',(0.125963996833,546.57559462955));
#2528 = CARTESIAN_POINT('',(0.127263814943,546.65721595045));
#2529 = CARTESIAN_POINT('',(0.128503312996,546.74024724582));
#2530 = CARTESIAN_POINT('',(0.129680948389,546.82461471325));
#2531 = CARTESIAN_POINT('',(0.130795226502,546.91024056147));
#2532 = CARTESIAN_POINT('',(0.134876185951,547.24777842213));
#2533 = CARTESIAN_POINT('',(0.137369839231,547.50856587099));
#2534 = CARTESIAN_POINT('',(0.139285358444,547.77713751578));
#2535 = CARTESIAN_POINT('',(0.140595049496,548.05108401924));
#2536 = CARTESIAN_POINT('',(0.141283720921,548.32792243526));
#2537 = CARTESIAN_POINT('',(0.141349800419,548.608490275));
#2538 = CARTESIAN_POINT('',(0.14135049537,548.61182368358));
#2539 = CARTESIAN_POINT('',(0.141351100193,548.61515711982));
#2540 = CARTESIAN_POINT('',(0.141351614886,548.61849057907));
#2541 = CARTESIAN_POINT('',(0.141352039447,548.6218240567));
#2542 = CARTESIAN_POINT('',(0.141352622051,548.62763127745));
#2543 = CARTESIAN_POINT('',(0.141352820592,548.63010501439));
#2544 = CARTESIAN_POINT('',(0.141352969497,548.632578757));
#2545 = CARTESIAN_POINT('',(0.141353068767,548.6350525034));
#2546 = CARTESIAN_POINT('',(0.141353118402,548.6375262517));
#2547 = CARTESIAN_POINT('',(0.141353118402,548.64));
#2548 = ( GEOMETRIC_REPRESENTATION_CONTEXT(2) 
PARAMETRIC_REPRESENTATION_CONTEXT() REPRESENTATION_CONTEXT('2D SPACE',''
  ) );
#2549 = ORIENTED_EDGE('',*,*,#2004,.F.);
#2550 = ORIENTED_EDGE('',*,*,#264,.F.);
#2551 = ORIENTED_EDGE('',*,*,#2552,.F.);
#2552 = EDGE_CURVE('',#101,#78,#2553,.T.);
#2553 = SURFACE_CURVE('',#2554,(#2559,#2566),.PCURVE_S1.);
#2554 = CIRCLE('',#2555,4.);
#2555 = AXIS2_PLACEMENT_3D('',#2556,#2557,#2558);
#2556 = CARTESIAN_POINT('',(50.,0.,548.64));
#2557 = DIRECTION('',(0.866025403784,-0.5,0.));
#2558 = DIRECTION('',(0.5,0.866025403784,0.));
#2559 = PCURVE('',#233,#2560);
#2560 = DEFINITIONAL_REPRESENTATION('',(#2561),#2565);
#2561 = LINE('',#2562,#2563);
#2562 = CARTESIAN_POINT('',(0.,0.));
#2563 = VECTOR('',#2564,1.);
#2564 = DIRECTION('',(1.,0.));
#2565 = ( GEOMETRIC_REPRESENTATION_CONTEXT(2) 
PARAMETRIC_REPRESENTATION_CONTEXT() REPRESENTATION_CONTEXT('2D SPACE',''
  ) );
#2566 = PCURVE('',#116,#2567);
#2567 = DEFINITIONAL_REPRESENTATION('',(#2568),#2572);
#2568 = CIRCLE('',#2569,4.);
#2569 = AXIS2_PLACEMENT_2D('',#2570,#2571);
#2570 = CARTESIAN_POINT('',(2.563950248511E-16,-3.49503809816E-16));
#2571 = DIRECTION('',(1.,0.));
#2572 = ( GEOMETRIC_REPRESENTATION_CONTEXT(2) 
PARAMETRIC_REPRESENTATION_CONTEXT() REPRESENTATION_CONTEXT('2D SPACE',''
  ) );
#2573 = ADVANCED_FACE('',(#2574),#166,.T.);
#2574 = FACE_BOUND('',#2575,.T.);
#2575 = EDGE_LOOP('',(#2576));
#2576 = ORIENTED_EDGE('',*,*,#151,.T.);
#2577 = ADVANCED_FACE('',(#2578),#116,.F.);
#2578 = FACE_BOUND('',#2579,.F.);
#2579 = EDGE_LOOP('',(#2580,#2581));
#2580 = ORIENTED_EDGE('',*,*,#100,.T.);
#2581 = ORIENTED_EDGE('',*,*,#2552,.T.);
#2582 = ADVANCED_FACE('',(#2583),#513,.F.);
#2583 = FACE_BOUND('',#2584,.F.);
#2584 = EDGE_LOOP('',(#2585,#2875,#2896,#2897));
#2585 = ORIENTED_EDGE('',*,*,#2586,.F.);
#2586 = EDGE_CURVE('',#2587,#2587,#2589,.T.);
#2587 = VERTEX_POINT('',#2588);
#2588 = CARTESIAN_POINT('',(39.210329521102,25.914282912066,548.64));
#2589 = SURFACE_CURVE('',#2590,(#2683,#2779),.PCURVE_S1.);
#2590 = B_SPLINE_CURVE_WITH_KNOTS('',6,(#2591,#2592,#2593,#2594,#2595,
    #2596,#2597,#2598,#2599,#2600,#2601,#2602,#2603,#2604,#2605,#2606,
    #2607,#2608,#2609,#2610,#2611,#2612,#2613,#2614,#2615,#2616,#2617,
    #2618,#2619,#2620,#2621,#2622,#2623,#2624,#2625,#2626,#2627,#2628,
    #2629,#2630,#2631,#2632,#2633,#2634,#2635,#2636,#2637,#2638,#2639,
    #2640,#2641,#2642,#2643,#2644,#2645,#2646,#2647,#2648,#2649,#2650,
    #2651,#2652,#2653,#2654,#2655,#2656,#2657,#2658,#2659,#2660,#2661,
    #2662,#2663,#2664,#2665,#2666,#2667,#2668,#2669,#2670,#2671,#2672,
    #2673,#2674,#2675,#2676,#2677,#2678,#2679,#2680,#2681,#2682),
  .UNSPECIFIED.,.T.,.F.,(7,5,5,5,5,5,5,5,5,5,5,5,5,5,5,5,5,5,7),(0.,
    0.105214213684,0.153069926219,0.191948284312,0.241794057871,
    0.298526696021,0.362231842049,0.407898555675,0.453210227853,
    0.499929151676,0.546221145359,0.591230821334,0.638574975642,
    0.683786703542,0.729413824247,0.773200628819,0.84746032855,
    0.895835558736,1.),.UNSPECIFIED.);
#2591 = CARTESIAN_POINT('',(39.210329521102,25.914282912066,548.64));
#2592 = CARTESIAN_POINT('',(39.210329521102,25.914282912066,
    548.21059353556));
#2593 = CARTESIAN_POINT('',(39.244421743521,25.862698826976,
    547.78039697662));
#2594 = CARTESIAN_POINT('',(39.312842366379,25.759172585732,
    547.35687016482));
#2595 = CARTESIAN_POINT('',(39.415068568796,25.603391225995,
    546.94766881656));
#2596 = CARTESIAN_POINT('',(39.549763990827,25.395106025518,
    546.56070260522));
#2597 = CARTESIAN_POINT('',(39.789867580685,25.015717889784,
    546.04262273038));
#2598 = CARTESIAN_POINT('',(39.871151015355,24.886340916446,
    545.88716395098));
#2599 = CARTESIAN_POINT('',(39.95828943901,24.746460130991,
    545.73931862791));
#2600 = CARTESIAN_POINT('',(40.050830145188,24.596449661925,
    545.60009250092));
#2601 = CARTESIAN_POINT('',(40.148246719258,24.436797788437,
    545.47039623158));
#2602 = CARTESIAN_POINT('',(40.332584458685,24.13106379037,
    545.2540823272));
#2603 = CARTESIAN_POINT('',(40.418025643585,23.988088742893,
    545.16397186358));
#2604 = CARTESIAN_POINT('',(40.505898779149,23.839620022614,
    545.08121707621));
#2605 = CARTESIAN_POINT('',(40.595797252721,23.686155140477,
    545.00623070144));
#2606 = CARTESIAN_POINT('',(40.687296194294,23.528252562615,
    544.93933424248));
#2607 = CARTESIAN_POINT('',(40.898765202253,23.159190613865,
    544.80565743511));
#2608 = CARTESIAN_POINT('',(41.019425197202,22.945679149322,
    544.74427124945));
#2609 = CARTESIAN_POINT('',(41.141050523922,22.727259333996,
    544.69703578991));
#2610 = CARTESIAN_POINT('',(41.262749798724,22.50531563707,
    544.66414470674));
#2611 = CARTESIAN_POINT('',(41.38366171453,22.281319386621,
    544.64554270036));
#2612 = CARTESIAN_POINT('',(41.638797509925,21.801245176328,
    544.63565725245));
#2613 = CARTESIAN_POINT('',(41.772517337798,21.54507660416,
    544.64850459121));
#2614 = CARTESIAN_POINT('',(41.903262191828,21.289972583659,
    544.67897443795));
#2615 = CARTESIAN_POINT('',(42.030252764379,21.037629445739,
    544.72641227388));
#2616 = CARTESIAN_POINT('',(42.152817804153,20.789715801234,
    544.789999944));
#2617 = CARTESIAN_POINT('',(42.402428378652,20.276224289273,
    544.95719890373));
#2618 = CARTESIAN_POINT('',(42.528246108472,20.012069585123,
    545.06481741159));
#2619 = CARTESIAN_POINT('',(42.647295005333,19.757135689653,
    545.19043894624));
#2620 = CARTESIAN_POINT('',(42.759138636134,19.513125956937,
    545.33288401662));
#2621 = CARTESIAN_POINT('',(42.86342768988,19.281677698201,545.490967468
    ));
#2622 = CARTESIAN_POINT('',(43.029000087368,18.908574759426,
    545.78717244261));
#2623 = CARTESIAN_POINT('',(43.094116637584,18.760011884341,
    545.91830308523));
#2624 = CARTESIAN_POINT('',(43.155095508617,18.619275563086,
    546.05643889034));
#2625 = CARTESIAN_POINT('',(43.211833058828,18.486946658487,
    546.20112263156));
#2626 = CARTESIAN_POINT('',(43.264236652715,18.363580702398,
    546.35188887126));
#2627 = CARTESIAN_POINT('',(43.359825420799,18.136718896467,
    546.66342297919));
#2628 = CARTESIAN_POINT('',(43.403084961012,18.033061988085,
    546.82412349918));
#2629 = CARTESIAN_POINT('',(43.441876768197,17.939331386853,
    546.98980276482));
#2630 = CARTESIAN_POINT('',(43.476106229616,17.856049995921,
    547.15987826039));
#2631 = CARTESIAN_POINT('',(43.505695183661,17.783667776198,
    547.33374804411));
#2632 = CARTESIAN_POINT('',(43.556224624139,17.659556168286,
    547.69333289287));
#2633 = CARTESIAN_POINT('',(43.576866604553,17.608541132145,
    547.87923950553));
#2634 = CARTESIAN_POINT('',(43.592406643577,17.569970141061,
    548.06769512095));
#2635 = CARTESIAN_POINT('',(43.602786770902,17.544149050248,
    548.25787023222));
#2636 = CARTESIAN_POINT('',(43.607978718656,17.531234756094,
    548.44892292158));
#2637 = CARTESIAN_POINT('',(43.607978718656,17.531234756094,
    548.82933096448));
#2638 = CARTESIAN_POINT('',(43.602881237809,17.543914089109,
    549.01863822109));
#2639 = CARTESIAN_POINT('',(43.59268988309,17.569265561403,
    549.20709163481));
#2640 = CARTESIAN_POINT('',(43.577431969398,17.607137828562,
    549.39387179811));
#2641 = CARTESIAN_POINT('',(43.557163448,17.657235816353,549.57817116441
    ));
#2642 = CARTESIAN_POINT('',(43.507481990299,17.77929220388,
    549.93520471821));
#2643 = CARTESIAN_POINT('',(43.47833926252,17.850603515084,
    550.10810913499));
#2644 = CARTESIAN_POINT('',(43.444613950017,17.932688722491,
    550.27729771933));
#2645 = CARTESIAN_POINT('',(43.406382424981,18.025108834108,
    550.44217823239));
#2646 = CARTESIAN_POINT('',(43.363737200493,18.127353056461,
    550.60217738849));
#2647 = CARTESIAN_POINT('',(43.267418083618,18.356108587193,
    550.91932191631));
#2648 = CARTESIAN_POINT('',(43.213281470562,18.483616500754,
    551.07590716704));
#2649 = CARTESIAN_POINT('',(43.154483772204,18.620774957829,
    551.22596870437));
#2650 = CARTESIAN_POINT('',(43.091127832823,18.766965394291,
    551.36898779536));
#2651 = CARTESIAN_POINT('',(43.02332923425,18.921540009057,
    551.50445517097));
#2652 = CARTESIAN_POINT('',(42.882368024805,19.238795974916,
    551.7535475856));
#2653 = CARTESIAN_POINT('',(42.809572229839,19.400826368252,
    551.86790347775));
#2654 = CARTESIAN_POINT('',(42.732941720315,19.569357185319,
    551.97451973656));
#2655 = CARTESIAN_POINT('',(42.652593959167,19.743815865588,
    552.07297729278));
#2656 = CARTESIAN_POINT('',(42.568665329339,19.923614515041,
    552.16285637165));
#2657 = CARTESIAN_POINT('',(42.393165923766,20.294381875102,
    552.3253588809));
#2658 = CARTESIAN_POINT('',(42.301512802202,20.485478665054,
    552.39783381714));
#2659 = CARTESIAN_POINT('',(42.206563949657,20.680732643738,
    552.46068071034));
#2660 = CARTESIAN_POINT('',(42.108558529441,20.87941343406,
    552.51344953383));
#2661 = CARTESIAN_POINT('',(42.007774469653,21.080769858464,
    552.55572002969));
#2662 = CARTESIAN_POINT('',(41.8054585651,21.479094483587,
    552.61721690178));
#2663 = CARTESIAN_POINT('',(41.704105388836,21.675942613111,
    552.63730843685));
#2664 = CARTESIAN_POINT('',(41.600863510985,21.873688753473,
    552.64699487959));
#2665 = CARTESIAN_POINT('',(41.49615799261,22.071452530168,
    552.64599220314));
#2666 = CARTESIAN_POINT('',(41.39045100478,22.268362005152,
    552.63411324567));
#2667 = CARTESIAN_POINT('',(41.104119290666,22.794591607927,
    552.57252266164));
#2668 = CARTESIAN_POINT('',(40.922570999651,23.120660064277,
    552.50223970065));
#2669 = CARTESIAN_POINT('',(40.742537757683,23.436632851267,
    552.40010678235));
#2670 = CARTESIAN_POINT('',(40.567142635425,23.737840589485,
    552.26719966713));
#2671 = CARTESIAN_POINT('',(40.399465571408,24.020322728964,
    552.10588910622));
#2672 = CARTESIAN_POINT('',(40.139675254506,24.450885845772,
    551.79851317602));
#2673 = CARTESIAN_POINT('',(40.041613386639,24.61146378408,
    551.66675348236));
#2674 = CARTESIAN_POINT('',(39.948564260954,24.762165189304,
    551.52532630694));
#2675 = CARTESIAN_POINT('',(39.861064467331,24.902496965008,
    551.37517219785));
#2676 = CARTESIAN_POINT('',(39.779573811655,25.032083641782,
    551.21732831277));
#2677 = CARTESIAN_POINT('',(39.542715003557,25.406004185911,
    550.69892995346));
#2678 = CARTESIAN_POINT('',(39.410787214301,25.609914823293,
    550.31509727944));
#2679 = CARTESIAN_POINT('',(39.310696740947,25.762419099548,
    549.90976203903));
#2680 = CARTESIAN_POINT('',(39.243711716704,25.863773148843,
    549.49056865494));
#2681 = CARTESIAN_POINT('',(39.210329521102,25.914282912066,
    549.06491134902));
#2682 = CARTESIAN_POINT('',(39.210329521102,25.914282912066,548.64));
#2683 = PCURVE('',#513,#2684);
#2684 = DEFINITIONAL_REPRESENTATION('',(#2685),#2778);
#2685 = B_SPLINE_CURVE_WITH_KNOTS('',6,(#2686,#2687,#2688,#2689,#2690,
    #2691,#2692,#2693,#2694,#2695,#2696,#2697,#2698,#2699,#2700,#2701,
    #2702,#2703,#2704,#2705,#2706,#2707,#2708,#2709,#2710,#2711,#2712,
    #2713,#2714,#2715,#2716,#2717,#2718,#2719,#2720,#2721,#2722,#2723,
    #2724,#2725,#2726,#2727,#2728,#2729,#2730,#2731,#2732,#2733,#2734,
    #2735,#2736,#2737,#2738,#2739,#2740,#2741,#2742,#2743,#2744,#2745,
    #2746,#2747,#2748,#2749,#2750,#2751,#2752,#2753,#2754,#2755,#2756,
    #2757,#2758,#2759,#2760,#2761,#2762,#2763,#2764,#2765,#2766,#2767,
    #2768,#2769,#2770,#2771,#2772,#2773,#2774,#2775,#2776,#2777),
  .UNSPECIFIED.,.F.,.F.,(7,5,5,5,5,5,5,5,5,5,5,5,5,5,5,5,5,5,7),(0.,
    0.105214213684,0.153069926219,0.191948284312,0.241794057871,
    0.298526696021,0.362231842049,0.407898555675,0.453210227853,
    0.499929151676,0.546221145359,0.591230821334,0.638574975642,
    0.683786703542,0.729413824247,0.773200628819,0.84746032855,
    0.895835558736,1.),.UNSPECIFIED.);
#2686 = CARTESIAN_POINT('',(0.,-85.34886227247));
#2687 = CARTESIAN_POINT('',(0.107351616108,-85.34886227247));
#2688 = CARTESIAN_POINT('',(0.214901131638,-85.32123525557));
#2689 = CARTESIAN_POINT('',(0.32300792888,-85.26578921212));
#2690 = CARTESIAN_POINT('',(0.432034566048,-85.18199169836));
#2691 = CARTESIAN_POINT('',(0.542385987097,-85.06895913453));
#2692 = CARTESIAN_POINT('',(0.705656520871,-84.86045116602));
#2693 = CARTESIAN_POINT('',(0.757048445995,-84.78904913778));
#2694 = CARTESIAN_POINT('',(0.808741257455,-84.7114780359));
#2695 = CARTESIAN_POINT('',(0.860702509705,-84.62783551194));
#2696 = CARTESIAN_POINT('',(0.912907568453,-84.53828122078));
#2697 = CARTESIAN_POINT('',(1.007925020124,-84.36567668136));
#2698 = CARTESIAN_POINT('',(1.050651627877,-84.28457725059));
#2699 = CARTESIAN_POINT('',(1.093468307465,-84.19993613494));
#2700 = CARTESIAN_POINT('',(1.136336180962,-84.11198088521));
#2701 = CARTESIAN_POINT('',(1.179218313827,-84.02098271225));
#2702 = CARTESIAN_POINT('',(1.277022205668,-83.80710019304));
#2703 = CARTESIAN_POINT('',(1.331899886848,-83.68252383822));
#2704 = CARTESIAN_POINT('',(1.386640408328,-83.55417939282));
#2705 = CARTESIAN_POINT('',(1.441177983548,-83.42282015047));
#2706 = CARTESIAN_POINT('',(1.49544295603,-83.28928966513));
#2707 = CARTESIAN_POINT('',(1.610717247145,-83.00110110101));
#2708 = CARTESIAN_POINT('',(1.671606711172,-82.8461125238));
#2709 = CARTESIAN_POINT('',(1.73204032902,-82.69055838845));
#2710 = CARTESIAN_POINT('',(1.79202549004,-82.53551810682));
#2711 = CARTESIAN_POINT('',(1.851559788085,-82.38210111262));
#2712 = CARTESIAN_POINT('',(1.976960134922,-82.06220970588));
#2713 = CARTESIAN_POINT('',(2.042741761853,-81.89635388647));
#2714 = CARTESIAN_POINT('',(2.108080274171,-81.73509910514));
#2715 = CARTESIAN_POINT('',(2.173070237695,-81.57970229324));
#2716 = CARTESIAN_POINT('',(2.237801813891,-81.43140674838));
#2717 = CARTESIAN_POINT('',(2.348650442602,-81.19107632392));
#2718 = CARTESIAN_POINT('',(2.394860021535,-81.09497537515));
#2719 = CARTESIAN_POINT('',(2.441023429806,-81.00358358122));
#2720 = CARTESIAN_POINT('',(2.487169096899,-80.91735216329));
#2721 = CARTESIAN_POINT('',(2.533326834669,-80.8367159083));
#2722 = CARTESIAN_POINT('',(2.625370683594,-80.68804220525));
#2723 = CARTESIAN_POINT('',(2.671261850892,-80.61990245942));
#2724 = CARTESIAN_POINT('',(2.71720294794,-80.55812528124));
#2725 = CARTESIAN_POINT('',(2.763200026442,-80.50311621174));
#2726 = CARTESIAN_POINT('',(2.809262174425,-80.4552258477));
#2727 = CARTESIAN_POINT('',(2.902969898584,-80.37300676258));
#2728 = CARTESIAN_POINT('',(2.950617978254,-80.33914743552));
#2729 = CARTESIAN_POINT('',(2.998320252496,-80.3135139969));
#2730 = CARTESIAN_POINT('',(3.046060188657,-80.29634233996));
#2731 = CARTESIAN_POINT('',(3.093823383986,-80.28775420703));
#2732 = CARTESIAN_POINT('',(3.188925394711,-80.28775420703));
#2733 = CARTESIAN_POINT('',(3.236252230445,-80.2961860911));
#2734 = CARTESIAN_POINT('',(3.283556415272,-80.31304543277));
#2735 = CARTESIAN_POINT('',(3.330823848317,-80.33821482139));
#2736 = CARTESIAN_POINT('',(3.378038390401,-80.37146669079));
#2737 = CARTESIAN_POINT('',(3.471010197231,-80.45232989423));
#2738 = CARTESIAN_POINT('',(3.516769335504,-80.49951593742));
#2739 = CARTESIAN_POINT('',(3.562464250931,-80.55374115606));
#2740 = CARTESIAN_POINT('',(3.608103531586,-80.61466355802));
#2741 = CARTESIAN_POINT('',(3.653692799716,-80.68188703973));
#2742 = CARTESIAN_POINT('',(3.7471348109,-80.83183558216));
#2743 = CARTESIAN_POINT('',(3.79498767292,-80.91519236796));
#2744 = CARTESIAN_POINT('',(3.842826862402,-81.00457622695));
#2745 = CARTESIAN_POINT('',(3.890685624913,-81.09950288903));
#2746 = CARTESIAN_POINT('',(3.938595615824,-81.19946913291));
#2747 = CARTESIAN_POINT('',(4.032417838174,-81.40374025412));
#2748 = CARTESIAN_POINT('',(4.078331060499,-81.50766479345));
#2749 = CARTESIAN_POINT('',(4.124362058984,-81.61530150759));
#2750 = CARTESIAN_POINT('',(4.170545128897,-81.72621327604));
#2751 = CARTESIAN_POINT('',(4.21691531306,-81.83995915912));
#2752 = CARTESIAN_POINT('',(4.310532219648,-82.07330340904));
#2753 = CARTESIAN_POINT('',(4.357793308989,-82.19297152294));
#2754 = CARTESIAN_POINT('',(4.405308097104,-82.3145920024));
#2755 = CARTESIAN_POINT('',(4.453095346342,-82.43765190395));
#2756 = CARTESIAN_POINT('',(4.501176831201,-82.56163965281));
#2757 = CARTESIAN_POINT('',(4.596024415348,-82.80544094484));
#2758 = CARTESIAN_POINT('',(4.642772606583,-82.92523983756));
#2759 = CARTESIAN_POINT('',(4.689793831503,-83.04487207969));
#2760 = CARTESIAN_POINT('',(4.737069066081,-83.16378777507));
#2761 = CARTESIAN_POINT('',(4.784583117469,-83.28146288874));
#2762 = CARTESIAN_POINT('',(4.913278888699,-83.59402523591));
#2763 = CARTESIAN_POINT('',(4.994870814245,-83.78563465697));
#2764 = CARTESIAN_POINT('',(5.076792591655,-83.96925849642));
#2765 = CARTESIAN_POINT('',(5.158788586136,-84.14241448841));
#2766 = CARTESIAN_POINT('',(5.240592730516,-84.3032126653));
#2767 = CARTESIAN_POINT('',(5.37483007101,-84.54619610394));
#2768 = CARTESIAN_POINT('',(5.427552758669,-84.63622974387));
#2769 = CARTESIAN_POINT('',(5.480023884876,-84.72021642634));
#2770 = CARTESIAN_POINT('',(5.532219159372,-84.79799741224));
#2771 = CARTESIAN_POINT('',(5.584106155242,-84.86947743849));
#2772 = CARTESIAN_POINT('',(5.746600059675,-85.07487272465));
#2773 = CARTESIAN_POINT('',(5.855739342728,-85.18550062209));
#2774 = CARTESIAN_POINT('',(5.963588437868,-85.26752796284));
#2775 = CARTESIAN_POINT('',(6.070542793167,-85.32181063219));
#2776 = CARTESIAN_POINT('',(6.176957469923,-85.34886227247));
#2777 = CARTESIAN_POINT('',(6.28318530718,-85.34886227247));
#2778 = ( GEOMETRIC_REPRESENTATION_CONTEXT(2) 
PARAMETRIC_REPRESENTATION_CONTEXT() REPRESENTATION_CONTEXT('2D SPACE',''
  ) );
#2779 = PCURVE('',#1988,#2780);
#2780 = DEFINITIONAL_REPRESENTATION('',(#2781),#2874);
#2781 = B_SPLINE_CURVE_WITH_KNOTS('',6,(#2782,#2783,#2784,#2785,#2786,
    #2787,#2788,#2789,#2790,#2791,#2792,#2793,#2794,#2795,#2796,#2797,
    #2798,#2799,#2800,#2801,#2802,#2803,#2804,#2805,#2806,#2807,#2808,
    #2809,#2810,#2811,#2812,#2813,#2814,#2815,#2816,#2817,#2818,#2819,
    #2820,#2821,#2822,#2823,#2824,#2825,#2826,#2827,#2828,#2829,#2830,
    #2831,#2832,#2833,#2834,#2835,#2836,#2837,#2838,#2839,#2840,#2841,
    #2842,#2843,#2844,#2845,#2846,#2847,#2848,#2849,#2850,#2851,#2852,
    #2853,#2854,#2855,#2856,#2857,#2858,#2859,#2860,#2861,#2862,#2863,
    #2864,#2865,#2866,#2867,#2868,#2869,#2870,#2871,#2872,#2873),
  .UNSPECIFIED.,.T.,.F.,(7,5,5,5,5,5,5,5,5,5,5,5,5,5,5,5,5,5,7),(0.,
    0.105214213684,0.153069926219,0.191948284312,0.241794057871,
    0.298526696021,0.362231842049,0.407898555675,0.453210227853,
    0.499929151676,0.546221145359,0.591230821334,0.638574975642,
    0.683786703542,0.729413824247,0.773200628819,0.84746032855,
    0.895835558736,1.),.UNSPECIFIED.);
#2782 = CARTESIAN_POINT('',(0.584002789587,548.64));
#2783 = CARTESIAN_POINT('',(0.584002789587,548.21059353556));
#2784 = CARTESIAN_POINT('',(0.5826872154,547.78039697662));
#2785 = CARTESIAN_POINT('',(0.580046937292,547.35687016482));
#2786 = CARTESIAN_POINT('',(0.576082543329,546.94766881656));
#2787 = CARTESIAN_POINT('',(0.5708052762,546.56070260522));
#2788 = CARTESIAN_POINT('',(0.561252461645,546.04262273038));
#2789 = CARTESIAN_POINT('',(0.558001585117,545.88716395098));
#2790 = CARTESIAN_POINT('',(0.554495198764,545.73931862791));
#2791 = CARTESIAN_POINT('',(0.55074508669,545.60009250092));
#2792 = CARTESIAN_POINT('',(0.546765867115,545.47039623158));
#2793 = CARTESIAN_POINT('',(0.539169982983,545.2540823272));
#2794 = CARTESIAN_POINT('',(0.535626191362,545.16397186358));
#2795 = CARTESIAN_POINT('',(0.531955512416,545.08121707621));
#2796 = CARTESIAN_POINT('',(0.528171376251,545.00623070144));
#2797 = CARTESIAN_POINT('',(0.52428850014,544.93933424248));
#2798 = CARTESIAN_POINT('',(0.515238419085,544.80565743511));
#2799 = CARTESIAN_POINT('',(0.510020494366,544.74427124945));
#2800 = CARTESIAN_POINT('',(0.504701511494,544.69703578991));
#2801 = CARTESIAN_POINT('',(0.499316154148,544.66414470674));
#2802 = CARTESIAN_POINT('',(0.493900381714,544.64554270036));
#2803 = CARTESIAN_POINT('',(0.482333160863,544.63565725245));
#2804 = CARTESIAN_POINT('',(0.476185044265,544.64850459121));
#2805 = CARTESIAN_POINT('',(0.470086210536,544.67897443795));
#2806 = CARTESIAN_POINT('',(0.464075904426,544.72641227388));
#2807 = CARTESIAN_POINT('',(0.458191859141,544.789999944));
#2808 = CARTESIAN_POINT('',(0.446044078673,544.95719890373));
#2809 = CARTESIAN_POINT('',(0.439818998387,545.06481741159));
#2810 = CARTESIAN_POINT('',(0.433832841998,545.19043894624));
#2811 = CARTESIAN_POINT('',(0.428121951061,545.33288401662));
#2812 = CARTESIAN_POINT('',(0.422720776852,545.490967468));
#2813 = CARTESIAN_POINT('',(0.41403585859,545.78717244261));
#2814 = CARTESIAN_POINT('',(0.410584683239,545.91830308523));
#2815 = CARTESIAN_POINT('',(0.407321338982,546.05643889034));
#2816 = CARTESIAN_POINT('',(0.404257973957,546.20112263156));
#2817 = CARTESIAN_POINT('',(0.401406184143,546.35188887126));
#2818 = CARTESIAN_POINT('',(0.396168359374,546.66342297919));
#2819 = CARTESIAN_POINT('',(0.393778552043,546.82412349918));
#2820 = CARTESIAN_POINT('',(0.391620249517,546.98980276482));
#2821 = CARTESIAN_POINT('',(0.389704481625,547.15987826039));
#2822 = CARTESIAN_POINT('',(0.388040728046,547.33374804411));
#2823 = CARTESIAN_POINT('',(0.385189591529,547.69333289287));
#2824 = CARTESIAN_POINT('',(0.384018680297,547.87923950553));
#2825 = CARTESIAN_POINT('',(0.383133918987,548.06769512095));
#2826 = CARTESIAN_POINT('',(0.382541803474,548.25787023222));
#2827 = CARTESIAN_POINT('',(0.382245657196,548.44892292158));
#2828 = CARTESIAN_POINT('',(0.382245657196,548.82933096448));
#2829 = CARTESIAN_POINT('',(0.382536415388,549.01863822109));
#2830 = CARTESIAN_POINT('',(0.383117761961,549.20709163481));
#2831 = CARTESIAN_POINT('',(0.383986490733,549.39387179811));
#2832 = CARTESIAN_POINT('',(0.38513633457,549.57817116441));
#2833 = CARTESIAN_POINT('',(0.387940167632,549.93520471821));
#2834 = CARTESIAN_POINT('',(0.389579237676,550.10810913499));
#2835 = CARTESIAN_POINT('',(0.391467388134,550.27729771933));
#2836 = CARTESIAN_POINT('',(0.393595369041,550.44217823239));
#2837 = CARTESIAN_POINT('',(0.395952404499,550.60217738849));
#2838 = CARTESIAN_POINT('',(0.401233393795,550.91932191631));
#2839 = CARTESIAN_POINT('',(0.404180710936,551.07590716704));
#2840 = CARTESIAN_POINT('',(0.407355787594,551.22596870437));
#2841 = CARTESIAN_POINT('',(0.410745714074,551.36898779536));
#2842 = CARTESIAN_POINT('',(0.414336943136,551.50445517097));
#2843 = CARTESIAN_POINT('',(0.421723367326,551.7535475856));
#2844 = CARTESIAN_POINT('',(0.425502736414,551.86790347775));
#2845 = CARTESIAN_POINT('',(0.429441710454,551.97451973656));
#2846 = CARTESIAN_POINT('',(0.433528268413,552.07297729278));
#2847 = CARTESIAN_POINT('',(0.437749967132,552.16285637165));
#2848 = CARTESIAN_POINT('',(0.446477741768,552.3253588809));
#2849 = CARTESIAN_POINT('',(0.450987030399,552.39783381714));
#2850 = CARTESIAN_POINT('',(0.455606417181,552.46068071034));
#2851 = CARTESIAN_POINT('',(0.460319876581,552.51344953383));
#2852 = CARTESIAN_POINT('',(0.465110658719,552.55572002969));
#2853 = CARTESIAN_POINT('',(0.474616184314,552.61721690178));
#2854 = CARTESIAN_POINT('',(0.47932692833,552.63730843685));
#2855 = CARTESIAN_POINT('',(0.484073086761,552.64699487959));
#2856 = CARTESIAN_POINT('',(0.488834067515,552.64599220314));
#2857 = CARTESIAN_POINT('',(0.493589075735,552.63411324567));
#2858 = CARTESIAN_POINT('',(0.506335575895,552.57252266164));
#2859 = CARTESIAN_POINT('',(0.514275689332,552.50223970065));
#2860 = CARTESIAN_POINT('',(0.522012641455,552.40010678235));
#2861 = CARTESIAN_POINT('',(0.529428259847,552.26719966713));
#2862 = CARTESIAN_POINT('',(0.536417424536,552.10588910622));
#2863 = CARTESIAN_POINT('',(0.547116730587,551.79851317602));
#2864 = CARTESIAN_POINT('',(0.551119920173,551.66675348236));
#2865 = CARTESIAN_POINT('',(0.554888222676,551.52532630694));
#2866 = CARTESIAN_POINT('',(0.558406818907,551.37517219785));
#2867 = CARTESIAN_POINT('',(0.561663819294,551.21732831277));
#2868 = CARTESIAN_POINT('',(0.571081415211,550.69892995346));
#2869 = CARTESIAN_POINT('',(0.576248564067,550.31509727944));
#2870 = CARTESIAN_POINT('',(0.580129734784,549.90976203903));
#2871 = CARTESIAN_POINT('',(0.582714614326,549.49056865494));
#2872 = CARTESIAN_POINT('',(0.584002789587,549.06491134902));
#2873 = CARTESIAN_POINT('',(0.584002789587,548.64));
#2874 = ( GEOMETRIC_REPRESENTATION_CONTEXT(2) 
PARAMETRIC_REPRESENTATION_CONTEXT() REPRESENTATION_CONTEXT('2D SPACE',''
  ) );
#2875 = ORIENTED_EDGE('',*,*,#2876,.T.);
#2876 = EDGE_CURVE('',#2587,#346,#2877,.T.);
#2877 = SEAM_CURVE('',#2878,(#2882,#2889),.PCURVE_S1.);
#2878 = LINE('',#2879,#2880);
#2879 = CARTESIAN_POINT('',(-3.464101615138,-48.,548.64));
#2880 = VECTOR('',#2881,1.);
#2881 = DIRECTION('',(0.5,0.866025403784,0.));
#2882 = PCURVE('',#513,#2883);
#2883 = DEFINITIONAL_REPRESENTATION('',(#2884),#2888);
#2884 = LINE('',#2885,#2886);
#2885 = CARTESIAN_POINT('',(6.28318530718,0.));
#2886 = VECTOR('',#2887,1.);
#2887 = DIRECTION('',(0.,-1.));
#2888 = ( GEOMETRIC_REPRESENTATION_CONTEXT(2) 
PARAMETRIC_REPRESENTATION_CONTEXT() REPRESENTATION_CONTEXT('2D SPACE',''
  ) );
#2889 = PCURVE('',#513,#2890);
#2890 = DEFINITIONAL_REPRESENTATION('',(#2891),#2895);
#2891 = LINE('',#2892,#2893);
#2892 = CARTESIAN_POINT('',(0.,0.));
#2893 = VECTOR('',#2894,1.);
#2894 = DIRECTION('',(0.,-1.));
#2895 = ( GEOMETRIC_REPRESENTATION_CONTEXT(2) 
PARAMETRIC_REPRESENTATION_CONTEXT() REPRESENTATION_CONTEXT('2D SPACE',''
  ) );
#2896 = ORIENTED_EDGE('',*,*,#345,.T.);
#2897 = ORIENTED_EDGE('',*,*,#2876,.F.);
#2898 = ADVANCED_FACE('',(#2899),#771,.F.);
#2899 = FACE_BOUND('',#2900,.F.);
#2900 = EDGE_LOOP('',(#2901,#3191,#3212,#3213));
#2901 = ORIENTED_EDGE('',*,*,#2902,.F.);
#2902 = EDGE_CURVE('',#2903,#2903,#2905,.T.);
#2903 = VERTEX_POINT('',#2904);
#2904 = CARTESIAN_POINT('',(-39.2103295211,-25.91428291206,548.64));
#2905 = SURFACE_CURVE('',#2906,(#2999,#3095),.PCURVE_S1.);
#2906 = B_SPLINE_CURVE_WITH_KNOTS('',6,(#2907,#2908,#2909,#2910,#2911,
    #2912,#2913,#2914,#2915,#2916,#2917,#2918,#2919,#2920,#2921,#2922,
    #2923,#2924,#2925,#2926,#2927,#2928,#2929,#2930,#2931,#2932,#2933,
    #2934,#2935,#2936,#2937,#2938,#2939,#2940,#2941,#2942,#2943,#2944,
    #2945,#2946,#2947,#2948,#2949,#2950,#2951,#2952,#2953,#2954,#2955,
    #2956,#2957,#2958,#2959,#2960,#2961,#2962,#2963,#2964,#2965,#2966,
    #2967,#2968,#2969,#2970,#2971,#2972,#2973,#2974,#2975,#2976,#2977,
    #2978,#2979,#2980,#2981,#2982,#2983,#2984,#2985,#2986,#2987,#2988,
    #2989,#2990,#2991,#2992,#2993,#2994,#2995,#2996,#2997,#2998),
  .UNSPECIFIED.,.T.,.F.,(7,5,5,5,5,5,5,5,5,5,5,5,5,5,5,5,5,5,7),(0.,
    0.105214212677,0.153069925177,0.19194828326,0.241794056898,
    0.298526696162,0.362231842179,0.407898555797,0.453210227966,
    0.499929151778,0.546221145451,0.591230821417,0.638574975716,
    0.683786703608,0.729413824307,0.773200628876,0.847460328601,
    0.895835558778,1.),.UNSPECIFIED.);
#2907 = CARTESIAN_POINT('',(-39.2103295211,-25.91428291206,548.64));
#2908 = CARTESIAN_POINT('',(-39.2103295211,-25.91428291206,
    548.21059353233));
#2909 = CARTESIAN_POINT('',(-39.24442174236,-25.86269882878,
    547.78039698688));
#2910 = CARTESIAN_POINT('',(-39.31284236939,-25.75917258099,
    547.35687015058));
#2911 = CARTESIAN_POINT('',(-39.41506856564,-25.60339123096,
    546.94766882643));
#2912 = CARTESIAN_POINT('',(-39.54976399218,-25.39510602336,
    546.56070260229));
#2913 = CARTESIAN_POINT('',(-39.78986758072,-25.01571788971,
    546.04262273029));
#2914 = CARTESIAN_POINT('',(-39.87115101535,-24.88634091645,
    545.88716395101));
#2915 = CARTESIAN_POINT('',(-39.95828943896,-24.74646013107,
    545.73931862799));
#2916 = CARTESIAN_POINT('',(-40.05083014516,-24.59644966196,
    545.60009250093));
#2917 = CARTESIAN_POINT('',(-40.1482467193,-24.43679778835,
    545.47039623152));
#2918 = CARTESIAN_POINT('',(-40.33258445868,-24.13106379037,
    545.2540823272));
#2919 = CARTESIAN_POINT('',(-40.41802564358,-23.98808874289,
    545.16397186358));
#2920 = CARTESIAN_POINT('',(-40.50589877914,-23.83962002261,
    545.08121707621));
#2921 = CARTESIAN_POINT('',(-40.59579725272,-23.68615514047,
    545.00623070144));
#2922 = CARTESIAN_POINT('',(-40.68729619429,-23.52825256261,
    544.93933424248));
#2923 = CARTESIAN_POINT('',(-40.89876520247,-23.15919061348,
    544.80565743497));
#2924 = CARTESIAN_POINT('',(-41.01942519684,-22.94567914996,
    544.74427124958));
#2925 = CARTESIAN_POINT('',(-41.14105052392,-22.72725933398,
    544.69703578997));
#2926 = CARTESIAN_POINT('',(-41.26274979908,-22.50531563642,
    544.66414470664));
#2927 = CARTESIAN_POINT('',(-41.3836617143,-22.28131938703,
    544.64554270037));
#2928 = CARTESIAN_POINT('',(-41.63879751262,-21.80124517124,
    544.63565725234));
#2929 = CARTESIAN_POINT('',(-41.77251733368,-21.54507661218,
    544.64850459021));
#2930 = CARTESIAN_POINT('',(-41.90326219165,-21.28997258379,
    544.67897443873));
#2931 = CARTESIAN_POINT('',(-42.0302527684,-21.03762943778,
    544.72641227524));
#2932 = CARTESIAN_POINT('',(-42.15281780182,-20.78971580602,
    544.78999994243));
#2933 = CARTESIAN_POINT('',(-42.40242837865,-20.27622428927,
    544.95719890373));
#2934 = CARTESIAN_POINT('',(-42.52824610847,-20.01206958512,
    545.06481741159));
#2935 = CARTESIAN_POINT('',(-42.64729500533,-19.75713568965,
    545.19043894624));
#2936 = CARTESIAN_POINT('',(-42.75913863613,-19.51312595693,
    545.33288401662));
#2937 = CARTESIAN_POINT('',(-42.86342768988,-19.2816776982,545.490967468
    ));
#2938 = CARTESIAN_POINT('',(-43.02900008736,-18.90857475942,
    545.78717244261));
#2939 = CARTESIAN_POINT('',(-43.09411663758,-18.76001188434,
    545.91830308523));
#2940 = CARTESIAN_POINT('',(-43.15509550861,-18.61927556308,
    546.05643889034));
#2941 = CARTESIAN_POINT('',(-43.21183305882,-18.48694665848,
    546.20112263156));
#2942 = CARTESIAN_POINT('',(-43.26423665271,-18.36358070239,
    546.35188887126));
#2943 = CARTESIAN_POINT('',(-43.35982542079,-18.13671889646,
    546.66342297919));
#2944 = CARTESIAN_POINT('',(-43.40308496101,-18.03306198808,
    546.82412349918));
#2945 = CARTESIAN_POINT('',(-43.44187676819,-17.93933138685,
    546.98980276483));
#2946 = CARTESIAN_POINT('',(-43.47610622961,-17.85604999592,
    547.15987826039));
#2947 = CARTESIAN_POINT('',(-43.50569518366,-17.78366777619,
    547.3337480441));
#2948 = CARTESIAN_POINT('',(-43.55622462413,-17.65955616828,
    547.69333289287));
#2949 = CARTESIAN_POINT('',(-43.57686660455,-17.60854113214,
    547.87923950553));
#2950 = CARTESIAN_POINT('',(-43.59240664357,-17.56997014106,
    548.06769512095));
#2951 = CARTESIAN_POINT('',(-43.6027867709,-17.54414905024,
    548.25787023222));
#2952 = CARTESIAN_POINT('',(-43.60797871865,-17.53123475609,
    548.44892292158));
#2953 = CARTESIAN_POINT('',(-43.60797871865,-17.53123475609,
    548.82933096448));
#2954 = CARTESIAN_POINT('',(-43.6028812378,-17.5439140891,
    549.01863822109));
#2955 = CARTESIAN_POINT('',(-43.59268988309,-17.5692655614,
    549.20709163481));
#2956 = CARTESIAN_POINT('',(-43.57743196939,-17.60713782856,
    549.39387179811));
#2957 = CARTESIAN_POINT('',(-43.557163448,-17.65723581635,
    549.57817116441));
#2958 = CARTESIAN_POINT('',(-43.50748199029,-17.77929220388,
    549.93520471822));
#2959 = CARTESIAN_POINT('',(-43.47833926252,-17.85060351508,
    550.10810913499));
#2960 = CARTESIAN_POINT('',(-43.44461395001,-17.93268872249,
    550.27729771933));
#2961 = CARTESIAN_POINT('',(-43.40638242498,-18.0251088341,
    550.44217823239));
#2962 = CARTESIAN_POINT('',(-43.36373720049,-18.12735305646,
    550.60217738849));
#2963 = CARTESIAN_POINT('',(-43.26741808361,-18.35610858719,
    550.91932191631));
#2964 = CARTESIAN_POINT('',(-43.21328147056,-18.48361650075,
    551.07590716704));
#2965 = CARTESIAN_POINT('',(-43.1544837722,-18.62077495782,
    551.22596870437));
#2966 = CARTESIAN_POINT('',(-43.09112783282,-18.76696539429,
    551.36898779536));
#2967 = CARTESIAN_POINT('',(-43.02332923425,-18.92154000905,
    551.50445517097));
#2968 = CARTESIAN_POINT('',(-42.8823680248,-19.23879597491,
    551.7535475856));
#2969 = CARTESIAN_POINT('',(-42.80957222983,-19.40082636825,
    551.86790347775));
#2970 = CARTESIAN_POINT('',(-42.73294172031,-19.56935718531,
    551.97451973656));
#2971 = CARTESIAN_POINT('',(-42.65259395916,-19.74381586558,
    552.07297729278));
#2972 = CARTESIAN_POINT('',(-42.56866532933,-19.92361451504,
    552.16285637165));
#2973 = CARTESIAN_POINT('',(-42.39316592376,-20.29438187511,
    552.3253588809));
#2974 = CARTESIAN_POINT('',(-42.3015128022,-20.48547866505,
    552.39783381714));
#2975 = CARTESIAN_POINT('',(-42.20656394966,-20.68073264372,
    552.46068071034));
#2976 = CARTESIAN_POINT('',(-42.10855852944,-20.87941343405,
    552.51344953384));
#2977 = CARTESIAN_POINT('',(-42.00777446964,-21.08076985847,
    552.55572002969));
#2978 = CARTESIAN_POINT('',(-41.8054585651,-21.47909448358,
    552.61721690178));
#2979 = CARTESIAN_POINT('',(-41.70410538883,-21.67594261311,
    552.63730843685));
#2980 = CARTESIAN_POINT('',(-41.60086351098,-21.87368875347,
    552.64699487959));
#2981 = CARTESIAN_POINT('',(-41.4961579926,-22.07145253016,
    552.64599220314));
#2982 = CARTESIAN_POINT('',(-41.39045100478,-22.26836200515,
    552.63411324567));
#2983 = CARTESIAN_POINT('',(-41.10411929066,-22.79459160792,
    552.57252266164));
#2984 = CARTESIAN_POINT('',(-40.92257099965,-23.12066006427,
    552.50223970065));
#2985 = CARTESIAN_POINT('',(-40.74253775768,-23.43663285126,
    552.40010678235));
#2986 = CARTESIAN_POINT('',(-40.56714263542,-23.73784058948,
    552.26719966713));
#2987 = CARTESIAN_POINT('',(-40.3994655714,-24.02032272896,
    552.10588910622));
#2988 = CARTESIAN_POINT('',(-40.13967525451,-24.45088584575,
    551.79851317603));
#2989 = CARTESIAN_POINT('',(-40.04161338663,-24.61146378409,
    551.66675348236));
#2990 = CARTESIAN_POINT('',(-39.94856426094,-24.76216518932,
    551.52532630692));
#2991 = CARTESIAN_POINT('',(-39.86106446733,-24.902496965,
    551.37517219784));
#2992 = CARTESIAN_POINT('',(-39.77957381166,-25.03208364176,
    551.21732831279));
#2993 = CARTESIAN_POINT('',(-39.54271500356,-25.40600418589,
    550.69892995349));
#2994 = CARTESIAN_POINT('',(-39.41078721427,-25.60991482332,
    550.3150972794));
#2995 = CARTESIAN_POINT('',(-39.31069674096,-25.76241909952,
    549.90976203901));
#2996 = CARTESIAN_POINT('',(-39.2437117167,-25.86377314884,
    549.49056865499));
#2997 = CARTESIAN_POINT('',(-39.2103295211,-25.91428291206,
    549.06491134899));
#2998 = CARTESIAN_POINT('',(-39.2103295211,-25.91428291206,548.64));
#2999 = PCURVE('',#771,#3000);
#3000 = DEFINITIONAL_REPRESENTATION('',(#3001),#3094);
#3001 = B_SPLINE_CURVE_WITH_KNOTS('',6,(#3002,#3003,#3004,#3005,#3006,
    #3007,#3008,#3009,#3010,#3011,#3012,#3013,#3014,#3015,#3016,#3017,
    #3018,#3019,#3020,#3021,#3022,#3023,#3024,#3025,#3026,#3027,#3028,
    #3029,#3030,#3031,#3032,#3033,#3034,#3035,#3036,#3037,#3038,#3039,
    #3040,#3041,#3042,#3043,#3044,#3045,#3046,#3047,#3048,#3049,#3050,
    #3051,#3052,#3053,#3054,#3055,#3056,#3057,#3058,#3059,#3060,#3061,
    #3062,#3063,#3064,#3065,#3066,#3067,#3068,#3069,#3070,#3071,#3072,
    #3073,#3074,#3075,#3076,#3077,#3078,#3079,#3080,#3081,#3082,#3083,
    #3084,#3085,#3086,#3087,#3088,#3089,#3090,#3091,#3092,#3093),
  .UNSPECIFIED.,.F.,.F.,(7,5,5,5,5,5,5,5,5,5,5,5,5,5,5,5,5,5,7),(0.,
    0.105214212677,0.153069925177,0.19194828326,0.241794056898,
    0.298526696162,0.362231842179,0.407898555797,0.453210227966,
    0.499929151778,0.546221145451,0.591230821417,0.638574975716,
    0.683786703608,0.729413824307,0.773200628876,0.847460328601,
    0.895835558778,1.),.UNSPECIFIED.);
#3002 = CARTESIAN_POINT('',(0.,-85.34886227247));
#3003 = CARTESIAN_POINT('',(0.107351616915,-85.34886227247));
#3004 = CARTESIAN_POINT('',(0.214901128933,-85.32123525655));
#3005 = CARTESIAN_POINT('',(0.323007932821,-85.26578920952));
#3006 = CARTESIAN_POINT('',(0.43203456316,-85.18199170108));
#3007 = CARTESIAN_POINT('',(0.542385988022,-85.06895913335));
#3008 = CARTESIAN_POINT('',(0.705656520901,-84.86045116598));
#3009 = CARTESIAN_POINT('',(0.757048445989,-84.78904913778));
#3010 = CARTESIAN_POINT('',(0.808741257425,-84.71147803595));
#3011 = CARTESIAN_POINT('',(0.860702509695,-84.62783551197));
#3012 = CARTESIAN_POINT('',(0.912907568479,-84.53828122073));
#3013 = CARTESIAN_POINT('',(1.007925020124,-84.36567668136));
#3014 = CARTESIAN_POINT('',(1.050651627877,-84.28457725059));
#3015 = CARTESIAN_POINT('',(1.093468307465,-84.19993613494));
#3016 = CARTESIAN_POINT('',(1.136336180962,-84.11198088521));
#3017 = CARTESIAN_POINT('',(1.179218313827,-84.02098271225));
#3018 = CARTESIAN_POINT('',(1.277022205769,-83.80710019282));
#3019 = CARTESIAN_POINT('',(1.331899886686,-83.6825238386));
#3020 = CARTESIAN_POINT('',(1.386640408327,-83.5541793928));
#3021 = CARTESIAN_POINT('',(1.44117798371,-83.42282015009));
#3022 = CARTESIAN_POINT('',(1.49544295593,-83.28928966538));
#3023 = CARTESIAN_POINT('',(1.610717248366,-83.00110109796));
#3024 = CARTESIAN_POINT('',(1.671606709237,-82.84611252869));
#3025 = CARTESIAN_POINT('',(1.732040328996,-82.69055838849));
#3026 = CARTESIAN_POINT('',(1.792025491964,-82.53551810194));
#3027 = CARTESIAN_POINT('',(1.851559786914,-82.38210111561));
#3028 = CARTESIAN_POINT('',(1.976960134922,-82.06220970588));
#3029 = CARTESIAN_POINT('',(2.042741761853,-81.89635388647));
#3030 = CARTESIAN_POINT('',(2.108080274171,-81.73509910514));
#3031 = CARTESIAN_POINT('',(2.173070237695,-81.57970229324));
#3032 = CARTESIAN_POINT('',(2.237801813891,-81.43140674838));
#3033 = CARTESIAN_POINT('',(2.348650442602,-81.19107632392));
#3034 = CARTESIAN_POINT('',(2.394860021535,-81.09497537515));
#3035 = CARTESIAN_POINT('',(2.441023429806,-81.00358358122));
#3036 = CARTESIAN_POINT('',(2.487169096899,-80.91735216329));
#3037 = CARTESIAN_POINT('',(2.533326834669,-80.8367159083));
#3038 = CARTESIAN_POINT('',(2.625370683593,-80.68804220526));
#3039 = CARTESIAN_POINT('',(2.671261850892,-80.61990245942));
#3040 = CARTESIAN_POINT('',(2.717202947941,-80.55812528124));
#3041 = CARTESIAN_POINT('',(2.763200026442,-80.50311621174));
#3042 = CARTESIAN_POINT('',(2.809262174424,-80.4552258477));
#3043 = CARTESIAN_POINT('',(2.902969898584,-80.37300676258));
#3044 = CARTESIAN_POINT('',(2.950617978254,-80.33914743552));
#3045 = CARTESIAN_POINT('',(2.998320252496,-80.3135139969));
#3046 = CARTESIAN_POINT('',(3.046060188657,-80.29634233996));
#3047 = CARTESIAN_POINT('',(3.093823383986,-80.28775420703));
#3048 = CARTESIAN_POINT('',(3.188925394711,-80.28775420703));
#3049 = CARTESIAN_POINT('',(3.236252230445,-80.2961860911));
#3050 = CARTESIAN_POINT('',(3.283556415272,-80.31304543277));
#3051 = CARTESIAN_POINT('',(3.330823848317,-80.33821482139));
#3052 = CARTESIAN_POINT('',(3.378038390401,-80.37146669079));
#3053 = CARTESIAN_POINT('',(3.471010197232,-80.45232989423));
#3054 = CARTESIAN_POINT('',(3.516769335504,-80.49951593742));
#3055 = CARTESIAN_POINT('',(3.56246425093,-80.55374115606));
#3056 = CARTESIAN_POINT('',(3.608103531586,-80.61466355802));
#3057 = CARTESIAN_POINT('',(3.653692799716,-80.68188703973));
#3058 = CARTESIAN_POINT('',(3.7471348109,-80.83183558216));
#3059 = CARTESIAN_POINT('',(3.79498767292,-80.91519236796));
#3060 = CARTESIAN_POINT('',(3.842826862402,-81.00457622695));
#3061 = CARTESIAN_POINT('',(3.890685624913,-81.09950288903));
#3062 = CARTESIAN_POINT('',(3.938595615824,-81.19946913291));
#3063 = CARTESIAN_POINT('',(4.032417838174,-81.40374025412));
#3064 = CARTESIAN_POINT('',(4.078331060499,-81.50766479345));
#3065 = CARTESIAN_POINT('',(4.124362058984,-81.61530150759));
#3066 = CARTESIAN_POINT('',(4.170545128897,-81.72621327604));
#3067 = CARTESIAN_POINT('',(4.21691531306,-81.83995915912));
#3068 = CARTESIAN_POINT('',(4.310532219651,-82.07330340905));
#3069 = CARTESIAN_POINT('',(4.357793308988,-82.19297152294));
#3070 = CARTESIAN_POINT('',(4.405308097101,-82.31459200239));
#3071 = CARTESIAN_POINT('',(4.453095346341,-82.43765190395));
#3072 = CARTESIAN_POINT('',(4.501176831204,-82.56163965282));
#3073 = CARTESIAN_POINT('',(4.596024415347,-82.80544094484));
#3074 = CARTESIAN_POINT('',(4.642772606583,-82.92523983756));
#3075 = CARTESIAN_POINT('',(4.689793831503,-83.04487207969));
#3076 = CARTESIAN_POINT('',(4.737069066081,-83.16378777507));
#3077 = CARTESIAN_POINT('',(4.784583117469,-83.28146288874));
#3078 = CARTESIAN_POINT('',(4.913278888699,-83.59402523591));
#3079 = CARTESIAN_POINT('',(4.994870814246,-83.78563465697));
#3080 = CARTESIAN_POINT('',(5.076792591654,-83.96925849642));
#3081 = CARTESIAN_POINT('',(5.158788586136,-84.14241448841));
#3082 = CARTESIAN_POINT('',(5.240592730516,-84.3032126653));
#3083 = CARTESIAN_POINT('',(5.374830071004,-84.54619610393));
#3084 = CARTESIAN_POINT('',(5.427552758672,-84.63622974388));
#3085 = CARTESIAN_POINT('',(5.480023884882,-84.72021642635));
#3086 = CARTESIAN_POINT('',(5.532219159374,-84.79799741225));
#3087 = CARTESIAN_POINT('',(5.584106155235,-84.86947743848));
#3088 = CARTESIAN_POINT('',(5.746600059666,-85.07487272464));
#3089 = CARTESIAN_POINT('',(5.85573934274,-85.18550062211));
#3090 = CARTESIAN_POINT('',(5.963588437869,-85.26752796283));
#3091 = CARTESIAN_POINT('',(6.070542793154,-85.32181063219));
#3092 = CARTESIAN_POINT('',(6.17695746993,-85.34886227247));
#3093 = CARTESIAN_POINT('',(6.28318530718,-85.34886227247));
#3094 = ( GEOMETRIC_REPRESENTATION_CONTEXT(2) 
PARAMETRIC_REPRESENTATION_CONTEXT() REPRESENTATION_CONTEXT('2D SPACE',''
  ) );
#3095 = PCURVE('',#1988,#3096);
#3096 = DEFINITIONAL_REPRESENTATION('',(#3097),#3190);
#3097 = B_SPLINE_CURVE_WITH_KNOTS('',6,(#3098,#3099,#3100,#3101,#3102,
    #3103,#3104,#3105,#3106,#3107,#3108,#3109,#3110,#3111,#3112,#3113,
    #3114,#3115,#3116,#3117,#3118,#3119,#3120,#3121,#3122,#3123,#3124,
    #3125,#3126,#3127,#3128,#3129,#3130,#3131,#3132,#3133,#3134,#3135,
    #3136,#3137,#3138,#3139,#3140,#3141,#3142,#3143,#3144,#3145,#3146,
    #3147,#3148,#3149,#3150,#3151,#3152,#3153,#3154,#3155,#3156,#3157,
    #3158,#3159,#3160,#3161,#3162,#3163,#3164,#3165,#3166,#3167,#3168,
    #3169,#3170,#3171,#3172,#3173,#3174,#3175,#3176,#3177,#3178,#3179,
    #3180,#3181,#3182,#3183,#3184,#3185,#3186,#3187,#3188,#3189),
  .UNSPECIFIED.,.T.,.F.,(7,5,5,5,5,5,5,5,5,5,5,5,5,5,5,5,5,5,7),(0.,
    0.105214212677,0.153069925177,0.19194828326,0.241794056898,
    0.298526696162,0.362231842179,0.407898555797,0.453210227966,
    0.499929151778,0.546221145451,0.591230821417,0.638574975716,
    0.683786703608,0.729413824307,0.773200628876,0.847460328601,
    0.895835558778,1.),.UNSPECIFIED.);
#3098 = CARTESIAN_POINT('',(3.725595443177,548.64));
#3099 = CARTESIAN_POINT('',(3.725595443177,548.21059353233));
#3100 = CARTESIAN_POINT('',(3.724279869036,547.78039698688));
#3101 = CARTESIAN_POINT('',(3.721639590762,547.35687015058));
#3102 = CARTESIAN_POINT('',(3.717675197044,546.94766882643));
#3103 = CARTESIAN_POINT('',(3.712397929736,546.56070260229));
#3104 = CARTESIAN_POINT('',(3.702845115234,546.04262273029));
#3105 = CARTESIAN_POINT('',(3.699594238707,545.88716395101));
#3106 = CARTESIAN_POINT('',(3.696087852356,545.73931862799));
#3107 = CARTESIAN_POINT('',(3.692337740281,545.60009250093));
#3108 = CARTESIAN_POINT('',(3.688358520703,545.47039623152));
#3109 = CARTESIAN_POINT('',(3.680762636573,545.2540823272));
#3110 = CARTESIAN_POINT('',(3.677218844951,545.16397186358));
#3111 = CARTESIAN_POINT('',(3.673548166005,545.08121707621));
#3112 = CARTESIAN_POINT('',(3.669764029841,545.00623070144));
#3113 = CARTESIAN_POINT('',(3.66588115373,544.93933424248));
#3114 = CARTESIAN_POINT('',(3.656831072666,544.80565743497));
#3115 = CARTESIAN_POINT('',(3.651613147972,544.74427124958));
#3116 = CARTESIAN_POINT('',(3.646294165084,544.69703578997));
#3117 = CARTESIAN_POINT('',(3.640908807722,544.66414470664));
#3118 = CARTESIAN_POINT('',(3.635493035314,544.64554270037));
#3119 = CARTESIAN_POINT('',(3.62392581433,544.63565725234));
#3120 = CARTESIAN_POINT('',(3.617777698046,544.64850459021));
#3121 = CARTESIAN_POINT('',(3.61167886413,544.67897443873));
#3122 = CARTESIAN_POINT('',(3.605668557826,544.72641227524));
#3123 = CARTESIAN_POINT('',(3.599784512844,544.78999994243));
#3124 = CARTESIAN_POINT('',(3.587636732263,544.95719890373));
#3125 = CARTESIAN_POINT('',(3.581411651977,545.06481741159));
#3126 = CARTESIAN_POINT('',(3.575425495588,545.19043894624));
#3127 = CARTESIAN_POINT('',(3.569714604651,545.33288401662));
#3128 = CARTESIAN_POINT('',(3.564313430442,545.490967468));
#3129 = CARTESIAN_POINT('',(3.555628512179,545.78717244261));
#3130 = CARTESIAN_POINT('',(3.552177336829,545.91830308523));
#3131 = CARTESIAN_POINT('',(3.548913992572,546.05643889034));
#3132 = CARTESIAN_POINT('',(3.545850627547,546.20112263156));
#3133 = CARTESIAN_POINT('',(3.542998837733,546.35188887126));
#3134 = CARTESIAN_POINT('',(3.537761012963,546.66342297919));
#3135 = CARTESIAN_POINT('',(3.535371205632,546.82412349918));
#3136 = CARTESIAN_POINT('',(3.533212903107,546.98980276483));
#3137 = CARTESIAN_POINT('',(3.531297135215,547.15987826039));
#3138 = CARTESIAN_POINT('',(3.529633381635,547.3337480441));
#3139 = CARTESIAN_POINT('',(3.526782245119,547.69333289287));
#3140 = CARTESIAN_POINT('',(3.525611333887,547.87923950553));
#3141 = CARTESIAN_POINT('',(3.524726572577,548.06769512095));
#3142 = CARTESIAN_POINT('',(3.524134457064,548.25787023222));
#3143 = CARTESIAN_POINT('',(3.523838310786,548.44892292158));
#3144 = CARTESIAN_POINT('',(3.523838310786,548.82933096448));
#3145 = CARTESIAN_POINT('',(3.524129068977,549.01863822109));
#3146 = CARTESIAN_POINT('',(3.524710415551,549.20709163481));
#3147 = CARTESIAN_POINT('',(3.525579144323,549.39387179811));
#3148 = CARTESIAN_POINT('',(3.526728988159,549.57817116441));
#3149 = CARTESIAN_POINT('',(3.529532821222,549.93520471822));
#3150 = CARTESIAN_POINT('',(3.531171891266,550.10810913499));
#3151 = CARTESIAN_POINT('',(3.533060041724,550.27729771933));
#3152 = CARTESIAN_POINT('',(3.53518802263,550.44217823239));
#3153 = CARTESIAN_POINT('',(3.537545058089,550.60217738849));
#3154 = CARTESIAN_POINT('',(3.542826047385,550.91932191631));
#3155 = CARTESIAN_POINT('',(3.545773364526,551.07590716704));
#3156 = CARTESIAN_POINT('',(3.548948441184,551.22596870437));
#3157 = CARTESIAN_POINT('',(3.552338367664,551.36898779536));
#3158 = CARTESIAN_POINT('',(3.555929596726,551.50445517097));
#3159 = CARTESIAN_POINT('',(3.563316020916,551.7535475856));
#3160 = CARTESIAN_POINT('',(3.567095390004,551.86790347775));
#3161 = CARTESIAN_POINT('',(3.571034364044,551.97451973656));
#3162 = CARTESIAN_POINT('',(3.575120922003,552.07297729278));
#3163 = CARTESIAN_POINT('',(3.579342620722,552.16285637165));
#3164 = CARTESIAN_POINT('',(3.588070395358,552.3253588809));
#3165 = CARTESIAN_POINT('',(3.592579683988,552.39783381714));
#3166 = CARTESIAN_POINT('',(3.59719907077,552.46068071034));
#3167 = CARTESIAN_POINT('',(3.601912530171,552.51344953384));
#3168 = CARTESIAN_POINT('',(3.606703312309,552.55572002969));
#3169 = CARTESIAN_POINT('',(3.616208837904,552.61721690178));
#3170 = CARTESIAN_POINT('',(3.62091958192,552.63730843685));
#3171 = CARTESIAN_POINT('',(3.625665740351,552.64699487959));
#3172 = CARTESIAN_POINT('',(3.630426721104,552.64599220314));
#3173 = CARTESIAN_POINT('',(3.635181729325,552.63411324567));
#3174 = CARTESIAN_POINT('',(3.647928229485,552.57252266164));
#3175 = CARTESIAN_POINT('',(3.655868342921,552.50223970065));
#3176 = CARTESIAN_POINT('',(3.663605295044,552.40010678235));
#3177 = CARTESIAN_POINT('',(3.671020913436,552.26719966713));
#3178 = CARTESIAN_POINT('',(3.678010078125,552.10588910622));
#3179 = CARTESIAN_POINT('',(3.688709384176,551.79851317603));
#3180 = CARTESIAN_POINT('',(3.692712573763,551.66675348236));
#3181 = CARTESIAN_POINT('',(3.696480876266,551.52532630692));
#3182 = CARTESIAN_POINT('',(3.699999472496,551.37517219784));
#3183 = CARTESIAN_POINT('',(3.703256472884,551.21732831279));
#3184 = CARTESIAN_POINT('',(3.712674068801,550.69892995349));
#3185 = CARTESIAN_POINT('',(3.717841217658,550.3150972794));
#3186 = CARTESIAN_POINT('',(3.721722388373,549.90976203901));
#3187 = CARTESIAN_POINT('',(3.724307267916,549.49056865499));
#3188 = CARTESIAN_POINT('',(3.725595443177,549.06491134899));
#3189 = CARTESIAN_POINT('',(3.725595443177,548.64));
#3190 = ( GEOMETRIC_REPRESENTATION_CONTEXT(2) 
PARAMETRIC_REPRESENTATION_CONTEXT() REPRESENTATION_CONTEXT('2D SPACE',''
  ) );
#3191 = ORIENTED_EDGE('',*,*,#3192,.T.);
#3192 = EDGE_CURVE('',#2903,#604,#3193,.T.);
#3193 = SEAM_CURVE('',#3194,(#3198,#3205),.PCURVE_S1.);
#3194 = LINE('',#3195,#3196);
#3195 = CARTESIAN_POINT('',(3.464101615138,48.,548.64));
#3196 = VECTOR('',#3197,1.);
#3197 = DIRECTION('',(-0.5,-0.866025403784,-0.));
#3198 = PCURVE('',#771,#3199);
#3199 = DEFINITIONAL_REPRESENTATION('',(#3200),#3204);
#3200 = LINE('',#3201,#3202);
#3201 = CARTESIAN_POINT('',(6.28318530718,0.));
#3202 = VECTOR('',#3203,1.);
#3203 = DIRECTION('',(0.,-1.));
#3204 = ( GEOMETRIC_REPRESENTATION_CONTEXT(2) 
PARAMETRIC_REPRESENTATION_CONTEXT() REPRESENTATION_CONTEXT('2D SPACE',''
  ) );
#3205 = PCURVE('',#771,#3206);
#3206 = DEFINITIONAL_REPRESENTATION('',(#3207),#3211);
#3207 = LINE('',#3208,#3209);
#3208 = CARTESIAN_POINT('',(0.,0.));
#3209 = VECTOR('',#3210,1.);
#3210 = DIRECTION('',(0.,-1.));
#3211 = ( GEOMETRIC_REPRESENTATION_CONTEXT(2) 
PARAMETRIC_REPRESENTATION_CONTEXT() REPRESENTATION_CONTEXT('2D SPACE',''
  ) );
#3212 = ORIENTED_EDGE('',*,*,#603,.T.);
#3213 = ORIENTED_EDGE('',*,*,#3192,.F.);
#3214 = ADVANCED_FACE('',(#3215),#947,.F.);
#3215 = FACE_BOUND('',#3216,.F.);
#3216 = EDGE_LOOP('',(#3217,#3241,#3264,#3552,#3553,#3575));
#3217 = ORIENTED_EDGE('',*,*,#3218,.F.);
#3218 = EDGE_CURVE('',#3219,#862,#3221,.T.);
#3219 = VERTEX_POINT('',#3220);
#3220 = CARTESIAN_POINT('',(3.464101615138,48.,548.64));
#3221 = SURFACE_CURVE('',#3222,(#3227,#3234),.PCURVE_S1.);
#3222 = CIRCLE('',#3223,4.);
#3223 = AXIS2_PLACEMENT_3D('',#3224,#3225,#3226);
#3224 = CARTESIAN_POINT('',(3.061616997868E-15,50.,548.64));
#3225 = DIRECTION('',(0.5,0.866025403784,0.));
#3226 = DIRECTION('',(0.866025403784,-0.5,0.));
#3227 = PCURVE('',#947,#3228);
#3228 = DEFINITIONAL_REPRESENTATION('',(#3229),#3233);
#3229 = LINE('',#3230,#3231);
#3230 = CARTESIAN_POINT('',(0.,0.));
#3231 = VECTOR('',#3232,1.);
#3232 = DIRECTION('',(1.,0.));
#3233 = ( GEOMETRIC_REPRESENTATION_CONTEXT(2) 
PARAMETRIC_REPRESENTATION_CONTEXT() REPRESENTATION_CONTEXT('2D SPACE',''
  ) );
#3234 = PCURVE('',#1006,#3235);
#3235 = DEFINITIONAL_REPRESENTATION('',(#3236),#3240);
#3236 = CIRCLE('',#3237,4.);
#3237 = AXIS2_PLACEMENT_2D('',#3238,#3239);
#3238 = CARTESIAN_POINT('',(2.563950248511E-16,-3.49503809816E-16));
#3239 = DIRECTION('',(1.,0.));
#3240 = ( GEOMETRIC_REPRESENTATION_CONTEXT(2) 
PARAMETRIC_REPRESENTATION_CONTEXT() REPRESENTATION_CONTEXT('2D SPACE',''
  ) );
#3241 = ORIENTED_EDGE('',*,*,#3242,.T.);
#3242 = EDGE_CURVE('',#3219,#3243,#3245,.T.);
#3243 = VERTEX_POINT('',#3244);
#3244 = CARTESIAN_POINT('',(2.837262562155,46.914282912066,548.64));
#3245 = SEAM_CURVE('',#3246,(#3250,#3257),.PCURVE_S1.);
#3246 = LINE('',#3247,#3248);
#3247 = CARTESIAN_POINT('',(3.464101615138,48.,548.64));
#3248 = VECTOR('',#3249,1.);
#3249 = DIRECTION('',(-0.5,-0.866025403784,-0.));
#3250 = PCURVE('',#947,#3251);
#3251 = DEFINITIONAL_REPRESENTATION('',(#3252),#3256);
#3252 = LINE('',#3253,#3254);
#3253 = CARTESIAN_POINT('',(6.28318530718,0.));
#3254 = VECTOR('',#3255,1.);
#3255 = DIRECTION('',(0.,-1.));
#3256 = ( GEOMETRIC_REPRESENTATION_CONTEXT(2) 
PARAMETRIC_REPRESENTATION_CONTEXT() REPRESENTATION_CONTEXT('2D SPACE',''
  ) );
#3257 = PCURVE('',#947,#3258);
#3258 = DEFINITIONAL_REPRESENTATION('',(#3259),#3263);
#3259 = LINE('',#3260,#3261);
#3260 = CARTESIAN_POINT('',(0.,0.));
#3261 = VECTOR('',#3262,1.);
#3262 = DIRECTION('',(0.,-1.));
#3263 = ( GEOMETRIC_REPRESENTATION_CONTEXT(2) 
PARAMETRIC_REPRESENTATION_CONTEXT() REPRESENTATION_CONTEXT('2D SPACE',''
  ) );
#3264 = ORIENTED_EDGE('',*,*,#3265,.T.);
#3265 = EDGE_CURVE('',#3243,#3243,#3266,.T.);
#3266 = SURFACE_CURVE('',#3267,(#3360,#3456),.PCURVE_S1.);
#3267 = B_SPLINE_CURVE_WITH_KNOTS('',6,(#3268,#3269,#3270,#3271,#3272,
    #3273,#3274,#3275,#3276,#3277,#3278,#3279,#3280,#3281,#3282,#3283,
    #3284,#3285,#3286,#3287,#3288,#3289,#3290,#3291,#3292,#3293,#3294,
    #3295,#3296,#3297,#3298,#3299,#3300,#3301,#3302,#3303,#3304,#3305,
    #3306,#3307,#3308,#3309,#3310,#3311,#3312,#3313,#3314,#3315,#3316,
    #3317,#3318,#3319,#3320,#3321,#3322,#3323,#3324,#3325,#3326,#3327,
    #3328,#3329,#3330,#3331,#3332,#3333,#3334,#3335,#3336,#3337,#3338,
    #3339,#3340,#3341,#3342,#3343,#3344,#3345,#3346,#3347,#3348,#3349,
    #3350,#3351,#3352,#3353,#3354,#3355,#3356,#3357,#3358,#3359),
  .UNSPECIFIED.,.T.,.F.,(7,5,5,5,5,5,5,5,5,5,5,5,5,5,5,5,5,5,7),(0.,
    0.105214213498,0.153069925949,0.191948283975,0.241794058154,
    0.298526697324,0.362231843233,0.407898556775,0.453210228868,
    0.499929152603,0.546221146198,0.591230822088,0.638574976306,
    0.683786704121,0.72941382474,0.773200629229,0.84746032882,
    0.895835558914,1.),.UNSPECIFIED.);
#3268 = CARTESIAN_POINT('',(2.837262562155,46.914282912066,548.64));
#3269 = CARTESIAN_POINT('',(2.837262562155,46.914282912066,
    548.21059353556));
#3270 = CARTESIAN_POINT('',(2.775543322827,46.918015600208,
    547.78039697662));
#3271 = CARTESIAN_POINT('',(2.651676656523,46.925506477123,
    547.35687016482));
#3272 = CARTESIAN_POINT('',(2.465652940344,46.936146285481,
    546.94766881655));
#3273 = CARTESIAN_POINT('',(2.217924954485,46.948653342495,
    546.56070260522));
#3274 = CARTESIAN_POINT('',(1.769313396113,46.966895082985,
    546.04262273038));
#3275 = CARTESIAN_POINT('',(1.616627933205,46.972600115646,
    545.88716395098));
#3276 = CARTESIAN_POINT('',(1.451918407674,46.97812381145,
    545.73931862791));
#3277 = CARTESIAN_POINT('',(1.275735177539,46.983261179351,
    545.60009250092));
#3278 = CARTESIAN_POINT('',(1.088764312299,46.987800470501,
    545.47039623158));
#3279 = CARTESIAN_POINT('',(0.731822033461,46.994574636688,
    545.2540823272));
#3280 = CARTESIAN_POINT('',(0.565281417789,46.997081349602,
    545.16397186358));
#3281 = CARTESIAN_POINT('',(0.392767166578,46.998947357171,
    545.08121707621));
#3282 = CARTESIAN_POINT('',(0.214913443272,47.000069277977,
    545.00623070144));
#3283 = CARTESIAN_POINT('',(3.241632873404E-02,47.000358396868,
    544.93933424248));
#3284 = CARTESIAN_POINT('',(-0.392935201828,46.998964955487,
    544.80565743404));
#3285 = CARTESIAN_POINT('',(-0.638171542514,46.996703844173,
    544.74427125048));
#3286 = CARTESIAN_POINT('',(-0.888141320446,46.992824559039,
    544.69703579038));
#3287 = CARTESIAN_POINT('',(-1.141199843216,46.987247374106,
    544.66414470593));
#3288 = CARTESIAN_POINT('',(-1.395642234957,46.979962039844,
    544.64554270043));
#3289 = CARTESIAN_POINT('',(-1.938966603887,46.960879014593,
    544.63565725234));
#3290 = CARTESIAN_POINT('',(-2.227674994208,46.948599497091,
    544.64850459021));
#3291 = CARTESIAN_POINT('',(-2.513973992387,46.93427585131,
    544.67897443873));
#3292 = CARTESIAN_POINT('',(-2.796004855685,46.918081343813,
    544.72641227524));
#3293 = CARTESIAN_POINT('',(-3.07198687543,46.90026896049,
    544.78999994243));
#3294 = CARTESIAN_POINT('',(-3.641488861985,46.859692302699,
    544.95719890373));
#3295 = CARTESIAN_POINT('',(-3.933162411218,46.836576300895,
    545.06481741159));
#3296 = CARTESIAN_POINT('',(-4.213466089411,46.812208722134,
    545.19043894624));
#3297 = CARTESIAN_POINT('',(-4.480706532114,46.787063281302,
    545.33288401662));
#3298 = CARTESIAN_POINT('',(-4.733291130714,46.761656121814,
    545.490967468));
#3299 = CARTESIAN_POINT('',(-5.139193952664,46.718494554817,
    545.78717244261));
#3300 = CARTESIAN_POINT('',(-5.300411451654,46.700605703968,
    545.91830308523));
#3301 = CARTESIAN_POINT('',(-5.452782116613,46.683046794749,
    546.05643889034));
#3302 = CARTESIAN_POINT('',(-5.595751084756,46.666018502281,
    546.20112263156));
#3303 = CARTESIAN_POINT('',(-5.728790933635,46.649718367792,
    546.35188887126));
#3304 = CARTESIAN_POINT('',(-5.97305340476,46.619069766304,
    546.66342297919));
#3305 = CARTESIAN_POINT('',(-6.084452690806,46.604705172894,
    546.82412349918));
#3306 = CARTESIAN_POINT('',(-6.185021676178,46.591434562758,
    546.98980276483));
#3307 = CARTESIAN_POINT('',(-6.274260207095,46.579437450439,
    547.15987826039));
#3308 = CARTESIAN_POINT('',(-6.351739525179,46.568871126452,
    547.3337480441));
#3309 = CARTESIAN_POINT('',(-6.484488050776,46.550575101589,
    547.69333289287));
#3310 = CARTESIAN_POINT('',(-6.538989358256,46.542944062942,
    547.87923950553));
#3311 = CARTESIAN_POINT('',(-6.580162835896,46.537116635969,
    548.06769512095));
#3312 = CARTESIAN_POINT('',(-6.607714620156,46.533195544521,
    548.25787023222));
#3313 = CARTESIAN_POINT('',(-6.621494700842,46.531234756094,
    548.44892292158));
#3314 = CARTESIAN_POINT('',(-6.621494700842,46.531234756094,
    548.82933096448));
#3315 = CARTESIAN_POINT('',(-6.607965335924,46.533159874693,
    549.01863822109));
#3316 = CARTESIAN_POINT('',(-6.580914639535,46.537009638755,
    549.20709163481));
#3317 = CARTESIAN_POINT('',(-6.54048733723,46.542732031468,
    549.39387179811));
#3318 = CARTESIAN_POINT('',(-6.486966946426,46.550227970935,
    549.57817116441));
#3319 = CARTESIAN_POINT('',(-6.356422285283,46.568230760233,
    549.93520471821));
#3320 = CARTESIAN_POINT('',(-6.280093514314,46.578648073242,
    550.10810913499));
#3321 = CARTESIAN_POINT('',(-6.192142983172,46.590483699568,
    550.27729771933));
#3322 = CARTESIAN_POINT('',(-6.092989056174,46.60358428347,
    550.44217823239));
#3323 = CARTESIAN_POINT('',(-5.983120349982,46.61777454689,
    550.60217738849));
#3324 = CARTESIAN_POINT('',(-5.736852690674,46.648737510172,
    550.91932191631));
#3325 = CARTESIAN_POINT('',(-5.599359291818,46.665607784771,
    551.07590716704));
#3326 = CARTESIAN_POINT('',(-5.451177734469,46.683266712847,
    551.22596870437));
#3327 = CARTESIAN_POINT('',(-5.292895133012,46.701494078093,
    551.36898779536));
#3328 = CARTESIAN_POINT('',(-5.125130290558,46.720066076771,
    551.50445517097));
#3329 = CARTESIAN_POINT('',(-4.779897959899,46.756618071373,
    551.7535475856));
#3330 = CARTESIAN_POINT('',(-4.603177625602,46.774590260312,
    551.86790347775));
#3331 = CARTESIAN_POINT('',(-4.41891040194,46.792491700892,
    551.97451973656));
#3332 = CARTESIAN_POINT('',(-4.227650872342,46.810137838735,
    552.07297729278));
#3333 = CARTESIAN_POINT('',(-4.029976359436,46.827352837926,
    552.16285637165));
#3334 = CARTESIAN_POINT('',(-3.621132703942,46.860749574381,
    552.3253588809));
#3335 = CARTESIAN_POINT('',(-3.40981146848,46.876924037747,
    552.39783381714));
#3336 = CARTESIAN_POINT('',(-3.193242136477,46.892322908724,
    552.46068071034));
#3337 = CARTESIAN_POINT('',(-2.972176814706,46.90678812027,
    552.51344953383));
#3338 = CARTESIAN_POINT('',(-2.747405006063,46.920184776399,
    552.55572002969));
#3339 = CARTESIAN_POINT('',(-2.301287809477,46.944136376028,
    552.61721690178));
#3340 = CARTESIAN_POINT('',(-2.08013574049,46.954786015391,
    552.63730843685));
#3341 = CARTESIAN_POINT('',(-1.857261620511,46.964248996619,
    552.64699487959));
#3342 = CARTESIAN_POINT('',(-1.633640406757,46.972453246137,
    552.64599220314));
#3343 = CARTESIAN_POINT('',(-1.41025830526,46.97936304681,
    552.63411324567));
#3344 = CARTESIAN_POINT('',(-0.811364243976,46.994507309867,
    552.57252266164));
#3345 = CARTESIAN_POINT('',(-0.438206531897,47.000316106009,
    552.50223970065));
#3346 = CARTESIAN_POINT('',(-7.454945047479E-02,47.002389138433,
    552.40010678235));
#3347 = CARTESIAN_POINT('',(0.274001663766,47.001096375968,
    552.26719966713));
#3348 = CARTESIAN_POINT('',(0.602476904679,46.997124848636,
    552.10588910622));
#3349 = CARTESIAN_POINT('',(1.105250660219,46.987421392946,
    551.79851317602));
#3350 = CARTESIAN_POINT('',(1.293346168014,46.982786293385,
    551.66675348236));
#3351 = CARTESIAN_POINT('',(1.470381976167,46.977554089353,
    551.52532630694));
#3352 = CARTESIAN_POINT('',(1.635662755696,46.971942933102,
    551.37517219785));
#3353 = CARTESIAN_POINT('',(1.788633437613,46.966163293502,
    551.21732831277));
#3354 = CARTESIAN_POINT('',(2.230887531928,46.947997820642,
    550.6989299534));
#3355 = CARTESIAN_POINT('',(2.473443218545,46.935700322374,
    550.31509727944));
#3356 = CARTESIAN_POINT('',(2.655561032646,46.925271567902,
    549.90976203911));
#3357 = CARTESIAN_POINT('',(2.776828726285,46.917937859879,
    549.49056865496));
#3358 = CARTESIAN_POINT('',(2.837262562155,46.914282912066,
    549.06491134895));
#3359 = CARTESIAN_POINT('',(2.837262562155,46.914282912066,548.64));
#3360 = PCURVE('',#947,#3361);
#3361 = DEFINITIONAL_REPRESENTATION('',(#3362),#3455);
#3362 = B_SPLINE_CURVE_WITH_KNOTS('',6,(#3363,#3364,#3365,#3366,#3367,
    #3368,#3369,#3370,#3371,#3372,#3373,#3374,#3375,#3376,#3377,#3378,
    #3379,#3380,#3381,#3382,#3383,#3384,#3385,#3386,#3387,#3388,#3389,
    #3390,#3391,#3392,#3393,#3394,#3395,#3396,#3397,#3398,#3399,#3400,
    #3401,#3402,#3403,#3404,#3405,#3406,#3407,#3408,#3409,#3410,#3411,
    #3412,#3413,#3414,#3415,#3416,#3417,#3418,#3419,#3420,#3421,#3422,
    #3423,#3424,#3425,#3426,#3427,#3428,#3429,#3430,#3431,#3432,#3433,
    #3434,#3435,#3436,#3437,#3438,#3439,#3440,#3441,#3442,#3443,#3444,
    #3445,#3446,#3447,#3448,#3449,#3450,#3451,#3452,#3453,#3454),
  .UNSPECIFIED.,.F.,.F.,(7,5,5,5,5,5,5,5,5,5,5,5,5,5,5,5,5,5,7),(0.,
    0.105214213498,0.153069925949,0.191948283975,0.241794058154,
    0.298526697324,0.362231843233,0.407898556775,0.453210228868,
    0.499929152603,0.546221146198,0.591230822088,0.638574976306,
    0.683786704121,0.72941382474,0.773200629229,0.84746032882,
    0.895835558914,1.),.UNSPECIFIED.);
#3363 = CARTESIAN_POINT('',(0.,-1.253678105965));
#3364 = CARTESIAN_POINT('',(0.107351616108,-1.253678105965));
#3365 = CARTESIAN_POINT('',(0.214901131638,-1.281305122874));
#3366 = CARTESIAN_POINT('',(0.32300792888,-1.336751166321));
#3367 = CARTESIAN_POINT('',(0.432034566048,-1.420548680081));
#3368 = CARTESIAN_POINT('',(0.542385987097,-1.53358124391));
#3369 = CARTESIAN_POINT('',(0.705656520872,-1.742089212422));
#3370 = CARTESIAN_POINT('',(0.757048445995,-1.813491240662));
#3371 = CARTESIAN_POINT('',(0.808741257454,-1.891062342539));
#3372 = CARTESIAN_POINT('',(0.860702509705,-1.974704866495));
#3373 = CARTESIAN_POINT('',(0.912907568454,-2.064259157664));
#3374 = CARTESIAN_POINT('',(1.007925020124,-2.236863697076));
#3375 = CARTESIAN_POINT('',(1.050651627877,-2.317963127848));
#3376 = CARTESIAN_POINT('',(1.093468307465,-2.402604243496));
#3377 = CARTESIAN_POINT('',(1.136336180962,-2.490559493229));
#3378 = CARTESIAN_POINT('',(1.179218313827,-2.581557666194));
#3379 = CARTESIAN_POINT('',(1.277022206448,-2.795440187109));
#3380 = CARTESIAN_POINT('',(1.331899885589,-2.920016537292));
#3381 = CARTESIAN_POINT('',(1.386640408326,-3.048360985732));
#3382 = CARTESIAN_POINT('',(1.441177984806,-3.17972023095));
#3383 = CARTESIAN_POINT('',(1.495442955253,-3.313250711367));
#3384 = CARTESIAN_POINT('',(1.610717248366,-3.601439280481));
#3385 = CARTESIAN_POINT('',(1.671606709237,-3.756427849744));
#3386 = CARTESIAN_POINT('',(1.732040328996,-3.911981989954));
#3387 = CARTESIAN_POINT('',(1.792025491965,-4.067022276498));
#3388 = CARTESIAN_POINT('',(1.851559786914,-4.22043926283));
#3389 = CARTESIAN_POINT('',(1.976960134922,-4.540330672555));
#3390 = CARTESIAN_POINT('',(2.042741761853,-4.706186491968));
#3391 = CARTESIAN_POINT('',(2.108080274171,-4.8674412733));
#3392 = CARTESIAN_POINT('',(2.173070237695,-5.022838085201));
#3393 = CARTESIAN_POINT('',(2.237801813891,-5.171133630056));
#3394 = CARTESIAN_POINT('',(2.348650442602,-5.411464054517));
#3395 = CARTESIAN_POINT('',(2.394860021535,-5.507565003293));
#3396 = CARTESIAN_POINT('',(2.441023429806,-5.598956797218));
#3397 = CARTESIAN_POINT('',(2.487169096899,-5.685188215151));
#3398 = CARTESIAN_POINT('',(2.533326834669,-5.765824470142));
#3399 = CARTESIAN_POINT('',(2.625370683593,-5.914498173183));
#3400 = CARTESIAN_POINT('',(2.671261850892,-5.982637919015));
#3401 = CARTESIAN_POINT('',(2.717202947941,-6.044415097202));
#3402 = CARTESIAN_POINT('',(2.763200026442,-6.099424166701));
#3403 = CARTESIAN_POINT('',(2.809262174424,-6.147314530741));
#3404 = CARTESIAN_POINT('',(2.902969898584,-6.229533615859));
#3405 = CARTESIAN_POINT('',(2.950617978254,-6.263392942924));
#3406 = CARTESIAN_POINT('',(2.998320252496,-6.289026381541));
#3407 = CARTESIAN_POINT('',(3.046060188657,-6.306198038476));
#3408 = CARTESIAN_POINT('',(3.093823383986,-6.314786171408));
#3409 = CARTESIAN_POINT('',(3.188925394711,-6.314786171408));
#3410 = CARTESIAN_POINT('',(3.236252230445,-6.306354287337));
#3411 = CARTESIAN_POINT('',(3.283556415272,-6.289494945667));
#3412 = CARTESIAN_POINT('',(3.330823848317,-6.264325557054));
#3413 = CARTESIAN_POINT('',(3.378038390401,-6.231073687648));
#3414 = CARTESIAN_POINT('',(3.471010197231,-6.150210484205));
#3415 = CARTESIAN_POINT('',(3.516769335504,-6.103024441016));
#3416 = CARTESIAN_POINT('',(3.562464250931,-6.048799222377));
#3417 = CARTESIAN_POINT('',(3.608103531586,-5.987876820415));
#3418 = CARTESIAN_POINT('',(3.653692799716,-5.92065333871));
#3419 = CARTESIAN_POINT('',(3.7471348109,-5.770704796278));
#3420 = CARTESIAN_POINT('',(3.79498767292,-5.687348010479));
#3421 = CARTESIAN_POINT('',(3.842826862402,-5.597964151487));
#3422 = CARTESIAN_POINT('',(3.890685624913,-5.503037489411));
#3423 = CARTESIAN_POINT('',(3.938595615824,-5.40307124553));
#3424 = CARTESIAN_POINT('',(4.032417838174,-5.198800124316));
#3425 = CARTESIAN_POINT('',(4.078331060499,-5.094875584985));
#3426 = CARTESIAN_POINT('',(4.124362058984,-4.987238870847));
#3427 = CARTESIAN_POINT('',(4.170545128897,-4.876327102397));
#3428 = CARTESIAN_POINT('',(4.21691531306,-4.762581219319));
#3429 = CARTESIAN_POINT('',(4.310532219648,-4.529236969398));
#3430 = CARTESIAN_POINT('',(4.357793308989,-4.4095688555));
#3431 = CARTESIAN_POINT('',(4.405308097104,-4.287948376043));
#3432 = CARTESIAN_POINT('',(4.453095346342,-4.164888474487));
#3433 = CARTESIAN_POINT('',(4.501176831201,-4.040900725632));
#3434 = CARTESIAN_POINT('',(4.596024415348,-3.797099433599));
#3435 = CARTESIAN_POINT('',(4.642772606583,-3.677300540876));
#3436 = CARTESIAN_POINT('',(4.689793831503,-3.557668298747));
#3437 = CARTESIAN_POINT('',(4.737069066081,-3.438752603369));
#3438 = CARTESIAN_POINT('',(4.784583117469,-3.321077489703));
#3439 = CARTESIAN_POINT('',(4.913278888699,-3.008515142532));
#3440 = CARTESIAN_POINT('',(4.994870814245,-2.816905721468));
#3441 = CARTESIAN_POINT('',(5.076792591655,-2.633281882014));
#3442 = CARTESIAN_POINT('',(5.158788586136,-2.46012589003));
#3443 = CARTESIAN_POINT('',(5.240592730516,-2.299327713135));
#3444 = CARTESIAN_POINT('',(5.37483007101,-2.056344274497));
#3445 = CARTESIAN_POINT('',(5.427552758669,-1.966310634568));
#3446 = CARTESIAN_POINT('',(5.480023884876,-1.882323952101));
#3447 = CARTESIAN_POINT('',(5.532219159372,-1.804542966195));
#3448 = CARTESIAN_POINT('',(5.584106155242,-1.733062939954));
#3449 = CARTESIAN_POINT('',(5.746600059695,-1.527667653765));
#3450 = CARTESIAN_POINT('',(5.855739342724,-1.41703975636));
#3451 = CARTESIAN_POINT('',(5.963588437849,-1.335012415612));
#3452 = CARTESIAN_POINT('',(6.070542793161,-1.280729746244));
#3453 = CARTESIAN_POINT('',(6.176957469942,-1.253678105965));
#3454 = CARTESIAN_POINT('',(6.28318530718,-1.253678105965));
#3455 = ( GEOMETRIC_REPRESENTATION_CONTEXT(2) 
PARAMETRIC_REPRESENTATION_CONTEXT() REPRESENTATION_CONTEXT('2D SPACE',''
  ) );
#3456 = PCURVE('',#1988,#3457);
#3457 = DEFINITIONAL_REPRESENTATION('',(#3458),#3551);
#3458 = B_SPLINE_CURVE_WITH_KNOTS('',6,(#3459,#3460,#3461,#3462,#3463,
    #3464,#3465,#3466,#3467,#3468,#3469,#3470,#3471,#3472,#3473,#3474,
    #3475,#3476,#3477,#3478,#3479,#3480,#3481,#3482,#3483,#3484,#3485,
    #3486,#3487,#3488,#3489,#3490,#3491,#3492,#3493,#3494,#3495,#3496,
    #3497,#3498,#3499,#3500,#3501,#3502,#3503,#3504,#3505,#3506,#3507,
    #3508,#3509,#3510,#3511,#3512,#3513,#3514,#3515,#3516,#3517,#3518,
    #3519,#3520,#3521,#3522,#3523,#3524,#3525,#3526,#3527,#3528,#3529,
    #3530,#3531,#3532,#3533,#3534,#3535,#3536,#3537,#3538,#3539,#3540,
    #3541,#3542,#3543,#3544,#3545,#3546,#3547,#3548,#3549,#3550),
  .UNSPECIFIED.,.T.,.F.,(7,5,5,5,5,5,5,5,5,5,5,5,5,5,5,5,5,5,7),(0.,
    0.105214213498,0.153069925949,0.191948283975,0.241794058154,
    0.298526697324,0.362231843233,0.407898556775,0.453210228868,
    0.499929152603,0.546221146198,0.591230822088,0.638574976306,
    0.683786704121,0.72941382474,0.773200629229,0.84746032882,
    0.895835558914,1.),.UNSPECIFIED.);
#3459 = CARTESIAN_POINT('',(1.510392312806,548.64));
#3460 = CARTESIAN_POINT('',(1.510392312806,548.21059353556));
#3461 = CARTESIAN_POINT('',(1.511707886993,547.78039697662));
#3462 = CARTESIAN_POINT('',(1.514348165101,547.35687016482));
#3463 = CARTESIAN_POINT('',(1.518312559064,546.94766881655));
#3464 = CARTESIAN_POINT('',(1.523589826193,546.56070260522));
#3465 = CARTESIAN_POINT('',(1.533142640748,546.04262273038));
#3466 = CARTESIAN_POINT('',(1.536393517277,545.88716395098));
#3467 = CARTESIAN_POINT('',(1.539899903629,545.73931862791));
#3468 = CARTESIAN_POINT('',(1.543650015703,545.60009250092));
#3469 = CARTESIAN_POINT('',(1.547629235278,545.47039623158));
#3470 = CARTESIAN_POINT('',(1.55522511941,545.2540823272));
#3471 = CARTESIAN_POINT('',(1.558768911032,545.16397186358));
#3472 = CARTESIAN_POINT('',(1.562439589978,545.08121707621));
#3473 = CARTESIAN_POINT('',(1.566223726142,545.00623070144));
#3474 = CARTESIAN_POINT('',(1.570106602253,544.93933424248));
#3475 = CARTESIAN_POINT('',(1.57915668338,544.80565743404));
#3476 = CARTESIAN_POINT('',(1.584374607906,544.74427125048));
#3477 = CARTESIAN_POINT('',(1.589693590902,544.69703579038));
#3478 = CARTESIAN_POINT('',(1.595078948367,544.66414470593));
#3479 = CARTESIAN_POINT('',(1.600494720601,544.64554270043));
#3480 = CARTESIAN_POINT('',(1.612061941653,544.63565725234));
#3481 = CARTESIAN_POINT('',(1.618210057936,544.64850459021));
#3482 = CARTESIAN_POINT('',(1.624308891853,544.67897443873));
#3483 = CARTESIAN_POINT('',(1.630319198157,544.72641227524));
#3484 = CARTESIAN_POINT('',(1.636203243139,544.78999994243));
#3485 = CARTESIAN_POINT('',(1.64835102372,544.95719890373));
#3486 = CARTESIAN_POINT('',(1.654576104006,545.06481741159));
#3487 = CARTESIAN_POINT('',(1.660562260395,545.19043894624));
#3488 = CARTESIAN_POINT('',(1.666273151332,545.33288401662));
#3489 = CARTESIAN_POINT('',(1.671674325541,545.490967468));
#3490 = CARTESIAN_POINT('',(1.680359243804,545.78717244261));
#3491 = CARTESIAN_POINT('',(1.683810419154,545.91830308523));
#3492 = CARTESIAN_POINT('',(1.687073763411,546.05643889034));
#3493 = CARTESIAN_POINT('',(1.690137128436,546.20112263156));
#3494 = CARTESIAN_POINT('',(1.69298891825,546.35188887126));
#3495 = CARTESIAN_POINT('',(1.69822674302,546.66342297919));
#3496 = CARTESIAN_POINT('',(1.700616550351,546.82412349918));
#3497 = CARTESIAN_POINT('',(1.702774852876,546.98980276483));
#3498 = CARTESIAN_POINT('',(1.704690620768,547.15987826039));
#3499 = CARTESIAN_POINT('',(1.706354374348,547.3337480441));
#3500 = CARTESIAN_POINT('',(1.709205510864,547.69333289287));
#3501 = CARTESIAN_POINT('',(1.710376422096,547.87923950553));
#3502 = CARTESIAN_POINT('',(1.711261183406,548.06769512095));
#3503 = CARTESIAN_POINT('',(1.711853298919,548.25787023222));
#3504 = CARTESIAN_POINT('',(1.712149445197,548.44892292158));
#3505 = CARTESIAN_POINT('',(1.712149445197,548.82933096448));
#3506 = CARTESIAN_POINT('',(1.711858687005,549.01863822109));
#3507 = CARTESIAN_POINT('',(1.711277340432,549.20709163481));
#3508 = CARTESIAN_POINT('',(1.71040861166,549.39387179811));
#3509 = CARTESIAN_POINT('',(1.709258767824,549.57817116441));
#3510 = CARTESIAN_POINT('',(1.706454934761,549.93520471821));
#3511 = CARTESIAN_POINT('',(1.704815864717,550.10810913499));
#3512 = CARTESIAN_POINT('',(1.702927714259,550.27729771933));
#3513 = CARTESIAN_POINT('',(1.700799733352,550.44217823239));
#3514 = CARTESIAN_POINT('',(1.698442697894,550.60217738849));
#3515 = CARTESIAN_POINT('',(1.693161708598,550.91932191631));
#3516 = CARTESIAN_POINT('',(1.690214391457,551.07590716704));
#3517 = CARTESIAN_POINT('',(1.687039314799,551.22596870437));
#3518 = CARTESIAN_POINT('',(1.683649388319,551.36898779536));
#3519 = CARTESIAN_POINT('',(1.680058159257,551.50445517097));
#3520 = CARTESIAN_POINT('',(1.672671735067,551.7535475856));
#3521 = CARTESIAN_POINT('',(1.668892365979,551.86790347775));
#3522 = CARTESIAN_POINT('',(1.664953391939,551.97451973656));
#3523 = CARTESIAN_POINT('',(1.66086683398,552.07297729278));
#3524 = CARTESIAN_POINT('',(1.656645135261,552.16285637165));
#3525 = CARTESIAN_POINT('',(1.647917360625,552.3253588809));
#3526 = CARTESIAN_POINT('',(1.643408071995,552.39783381714));
#3527 = CARTESIAN_POINT('',(1.638788685212,552.46068071034));
#3528 = CARTESIAN_POINT('',(1.634075225812,552.51344953383));
#3529 = CARTESIAN_POINT('',(1.629284443675,552.55572002969));
#3530 = CARTESIAN_POINT('',(1.619778918079,552.61721690178));
#3531 = CARTESIAN_POINT('',(1.615068174063,552.63730843685));
#3532 = CARTESIAN_POINT('',(1.610322015632,552.64699487959));
#3533 = CARTESIAN_POINT('',(1.605561034879,552.64599220314));
#3534 = CARTESIAN_POINT('',(1.600806026658,552.63411324567));
#3535 = CARTESIAN_POINT('',(1.588059526498,552.57252266164));
#3536 = CARTESIAN_POINT('',(1.580119413062,552.50223970065));
#3537 = CARTESIAN_POINT('',(1.572382460939,552.40010678235));
#3538 = CARTESIAN_POINT('',(1.564966842547,552.26719966713));
#3539 = CARTESIAN_POINT('',(1.557977677857,552.10588910622));
#3540 = CARTESIAN_POINT('',(1.547278371806,551.79851317602));
#3541 = CARTESIAN_POINT('',(1.54327518222,551.66675348236));
#3542 = CARTESIAN_POINT('',(1.539506879717,551.52532630694));
#3543 = CARTESIAN_POINT('',(1.535988283487,551.37517219785));
#3544 = CARTESIAN_POINT('',(1.532731283099,551.21732831277));
#3545 = CARTESIAN_POINT('',(1.523313687181,550.6989299534));
#3546 = CARTESIAN_POINT('',(1.518146538327,550.31509727944));
#3547 = CARTESIAN_POINT('',(1.51426536761,549.90976203911));
#3548 = CARTESIAN_POINT('',(1.511680488067,549.49056865496));
#3549 = CARTESIAN_POINT('',(1.510392312806,549.06491134895));
#3550 = CARTESIAN_POINT('',(1.510392312806,548.64));
#3551 = ( GEOMETRIC_REPRESENTATION_CONTEXT(2) 
PARAMETRIC_REPRESENTATION_CONTEXT() REPRESENTATION_CONTEXT('2D SPACE',''
  ) );
#3552 = ORIENTED_EDGE('',*,*,#3242,.F.);
#3553 = ORIENTED_EDGE('',*,*,#3554,.F.);
#3554 = EDGE_CURVE('',#864,#3219,#3555,.T.);
#3555 = SURFACE_CURVE('',#3556,(#3561,#3568),.PCURVE_S1.);
#3556 = CIRCLE('',#3557,4.);
#3557 = AXIS2_PLACEMENT_3D('',#3558,#3559,#3560);
#3558 = CARTESIAN_POINT('',(3.061616997868E-15,50.,548.64));
#3559 = DIRECTION('',(0.5,0.866025403784,0.));
#3560 = DIRECTION('',(0.866025403784,-0.5,0.));
#3561 = PCURVE('',#947,#3562);
#3562 = DEFINITIONAL_REPRESENTATION('',(#3563),#3567);
#3563 = LINE('',#3564,#3565);
#3564 = CARTESIAN_POINT('',(0.,0.));
#3565 = VECTOR('',#3566,1.);
#3566 = DIRECTION('',(1.,0.));
#3567 = ( GEOMETRIC_REPRESENTATION_CONTEXT(2) 
PARAMETRIC_REPRESENTATION_CONTEXT() REPRESENTATION_CONTEXT('2D SPACE',''
  ) );
#3568 = PCURVE('',#1006,#3569);
#3569 = DEFINITIONAL_REPRESENTATION('',(#3570),#3574);
#3570 = CIRCLE('',#3571,4.);
#3571 = AXIS2_PLACEMENT_2D('',#3572,#3573);
#3572 = CARTESIAN_POINT('',(2.563950248511E-16,-3.49503809816E-16));
#3573 = DIRECTION('',(1.,0.));
#3574 = ( GEOMETRIC_REPRESENTATION_CONTEXT(2) 
PARAMETRIC_REPRESENTATION_CONTEXT() REPRESENTATION_CONTEXT('2D SPACE',''
  ) );
#3575 = ORIENTED_EDGE('',*,*,#861,.F.);
#3576 = ADVANCED_FACE('',(#3577),#1006,.F.);
#3577 = FACE_BOUND('',#3578,.F.);
#3578 = EDGE_LOOP('',(#3579,#3580,#3581));
#3579 = ORIENTED_EDGE('',*,*,#3554,.T.);
#3580 = ORIENTED_EDGE('',*,*,#3218,.T.);
#3581 = ORIENTED_EDGE('',*,*,#993,.T.);
#3582 = ADVANCED_FACE('',(#3583),#1213,.F.);
#3583 = FACE_BOUND('',#3584,.F.);
#3584 = EDGE_LOOP('',(#3585,#4085,#4106,#4107));
#3585 = ORIENTED_EDGE('',*,*,#3586,.F.);
#3586 = EDGE_CURVE('',#3587,#3587,#3589,.T.);
#3587 = VERTEX_POINT('',#3588);
#3588 = CARTESIAN_POINT('',(-17.53123475609,43.607978718656,548.64));
#3589 = SURFACE_CURVE('',#3590,(#3753,#3919),.PCURVE_S1.);
#3590 = B_SPLINE_CURVE_WITH_KNOTS('',6,(#3591,#3592,#3593,#3594,#3595,
    #3596,#3597,#3598,#3599,#3600,#3601,#3602,#3603,#3604,#3605,#3606,
    #3607,#3608,#3609,#3610,#3611,#3612,#3613,#3614,#3615,#3616,#3617,
    #3618,#3619,#3620,#3621,#3622,#3623,#3624,#3625,#3626,#3627,#3628,
    #3629,#3630,#3631,#3632,#3633,#3634,#3635,#3636,#3637,#3638,#3639,
    #3640,#3641,#3642,#3643,#3644,#3645,#3646,#3647,#3648,#3649,#3650,
    #3651,#3652,#3653,#3654,#3655,#3656,#3657,#3658,#3659,#3660,#3661,
    #3662,#3663,#3664,#3665,#3666,#3667,#3668,#3669,#3670,#3671,#3672,
    #3673,#3674,#3675,#3676,#3677,#3678,#3679,#3680,#3681,#3682,#3683,
    #3684,#3685,#3686,#3687,#3688,#3689,#3690,#3691,#3692,#3693,#3694,
    #3695,#3696,#3697,#3698,#3699,#3700,#3701,#3702,#3703,#3704,#3705,
    #3706,#3707,#3708,#3709,#3710,#3711,#3712,#3713,#3714,#3715,#3716,
    #3717,#3718,#3719,#3720,#3721,#3722,#3723,#3724,#3725,#3726,#3727,
    #3728,#3729,#3730,#3731,#3732,#3733,#3734,#3735,#3736,#3737,#3738,
    #3739,#3740,#3741,#3742,#3743,#3744,#3745,#3746,#3747,#3748,#3749,
    #3750,#3751,#3752),.UNSPECIFIED.,.T.,.F.,(7,5,5,5,5,5,5,5,5,5,5,5,5,
    5,5,5,5,5,5,5,5,5,5,5,5,5,5,5,5,5,5,5,7),(0.,6.895002516561E-02,
    9.223607314196E-02,0.138593637865,0.183789569671,0.229400730089,
    0.306509927821,0.309355220212,0.309778836531,0.310270217298,
    0.310761584328,0.311083507743,0.311540969707,0.312032308369,
    0.312523638834,0.313014962645,0.395184919628,0.428194444852,
    0.449815704786,0.4997226668,0.550049139119,0.571592777436,
    0.604391601514,0.634955440713,0.652778767635,0.692497570824,
    0.742517999128,0.796831425424,0.861366118472,0.907253442072,
    0.930739221676,0.999369209047,1.),.UNSPECIFIED.);
#3591 = CARTESIAN_POINT('',(-17.53123475609,43.607978718656,548.64));
#3592 = CARTESIAN_POINT('',(-17.53123475609,43.607978718656,
    548.92217808622));
#3593 = CARTESIAN_POINT('',(-17.55939837561,43.596656382062,
    549.20417665651));
#3594 = CARTESIAN_POINT('',(-17.61565939161,43.574038515603,
    549.48335740211));
#3595 = CARTESIAN_POINT('',(-17.69929174422,43.540257932003,
    549.75709301687));
#3596 = CARTESIAN_POINT('',(-17.80892642648,43.495552057314,
    550.02283364264));
#3597 = CARTESIAN_POINT('',(-17.98771135236,43.421706842926,
    550.36441835294));
#3598 = CARTESIAN_POINT('',(-18.03560176247,43.401860392836,
    550.4494984034));
#3599 = CARTESIAN_POINT('',(-18.08617937433,43.380822833169,
    550.53334137797));
#3600 = CARTESIAN_POINT('',(-18.13937490728,43.358606724958,
    550.61587099386));
#3601 = CARTESIAN_POINT('',(-18.19511671601,43.335224915818,
    550.69701485827));
#3602 = CARTESIAN_POINT('',(-18.36922262143,43.261847820129,
    550.93534951914));
#3603 = CARTESIAN_POINT('',(-18.49489034648,43.208446814187,
    551.08819894649));
#3604 = CARTESIAN_POINT('',(-18.62977937743,43.150580414808,
    551.23475779912));
#3605 = CARTESIAN_POINT('',(-18.77330774978,43.088345590759,
    551.37453982537));
#3606 = CARTESIAN_POINT('',(-18.92486693887,43.021851033359,
    551.50706729831));
#3607 = CARTESIAN_POINT('',(-19.23879528284,42.882368332303,
    551.75354704222));
#3608 = CARTESIAN_POINT('',(-19.40082545693,42.809572641823,
    551.86790287654));
#3609 = CARTESIAN_POINT('',(-19.56935642683,42.732942070235,
    551.97451931834));
#3610 = CARTESIAN_POINT('',(-19.74381545791,42.652594151346,
    552.07297710548));
#3611 = CARTESIAN_POINT('',(-19.92361443791,42.568665365847,
    552.16285633785));
#3612 = CARTESIAN_POINT('',(-20.2943818751,42.393165923766,
    552.3253588809));
#3613 = CARTESIAN_POINT('',(-20.48547866505,42.301512802202,
    552.39783381714));
#3614 = CARTESIAN_POINT('',(-20.68073264373,42.206563949657,
    552.46068071034));
#3615 = CARTESIAN_POINT('',(-20.87941343406,42.108558529441,
    552.51344953383));
#3616 = CARTESIAN_POINT('',(-21.08076985846,42.007774469653,
    552.55572002969));
#3617 = CARTESIAN_POINT('',(-21.62766057503,41.729999300768,
    552.64015384653));
#3618 = CARTESIAN_POINT('',(-21.97742007243,41.548096699862,
    552.66219008668));
#3619 = CARTESIAN_POINT('',(-22.32799202305,41.361163317629,
    552.65084298519));
#3620 = CARTESIAN_POINT('',(-22.67402961162,41.171960875379,
    552.60498657566));
#3621 = CARTESIAN_POINT('',(-23.01049592964,40.983594774712,
    552.52469722539));
#3622 = CARTESIAN_POINT('',(-23.34482387379,40.792393729089,
    552.40705390077));
#3623 = CARTESIAN_POINT('',(-23.35670112177,40.785595645338,
    552.40282265027));
#3624 = CARTESIAN_POINT('',(-23.36855802488,40.778803702702,
    552.39854667512));
#3625 = CARTESIAN_POINT('',(-23.38039445233,40.772018007431,
    552.39422602424));
#3626 = CARTESIAN_POINT('',(-23.39221020775,40.765238703873,
    552.38986077186));
#3627 = CARTESIAN_POINT('',(-23.40576108033,40.757457628645,
    552.38479447912));
#3628 = CARTESIAN_POINT('',(-23.40751666745,40.75644942852,
    552.38413695421));
#3629 = CARTESIAN_POINT('',(-23.40927178979,40.755441374667,
    552.38347844316));
#3630 = CARTESIAN_POINT('',(-23.41102644651,40.754433467657,
    552.38281894629));
#3631 = CARTESIAN_POINT('',(-23.41278063683,40.753425708061,
    552.38215846392));
#3632 = CARTESIAN_POINT('',(-23.41656862007,40.751249300673,
    552.38072971609));
#3633 = CARTESIAN_POINT('',(-23.41860225157,40.750080704013,
    552.37996111024));
#3634 = CARTESIAN_POINT('',(-23.42063525314,40.748912307365,
    552.37919117928));
#3635 = CARTESIAN_POINT('',(-23.42266762353,40.747744111623,
    552.37841992373));
#3636 = CARTESIAN_POINT('',(-23.42469936147,40.746576117677,
    552.37764734408));
#3637 = CARTESIAN_POINT('',(-23.42876151316,40.744240567815,
    552.37609955922));
#3638 = CARTESIAN_POINT('',(-23.43079192695,40.743073011887,
    552.37532435409));
#3639 = CARTESIAN_POINT('',(-23.4328217058,40.741905659529,
    552.37454782594));
#3640 = CARTESIAN_POINT('',(-23.43485084847,40.740738511634,
    552.37376997528));
#3641 = CARTESIAN_POINT('',(-23.4368793537,40.739571569092,
    552.37299080262));
#3642 = CARTESIAN_POINT('',(-23.44023579477,40.737640435289,
    552.37169896089));
#3643 = CARTESIAN_POINT('',(-23.44156409515,40.736876126309,
    552.37118704608));
#3644 = CARTESIAN_POINT('',(-23.44289212102,40.736111906107,
    552.37067456418));
#3645 = CARTESIAN_POINT('',(-23.44421987205,40.735347774934,
    552.37016151535));
#3646 = CARTESIAN_POINT('',(-23.44554734786,40.73458373304,
    552.36964789972));
#3647 = CARTESIAN_POINT('',(-23.44876053593,40.732734183504,
    552.36840305039));
#3648 = CARTESIAN_POINT('',(-23.45064596729,40.731648767122,
    552.36767123909));
#3649 = CARTESIAN_POINT('',(-23.45253084121,40.730563532248,
    552.36693828395));
#3650 = CARTESIAN_POINT('',(-23.45441515666,40.729478479603,
    552.36620418541));
#3651 = CARTESIAN_POINT('',(-23.45629891265,40.728393609904,
    552.36546894388));
#3652 = CARTESIAN_POINT('',(-23.46020476104,40.726143912947,
    552.3639416438));
#3653 = CARTESIAN_POINT('',(-23.46222676737,40.724979113899,
    552.36314940977));
#3654 = CARTESIAN_POINT('',(-23.46424812589,40.723814527616,
    552.3623558582));
#3655 = CARTESIAN_POINT('',(-23.46626883535,40.722650154988,
    552.36156098963));
#3656 = CARTESIAN_POINT('',(-23.46828889451,40.721485996905,
    552.36076480458));
#3657 = CARTESIAN_POINT('',(-23.47232767606,40.719158131031,
    552.3591698159));
#3658 = CARTESIAN_POINT('',(-23.47434639847,40.717994423232,
    552.35837101231));
#3659 = CARTESIAN_POINT('',(-23.47636446811,40.71683093175,
    552.35757089335));
#3660 = CARTESIAN_POINT('',(-23.47838188375,40.715667657475,
    552.35676945956));
#3661 = CARTESIAN_POINT('',(-23.48039864414,40.714504601297,
    552.35596671146));
#3662 = CARTESIAN_POINT('',(-23.48443082465,40.712178942655,
    552.35435859864));
#3663 = CARTESIAN_POINT('',(-23.48644624479,40.711016340187,
    552.35355323394));
#3664 = CARTESIAN_POINT('',(-23.48846100722,40.709853957586,
    552.35274655606));
#3665 = CARTESIAN_POINT('',(-23.49047511071,40.708691795741,
    552.35193856554));
#3666 = CARTESIAN_POINT('',(-23.49248855402,40.707529855542,
    552.35112926291));
#3667 = CARTESIAN_POINT('',(-23.83112292517,40.51208019866,
    552.21474994424));
#3668 = CARTESIAN_POINT('',(-24.14839785497,40.324505782577,
    552.04283892221));
#3669 = CARTESIAN_POINT('',(-24.44154723011,40.147264410345,
    551.83715436857));
#3670 = CARTESIAN_POINT('',(-24.70671934161,39.983830027976,
    551.60164400318));
#3671 = CARTESIAN_POINT('',(-24.94117551981,39.837107285584,
    551.34146918185));
#3672 = CARTESIAN_POINT('',(-25.22479225274,39.657522760786,
    550.95087394189));
#3673 = CARTESIAN_POINT('',(-25.30098382353,39.608998804893,
    550.83582219065));
#3674 = CARTESIAN_POINT('',(-25.37204655273,39.563507139748,
    550.71794541601));
#3675 = CARTESIAN_POINT('',(-25.4379530371,39.521123751123,
    550.59753005144));
#3676 = CARTESIAN_POINT('',(-25.49868657846,39.481911863053,
    550.47486373096));
#3677 = CARTESIAN_POINT('',(-25.59062948529,39.422348514023,
    550.26860358083));
#3678 = CARTESIAN_POINT('',(-25.6247994095,39.400155026533,
    550.18612183972));
#3679 = CARTESIAN_POINT('',(-25.65675180765,39.379353868361,
    550.10286424581));
#3680 = CARTESIAN_POINT('',(-25.68648860465,39.359955448477,
    550.01890249644));
#3681 = CARTESIAN_POINT('',(-25.71401279904,39.34196819183,
    549.93430580636));
#3682 = CARTESIAN_POINT('',(-25.79776297959,39.287151877533,
    549.65256025611));
#3683 = CARTESIAN_POINT('',(-25.84442040425,39.256464751193,
    549.45298504263));
#3684 = CARTESIAN_POINT('',(-25.8793661587,39.233406151542,
    549.25118983306));
#3685 = CARTESIAN_POINT('',(-25.90264540568,39.218020806287,
    549.04793342547));
#3686 = CARTESIAN_POINT('',(-25.91428291206,39.210329521102,
    548.84395995522));
#3687 = CARTESIAN_POINT('',(-25.91428291206,39.210329521102,
    548.43432558853));
#3688 = CARTESIAN_POINT('',(-25.90244894548,39.218150647787,
    548.22863704047));
#3689 = CARTESIAN_POINT('',(-25.87877655786,39.233795821274,
    548.02368370845));
#3690 = CARTESIAN_POINT('',(-25.84324018439,39.257243496588,
    547.82022902424));
#3691 = CARTESIAN_POINT('',(-25.7957932981,39.288447306153,
    547.61905167977));
#3692 = CARTESIAN_POINT('',(-25.71093015471,39.343982955754,
    547.33614253896));
#3693 = CARTESIAN_POINT('',(-25.68329875392,39.362037143558,
    547.25190756636));
#3694 = CARTESIAN_POINT('',(-25.6534703498,39.381491803238,
    547.16830803872));
#3695 = CARTESIAN_POINT('',(-25.62144202165,39.40233850038,
    547.08541256033));
#3696 = CARTESIAN_POINT('',(-25.587211934,39.424566828618,
    547.00329219136));
#3697 = CARTESIAN_POINT('',(-25.49531301599,39.484090231307,
    546.7982893687));
#3698 = CARTESIAN_POINT('',(-25.43473358353,39.523195176658,
    546.67650640627));
#3699 = CARTESIAN_POINT('',(-25.36904733003,39.565429274961,
    546.55695536163));
#3700 = CARTESIAN_POINT('',(-25.2982710501,39.61073008717,
    546.43991876466));
#3701 = CARTESIAN_POINT('',(-25.22243204222,39.659022705924,
    546.32567787404));
#3702 = CARTESIAN_POINT('',(-25.06621442368,39.757928124241,
    546.11092252435));
#3703 = CARTESIAN_POINT('',(-24.98649505821,39.808160142627,
    546.01000009345));
#3704 = CARTESIAN_POINT('',(-24.90246929467,39.860827384975,
    545.91201201223));
#3705 = CARTESIAN_POINT('',(-24.81421269078,39.915827976623,
    545.81721360688));
#3706 = CARTESIAN_POINT('',(-24.7218172729,39.973048005769,
    545.72584886619));
#3707 = CARTESIAN_POINT('',(-24.56916109746,40.066952483158,
    545.58700897907));
#3708 = CARTESIAN_POINT('',(-24.51156534915,40.102251160031,
    545.53711905272));
#3709 = CARTESIAN_POINT('',(-24.45263029498,40.138231586145,
    545.48853019799));
#3710 = CARTESIAN_POINT('',(-24.39238581124,40.174864108846,
    545.44129057206));
#3711 = CARTESIAN_POINT('',(-24.3308658399,40.212116802564,
    545.39544691769));
#3712 = CARTESIAN_POINT('',(-24.12825510135,40.3342779157,
    545.25209511449));
#3713 = CARTESIAN_POINT('',(-23.98222478618,40.421529616096,
    545.1602804866));
#3714 = CARTESIAN_POINT('',(-23.83048232622,40.511306010941,
    545.0761369074));
#3715 = CARTESIAN_POINT('',(-23.67355848414,40.603173986621,
    545.00010145742));
#3716 = CARTESIAN_POINT('',(-23.51204992033,40.696680954712,
    544.93251190224));
#3717 = CARTESIAN_POINT('',(-23.13828174214,40.91060425828,
    544.79942321699));
#3718 = CARTESIAN_POINT('',(-22.92383346169,41.03164724635,
    544.73905163845));
#3719 = CARTESIAN_POINT('',(-22.70454783269,41.153598300666,
    544.69291615594));
#3720 = CARTESIAN_POINT('',(-22.48182014167,41.275563185451,
    544.6611975592));
#3721 = CARTESIAN_POINT('',(-22.25713124144,41.396679340999,
    544.64382701566));
#3722 = CARTESIAN_POINT('',(-21.78757045016,41.64586837597,
    544.63684577973));
#3723 = CARTESIAN_POINT('',(-21.54266078902,41.773625141677,
    544.64974602055));
#3724 = CARTESIAN_POINT('',(-21.29875914303,41.898647684237,
    544.67874793038));
#3725 = CARTESIAN_POINT('',(-21.05735070149,42.020253660706,
    544.72327758845));
#3726 = CARTESIAN_POINT('',(-20.81989780718,42.137851276749,
    544.78262311693));
#3727 = CARTESIAN_POINT('',(-20.31204276205,42.385316113233,
    544.94304966396));
#3728 = CARTESIAN_POINT('',(-20.04372458158,42.513388120575,
    545.04992232982));
#3729 = CARTESIAN_POINT('',(-19.78469408615,42.63457040653,
    545.17533803047));
#3730 = CARTESIAN_POINT('',(-19.53672486483,42.74840262575,
    545.31807391847));
#3731 = CARTESIAN_POINT('',(-19.30152042127,42.854517709489,
    545.47689964906));
#3732 = CARTESIAN_POINT('',(-18.92370362773,43.022354151329,
    545.77406656074));
#3733 = CARTESIAN_POINT('',(-18.77393248592,43.088061941245,
    545.90509914559));
#3734 = CARTESIAN_POINT('',(-18.63200906084,43.149607491673,
    546.04321938533));
#3735 = CARTESIAN_POINT('',(-18.49852096188,43.206885817481,
    546.18796604943));
#3736 = CARTESIAN_POINT('',(-18.37403052678,43.259803122412,
    546.3388698145));
#3737 = CARTESIAN_POINT('',(-18.20023770878,43.333075408838,
    546.57559462955));
#3738 = CARTESIAN_POINT('',(-18.1439043788,43.356712915481,
    546.65721595045));
#3739 = CARTESIAN_POINT('',(-18.09014975155,43.379168682405,
    546.74024724582));
#3740 = CARTESIAN_POINT('',(-18.03904711003,43.400429574347,
    546.82461471325));
#3741 = CARTESIAN_POINT('',(-17.99066733234,43.420482746291,
    546.91024056147));
#3742 = CARTESIAN_POINT('',(-17.81186065647,43.494349009082,
    547.25069654309));
#3743 = CARTESIAN_POINT('',(-17.7023472866,43.53901583847,
    547.51464248656));
#3744 = CARTESIAN_POINT('',(-17.61849337162,43.572894695498,
    547.78653024471));
#3745 = CARTESIAN_POINT('',(-17.56165146758,43.595750516297,
    548.06386056471));
#3746 = CARTESIAN_POINT('',(-17.53254874787,43.607450467812,
    548.34405737482));
#3747 = CARTESIAN_POINT('',(-17.53125826231,43.607969268705,
    548.62711041869));
#3748 = CARTESIAN_POINT('',(-17.53124885983,43.607973048683,
    548.62968832638));
#3749 = CARTESIAN_POINT('',(-17.53124180796,43.607975883669,
    548.6322662405));
#3750 = CARTESIAN_POINT('',(-17.53123710671,43.60797777366,
    548.6348441589));
#3751 = CARTESIAN_POINT('',(-17.53123475609,43.607978718656,
    548.63742207945));
#3752 = CARTESIAN_POINT('',(-17.53123475609,43.607978718656,548.64));
#3753 = PCURVE('',#1213,#3754);
#3754 = DEFINITIONAL_REPRESENTATION('',(#3755),#3918);
#3755 = B_SPLINE_CURVE_WITH_KNOTS('',6,(#3756,#3757,#3758,#3759,#3760,
    #3761,#3762,#3763,#3764,#3765,#3766,#3767,#3768,#3769,#3770,#3771,
    #3772,#3773,#3774,#3775,#3776,#3777,#3778,#3779,#3780,#3781,#3782,
    #3783,#3784,#3785,#3786,#3787,#3788,#3789,#3790,#3791,#3792,#3793,
    #3794,#3795,#3796,#3797,#3798,#3799,#3800,#3801,#3802,#3803,#3804,
    #3805,#3806,#3807,#3808,#3809,#3810,#3811,#3812,#3813,#3814,#3815,
    #3816,#3817,#3818,#3819,#3820,#3821,#3822,#3823,#3824,#3825,#3826,
    #3827,#3828,#3829,#3830,#3831,#3832,#3833,#3834,#3835,#3836,#3837,
    #3838,#3839,#3840,#3841,#3842,#3843,#3844,#3845,#3846,#3847,#3848,
    #3849,#3850,#3851,#3852,#3853,#3854,#3855,#3856,#3857,#3858,#3859,
    #3860,#3861,#3862,#3863,#3864,#3865,#3866,#3867,#3868,#3869,#3870,
    #3871,#3872,#3873,#3874,#3875,#3876,#3877,#3878,#3879,#3880,#3881,
    #3882,#3883,#3884,#3885,#3886,#3887,#3888,#3889,#3890,#3891,#3892,
    #3893,#3894,#3895,#3896,#3897,#3898,#3899,#3900,#3901,#3902,#3903,
    #3904,#3905,#3906,#3907,#3908,#3909,#3910,#3911,#3912,#3913,#3914,
    #3915,#3916,#3917),.UNSPECIFIED.,.F.,.F.,(7,5,5,5,5,5,5,5,5,5,5,5,5,
    5,5,5,5,5,5,5,5,5,5,5,5,5,5,5,5,5,5,5,7),(0.,6.895002516561E-02,
    9.223607314196E-02,0.138593637865,0.183789569671,0.229400730089,
    0.306509927821,0.309355220212,0.309778836531,0.310270217298,
    0.310761584328,0.311083507743,0.311540969707,0.312032308369,
    0.312523638834,0.313014962645,0.395184919628,0.428194444852,
    0.449815704786,0.4997226668,0.550049139119,0.571592777436,
    0.604391601514,0.634955440713,0.652778767635,0.692497570824,
    0.742517999128,0.796831425424,0.861366118472,0.907253442072,
    0.930739221676,0.999369209047,1.),.UNSPECIFIED.);
#3756 = CARTESIAN_POINT('',(0.,-80.28775420703));
#3757 = CARTESIAN_POINT('',(7.054452155586E-02,-80.28775420703));
#3758 = CARTESIAN_POINT('',(0.141044123318,-80.3064834487));
#3759 = CARTESIAN_POINT('',(0.211471423962,-80.34389798457));
#3760 = CARTESIAN_POINT('',(0.281796575698,-80.39943543471));
#3761 = CARTESIAN_POINT('',(0.351981233226,-80.47202891734));
#3762 = CARTESIAN_POINT('',(0.445587652271,-80.58993859777));
#3763 = CARTESIAN_POINT('',(0.469203495076,-80.62148968448));
#3764 = CARTESIAN_POINT('',(0.492804138403,-80.65477240138));
#3765 = CARTESIAN_POINT('',(0.516391103718,-80.68973303017));
#3766 = CARTESIAN_POINT('',(0.539966468817,-80.72631594802));
#3767 = CARTESIAN_POINT('',(0.610448551787,-80.84040753721));
#3768 = CARTESIAN_POINT('',(0.657319317301,-80.92253847657));
#3769 = CARTESIAN_POINT('',(0.704178592966,-81.01042260438));
#3770 = CARTESIAN_POINT('',(0.751057779112,-81.10360440897));
#3771 = CARTESIAN_POINT('',(0.797986836402,-81.20161123821));
#3772 = CARTESIAN_POINT('',(0.890824979917,-81.40373980852));
#3773 = CARTESIAN_POINT('',(0.936738155323,-81.50766421022));
#3774 = CARTESIAN_POINT('',(0.982769206124,-81.61530102568));
#3775 = CARTESIAN_POINT('',(1.028952371543,-81.72621301907));
#3776 = CARTESIAN_POINT('',(1.075322639996,-81.83995911058));
#3777 = CARTESIAN_POINT('',(1.168939566058,-82.07330340904));
#3778 = CARTESIAN_POINT('',(1.216200655399,-82.19297152294));
#3779 = CARTESIAN_POINT('',(1.263715443514,-82.3145920024));
#3780 = CARTESIAN_POINT('',(1.311502692752,-82.43765190395));
#3781 = CARTESIAN_POINT('',(1.359584177612,-82.56163965281));
#3782 = CARTESIAN_POINT('',(1.489807769092,-82.89637332201));
#3783 = CARTESIAN_POINT('',(1.572704686863,-83.10832263152));
#3784 = CARTESIAN_POINT('',(1.656410278457,-83.31846015549));
#3785 = CARTESIAN_POINT('',(1.740742971417,-83.52353627673));
#3786 = CARTESIAN_POINT('',(1.825536677153,-83.72074160533));
#3787 = CARTESIAN_POINT('',(1.913769963619,-83.91467757535));
#3788 = CARTESIAN_POINT('',(1.91690996792,-83.92156453194));
#3789 = CARTESIAN_POINT('',(1.920050103744,-83.92843693993));
#3790 = CARTESIAN_POINT('',(1.923190385657,-83.93529473915));
#3791 = CARTESIAN_POINT('',(1.926330810628,-83.94213783174));
#3792 = CARTESIAN_POINT('',(1.929938932865,-83.94998269402));
#3793 = CARTESIAN_POINT('',(1.930406510428,-83.950998977));
#3794 = CARTESIAN_POINT('',(1.930874090661,-83.9520149306));
#3795 = CARTESIAN_POINT('',(1.931341673511,-83.9530305544));
#3796 = CARTESIAN_POINT('',(1.931809258923,-83.95404584798));
#3797 = CARTESIAN_POINT('',(1.932819233196,-83.956238134));
#3798 = CARTESIAN_POINT('',(1.933361622924,-83.95741501221));
#3799 = CARTESIAN_POINT('',(1.93390401594,-83.95859144489));
#3800 = CARTESIAN_POINT('',(1.93444641216,-83.95976743141));
#3801 = CARTESIAN_POINT('',(1.934988811497,-83.96094297111));
#3802 = CARTESIAN_POINT('',(1.936073601074,-83.96329312273));
#3803 = CARTESIAN_POINT('',(1.936615991313,-83.96446773469));
#3804 = CARTESIAN_POINT('',(1.9371583845,-83.96564189856));
#3805 = CARTESIAN_POINT('',(1.937700780549,-83.96681561372));
#3806 = CARTESIAN_POINT('',(1.938243179375,-83.96798887951));
#3807 = CARTESIAN_POINT('',(1.939140940001,-83.96993007583));
#3808 = CARTESIAN_POINT('',(1.939496300265,-83.97069826321));
#3809 = CARTESIAN_POINT('',(1.939851661659,-83.97146625726));
#3810 = CARTESIAN_POINT('',(1.940207024162,-83.97223405779));
#3811 = CARTESIAN_POINT('',(1.940562387748,-83.97300166462));
#3812 = CARTESIAN_POINT('',(1.94142273526,-83.97485959234));
#3813 = CARTESIAN_POINT('',(1.941927720266,-83.97594971561));
#3814 = CARTESIAN_POINT('',(1.942432707343,-83.97703944687));
#3815 = CARTESIAN_POINT('',(1.942937696423,-83.9781287856));
#3816 = CARTESIAN_POINT('',(1.943442687436,-83.97921773129));
#3817 = CARTESIAN_POINT('',(1.944490069725,-83.98147544674));
#3818 = CARTESIAN_POINT('',(1.945032461286,-83.98264415606));
#3819 = CARTESIAN_POINT('',(1.945574854914,-83.98381241075));
#3820 = CARTESIAN_POINT('',(1.946117250522,-83.98498021016));
#3821 = CARTESIAN_POINT('',(1.946659648026,-83.98614755368));
#3822 = CARTESIAN_POINT('',(1.947744437603,-83.98848130816));
#3823 = CARTESIAN_POINT('',(1.948286829676,-83.98964771915));
#3824 = CARTESIAN_POINT('',(1.948829223475,-83.99081367298));
#3825 = CARTESIAN_POINT('',(1.949371618912,-83.99197916904));
#3826 = CARTESIAN_POINT('',(1.949914015904,-83.99314420668));
#3827 = CARTESIAN_POINT('',(1.950998805481,-83.99547334811));
#3828 = CARTESIAN_POINT('',(1.951541198067,-83.99663745192));
#3829 = CARTESIAN_POINT('',(1.952083592035,-83.99780109607));
#3830 = CARTESIAN_POINT('',(1.952625987303,-83.99896427993));
#3831 = CARTESIAN_POINT('',(1.953168383783,-84.00012700289));
#3832 = CARTESIAN_POINT('',(2.044422420336,-84.19566814246));
#3833 = CARTESIAN_POINT('',(2.134937074465,-84.37664908361));
#3834 = CARTESIAN_POINT('',(2.22507826782,-84.54190320347));
#3835 = CARTESIAN_POINT('',(2.314644577841,-84.68983179722));
#3836 = CARTESIAN_POINT('',(2.403391535816,-84.81951543242));
#3837 = CARTESIAN_POINT('',(2.526113688954,-84.97534246567));
#3838 = CARTESIAN_POINT('',(2.561132121978,-85.01706432359));
#3839 = CARTESIAN_POINT('',(2.596004882409,-85.05586061976));
#3840 = CARTESIAN_POINT('',(2.630737862227,-85.09174561519));
#3841 = CARTESIAN_POINT('',(2.665335756179,-85.12473646084));
#3842 = CARTESIAN_POINT('',(2.722377513783,-85.17457967933));
#3843 = CARTESIAN_POINT('',(2.744898780501,-85.193074958));
#3844 = CARTESIAN_POINT('',(2.767368676034,-85.21034596742));
#3845 = CARTESIAN_POINT('',(2.789790364412,-85.22639957911));
#3846 = CARTESIAN_POINT('',(2.812167359602,-85.24124260234));
#3847 = CARTESIAN_POINT('',(2.886060658916,-85.28636422913));
#3848 = CARTESIAN_POINT('',(2.937391666989,-85.31142718099));
#3849 = CARTESIAN_POINT('',(2.988556548039,-85.33016179227));
#3850 = CARTESIAN_POINT('',(3.039609314605,-85.3426295389));
#3851 = CARTESIAN_POINT('',(3.090602664785,-85.34886227247));
#3852 = CARTESIAN_POINT('',(3.193011256457,-85.34886227247));
#3853 = CARTESIAN_POINT('',(3.244433375058,-85.34252432013));
#3854 = CARTESIAN_POINT('',(3.295916443157,-85.32984601783));
#3855 = CARTESIAN_POINT('',(3.347514409595,-85.3107944533));
#3856 = CARTESIAN_POINT('',(3.399282594942,-85.28530614923));
#3857 = CARTESIAN_POINT('',(3.473542566261,-85.23958033601));
#3858 = CARTESIAN_POINT('',(3.495843415408,-85.22467793488));
#3859 = CARTESIAN_POINT('',(3.518188901825,-85.208573109));
#3860 = CARTESIAN_POINT('',(3.540582483811,-85.19125911175));
#3861 = CARTESIAN_POINT('',(3.563027271738,-85.17272915039));
#3862 = CARTESIAN_POINT('',(3.619778958761,-85.12290405416));
#3863 = CARTESIAN_POINT('',(3.65416217611,-85.08999319938));
#3864 = CARTESIAN_POINT('',(3.688679028149,-85.05422428432));
#3865 = CARTESIAN_POINT('',(3.72333404263,-85.01558063402));
#3866 = CARTESIAN_POINT('',(3.758132927017,-84.97404843597));
#3867 = CARTESIAN_POINT('',(3.825650663584,-84.88821271895));
#3868 = CARTESIAN_POINT('',(3.858350641476,-84.84428973248));
#3869 = CARTESIAN_POINT('',(3.891175590401,-84.79785490785));
#3870 = CARTESIAN_POINT('',(3.924120316821,-84.74892274266));
#3871 = CARTESIAN_POINT('',(3.957180874055,-84.69751597815));
#3872 = CARTESIAN_POINT('',(4.009699078485,-84.61226409087));
#3873 = CARTESIAN_POINT('',(4.029080542981,-84.58003404813));
#3874 = CARTESIAN_POINT('',(4.048496506764,-84.5469850071));
#3875 = CARTESIAN_POINT('',(4.06794463824,-84.51312801509));
#3876 = CARTESIAN_POINT('',(4.08742225186,-84.47847650393));
#3877 = CARTESIAN_POINT('',(4.150390571313,-84.36409101383));
#3878 = CARTESIAN_POINT('',(4.193995983909,-84.28125090137));
#3879 = CARTESIAN_POINT('',(4.237694292383,-84.19472627364));
#3880 = CARTESIAN_POINT('',(4.281444113072,-84.10476022778));
#3881 = CARTESIAN_POINT('',(4.325206166414,-84.01164319263));
#3882 = CARTESIAN_POINT('',(4.424013449005,-83.79491210698));
#3883 = CARTESIAN_POINT('',(4.479012390466,-83.66971594234));
#3884 = CARTESIAN_POINT('',(4.533868054248,-83.5407845441));
#3885 = CARTESIAN_POINT('',(4.588515178716,-83.40887914795));
#3886 = CARTESIAN_POINT('',(4.642884459089,-83.27485093017));
#3887 = CARTESIAN_POINT('',(4.755544086523,-82.99279387379));
#3888 = CARTESIAN_POINT('',(4.813761045657,-82.84457426846));
#3889 = CARTESIAN_POINT('',(4.871560637035,-82.69586051829));
#3890 = CARTESIAN_POINT('',(4.928948700182,-82.54759766346));
#3891 = CARTESIAN_POINT('',(4.985922848145,-82.40075623281));
#3892 = CARTESIAN_POINT('',(5.109662452868,-82.08467328053));
#3893 = CARTESIAN_POINT('',(5.176283101644,-81.91633892362));
#3894 = CARTESIAN_POINT('',(5.24244256513,-81.75260307719));
#3895 = CARTESIAN_POINT('',(5.308238334346,-81.59477154179));
#3896 = CARTESIAN_POINT('',(5.373763061482,-81.44413606045));
#3897 = CARTESIAN_POINT('',(5.485576875822,-81.20085534018));
#3898 = CARTESIAN_POINT('',(5.531965702568,-81.10400362159));
#3899 = CARTESIAN_POINT('',(5.578305841674,-81.01186710529));
#3900 = CARTESIAN_POINT('',(5.624626290443,-80.92490218339));
#3901 = CARTESIAN_POINT('',(5.670957415306,-80.84354895653));
#3902 = CARTESIAN_POINT('',(5.741066430037,-80.72967610436));
#3903 = CARTESIAN_POINT('',(5.764810266512,-80.69270876284));
#3904 = CARTESIAN_POINT('',(5.788565740023,-80.65738377353));
#3905 = CARTESIAN_POINT('',(5.812334997335,-80.62375803375));
#3906 = CARTESIAN_POINT('',(5.836119614107,-80.59188650321));
#3907 = CARTESIAN_POINT('',(5.929471661029,-80.47396851093));
#3908 = CARTESIAN_POINT('',(5.99922979108,-80.40146056526));
#3909 = CARTESIAN_POINT('',(6.0691271962,-80.3457803732));
#3910 = CARTESIAN_POINT('',(6.139126614809,-80.30798175071));
#3911 = CARTESIAN_POINT('',(6.20919911701,-80.28862803187));
#3912 = CARTESIAN_POINT('',(6.279962907036,-80.28776983904));
#3913 = CARTESIAN_POINT('',(6.28060738685,-80.28776358624));
#3914 = CARTESIAN_POINT('',(6.281251866824,-80.28775889664));
#3915 = CARTESIAN_POINT('',(6.281896346906,-80.28775577023));
#3916 = CARTESIAN_POINT('',(6.282540827042,-80.28775420703));
#3917 = CARTESIAN_POINT('',(6.28318530718,-80.28775420703));
#3918 = ( GEOMETRIC_REPRESENTATION_CONTEXT(2) 
PARAMETRIC_REPRESENTATION_CONTEXT() REPRESENTATION_CONTEXT('2D SPACE',''
  ) );
#3919 = PCURVE('',#1988,#3920);
#3920 = DEFINITIONAL_REPRESENTATION('',(#3921),#4084);
#3921 = B_SPLINE_CURVE_WITH_KNOTS('',6,(#3922,#3923,#3924,#3925,#3926,
    #3927,#3928,#3929,#3930,#3931,#3932,#3933,#3934,#3935,#3936,#3937,
    #3938,#3939,#3940,#3941,#3942,#3943,#3944,#3945,#3946,#3947,#3948,
    #3949,#3950,#3951,#3952,#3953,#3954,#3955,#3956,#3957,#3958,#3959,
    #3960,#3961,#3962,#3963,#3964,#3965,#3966,#3967,#3968,#3969,#3970,
    #3971,#3972,#3973,#3974,#3975,#3976,#3977,#3978,#3979,#3980,#3981,
    #3982,#3983,#3984,#3985,#3986,#3987,#3988,#3989,#3990,#3991,#3992,
    #3993,#3994,#3995,#3996,#3997,#3998,#3999,#4000,#4001,#4002,#4003,
    #4004,#4005,#4006,#4007,#4008,#4009,#4010,#4011,#4012,#4013,#4014,
    #4015,#4016,#4017,#4018,#4019,#4020,#4021,#4022,#4023,#4024,#4025,
    #4026,#4027,#4028,#4029,#4030,#4031,#4032,#4033,#4034,#4035,#4036,
    #4037,#4038,#4039,#4040,#4041,#4042,#4043,#4044,#4045,#4046,#4047,
    #4048,#4049,#4050,#4051,#4052,#4053,#4054,#4055,#4056,#4057,#4058,
    #4059,#4060,#4061,#4062,#4063,#4064,#4065,#4066,#4067,#4068,#4069,
    #4070,#4071,#4072,#4073,#4074,#4075,#4076,#4077,#4078,#4079,#4080,
    #4081,#4082,#4083),.UNSPECIFIED.,.F.,.F.,(7,5,5,5,5,5,5,5,5,5,5,5,5,
    5,5,5,5,5,5,5,5,5,5,5,5,5,5,5,5,5,5,5,7),(0.,6.895002516561E-02,
    9.223607314196E-02,0.138593637865,0.183789569671,0.229400730089,
    0.306509927821,0.309355220212,0.309778836531,0.310270217298,
    0.310761584328,0.311083507743,0.311540969707,0.312032308369,
    0.312523638834,0.313014962645,0.395184919628,0.428194444852,
    0.449815704786,0.4997226668,0.550049139119,0.571592777436,
    0.604391601514,0.634955440713,0.652778767635,0.692497570824,
    0.742517999128,0.796831425424,0.861366118472,0.907253442072,
    0.930739221676,0.999369209047,1.),.UNSPECIFIED.);
#3922 = CARTESIAN_POINT('',(1.953041983991,548.64));
#3923 = CARTESIAN_POINT('',(1.953041983991,548.92217808622));
#3924 = CARTESIAN_POINT('',(1.953687820388,549.20417665651));
#3925 = CARTESIAN_POINT('',(1.954977974517,549.48335740211));
#3926 = CARTESIAN_POINT('',(1.956897054612,549.75709301687));
#3927 = CARTESIAN_POINT('',(1.959416161407,550.02283364264));
#3928 = CARTESIAN_POINT('',(1.963531803345,550.36441835294));
#3929 = CARTESIAN_POINT('',(1.964634778787,550.4494984034));
#3930 = CARTESIAN_POINT('',(1.965800275142,550.53334137797));
#3931 = CARTESIAN_POINT('',(1.967026831379,550.61587099386));
#3932 = CARTESIAN_POINT('',(1.968312939254,550.69701485827));
#3933 = CARTESIAN_POINT('',(1.972332868358,550.93534951914));
#3934 = CARTESIAN_POINT('',(1.975238030214,551.08819894649));
#3935 = CARTESIAN_POINT('',(1.978360921474,551.23475779912));
#3936 = CARTESIAN_POINT('',(1.981689396096,551.37453982537));
#3937 = CARTESIAN_POINT('',(1.985210728254,551.50706729831));
#3938 = CARTESIAN_POINT('',(1.992519678008,551.75354704222));
#3939 = CARTESIAN_POINT('',(1.996299041926,551.86790287654));
#3940 = CARTESIAN_POINT('',(2.000238019477,551.97451931834));
#3941 = CARTESIAN_POINT('',(2.004324585622,552.07297710548));
#3942 = CARTESIAN_POINT('',(2.008546292112,552.16285633785));
#3943 = CARTESIAN_POINT('',(2.017274068563,552.3253588809));
#3944 = CARTESIAN_POINT('',(2.021783357193,552.39783381714));
#3945 = CARTESIAN_POINT('',(2.026402743976,552.46068071034));
#3946 = CARTESIAN_POINT('',(2.031116203376,552.51344953383));
#3947 = CARTESIAN_POINT('',(2.035906985514,552.55572002969));
#3948 = CARTESIAN_POINT('',(2.048957857532,552.64015384653));
#3949 = CARTESIAN_POINT('',(2.057345423148,552.66219008668));
#3950 = CARTESIAN_POINT('',(2.065797858118,552.65084298519));
#3951 = CARTESIAN_POINT('',(2.074188374914,552.60498657566));
#3952 = CARTESIAN_POINT('',(2.082392399838,552.52469722539));
#3953 = CARTESIAN_POINT('',(2.090586873296,552.40705390077));
#3954 = CARTESIAN_POINT('',(2.090878046396,552.40282265027));
#3955 = CARTESIAN_POINT('',(2.091168778913,552.39854667512));
#3956 = CARTESIAN_POINT('',(2.091459067355,552.39422602424));
#3957 = CARTESIAN_POINT('',(2.091748906613,552.38986077186));
#3958 = CARTESIAN_POINT('',(2.092081374292,552.38479447912));
#3959 = CARTESIAN_POINT('',(2.092124448515,552.38413695421));
#3960 = CARTESIAN_POINT('',(2.092167512612,552.38347844316));
#3961 = CARTESIAN_POINT('',(2.092210566564,552.38281894629));
#3962 = CARTESIAN_POINT('',(2.092253610348,552.38215846392));
#3963 = CARTESIAN_POINT('',(2.092346561476,552.38072971609));
#3964 = CARTESIAN_POINT('',(2.0923964653,552.37996111024));
#3965 = CARTESIAN_POINT('',(2.092446355383,552.37919117928));
#3966 = CARTESIAN_POINT('',(2.092496231693,552.37841992373));
#3967 = CARTESIAN_POINT('',(2.092546094197,552.37764734408));
#3968 = CARTESIAN_POINT('',(2.092645790135,552.37609955922));
#3969 = CARTESIAN_POINT('',(2.09269562357,552.37532435409));
#3970 = CARTESIAN_POINT('',(2.092745443134,552.37454782594));
#3971 = CARTESIAN_POINT('',(2.092795248796,552.37376997528));
#3972 = CARTESIAN_POINT('',(2.092845040523,552.37299080262));
#3973 = CARTESIAN_POINT('',(2.092927430619,552.37169896089));
#3974 = CARTESIAN_POINT('',(2.092960036959,552.37118704608));
#3975 = CARTESIAN_POINT('',(2.092992637295,552.37067456418));
#3976 = CARTESIAN_POINT('',(2.093025231618,552.37016151535));
#3977 = CARTESIAN_POINT('',(2.093057819918,552.36964789972));
#3978 = CARTESIAN_POINT('',(2.09313670248,552.36840305039));
#3979 = CARTESIAN_POINT('',(2.093182990594,552.36767123909));
#3980 = CARTESIAN_POINT('',(2.093229266502,552.36693828395));
#3981 = CARTESIAN_POINT('',(2.093275530178,552.36620418541));
#3982 = CARTESIAN_POINT('',(2.093321781596,552.36546894388));
#3983 = CARTESIAN_POINT('',(2.093417684038,552.3639416438));
#3984 = CARTESIAN_POINT('',(2.093467333176,552.36314940977));
#3985 = CARTESIAN_POINT('',(2.09351696811,552.3623558582));
#3986 = CARTESIAN_POINT('',(2.09356658881,552.36156098963));
#3987 = CARTESIAN_POINT('',(2.093616195242,552.36076480458));
#3988 = CARTESIAN_POINT('',(2.09371537868,552.3591698159));
#3989 = CARTESIAN_POINT('',(2.093764955687,552.35837101231));
#3990 = CARTESIAN_POINT('',(2.093814518362,552.35757089335));
#3991 = CARTESIAN_POINT('',(2.093864066674,552.35676945956));
#3992 = CARTESIAN_POINT('',(2.093913600591,552.35596671146));
#3993 = CARTESIAN_POINT('',(2.0940126389,552.35435859864));
#3994 = CARTESIAN_POINT('',(2.094062143292,552.35355323394));
#3995 = CARTESIAN_POINT('',(2.094111633225,552.35274655606));
#3996 = CARTESIAN_POINT('',(2.094161108668,552.35193856554));
#3997 = CARTESIAN_POINT('',(2.094210569587,552.35112926291));
#3998 = CARTESIAN_POINT('',(2.102529522779,552.21474994424));
#3999 = CARTESIAN_POINT('',(2.110371114183,552.04283892221));
#4000 = CARTESIAN_POINT('',(2.117659254328,551.83715436857));
#4001 = CARTESIAN_POINT('',(2.124286490911,551.60164400318));
#4002 = CARTESIAN_POINT('',(2.130171117978,551.34146918185));
#4003 = CARTESIAN_POINT('',(2.137313498861,550.95087394189));
#4004 = CARTESIAN_POINT('',(2.139235433749,550.83582219065));
#4005 = CARTESIAN_POINT('',(2.141030672329,550.71794541601));
#4006 = CARTESIAN_POINT('',(2.142697864408,550.59753005144));
#4007 = CARTESIAN_POINT('',(2.144235991132,550.47486373096));
#4008 = CARTESIAN_POINT('',(2.146566850758,550.26860358083));
#4009 = CARTESIAN_POINT('',(2.147433759775,550.18612183972));
#4010 = CARTESIAN_POINT('',(2.148244965121,550.10286424581));
#4011 = CARTESIAN_POINT('',(2.149000381437,550.01890249644));
#4012 = CARTESIAN_POINT('',(2.149699964931,549.93430580636));
#4013 = CARTESIAN_POINT('',(2.151829636432,549.65256025611));
#4014 = CARTESIAN_POINT('',(2.153017815855,549.45298504263));
#4015 = CARTESIAN_POINT('',(2.15390861723,549.25118983306));
#4016 = CARTESIAN_POINT('',(2.154502319594,549.04793342547));
#4017 = CARTESIAN_POINT('',(2.154799116382,548.84395995522));
#4018 = CARTESIAN_POINT('',(2.154799116382,548.43432558853));
#4019 = CARTESIAN_POINT('',(2.154497309185,548.22863704047));
#4020 = CARTESIAN_POINT('',(2.153893580335,548.02368370845));
#4021 = CARTESIAN_POINT('',(2.152987731014,547.82022902424));
#4022 = CARTESIAN_POINT('',(2.151779477101,547.61905167977));
#4023 = CARTESIAN_POINT('',(2.149621610521,547.33614253896));
#4024 = CARTESIAN_POINT('',(2.148919338578,547.25190756636));
#4025 = CARTESIAN_POINT('',(2.148161636034,547.16830803872));
#4026 = CARTESIAN_POINT('',(2.147348548158,547.08541256033));
#4027 = CARTESIAN_POINT('',(2.146480161849,547.00329219136));
#4028 = CARTESIAN_POINT('',(2.144150549828,546.7982893687));
#4029 = CARTESIAN_POINT('',(2.142616411959,546.67650640627));
#4030 = CARTESIAN_POINT('',(2.140954879067,546.55695536163));
#4031 = CARTESIAN_POINT('',(2.139166962691,546.43991876466));
#4032 = CARTESIAN_POINT('',(2.137253998881,546.32567787404));
#4033 = CARTESIAN_POINT('',(2.133320058965,546.11092252435));
#4034 = CARTESIAN_POINT('',(2.131315267084,546.01000009345));
#4035 = CARTESIAN_POINT('',(2.129205332418,545.91201201223));
#4036 = CARTESIAN_POINT('',(2.126992753341,545.81721360688));
#4037 = CARTESIAN_POINT('',(2.124680452526,545.72584886619));
#4038 = CARTESIAN_POINT('',(2.120867133395,545.58700897907));
#4039 = CARTESIAN_POINT('',(2.11942985967,545.53711905272));
#4040 = CARTESIAN_POINT('',(2.117960709573,545.48853019799));
#4041 = CARTESIAN_POINT('',(2.116460548922,545.44129057206));
#4042 = CARTESIAN_POINT('',(2.114930341345,545.39544691769));
#4043 = CARTESIAN_POINT('',(2.109896528607,545.25209511449));
#4044 = CARTESIAN_POINT('',(2.106277176887,545.1602804866));
#4045 = CARTESIAN_POINT('',(2.102525933873,545.0761369074));
#4046 = CARTESIAN_POINT('',(2.098657119486,545.00010145742));
#4047 = CARTESIAN_POINT('',(2.094686442421,544.93251190224));
#4048 = CARTESIAN_POINT('',(2.08552351816,544.79942321699));
#4049 = CARTESIAN_POINT('',(2.0802842319,544.73905163845));
#4050 = CARTESIAN_POINT('',(2.074945783943,544.69291615594));
#4051 = CARTESIAN_POINT('',(2.069543084044,544.6611975592));
#4052 = CARTESIAN_POINT('',(2.064112278768,544.64382701566));
#4053 = CARTESIAN_POINT('',(2.052801961628,544.63684577973));
#4054 = CARTESIAN_POINT('',(2.046924893861,544.64974602055));
#4055 = CARTESIAN_POINT('',(2.04109367167,544.67874793038));
#4056 = CARTESIAN_POINT('',(2.035342657579,544.72327758845));
#4057 = CARTESIAN_POINT('',(2.029704954091,544.78262311693));
#4058 = CARTESIAN_POINT('',(2.017684984435,544.94304966396));
#4059 = CARTESIAN_POINT('',(2.011359310471,545.04992232982));
#4060 = CARTESIAN_POINT('',(2.005274984001,545.17533803047));
#4061 = CARTESIAN_POINT('',(1.999469889337,545.31807391847));
#4062 = CARTESIAN_POINT('',(1.993979894349,545.47689964906));
#4063 = CARTESIAN_POINT('',(1.985183762625,545.77406656074));
#4064 = CARTESIAN_POINT('',(1.981703992595,545.90509914559));
#4065 = CARTESIAN_POINT('',(1.978412680107,546.04321938533));
#4066 = CARTESIAN_POINT('',(1.975322113695,546.18796604943));
#4067 = CARTESIAN_POINT('',(1.972444030104,546.3388698145));
#4068 = CARTESIAN_POINT('',(1.96843110556,546.57559462955));
#4069 = CARTESIAN_POINT('',(1.967131287451,546.65721595045));
#4070 = CARTESIAN_POINT('',(1.965891789397,546.74024724582));
#4071 = CARTESIAN_POINT('',(1.964714154004,546.82461471325));
#4072 = CARTESIAN_POINT('',(1.963599875891,546.91024056147));
#4073 = CARTESIAN_POINT('',(1.959483635264,547.25069654309));
#4074 = CARTESIAN_POINT('',(1.956967231879,547.51464248656));
#4075 = CARTESIAN_POINT('',(1.955042997906,547.78653024471));
#4076 = CARTESIAN_POINT('',(1.953739487997,548.06386056471));
#4077 = CARTESIAN_POINT('',(1.953072115913,548.34405737482));
#4078 = CARTESIAN_POINT('',(1.953042523026,548.62711041869));
#4079 = CARTESIAN_POINT('',(1.953042307412,548.62968832638));
#4080 = CARTESIAN_POINT('',(1.953042145701,548.6322662405));
#4081 = CARTESIAN_POINT('',(1.953042037894,548.6348441589));
#4082 = CARTESIAN_POINT('',(1.953041983991,548.63742207945));
#4083 = CARTESIAN_POINT('',(1.953041983991,548.64));
#4084 = ( GEOMETRIC_REPRESENTATION_CONTEXT(2) 
PARAMETRIC_REPRESENTATION_CONTEXT() REPRESENTATION_CONTEXT('2D SPACE',''
  ) );
#4085 = ORIENTED_EDGE('',*,*,#4086,.T.);
#4086 = EDGE_CURVE('',#3587,#1020,#4087,.T.);
#4087 = SEAM_CURVE('',#4088,(#4092,#4099),.PCURVE_S1.);
#4088 = LINE('',#4089,#4090);
#4089 = CARTESIAN_POINT('',(52.,3.464101615138,548.64));
#4090 = VECTOR('',#4091,1.);
#4091 = DIRECTION('',(-0.866025403784,0.5,-0.));
#4092 = PCURVE('',#1213,#4093);
#4093 = DEFINITIONAL_REPRESENTATION('',(#4094),#4098);
#4094 = LINE('',#4095,#4096);
#4095 = CARTESIAN_POINT('',(6.28318530718,0.));
#4096 = VECTOR('',#4097,1.);
#4097 = DIRECTION('',(0.,-1.));
#4098 = ( GEOMETRIC_REPRESENTATION_CONTEXT(2) 
PARAMETRIC_REPRESENTATION_CONTEXT() REPRESENTATION_CONTEXT('2D SPACE',''
  ) );
#4099 = PCURVE('',#1213,#4100);
#4100 = DEFINITIONAL_REPRESENTATION('',(#4101),#4105);
#4101 = LINE('',#4102,#4103);
#4102 = CARTESIAN_POINT('',(0.,0.));
#4103 = VECTOR('',#4104,1.);
#4104 = DIRECTION('',(0.,-1.));
#4105 = ( GEOMETRIC_REPRESENTATION_CONTEXT(2) 
PARAMETRIC_REPRESENTATION_CONTEXT() REPRESENTATION_CONTEXT('2D SPACE',''
  ) );
#4106 = ORIENTED_EDGE('',*,*,#1019,.T.);
#4107 = ORIENTED_EDGE('',*,*,#4086,.F.);
#4108 = ADVANCED_FACE('',(#4109),#1372,.F.);
#4109 = FACE_BOUND('',#4110,.F.);
#4110 = EDGE_LOOP('',(#4111,#4112,#4135,#4423,#4424,#4425));
#4111 = ORIENTED_EDGE('',*,*,#1316,.F.);
#4112 = ORIENTED_EDGE('',*,*,#4113,.T.);
#4113 = EDGE_CURVE('',#1317,#4114,#4116,.T.);
#4114 = VERTEX_POINT('',#4115);
#4115 = CARTESIAN_POINT('',(-46.53123475609,-6.621494700842,548.64));
#4116 = SEAM_CURVE('',#4117,(#4121,#4128),.PCURVE_S1.);
#4117 = LINE('',#4118,#4119);
#4118 = CARTESIAN_POINT('',(-52.,-3.464101615138,548.64));
#4119 = VECTOR('',#4120,1.);
#4120 = DIRECTION('',(0.866025403784,-0.5,-0.));
#4121 = PCURVE('',#1372,#4122);
#4122 = DEFINITIONAL_REPRESENTATION('',(#4123),#4127);
#4123 = LINE('',#4124,#4125);
#4124 = CARTESIAN_POINT('',(6.28318530718,0.));
#4125 = VECTOR('',#4126,1.);
#4126 = DIRECTION('',(0.,-1.));
#4127 = ( GEOMETRIC_REPRESENTATION_CONTEXT(2) 
PARAMETRIC_REPRESENTATION_CONTEXT() REPRESENTATION_CONTEXT('2D SPACE',''
  ) );
#4128 = PCURVE('',#1372,#4129);
#4129 = DEFINITIONAL_REPRESENTATION('',(#4130),#4134);
#4130 = LINE('',#4131,#4132);
#4131 = CARTESIAN_POINT('',(0.,0.));
#4132 = VECTOR('',#4133,1.);
#4133 = DIRECTION('',(0.,-1.));
#4134 = ( GEOMETRIC_REPRESENTATION_CONTEXT(2) 
PARAMETRIC_REPRESENTATION_CONTEXT() REPRESENTATION_CONTEXT('2D SPACE',''
  ) );
#4135 = ORIENTED_EDGE('',*,*,#4136,.T.);
#4136 = EDGE_CURVE('',#4114,#4114,#4137,.T.);
#4137 = SURFACE_CURVE('',#4138,(#4231,#4327),.PCURVE_S1.);
#4138 = B_SPLINE_CURVE_WITH_KNOTS('',6,(#4139,#4140,#4141,#4142,#4143,
    #4144,#4145,#4146,#4147,#4148,#4149,#4150,#4151,#4152,#4153,#4154,
    #4155,#4156,#4157,#4158,#4159,#4160,#4161,#4162,#4163,#4164,#4165,
    #4166,#4167,#4168,#4169,#4170,#4171,#4172,#4173,#4174,#4175,#4176,
    #4177,#4178,#4179,#4180,#4181,#4182,#4183,#4184,#4185,#4186,#4187,
    #4188,#4189,#4190,#4191,#4192,#4193,#4194,#4195,#4196,#4197,#4198,
    #4199,#4200,#4201,#4202,#4203,#4204,#4205,#4206,#4207,#4208,#4209,
    #4210,#4211,#4212,#4213,#4214,#4215,#4216,#4217,#4218,#4219,#4220,
    #4221,#4222,#4223,#4224,#4225,#4226,#4227,#4228,#4229,#4230),
  .UNSPECIFIED.,.T.,.F.,(7,5,5,5,5,5,5,5,5,5,5,5,5,5,5,5,5,5,7),(0.,
    6.894344437117E-02,0.138601530699,0.18381700901,0.229447914587,
    0.273238351375,0.347504211117,0.395883454139,0.429284205813,
    0.499608792938,0.549446937478,0.605129384789,0.65301334526,
    0.691914652218,0.741789849125,0.798555976173,0.862298725659,
    0.907992395135,1.),.UNSPECIFIED.);
#4139 = CARTESIAN_POINT('',(-46.53123475609,-6.621494700842,548.64));
#4140 = CARTESIAN_POINT('',(-46.53123475609,-6.621494700842,
    548.9221780617));
#4141 = CARTESIAN_POINT('',(-46.53551113399,-6.591443127783,
    549.20417660366));
#4142 = CARTESIAN_POINT('',(-46.54405399334,-6.531410737508,
    549.48335732743));
#4143 = CARTESIAN_POINT('',(-46.55661532431,-6.442092716686,
    549.75709293842));
#4144 = CARTESIAN_POINT('',(-46.57271624236,-6.324793360423,
    550.02283358701));
#4145 = CARTESIAN_POINT('',(-46.6109490906,-6.036619073451,
    550.53617605175));
#4146 = CARTESIAN_POINT('',(-46.6331441606,-5.865182769013,
    550.78359508506));
#4147 = CARTESIAN_POINT('',(-46.65772738914,-5.668758240631,
    551.01861350576));
#4148 = CARTESIAN_POINT('',(-46.68400798475,-5.449145869435,
    551.23945706637));
#4149 = CARTESIAN_POINT('',(-46.71125618254,-5.208339438228,
    551.44441801433));
#4150 = CARTESIAN_POINT('',(-46.75661807137,-4.779897959899,
    551.7535475856));
#4151 = CARTESIAN_POINT('',(-46.77459026031,-4.603177625602,
    551.86790347775));
#4152 = CARTESIAN_POINT('',(-46.79249170089,-4.41891040194,
    551.97451973656));
#4153 = CARTESIAN_POINT('',(-46.81013783873,-4.227650872342,
    552.07297729278));
#4154 = CARTESIAN_POINT('',(-46.82735283792,-4.029976359436,
    552.16285637165));
#4155 = CARTESIAN_POINT('',(-46.86074957438,-3.62113270393,
    552.3253588809));
#4156 = CARTESIAN_POINT('',(-46.87692403774,-3.409811468484,
    552.39783381714));
#4157 = CARTESIAN_POINT('',(-46.89232290872,-3.193242136491,
    552.46068071034));
#4158 = CARTESIAN_POINT('',(-46.90678812027,-2.97217681471,
    552.51344953384));
#4159 = CARTESIAN_POINT('',(-46.9201847764,-2.747405006049,
    552.55572002969));
#4160 = CARTESIAN_POINT('',(-46.94413637602,-2.301287809479,
    552.61721690178));
#4161 = CARTESIAN_POINT('',(-46.95478601539,-2.08013574049,
    552.63730843685));
#4162 = CARTESIAN_POINT('',(-46.96424899661,-1.857261620509,
    552.64699487959));
#4163 = CARTESIAN_POINT('',(-46.97245324613,-1.633640406756,
    552.64599220314));
#4164 = CARTESIAN_POINT('',(-46.97936304681,-1.410258305262,
    552.63411324567));
#4165 = CARTESIAN_POINT('',(-46.99450730986,-0.811364243977,
    552.57252266164));
#4166 = CARTESIAN_POINT('',(-47.000316106,-0.438206531896,
    552.50223970065));
#4167 = CARTESIAN_POINT('',(-47.00238913843,-7.454945047598E-02,
    552.40010678235));
#4168 = CARTESIAN_POINT('',(-47.00109637596,0.274001663767,
    552.26719966713));
#4169 = CARTESIAN_POINT('',(-46.99712484863,0.602476904679,
    552.10588910622));
#4170 = CARTESIAN_POINT('',(-46.98742139294,1.105250660219,
    551.79851317602));
#4171 = CARTESIAN_POINT('',(-46.98278629338,1.293346168014,
    551.66675348236));
#4172 = CARTESIAN_POINT('',(-46.97755408935,1.470381976167,
    551.52532630694));
#4173 = CARTESIAN_POINT('',(-46.9719429331,1.635662755696,
    551.37517219785));
#4174 = CARTESIAN_POINT('',(-46.9661632935,1.788633437613,
    551.21732831277));
#4175 = CARTESIAN_POINT('',(-46.95642517725,2.025716271268,
    550.93942618912));
#4176 = CARTESIAN_POINT('',(-46.95245534832,2.116518324338,
    550.82276008384));
#4177 = CARTESIAN_POINT('',(-46.94855258589,2.201214735098,
    550.70322378016));
#4178 = CARTESIAN_POINT('',(-46.94477050927,2.279743657288,
    550.58111276733));
#4179 = CARTESIAN_POINT('',(-46.9411567228,2.352059240913,
    550.45672346724));
#4180 = CARTESIAN_POINT('',(-46.93058596088,2.557245676319,
    550.06428334063));
#4181 = CARTESIAN_POINT('',(-46.92435094445,2.668641657257,
    549.78951237976));
#4182 = CARTESIAN_POINT('',(-46.91941871649,2.752312665438,
    549.50836785597));
#4183 = CARTESIAN_POINT('',(-46.91603559773,2.808280746951,
    549.2230480048));
#4184 = CARTESIAN_POINT('',(-46.91432405933,2.836582187536,
    548.93567827872));
#4185 = CARTESIAN_POINT('',(-46.91425476066,2.837728048619,
    548.44475455719));
#4186 = CARTESIAN_POINT('',(-46.91506524635,2.824326555293,
    548.24110848683));
#4187 = CARTESIAN_POINT('',(-46.91671585553,2.797043661837,
    548.03815603909));
#4188 = CARTESIAN_POINT('',(-46.91917702211,2.755868527371,
    547.83663689416));
#4189 = CARTESIAN_POINT('',(-46.92238849076,2.700784411215,
    547.63730511192));
#4190 = CARTESIAN_POINT('',(-46.93058357676,2.55466036498,
    547.22152735846));
#4191 = CARTESIAN_POINT('',(-46.93573241066,2.460131507344,
    547.00573136187));
#4192 = CARTESIAN_POINT('',(-46.94157609148,2.34819828115,
    546.79483295947));
#4193 = CARTESIAN_POINT('',(-46.947929771,2.218973083559,546.59013373971
    ));
#4194 = CARTESIAN_POINT('',(-46.95456008631,2.072662853473,
    546.39294640343));
#4195 = CARTESIAN_POINT('',(-46.96689508298,1.769313396034,
    546.04262273029));
#4196 = CARTESIAN_POINT('',(-46.97260011564,1.616627933211,
    545.88716395101));
#4197 = CARTESIAN_POINT('',(-46.97812381144,1.451918407768,
    545.73931862799));
#4198 = CARTESIAN_POINT('',(-46.98326117935,1.275735177588,
    545.60009250093));
#4199 = CARTESIAN_POINT('',(-46.9878004705,1.088764312203,
    545.47039623152));
#4200 = CARTESIAN_POINT('',(-46.99457463668,0.731822033461,
    545.2540823272));
#4201 = CARTESIAN_POINT('',(-46.9970813496,0.565281417789,
    545.16397186358));
#4202 = CARTESIAN_POINT('',(-46.99894735717,0.392767166578,
    545.08121707621));
#4203 = CARTESIAN_POINT('',(-47.00006927797,0.214913443272,
    545.00623070144));
#4204 = CARTESIAN_POINT('',(-47.00035839686,3.241632873413E-02,
    544.93933424248));
#4205 = CARTESIAN_POINT('',(-46.99896495548,-0.392935201828,
    544.80565743404));
#4206 = CARTESIAN_POINT('',(-46.99670384417,-0.638171542527,
    544.74427125048));
#4207 = CARTESIAN_POINT('',(-46.99282455904,-0.888141320436,
    544.69703579038));
#4208 = CARTESIAN_POINT('',(-46.9872473741,-1.141199843198,
    544.66414470593));
#4209 = CARTESIAN_POINT('',(-46.97996203984,-1.395642234975,
    544.64554270043));
#4210 = CARTESIAN_POINT('',(-46.96087901459,-1.938966603888,
    544.63565725234));
#4211 = CARTESIAN_POINT('',(-46.94859949709,-2.227674994207,
    544.64850459021));
#4212 = CARTESIAN_POINT('',(-46.93427585131,-2.513973992387,
    544.67897443873));
#4213 = CARTESIAN_POINT('',(-46.91808134381,-2.796004855686,
    544.72641227524));
#4214 = CARTESIAN_POINT('',(-46.90026896049,-3.071986875429,
    544.78999994243));
#4215 = CARTESIAN_POINT('',(-46.85969230269,-3.641488861984,
    544.95719890373));
#4216 = CARTESIAN_POINT('',(-46.83657630089,-3.933162411218,
    545.06481741159));
#4217 = CARTESIAN_POINT('',(-46.81220872213,-4.213466089411,
    545.19043894624));
#4218 = CARTESIAN_POINT('',(-46.7870632813,-4.480706532114,
    545.33288401662));
#4219 = CARTESIAN_POINT('',(-46.76165612181,-4.733291130714,
    545.490967468));
#4220 = CARTESIAN_POINT('',(-46.71849455481,-5.139193952664,
    545.78717244261));
#4221 = CARTESIAN_POINT('',(-46.70060570396,-5.300411451654,
    545.91830308523));
#4222 = CARTESIAN_POINT('',(-46.68304679474,-5.452782116613,
    546.05643889034));
#4223 = CARTESIAN_POINT('',(-46.66601850228,-5.595751084756,
    546.20112263156));
#4224 = CARTESIAN_POINT('',(-46.64971836779,-5.728790933635,
    546.35188887126));
#4225 = CARTESIAN_POINT('',(-46.60335722659,-6.098278817652,
    546.82313636911));
#4226 = CARTESIAN_POINT('',(-46.57602708514,-6.303399758725,
    547.16143442581));
#4227 = CARTESIAN_POINT('',(-46.5540426034,-6.461223001192,
    547.51808540827));
#4228 = CARTESIAN_POINT('',(-46.53885397233,-6.567950592193,
    547.88736302143));
#4229 = CARTESIAN_POINT('',(-46.53123475609,-6.621494700842,
    548.26334529361));
#4230 = CARTESIAN_POINT('',(-46.53123475609,-6.621494700842,548.64));
#4231 = PCURVE('',#1372,#4232);
#4232 = DEFINITIONAL_REPRESENTATION('',(#4233),#4326);
#4233 = B_SPLINE_CURVE_WITH_KNOTS('',6,(#4234,#4235,#4236,#4237,#4238,
    #4239,#4240,#4241,#4242,#4243,#4244,#4245,#4246,#4247,#4248,#4249,
    #4250,#4251,#4252,#4253,#4254,#4255,#4256,#4257,#4258,#4259,#4260,
    #4261,#4262,#4263,#4264,#4265,#4266,#4267,#4268,#4269,#4270,#4271,
    #4272,#4273,#4274,#4275,#4276,#4277,#4278,#4279,#4280,#4281,#4282,
    #4283,#4284,#4285,#4286,#4287,#4288,#4289,#4290,#4291,#4292,#4293,
    #4294,#4295,#4296,#4297,#4298,#4299,#4300,#4301,#4302,#4303,#4304,
    #4305,#4306,#4307,#4308,#4309,#4310,#4311,#4312,#4313,#4314,#4315,
    #4316,#4317,#4318,#4319,#4320,#4321,#4322,#4323,#4324,#4325),
  .UNSPECIFIED.,.F.,.F.,(7,5,5,5,5,5,5,5,5,5,5,5,5,5,5,5,5,5,7),(0.,
    6.894344437117E-02,0.138601530699,0.18381700901,0.229447914587,
    0.273238351375,0.347504211117,0.395883454139,0.429284205813,
    0.499608792938,0.549446937478,0.605129384789,0.65301334526,
    0.691914652218,0.741789849125,0.798555976173,0.862298725659,
    0.907992395135,1.),.UNSPECIFIED.);
#4234 = CARTESIAN_POINT('',(0.,-6.314786171408));
#4235 = CARTESIAN_POINT('',(7.054451542517E-02,-6.314786171408));
#4236 = CARTESIAN_POINT('',(0.141044110108,-6.296056932982));
#4237 = CARTESIAN_POINT('',(0.211471405123,-6.258642404626));
#4238 = CARTESIAN_POINT('',(0.281796555347,-6.203104962489));
#4239 = CARTESIAN_POINT('',(0.351981217981,-6.130511480304));
#4240 = CARTESIAN_POINT('',(0.492655400458,-5.95331371898));
#4241 = CARTESIAN_POINT('',(0.563149951297,-5.848374072305));
#4242 = CARTESIAN_POINT('',(0.633544970013,-5.728872107686));
#4243 = CARTESIAN_POINT('',(0.703931303671,-5.596306258664));
#4244 = CARTESIAN_POINT('',(0.774389590133,-5.45230541157));
#4245 = CARTESIAN_POINT('',(0.890825184584,-5.198800124316));
#4246 = CARTESIAN_POINT('',(0.936738406909,-5.094875584985));
#4247 = CARTESIAN_POINT('',(0.982769405394,-4.987238870847));
#4248 = CARTESIAN_POINT('',(1.028952475307,-4.876327102397));
#4249 = CARTESIAN_POINT('',(1.075322659471,-4.762581219319));
#4250 = CARTESIAN_POINT('',(1.168939566061,-4.529236969391));
#4251 = CARTESIAN_POINT('',(1.216200655398,-4.409568855502));
#4252 = CARTESIAN_POINT('',(1.263715443511,-4.28794837605));
#4253 = CARTESIAN_POINT('',(1.311502692751,-4.164888474489));
#4254 = CARTESIAN_POINT('',(1.359584177615,-4.040900725624));
#4255 = CARTESIAN_POINT('',(1.454431761758,-3.7970994336));
#4256 = CARTESIAN_POINT('',(1.501179952994,-3.677300540876));
#4257 = CARTESIAN_POINT('',(1.548201177913,-3.557668298747));
#4258 = CARTESIAN_POINT('',(1.595476412491,-3.438752603369));
#4259 = CARTESIAN_POINT('',(1.642990463879,-3.321077489703));
#4260 = CARTESIAN_POINT('',(1.771686235109,-3.008515142532));
#4261 = CARTESIAN_POINT('',(1.853278160656,-2.816905721467));
#4262 = CARTESIAN_POINT('',(1.935199938065,-2.633281882015));
#4263 = CARTESIAN_POINT('',(2.017195932546,-2.46012589003));
#4264 = CARTESIAN_POINT('',(2.099000076926,-2.299327713135));
#4265 = CARTESIAN_POINT('',(2.23323741742,-2.056344274497));
#4266 = CARTESIAN_POINT('',(2.28596010508,-1.966310634568));
#4267 = CARTESIAN_POINT('',(2.338431231286,-1.882323952101));
#4268 = CARTESIAN_POINT('',(2.390626505783,-1.804542966195));
#4269 = CARTESIAN_POINT('',(2.442513501652,-1.733062939954));
#4270 = CARTESIAN_POINT('',(2.529622961608,-1.62295497918));
#4271 = CARTESIAN_POINT('',(2.565043585158,-1.580991925352));
#4272 = CARTESIAN_POINT('',(2.600315099878,-1.542023611376));
#4273 = CARTESIAN_POINT('',(2.635443962474,-1.506034524719));
#4274 = CARTESIAN_POINT('',(2.670435396022,-1.473006363792));
#4275 = CARTESIAN_POINT('',(2.778686170362,-1.379567694447));
#4276 = CARTESIAN_POINT('',(2.851465380827,-1.329269386603));
#4277 = CARTESIAN_POINT('',(2.923794140892,-1.291705317216));
#4278 = CARTESIAN_POINT('',(2.995817506336,-1.266651143256));
#4279 = CARTESIAN_POINT('',(3.067672925213,-1.253982658691));
#4280 = CARTESIAN_POINT('',(3.190404124151,-1.25346974256));
#4281 = CARTESIAN_POINT('',(3.241309231556,-1.259468588031));
#4282 = CARTESIAN_POINT('',(3.292271894367,-1.271680565275));
#4283 = CARTESIAN_POINT('',(3.343344637864,-1.290136699725));
#4284 = CARTESIAN_POINT('',(3.394581271407,-1.314897544369));
#4285 = CARTESIAN_POINT('',(3.503536300106,-1.380862414821));
#4286 = CARTESIAN_POINT('',(3.561332228629,-1.423667822683));
#4287 = CARTESIAN_POINT('',(3.619458081261,-1.474573659738));
#4288 = CARTESIAN_POINT('',(3.677948508306,-1.533683810661));
#4289 = CARTESIAN_POINT('',(3.736846250375,-1.601096904215));
#4290 = CARTESIAN_POINT('',(3.84724917449,-1.742089212459));
#4291 = CARTESIAN_POINT('',(3.898641099578,-1.81349124066));
#4292 = CARTESIAN_POINT('',(3.950333911015,-1.891062342494));
#4293 = CARTESIAN_POINT('',(4.002295163285,-1.974704866471));
#4294 = CARTESIAN_POINT('',(4.054500222069,-2.06425915771));
#4295 = CARTESIAN_POINT('',(4.149517673714,-2.236863697076));
#4296 = CARTESIAN_POINT('',(4.192244281466,-2.317963127848));
#4297 = CARTESIAN_POINT('',(4.235060961055,-2.402604243496));
#4298 = CARTESIAN_POINT('',(4.277928834552,-2.490559493229));
#4299 = CARTESIAN_POINT('',(4.320810967417,-2.581557666194));
#4300 = CARTESIAN_POINT('',(4.418614860038,-2.79544018711));
#4301 = CARTESIAN_POINT('',(4.473492539181,-2.920016537298));
#4302 = CARTESIAN_POINT('',(4.528233061913,-3.048360985726));
#4303 = CARTESIAN_POINT('',(4.582770638392,-3.179720230941));
#4304 = CARTESIAN_POINT('',(4.637035608847,-3.313250711377));
#4305 = CARTESIAN_POINT('',(4.752309901956,-3.601439280481));
#4306 = CARTESIAN_POINT('',(4.813199362826,-3.756427849744));
#4307 = CARTESIAN_POINT('',(4.873632982586,-3.911981989954));
#4308 = CARTESIAN_POINT('',(4.933618145555,-4.067022276499));
#4309 = CARTESIAN_POINT('',(4.993152440504,-4.220439262829));
#4310 = CARTESIAN_POINT('',(5.118552788512,-4.540330672554));
#4311 = CARTESIAN_POINT('',(5.184334415442,-4.706186491968));
#4312 = CARTESIAN_POINT('',(5.249672927761,-4.8674412733));
#4313 = CARTESIAN_POINT('',(5.314662891285,-5.022838085202));
#4314 = CARTESIAN_POINT('',(5.379394467481,-5.171133630056));
#4315 = CARTESIAN_POINT('',(5.490243096192,-5.411464054517));
#4316 = CARTESIAN_POINT('',(5.536452675125,-5.507565003293));
#4317 = CARTESIAN_POINT('',(5.582616083395,-5.598956797218));
#4318 = CARTESIAN_POINT('',(5.628761750489,-5.685188215151));
#4319 = CARTESIAN_POINT('',(5.674919488259,-5.765824470142));
#4320 = CARTESIAN_POINT('',(5.814151220498,-5.990718338172));
#4321 = CARTESIAN_POINT('',(5.907561228843,-6.1169474055));
#4322 = CARTESIAN_POINT('',(6.001202985454,-6.21489814641));
#4323 = CARTESIAN_POINT('',(6.095026265419,-6.281415682259));
#4324 = CARTESIAN_POINT('',(6.189021630584,-6.314786171408));
#4325 = CARTESIAN_POINT('',(6.28318530718,-6.314786171408));
#4326 = ( GEOMETRIC_REPRESENTATION_CONTEXT(2) 
PARAMETRIC_REPRESENTATION_CONTEXT() REPRESENTATION_CONTEXT('2D SPACE',''
  ) );
#4327 = PCURVE('',#1988,#4328);
#4328 = DEFINITIONAL_REPRESENTATION('',(#4329),#4422);
#4329 = B_SPLINE_CURVE_WITH_KNOTS('',6,(#4330,#4331,#4332,#4333,#4334,
    #4335,#4336,#4337,#4338,#4339,#4340,#4341,#4342,#4343,#4344,#4345,
    #4346,#4347,#4348,#4349,#4350,#4351,#4352,#4353,#4354,#4355,#4356,
    #4357,#4358,#4359,#4360,#4361,#4362,#4363,#4364,#4365,#4366,#4367,
    #4368,#4369,#4370,#4371,#4372,#4373,#4374,#4375,#4376,#4377,#4378,
    #4379,#4380,#4381,#4382,#4383,#4384,#4385,#4386,#4387,#4388,#4389,
    #4390,#4391,#4392,#4393,#4394,#4395,#4396,#4397,#4398,#4399,#4400,
    #4401,#4402,#4403,#4404,#4405,#4406,#4407,#4408,#4409,#4410,#4411,
    #4412,#4413,#4414,#4415,#4416,#4417,#4418,#4419,#4420,#4421),
  .UNSPECIFIED.,.T.,.F.,(7,5,5,5,5,5,5,5,5,5,5,5,5,5,5,5,5,5,7),(0.,
    6.894344437117E-02,0.138601530699,0.18381700901,0.229447914587,
    0.273238351375,0.347504211117,0.395883454139,0.429284205813,
    0.499608792938,0.549446937478,0.605129384789,0.65301334526,
    0.691914652218,0.741789849125,0.798555976173,0.862298725659,
    0.907992395135,1.),.UNSPECIFIED.);
#4330 = CARTESIAN_POINT('',(3.282945771992,548.64));
#4331 = CARTESIAN_POINT('',(3.282945771992,548.9221780617));
#4332 = CARTESIAN_POINT('',(3.282299935706,549.20417660366));
#4333 = CARTESIAN_POINT('',(3.281009781837,549.48335732743));
#4334 = CARTESIAN_POINT('',(3.279090702019,549.75709293842));
#4335 = CARTESIAN_POINT('',(3.276571595246,550.02283358701));
#4336 = CARTESIAN_POINT('',(3.270386500561,550.53617605175));
#4337 = CARTESIAN_POINT('',(3.26670849426,550.78359508506));
#4338 = CARTESIAN_POINT('',(3.262496710829,551.01861350576));
#4339 = CARTESIAN_POINT('',(3.257790890707,551.23945706637));
#4340 = CARTESIAN_POINT('',(3.252634788783,551.44441801433));
#4341 = CARTESIAN_POINT('',(3.243468061862,551.7535475856));
#4342 = CARTESIAN_POINT('',(3.239688692774,551.86790347775));
#4343 = CARTESIAN_POINT('',(3.235749718734,551.97451973656));
#4344 = CARTESIAN_POINT('',(3.231663160775,552.07297729278));
#4345 = CARTESIAN_POINT('',(3.227441462056,552.16285637165));
#4346 = CARTESIAN_POINT('',(3.21871368742,552.3253588809));
#4347 = CARTESIAN_POINT('',(3.21420439879,552.39783381714));
#4348 = CARTESIAN_POINT('',(3.209585012008,552.46068071034));
#4349 = CARTESIAN_POINT('',(3.204871552607,552.51344953384));
#4350 = CARTESIAN_POINT('',(3.200080770469,552.55572002969));
#4351 = CARTESIAN_POINT('',(3.190575244874,552.61721690178));
#4352 = CARTESIAN_POINT('',(3.185864500858,552.63730843685));
#4353 = CARTESIAN_POINT('',(3.181118342427,552.64699487959));
#4354 = CARTESIAN_POINT('',(3.176357361674,552.64599220314));
#4355 = CARTESIAN_POINT('',(3.171602353453,552.63411324567));
#4356 = CARTESIAN_POINT('',(3.158855853293,552.57252266164));
#4357 = CARTESIAN_POINT('',(3.150915739856,552.50223970065));
#4358 = CARTESIAN_POINT('',(3.143178787733,552.40010678235));
#4359 = CARTESIAN_POINT('',(3.135763169342,552.26719966713));
#4360 = CARTESIAN_POINT('',(3.128774004652,552.10588910622));
#4361 = CARTESIAN_POINT('',(3.118074698601,551.79851317602));
#4362 = CARTESIAN_POINT('',(3.114071509015,551.66675348236));
#4363 = CARTESIAN_POINT('',(3.110303206512,551.52532630694));
#4364 = CARTESIAN_POINT('',(3.106784610282,551.37517219785));
#4365 = CARTESIAN_POINT('',(3.103527609894,551.21732831277));
#4366 = CARTESIAN_POINT('',(3.098479040858,550.93942618912));
#4367 = CARTESIAN_POINT('',(3.096545242872,550.82276008384));
#4368 = CARTESIAN_POINT('',(3.094741286821,550.70322378016));
#4369 = CARTESIAN_POINT('',(3.09306852698,550.58111276733));
#4370 = CARTESIAN_POINT('',(3.091527978802,550.45672346724));
#4371 = CARTESIAN_POINT('',(3.087156520369,550.06428334063));
#4372 = CARTESIAN_POINT('',(3.084782705062,549.78951237976));
#4373 = CARTESIAN_POINT('',(3.082999387485,549.50836785597));
#4374 = CARTESIAN_POINT('',(3.081806398796,549.2230480048));
#4375 = CARTESIAN_POINT('',(3.081203142106,548.93567827872));
#4376 = CARTESIAN_POINT('',(3.081178717538,548.44475455719));
#4377 = CARTESIAN_POINT('',(3.081464376442,548.24110848683));
#4378 = CARTESIAN_POINT('',(3.082045925545,548.03815603909));
#4379 = CARTESIAN_POINT('',(3.082923555022,547.83663689416));
#4380 = CARTESIAN_POINT('',(3.084097544992,547.63730511192));
#4381 = CARTESIAN_POINT('',(3.087211452836,547.22152735846));
#4382 = CARTESIAN_POINT('',(3.089225683527,547.00573136187));
#4383 = CARTESIAN_POINT('',(3.09161047585,546.79483295947));
#4384 = CARTESIAN_POINT('',(3.09436324502,546.59013373971));
#4385 = CARTESIAN_POINT('',(3.097479390081,546.39294640343));
#4386 = CARTESIAN_POINT('',(3.103938967544,546.04262273029));
#4387 = CARTESIAN_POINT('',(3.107189844071,545.88716395101));
#4388 = CARTESIAN_POINT('',(3.110696230422,545.73931862799));
#4389 = CARTESIAN_POINT('',(3.114446342497,545.60009250093));
#4390 = CARTESIAN_POINT('',(3.118425562075,545.47039623152));
#4391 = CARTESIAN_POINT('',(3.126021446205,545.2540823272));
#4392 = CARTESIAN_POINT('',(3.129565237827,545.16397186358));
#4393 = CARTESIAN_POINT('',(3.133235916772,545.08121707621));
#4394 = CARTESIAN_POINT('',(3.137020052937,545.00623070144));
#4395 = CARTESIAN_POINT('',(3.140902929048,544.93933424248));
#4396 = CARTESIAN_POINT('',(3.149953010175,544.80565743404));
#4397 = CARTESIAN_POINT('',(3.155170934701,544.74427125048));
#4398 = CARTESIAN_POINT('',(3.160489917696,544.69703579038));
#4399 = CARTESIAN_POINT('',(3.165875275162,544.66414470593));
#4400 = CARTESIAN_POINT('',(3.171291047396,544.64554270043));
#4401 = CARTESIAN_POINT('',(3.182858268448,544.63565725234));
#4402 = CARTESIAN_POINT('',(3.189006384731,544.64850459021));
#4403 = CARTESIAN_POINT('',(3.195105218648,544.67897443873));
#4404 = CARTESIAN_POINT('',(3.201115524952,544.72641227524));
#4405 = CARTESIAN_POINT('',(3.206999569934,544.78999994243));
#4406 = CARTESIAN_POINT('',(3.219147350515,544.95719890373));
#4407 = CARTESIAN_POINT('',(3.225372430801,545.06481741159));
#4408 = CARTESIAN_POINT('',(3.23135858719,545.19043894624));
#4409 = CARTESIAN_POINT('',(3.237069478127,545.33288401662));
#4410 = CARTESIAN_POINT('',(3.242470652336,545.490967468));
#4411 = CARTESIAN_POINT('',(3.251155570598,545.78717244261));
#4412 = CARTESIAN_POINT('',(3.254606745949,545.91830308523));
#4413 = CARTESIAN_POINT('',(3.257870090206,546.05643889034));
#4414 = CARTESIAN_POINT('',(3.260933455231,546.20112263156));
#4415 = CARTESIAN_POINT('',(3.263785245045,546.35188887126));
#4416 = CARTESIAN_POINT('',(3.271708331969,546.82313636911));
#4417 = CARTESIAN_POINT('',(3.27611104513,547.16143442581));
#4418 = CARTESIAN_POINT('',(3.279501373389,547.51808540827));
#4419 = CARTESIAN_POINT('',(3.281795061155,547.88736302143));
#4420 = CARTESIAN_POINT('',(3.282945771992,548.26334529361));
#4421 = CARTESIAN_POINT('',(3.282945771992,548.64));
#4422 = ( GEOMETRIC_REPRESENTATION_CONTEXT(2) 
PARAMETRIC_REPRESENTATION_CONTEXT() REPRESENTATION_CONTEXT('2D SPACE',''
  ) );
#4423 = ORIENTED_EDGE('',*,*,#4113,.F.);
#4424 = ORIENTED_EDGE('',*,*,#1403,.F.);
#4425 = ORIENTED_EDGE('',*,*,#4426,.F.);
#4426 = EDGE_CURVE('',#1319,#1404,#4427,.T.);
#4427 = SURFACE_CURVE('',#4428,(#4433,#4440),.PCURVE_S1.);
#4428 = CIRCLE('',#4429,4.);
#4429 = AXIS2_PLACEMENT_3D('',#4430,#4431,#4432);
#4430 = CARTESIAN_POINT('',(-50.,6.123233995737E-15,548.64));
#4431 = DIRECTION('',(-0.866025403784,0.5,0.));
#4432 = DIRECTION('',(-0.5,-0.866025403784,0.));
#4433 = PCURVE('',#1372,#4434);
#4434 = DEFINITIONAL_REPRESENTATION('',(#4435),#4439);
#4435 = LINE('',#4436,#4437);
#4436 = CARTESIAN_POINT('',(0.,0.));
#4437 = VECTOR('',#4438,1.);
#4438 = DIRECTION('',(1.,0.));
#4439 = ( GEOMETRIC_REPRESENTATION_CONTEXT(2) 
PARAMETRIC_REPRESENTATION_CONTEXT() REPRESENTATION_CONTEXT('2D SPACE',''
  ) );
#4440 = PCURVE('',#1496,#4441);
#4441 = DEFINITIONAL_REPRESENTATION('',(#4442),#4446);
#4442 = CIRCLE('',#4443,4.);
#4443 = AXIS2_PLACEMENT_2D('',#4444,#4445);
#4444 = CARTESIAN_POINT('',(2.563950248511E-16,-3.49503809816E-16));
#4445 = DIRECTION('',(1.,0.));
#4446 = ( GEOMETRIC_REPRESENTATION_CONTEXT(2) 
PARAMETRIC_REPRESENTATION_CONTEXT() REPRESENTATION_CONTEXT('2D SPACE',''
  ) );
#4447 = ADVANCED_FACE('',(#4448),#1496,.F.);
#4448 = FACE_BOUND('',#4449,.F.);
#4449 = EDGE_LOOP('',(#4450,#4451));
#4450 = ORIENTED_EDGE('',*,*,#1483,.T.);
#4451 = ORIENTED_EDGE('',*,*,#4426,.T.);
#4452 = ADVANCED_FACE('',(#4453),#1595,.F.);
#4453 = FACE_BOUND('',#4454,.F.);
#4454 = EDGE_LOOP('',(#4455,#4479,#4502,#4790,#4791,#4813));
#4455 = ORIENTED_EDGE('',*,*,#4456,.F.);
#4456 = EDGE_CURVE('',#4457,#1510,#4459,.T.);
#4457 = VERTEX_POINT('',#4458);
#4458 = CARTESIAN_POINT('',(-3.464101615138,-48.,548.64));
#4459 = SURFACE_CURVE('',#4460,(#4465,#4472),.PCURVE_S1.);
#4460 = CIRCLE('',#4461,4.);
#4461 = AXIS2_PLACEMENT_3D('',#4462,#4463,#4464);
#4462 = CARTESIAN_POINT('',(-9.184850993605E-15,-50.,548.64));
#4463 = DIRECTION('',(-0.5,-0.866025403784,-0.));
#4464 = DIRECTION('',(-0.866025403784,0.5,0.));
#4465 = PCURVE('',#1595,#4466);
#4466 = DEFINITIONAL_REPRESENTATION('',(#4467),#4471);
#4467 = LINE('',#4468,#4469);
#4468 = CARTESIAN_POINT('',(0.,0.));
#4469 = VECTOR('',#4470,1.);
#4470 = DIRECTION('',(1.,0.));
#4471 = ( GEOMETRIC_REPRESENTATION_CONTEXT(2) 
PARAMETRIC_REPRESENTATION_CONTEXT() REPRESENTATION_CONTEXT('2D SPACE',''
  ) );
#4472 = PCURVE('',#1654,#4473);
#4473 = DEFINITIONAL_REPRESENTATION('',(#4474),#4478);
#4474 = CIRCLE('',#4475,4.);
#4475 = AXIS2_PLACEMENT_2D('',#4476,#4477);
#4476 = CARTESIAN_POINT('',(2.563950248511E-16,-3.49503809816E-16));
#4477 = DIRECTION('',(1.,0.));
#4478 = ( GEOMETRIC_REPRESENTATION_CONTEXT(2) 
PARAMETRIC_REPRESENTATION_CONTEXT() REPRESENTATION_CONTEXT('2D SPACE',''
  ) );
#4479 = ORIENTED_EDGE('',*,*,#4480,.T.);
#4480 = EDGE_CURVE('',#4457,#4481,#4483,.T.);
#4481 = VERTEX_POINT('',#4482);
#4482 = CARTESIAN_POINT('',(-2.837262562155,-46.91428291206,548.64));
#4483 = SEAM_CURVE('',#4484,(#4488,#4495),.PCURVE_S1.);
#4484 = LINE('',#4485,#4486);
#4485 = CARTESIAN_POINT('',(-3.464101615138,-48.,548.64));
#4486 = VECTOR('',#4487,1.);
#4487 = DIRECTION('',(0.5,0.866025403784,0.));
#4488 = PCURVE('',#1595,#4489);
#4489 = DEFINITIONAL_REPRESENTATION('',(#4490),#4494);
#4490 = LINE('',#4491,#4492);
#4491 = CARTESIAN_POINT('',(6.28318530718,0.));
#4492 = VECTOR('',#4493,1.);
#4493 = DIRECTION('',(0.,-1.));
#4494 = ( GEOMETRIC_REPRESENTATION_CONTEXT(2) 
PARAMETRIC_REPRESENTATION_CONTEXT() REPRESENTATION_CONTEXT('2D SPACE',''
  ) );
#4495 = PCURVE('',#1595,#4496);
#4496 = DEFINITIONAL_REPRESENTATION('',(#4497),#4501);
#4497 = LINE('',#4498,#4499);
#4498 = CARTESIAN_POINT('',(0.,0.));
#4499 = VECTOR('',#4500,1.);
#4500 = DIRECTION('',(0.,-1.));
#4501 = ( GEOMETRIC_REPRESENTATION_CONTEXT(2) 
PARAMETRIC_REPRESENTATION_CONTEXT() REPRESENTATION_CONTEXT('2D SPACE',''
  ) );
#4502 = ORIENTED_EDGE('',*,*,#4503,.T.);
#4503 = EDGE_CURVE('',#4481,#4481,#4504,.T.);
#4504 = SURFACE_CURVE('',#4505,(#4598,#4694),.PCURVE_S1.);
#4505 = B_SPLINE_CURVE_WITH_KNOTS('',6,(#4506,#4507,#4508,#4509,#4510,
    #4511,#4512,#4513,#4514,#4515,#4516,#4517,#4518,#4519,#4520,#4521,
    #4522,#4523,#4524,#4525,#4526,#4527,#4528,#4529,#4530,#4531,#4532,
    #4533,#4534,#4535,#4536,#4537,#4538,#4539,#4540,#4541,#4542,#4543,
    #4544,#4545,#4546,#4547,#4548,#4549,#4550,#4551,#4552,#4553,#4554,
    #4555,#4556,#4557,#4558,#4559,#4560,#4561,#4562,#4563,#4564,#4565,
    #4566,#4567,#4568,#4569,#4570,#4571,#4572,#4573,#4574,#4575,#4576,
    #4577,#4578,#4579,#4580,#4581,#4582,#4583,#4584,#4585,#4586,#4587,
    #4588,#4589,#4590,#4591,#4592,#4593,#4594,#4595,#4596,#4597),
  .UNSPECIFIED.,.T.,.F.,(7,5,5,5,5,5,5,5,5,5,5,5,5,5,5,5,5,5,7),(0.,
    0.105214212819,0.15306992535,0.191948283436,0.241794056985,
    0.298526695127,0.362231841147,0.407898554768,0.45321022694,
    0.49992915076,0.546221144445,0.591230820423,0.638574974735,
    0.683786702638,0.729413823349,0.77320062793,0.847460327676,
    0.895835557871,1.),.UNSPECIFIED.);
#4506 = CARTESIAN_POINT('',(-2.837262562155,-46.91428291206,548.64));
#4507 = CARTESIAN_POINT('',(-2.837262562155,-46.91428291206,
    548.21059353233));
#4508 = CARTESIAN_POINT('',(-2.775543324971,-46.91801560011,
    547.78039698688));
#4509 = CARTESIAN_POINT('',(-2.651676650907,-46.92550647736,
    547.35687015058));
#4510 = CARTESIAN_POINT('',(-2.465652946224,-46.93614628523,
    546.94766882643));
#4511 = CARTESIAN_POINT('',(-2.217924951943,-46.94865334259,
    546.56070260229));
#4512 = CARTESIAN_POINT('',(-1.76931339613,-46.96689508298,
    546.0426227304));
#4513 = CARTESIAN_POINT('',(-1.616627933203,-46.97260011564,
    545.88716395097));
#4514 = CARTESIAN_POINT('',(-1.451918407654,-46.97812381145,
    545.73931862789));
#4515 = CARTESIAN_POINT('',(-1.275735177529,-46.98326117935,
    545.60009250091));
#4516 = CARTESIAN_POINT('',(-1.088764312319,-46.9878004705,
    545.47039623159));
#4517 = CARTESIAN_POINT('',(-0.731822033461,-46.99457463668,
    545.2540823272));
#4518 = CARTESIAN_POINT('',(-0.565281417789,-46.9970813496,
    545.16397186358));
#4519 = CARTESIAN_POINT('',(-0.392767166578,-46.99894735717,
    545.08121707621));
#4520 = CARTESIAN_POINT('',(-0.214913443272,-47.00006927797,
    545.00623070144));
#4521 = CARTESIAN_POINT('',(-3.241632873411E-02,-47.00035839686,
    544.93933424248));
#4522 = CARTESIAN_POINT('',(0.392935198433,-46.99896495549,
    544.80565743511));
#4523 = CARTESIAN_POINT('',(0.638171548201,-46.99670384407,
    544.74427124945));
#4524 = CARTESIAN_POINT('',(0.888141320324,-46.99282455909,
    544.69703578991));
#4525 = CARTESIAN_POINT('',(1.141199837472,-46.98724737423,
    544.66414470674));
#4526 = CARTESIAN_POINT('',(1.395642238617,-46.97996203971,
    544.64554270036));
#4527 = CARTESIAN_POINT('',(1.938966598137,-46.96087901479,
    544.63565725245));
#4528 = CARTESIAN_POINT('',(2.227675003213,-46.94859949663,
    544.64850459121));
#4529 = CARTESIAN_POINT('',(2.513973992584,-46.93427585139,
    544.67897443795));
#4530 = CARTESIAN_POINT('',(2.796004846774,-46.9180813443,
    544.72641227388));
#4531 = CARTESIAN_POINT('',(3.071986880756,-46.90026896011,544.789999944
    ));
#4532 = CARTESIAN_POINT('',(3.641488861984,-46.85969230269,
    544.95719890373));
#4533 = CARTESIAN_POINT('',(3.933162411218,-46.83657630089,
    545.06481741159));
#4534 = CARTESIAN_POINT('',(4.213466089411,-46.81220872213,
    545.19043894624));
#4535 = CARTESIAN_POINT('',(4.480706532114,-46.7870632813,
    545.33288401662));
#4536 = CARTESIAN_POINT('',(4.733291130714,-46.76165612181,545.490967468
    ));
#4537 = CARTESIAN_POINT('',(5.139193952664,-46.71849455481,
    545.78717244261));
#4538 = CARTESIAN_POINT('',(5.300411451654,-46.70060570396,
    545.91830308523));
#4539 = CARTESIAN_POINT('',(5.452782116613,-46.68304679474,
    546.05643889034));
#4540 = CARTESIAN_POINT('',(5.595751084757,-46.66601850228,
    546.20112263156));
#4541 = CARTESIAN_POINT('',(5.728790933635,-46.64971836779,
    546.35188887126));
#4542 = CARTESIAN_POINT('',(5.97305340476,-46.6190697663,546.66342297919
    ));
#4543 = CARTESIAN_POINT('',(6.084452690806,-46.60470517289,
    546.82412349918));
#4544 = CARTESIAN_POINT('',(6.185021676178,-46.59143456275,
    546.98980276483));
#4545 = CARTESIAN_POINT('',(6.274260207095,-46.57943745043,
    547.15987826039));
#4546 = CARTESIAN_POINT('',(6.351739525179,-46.56887112645,
    547.3337480441));
#4547 = CARTESIAN_POINT('',(6.484488050783,-46.55057510158,
    547.69333289288));
#4548 = CARTESIAN_POINT('',(6.538989358251,-46.54294406294,
    547.87923950553));
#4549 = CARTESIAN_POINT('',(6.580162835892,-46.53711663597,
    548.06769512094));
#4550 = CARTESIAN_POINT('',(6.607714620158,-46.53319554452,
    548.25787023221));
#4551 = CARTESIAN_POINT('',(6.621494700842,-46.53123475609,
    548.4489229216));
#4552 = CARTESIAN_POINT('',(6.621494700842,-46.53123475609,
    548.82933096448));
#4553 = CARTESIAN_POINT('',(6.607965335924,-46.53315987469,
    549.01863822109));
#4554 = CARTESIAN_POINT('',(6.580914639535,-46.53700963875,
    549.20709163481));
#4555 = CARTESIAN_POINT('',(6.54048733723,-46.54273203146,
    549.39387179811));
#4556 = CARTESIAN_POINT('',(6.486966946426,-46.55022797093,
    549.57817116441));
#4557 = CARTESIAN_POINT('',(6.356422285282,-46.56823076023,
    549.93520471822));
#4558 = CARTESIAN_POINT('',(6.280093514314,-46.57864807324,
    550.10810913499));
#4559 = CARTESIAN_POINT('',(6.192142983173,-46.59048369956,
    550.27729771933));
#4560 = CARTESIAN_POINT('',(6.092989056175,-46.60358428347,
    550.44217823239));
#4561 = CARTESIAN_POINT('',(5.98312034998,-46.61777454689,
    550.60217738849));
#4562 = CARTESIAN_POINT('',(5.736852690674,-46.64873751017,
    550.91932191631));
#4563 = CARTESIAN_POINT('',(5.599359291819,-46.66560778477,
    551.07590716704));
#4564 = CARTESIAN_POINT('',(5.451177734469,-46.68326671284,
    551.22596870437));
#4565 = CARTESIAN_POINT('',(5.292895133012,-46.70149407809,
    551.36898779536));
#4566 = CARTESIAN_POINT('',(5.125130290558,-46.72006607677,
    551.50445517097));
#4567 = CARTESIAN_POINT('',(4.779897959899,-46.75661807137,
    551.7535475856));
#4568 = CARTESIAN_POINT('',(4.603177625602,-46.77459026031,
    551.86790347775));
#4569 = CARTESIAN_POINT('',(4.41891040194,-46.79249170089,
    551.97451973656));
#4570 = CARTESIAN_POINT('',(4.227650872342,-46.81013783873,
    552.07297729278));
#4571 = CARTESIAN_POINT('',(4.029976359436,-46.82735283792,
    552.16285637165));
#4572 = CARTESIAN_POINT('',(3.62113270393,-46.86074957438,552.3253588809
    ));
#4573 = CARTESIAN_POINT('',(3.409811468484,-46.87692403774,
    552.39783381714));
#4574 = CARTESIAN_POINT('',(3.193242136491,-46.89232290872,
    552.46068071034));
#4575 = CARTESIAN_POINT('',(2.97217681471,-46.90678812027,
    552.51344953384));
#4576 = CARTESIAN_POINT('',(2.747405006049,-46.9201847764,
    552.55572002969));
#4577 = CARTESIAN_POINT('',(2.301287809477,-46.94413637602,
    552.61721690178));
#4578 = CARTESIAN_POINT('',(2.080135740491,-46.95478601539,
    552.63730843685));
#4579 = CARTESIAN_POINT('',(1.857261620511,-46.96424899661,
    552.64699487959));
#4580 = CARTESIAN_POINT('',(1.633640406757,-46.97245324613,
    552.64599220314));
#4581 = CARTESIAN_POINT('',(1.41025830526,-46.97936304681,
    552.63411324567));
#4582 = CARTESIAN_POINT('',(0.811364243977,-46.99450730986,
    552.57252266164));
#4583 = CARTESIAN_POINT('',(0.438206531897,-47.000316106,552.50223970065
    ));
#4584 = CARTESIAN_POINT('',(7.454945047585E-02,-47.00238913843,
    552.40010678235));
#4585 = CARTESIAN_POINT('',(-0.274001663767,-47.00109637596,
    552.26719966713));
#4586 = CARTESIAN_POINT('',(-0.602476904679,-46.99712484863,
    552.10588910622));
#4587 = CARTESIAN_POINT('',(-1.105250660219,-46.98742139294,
    551.79851317602));
#4588 = CARTESIAN_POINT('',(-1.293346168014,-46.98278629338,
    551.66675348236));
#4589 = CARTESIAN_POINT('',(-1.470381976167,-46.97755408935,
    551.52532630694));
#4590 = CARTESIAN_POINT('',(-1.635662755696,-46.9719429331,
    551.37517219785));
#4591 = CARTESIAN_POINT('',(-1.788633437613,-46.9661632935,
    551.21732831277));
#4592 = CARTESIAN_POINT('',(-2.230887534323,-46.94799782054,
    550.69892995059));
#4593 = CARTESIAN_POINT('',(-2.473443213065,-46.9357003226,
    550.31509728871));
#4594 = CARTESIAN_POINT('',(-2.655561037839,-46.92527156767,
    549.90976202587));
#4595 = CARTESIAN_POINT('',(-2.776828724311,-46.91793785996,
    549.49056866448));
#4596 = CARTESIAN_POINT('',(-2.837262562155,-46.91428291206,
    549.06491134594));
#4597 = CARTESIAN_POINT('',(-2.837262562155,-46.91428291206,548.64));
#4598 = PCURVE('',#1595,#4599);
#4599 = DEFINITIONAL_REPRESENTATION('',(#4600),#4693);
#4600 = B_SPLINE_CURVE_WITH_KNOTS('',6,(#4601,#4602,#4603,#4604,#4605,
    #4606,#4607,#4608,#4609,#4610,#4611,#4612,#4613,#4614,#4615,#4616,
    #4617,#4618,#4619,#4620,#4621,#4622,#4623,#4624,#4625,#4626,#4627,
    #4628,#4629,#4630,#4631,#4632,#4633,#4634,#4635,#4636,#4637,#4638,
    #4639,#4640,#4641,#4642,#4643,#4644,#4645,#4646,#4647,#4648,#4649,
    #4650,#4651,#4652,#4653,#4654,#4655,#4656,#4657,#4658,#4659,#4660,
    #4661,#4662,#4663,#4664,#4665,#4666,#4667,#4668,#4669,#4670,#4671,
    #4672,#4673,#4674,#4675,#4676,#4677,#4678,#4679,#4680,#4681,#4682,
    #4683,#4684,#4685,#4686,#4687,#4688,#4689,#4690,#4691,#4692),
  .UNSPECIFIED.,.F.,.F.,(7,5,5,5,5,5,5,5,5,5,5,5,5,5,5,5,5,5,7),(0.,
    0.105214212819,0.15306992535,0.191948283436,0.241794056985,
    0.298526695127,0.362231841147,0.407898554768,0.45321022694,
    0.49992915076,0.546221144445,0.591230820423,0.638574974735,
    0.683786702638,0.729413823349,0.77320062793,0.847460327676,
    0.895835557871,1.),.UNSPECIFIED.);
#4601 = CARTESIAN_POINT('',(0.,-1.253678105965));
#4602 = CARTESIAN_POINT('',(0.107351616915,-1.253678105965));
#4603 = CARTESIAN_POINT('',(0.214901128933,-1.281305121884));
#4604 = CARTESIAN_POINT('',(0.323007932821,-1.336751168917));
#4605 = CARTESIAN_POINT('',(0.43203456316,-1.420548677356));
#4606 = CARTESIAN_POINT('',(0.542385988022,-1.533581245091));
#4607 = CARTESIAN_POINT('',(0.705656520866,-1.742089212414));
#4608 = CARTESIAN_POINT('',(0.757048445996,-1.813491240663));
#4609 = CARTESIAN_POINT('',(0.80874125746,-1.891062342548));
#4610 = CARTESIAN_POINT('',(0.860702509707,-1.9747048665));
#4611 = CARTESIAN_POINT('',(0.912907568449,-2.064259157654));
#4612 = CARTESIAN_POINT('',(1.007925020124,-2.236863697076));
#4613 = CARTESIAN_POINT('',(1.050651627877,-2.317963127848));
#4614 = CARTESIAN_POINT('',(1.093468307465,-2.402604243495));
#4615 = CARTESIAN_POINT('',(1.136336180962,-2.490559493229));
#4616 = CARTESIAN_POINT('',(1.179218313827,-2.581557666194));
#4617 = CARTESIAN_POINT('',(1.277022205668,-2.795440185402));
#4618 = CARTESIAN_POINT('',(1.331899886848,-2.920016540221));
#4619 = CARTESIAN_POINT('',(1.386640408328,-3.048360985623));
#4620 = CARTESIAN_POINT('',(1.441177983548,-3.17972022797));
#4621 = CARTESIAN_POINT('',(1.49544295603,-3.313250713308));
#4622 = CARTESIAN_POINT('',(1.610717247146,-3.601439277431));
#4623 = CARTESIAN_POINT('',(1.671606711172,-3.756427854638));
#4624 = CARTESIAN_POINT('',(1.732040329018,-3.911981989981));
#4625 = CARTESIAN_POINT('',(1.79202549004,-4.067022271617));
#4626 = CARTESIAN_POINT('',(1.851559788087,-4.220439265822));
#4627 = CARTESIAN_POINT('',(1.976960134922,-4.540330672554));
#4628 = CARTESIAN_POINT('',(2.042741761853,-4.706186491968));
#4629 = CARTESIAN_POINT('',(2.108080274171,-4.8674412733));
#4630 = CARTESIAN_POINT('',(2.173070237695,-5.022838085202));
#4631 = CARTESIAN_POINT('',(2.237801813891,-5.171133630056));
#4632 = CARTESIAN_POINT('',(2.348650442602,-5.411464054517));
#4633 = CARTESIAN_POINT('',(2.394860021535,-5.507565003293));
#4634 = CARTESIAN_POINT('',(2.441023429806,-5.598956797219));
#4635 = CARTESIAN_POINT('',(2.487169096899,-5.685188215151));
#4636 = CARTESIAN_POINT('',(2.533326834669,-5.765824470142));
#4637 = CARTESIAN_POINT('',(2.625370683593,-5.914498173183));
#4638 = CARTESIAN_POINT('',(2.671261850892,-5.982637919015));
#4639 = CARTESIAN_POINT('',(2.717202947941,-6.044415097202));
#4640 = CARTESIAN_POINT('',(2.763200026442,-6.099424166701));
#4641 = CARTESIAN_POINT('',(2.809262174424,-6.147314530741));
#4642 = CARTESIAN_POINT('',(2.902969898589,-6.229533615863));
#4643 = CARTESIAN_POINT('',(2.950617978252,-6.263392942921));
#4644 = CARTESIAN_POINT('',(2.998320252492,-6.289026381539));
#4645 = CARTESIAN_POINT('',(3.046060188656,-6.306198038478));
#4646 = CARTESIAN_POINT('',(3.09382338399,-6.314786171408));
#4647 = CARTESIAN_POINT('',(3.188925394711,-6.314786171408));
#4648 = CARTESIAN_POINT('',(3.236252230445,-6.306354287337));
#4649 = CARTESIAN_POINT('',(3.283556415272,-6.289494945667));
#4650 = CARTESIAN_POINT('',(3.330823848317,-6.264325557054));
#4651 = CARTESIAN_POINT('',(3.378038390401,-6.231073687648));
#4652 = CARTESIAN_POINT('',(3.471010197232,-6.150210484205));
#4653 = CARTESIAN_POINT('',(3.516769335504,-6.103024441016));
#4654 = CARTESIAN_POINT('',(3.56246425093,-6.048799222378));
#4655 = CARTESIAN_POINT('',(3.608103531586,-5.987876820415));
#4656 = CARTESIAN_POINT('',(3.653692799716,-5.920653338709));
#4657 = CARTESIAN_POINT('',(3.7471348109,-5.770704796278));
#4658 = CARTESIAN_POINT('',(3.79498767292,-5.687348010479));
#4659 = CARTESIAN_POINT('',(3.842826862402,-5.597964151487));
#4660 = CARTESIAN_POINT('',(3.890685624913,-5.503037489411));
#4661 = CARTESIAN_POINT('',(3.938595615824,-5.40307124553));
#4662 = CARTESIAN_POINT('',(4.032417838174,-5.198800124316));
#4663 = CARTESIAN_POINT('',(4.078331060499,-5.094875584985));
#4664 = CARTESIAN_POINT('',(4.124362058984,-4.987238870847));
#4665 = CARTESIAN_POINT('',(4.170545128897,-4.876327102397));
#4666 = CARTESIAN_POINT('',(4.21691531306,-4.762581219319));
#4667 = CARTESIAN_POINT('',(4.310532219651,-4.529236969391));
#4668 = CARTESIAN_POINT('',(4.357793308988,-4.409568855502));
#4669 = CARTESIAN_POINT('',(4.405308097101,-4.28794837605));
#4670 = CARTESIAN_POINT('',(4.453095346341,-4.164888474489));
#4671 = CARTESIAN_POINT('',(4.501176831204,-4.040900725624));
#4672 = CARTESIAN_POINT('',(4.596024415348,-3.797099433599));
#4673 = CARTESIAN_POINT('',(4.642772606583,-3.677300540876));
#4674 = CARTESIAN_POINT('',(4.689793831503,-3.557668298748));
#4675 = CARTESIAN_POINT('',(4.737069066081,-3.438752603369));
#4676 = CARTESIAN_POINT('',(4.784583117469,-3.321077489703));
#4677 = CARTESIAN_POINT('',(4.913278888699,-3.008515142532));
#4678 = CARTESIAN_POINT('',(4.994870814245,-2.816905721468));
#4679 = CARTESIAN_POINT('',(5.076792591655,-2.633281882015));
#4680 = CARTESIAN_POINT('',(5.158788586136,-2.46012589003));
#4681 = CARTESIAN_POINT('',(5.240592730516,-2.299327713135));
#4682 = CARTESIAN_POINT('',(5.37483007101,-2.056344274497));
#4683 = CARTESIAN_POINT('',(5.427552758669,-1.966310634568));
#4684 = CARTESIAN_POINT('',(5.480023884876,-1.882323952101));
#4685 = CARTESIAN_POINT('',(5.532219159372,-1.804542966195));
#4686 = CARTESIAN_POINT('',(5.584106155242,-1.733062939954));
#4687 = CARTESIAN_POINT('',(5.746600060575,-1.527667652653));
#4688 = CARTESIAN_POINT('',(5.85573934002,-1.417039758898));
#4689 = CARTESIAN_POINT('',(5.963588441508,-1.335012413212));
#4690 = CARTESIAN_POINT('',(6.070542790654,-1.280729747155));
#4691 = CARTESIAN_POINT('',(6.176957470692,-1.253678105965));
#4692 = CARTESIAN_POINT('',(6.28318530718,-1.253678105965));
#4693 = ( GEOMETRIC_REPRESENTATION_CONTEXT(2) 
PARAMETRIC_REPRESENTATION_CONTEXT() REPRESENTATION_CONTEXT('2D SPACE',''
  ) );
#4694 = PCURVE('',#1988,#4695);
#4695 = DEFINITIONAL_REPRESENTATION('',(#4696),#4789);
#4696 = B_SPLINE_CURVE_WITH_KNOTS('',6,(#4697,#4698,#4699,#4700,#4701,
    #4702,#4703,#4704,#4705,#4706,#4707,#4708,#4709,#4710,#4711,#4712,
    #4713,#4714,#4715,#4716,#4717,#4718,#4719,#4720,#4721,#4722,#4723,
    #4724,#4725,#4726,#4727,#4728,#4729,#4730,#4731,#4732,#4733,#4734,
    #4735,#4736,#4737,#4738,#4739,#4740,#4741,#4742,#4743,#4744,#4745,
    #4746,#4747,#4748,#4749,#4750,#4751,#4752,#4753,#4754,#4755,#4756,
    #4757,#4758,#4759,#4760,#4761,#4762,#4763,#4764,#4765,#4766,#4767,
    #4768,#4769,#4770,#4771,#4772,#4773,#4774,#4775,#4776,#4777,#4778,
    #4779,#4780,#4781,#4782,#4783,#4784,#4785,#4786,#4787,#4788),
  .UNSPECIFIED.,.T.,.F.,(7,5,5,5,5,5,5,5,5,5,5,5,5,5,5,5,5,5,7),(0.,
    0.105214212819,0.15306992535,0.191948283436,0.241794056985,
    0.298526695127,0.362231841147,0.407898554768,0.45321022694,
    0.49992915076,0.546221144445,0.591230820423,0.638574974735,
    0.683786702638,0.729413823349,0.77320062793,0.847460327676,
    0.895835557871,1.),.UNSPECIFIED.);
#4697 = CARTESIAN_POINT('',(4.651984966396,548.64));
#4698 = CARTESIAN_POINT('',(4.651984966396,548.21059353233));
#4699 = CARTESIAN_POINT('',(4.653300540537,547.78039698688));
#4700 = CARTESIAN_POINT('',(4.65594081881,547.35687015058));
#4701 = CARTESIAN_POINT('',(4.659905212529,546.94766882643));
#4702 = CARTESIAN_POINT('',(4.665182479837,546.56070260229));
#4703 = CARTESIAN_POINT('',(4.674735294337,546.0426227304));
#4704 = CARTESIAN_POINT('',(4.677986170866,545.88716395097));
#4705 = CARTESIAN_POINT('',(4.681492557219,545.73931862789));
#4706 = CARTESIAN_POINT('',(4.685242669293,545.60009250091));
#4707 = CARTESIAN_POINT('',(4.689221888868,545.47039623159));
#4708 = CARTESIAN_POINT('',(4.696817773,545.2540823272));
#4709 = CARTESIAN_POINT('',(4.700361564621,545.16397186358));
#4710 = CARTESIAN_POINT('',(4.704032243567,545.08121707621));
#4711 = CARTESIAN_POINT('',(4.707816379732,545.00623070144));
#4712 = CARTESIAN_POINT('',(4.711699255843,544.93933424248));
#4713 = CARTESIAN_POINT('',(4.720749336898,544.80565743511));
#4714 = CARTESIAN_POINT('',(4.725967261617,544.74427124945));
#4715 = CARTESIAN_POINT('',(4.731286244489,544.69703578991));
#4716 = CARTESIAN_POINT('',(4.736671601835,544.66414470674));
#4717 = CARTESIAN_POINT('',(4.742087374269,544.64554270036));
#4718 = CARTESIAN_POINT('',(4.75365459512,544.63565725245));
#4719 = CARTESIAN_POINT('',(4.759802711718,544.64850459121));
#4720 = CARTESIAN_POINT('',(4.765901545447,544.67897443795));
#4721 = CARTESIAN_POINT('',(4.771911851557,544.72641227388));
#4722 = CARTESIAN_POINT('',(4.777795896843,544.789999944));
#4723 = CARTESIAN_POINT('',(4.78994367731,544.95719890373));
#4724 = CARTESIAN_POINT('',(4.796168757596,545.06481741159));
#4725 = CARTESIAN_POINT('',(4.802154913985,545.19043894624));
#4726 = CARTESIAN_POINT('',(4.807865804922,545.33288401662));
#4727 = CARTESIAN_POINT('',(4.813266979131,545.490967468));
#4728 = CARTESIAN_POINT('',(4.821951897393,545.78717244261));
#4729 = CARTESIAN_POINT('',(4.825403072744,545.91830308523));
#4730 = CARTESIAN_POINT('',(4.828666417001,546.05643889034));
#4731 = CARTESIAN_POINT('',(4.831729782026,546.20112263156));
#4732 = CARTESIAN_POINT('',(4.83458157184,546.35188887126));
#4733 = CARTESIAN_POINT('',(4.839819396609,546.66342297919));
#4734 = CARTESIAN_POINT('',(4.84220920394,546.82412349918));
#4735 = CARTESIAN_POINT('',(4.844367506466,546.98980276483));
#4736 = CARTESIAN_POINT('',(4.846283274358,547.15987826039));
#4737 = CARTESIAN_POINT('',(4.847947027937,547.3337480441));
#4738 = CARTESIAN_POINT('',(4.850798164454,547.69333289288));
#4739 = CARTESIAN_POINT('',(4.851969075686,547.87923950553));
#4740 = CARTESIAN_POINT('',(4.852853836996,548.06769512094));
#4741 = CARTESIAN_POINT('',(4.853445952509,548.25787023221));
#4742 = CARTESIAN_POINT('',(4.853742098787,548.4489229216));
#4743 = CARTESIAN_POINT('',(4.853742098787,548.82933096448));
#4744 = CARTESIAN_POINT('',(4.853451340595,549.01863822109));
#4745 = CARTESIAN_POINT('',(4.852869994022,549.20709163481));
#4746 = CARTESIAN_POINT('',(4.85200126525,549.39387179811));
#4747 = CARTESIAN_POINT('',(4.850851421413,549.57817116441));
#4748 = CARTESIAN_POINT('',(4.848047588351,549.93520471822));
#4749 = CARTESIAN_POINT('',(4.846408518307,550.10810913499));
#4750 = CARTESIAN_POINT('',(4.844520367849,550.27729771933));
#4751 = CARTESIAN_POINT('',(4.842392386942,550.44217823239));
#4752 = CARTESIAN_POINT('',(4.840035351484,550.60217738849));
#4753 = CARTESIAN_POINT('',(4.834754362188,550.91932191631));
#4754 = CARTESIAN_POINT('',(4.831807045047,551.07590716704));
#4755 = CARTESIAN_POINT('',(4.828631968389,551.22596870437));
#4756 = CARTESIAN_POINT('',(4.825242041909,551.36898779536));
#4757 = CARTESIAN_POINT('',(4.821650812847,551.50445517097));
#4758 = CARTESIAN_POINT('',(4.814264388657,551.7535475856));
#4759 = CARTESIAN_POINT('',(4.810485019569,551.86790347775));
#4760 = CARTESIAN_POINT('',(4.806546045529,551.97451973656));
#4761 = CARTESIAN_POINT('',(4.80245948757,552.07297729278));
#4762 = CARTESIAN_POINT('',(4.798237788851,552.16285637165));
#4763 = CARTESIAN_POINT('',(4.789510014215,552.3253588809));
#4764 = CARTESIAN_POINT('',(4.785000725585,552.39783381714));
#4765 = CARTESIAN_POINT('',(4.780381338802,552.46068071034));
#4766 = CARTESIAN_POINT('',(4.775667879402,552.51344953384));
#4767 = CARTESIAN_POINT('',(4.770877097264,552.55572002969));
#4768 = CARTESIAN_POINT('',(4.761371571669,552.61721690178));
#4769 = CARTESIAN_POINT('',(4.756660827653,552.63730843685));
#4770 = CARTESIAN_POINT('',(4.751914669222,552.64699487959));
#4771 = CARTESIAN_POINT('',(4.747153688468,552.64599220314));
#4772 = CARTESIAN_POINT('',(4.742398680248,552.63411324567));
#4773 = CARTESIAN_POINT('',(4.729652180088,552.57252266164));
#4774 = CARTESIAN_POINT('',(4.721712066651,552.50223970065));
#4775 = CARTESIAN_POINT('',(4.713975114528,552.40010678235));
#4776 = CARTESIAN_POINT('',(4.706559496136,552.26719966713));
#4777 = CARTESIAN_POINT('',(4.699570331447,552.10588910622));
#4778 = CARTESIAN_POINT('',(4.688871025396,551.79851317602));
#4779 = CARTESIAN_POINT('',(4.68486783581,551.66675348236));
#4780 = CARTESIAN_POINT('',(4.681099533307,551.52532630694));
#4781 = CARTESIAN_POINT('',(4.677580937076,551.37517219785));
#4782 = CARTESIAN_POINT('',(4.674323936689,551.21732831277));
#4783 = CARTESIAN_POINT('',(4.664906340719,550.69892995059));
#4784 = CARTESIAN_POINT('',(4.659739192033,550.31509728871));
#4785 = CARTESIAN_POINT('',(4.655858021089,549.90976202587));
#4786 = CARTESIAN_POINT('',(4.653273141699,549.49056866448));
#4787 = CARTESIAN_POINT('',(4.651984966396,549.06491134594));
#4788 = CARTESIAN_POINT('',(4.651984966396,548.64));
#4789 = ( GEOMETRIC_REPRESENTATION_CONTEXT(2) 
PARAMETRIC_REPRESENTATION_CONTEXT() REPRESENTATION_CONTEXT('2D SPACE',''
  ) );
#4790 = ORIENTED_EDGE('',*,*,#4480,.F.);
#4791 = ORIENTED_EDGE('',*,*,#4792,.F.);
#4792 = EDGE_CURVE('',#1512,#4457,#4793,.T.);
#4793 = SURFACE_CURVE('',#4794,(#4799,#4806),.PCURVE_S1.);
#4794 = CIRCLE('',#4795,4.);
#4795 = AXIS2_PLACEMENT_3D('',#4796,#4797,#4798);
#4796 = CARTESIAN_POINT('',(-9.184850993605E-15,-50.,548.64));
#4797 = DIRECTION('',(-0.5,-0.866025403784,-0.));
#4798 = DIRECTION('',(-0.866025403784,0.5,0.));
#4799 = PCURVE('',#1595,#4800);
#4800 = DEFINITIONAL_REPRESENTATION('',(#4801),#4805);
#4801 = LINE('',#4802,#4803);
#4802 = CARTESIAN_POINT('',(0.,0.));
#4803 = VECTOR('',#4804,1.);
#4804 = DIRECTION('',(1.,0.));
#4805 = ( GEOMETRIC_REPRESENTATION_CONTEXT(2) 
PARAMETRIC_REPRESENTATION_CONTEXT() REPRESENTATION_CONTEXT('2D SPACE',''
  ) );
#4806 = PCURVE('',#1654,#4807);
#4807 = DEFINITIONAL_REPRESENTATION('',(#4808),#4812);
#4808 = CIRCLE('',#4809,4.);
#4809 = AXIS2_PLACEMENT_2D('',#4810,#4811);
#4810 = CARTESIAN_POINT('',(2.563950248511E-16,-3.49503809816E-16));
#4811 = DIRECTION('',(1.,0.));
#4812 = ( GEOMETRIC_REPRESENTATION_CONTEXT(2) 
PARAMETRIC_REPRESENTATION_CONTEXT() REPRESENTATION_CONTEXT('2D SPACE',''
  ) );
#4813 = ORIENTED_EDGE('',*,*,#1509,.F.);
#4814 = ADVANCED_FACE('',(#4815),#1654,.F.);
#4815 = FACE_BOUND('',#4816,.F.);
#4816 = EDGE_LOOP('',(#4817,#4818,#4819));
#4817 = ORIENTED_EDGE('',*,*,#4792,.T.);
#4818 = ORIENTED_EDGE('',*,*,#4456,.T.);
#4819 = ORIENTED_EDGE('',*,*,#1641,.T.);
#4820 = ADVANCED_FACE('',(#4821),#1863,.F.);
#4821 = FACE_BOUND('',#4822,.F.);
#4822 = EDGE_LOOP('',(#4823,#5113,#5134,#5135));
#4823 = ORIENTED_EDGE('',*,*,#4824,.F.);
#4824 = EDGE_CURVE('',#4825,#4825,#4827,.T.);
#4825 = VERTEX_POINT('',#4826);
#4826 = CARTESIAN_POINT('',(17.531234756094,-43.60797871865,548.64));
#4827 = SURFACE_CURVE('',#4828,(#4921,#5017),.PCURVE_S1.);
#4828 = B_SPLINE_CURVE_WITH_KNOTS('',6,(#4829,#4830,#4831,#4832,#4833,
    #4834,#4835,#4836,#4837,#4838,#4839,#4840,#4841,#4842,#4843,#4844,
    #4845,#4846,#4847,#4848,#4849,#4850,#4851,#4852,#4853,#4854,#4855,
    #4856,#4857,#4858,#4859,#4860,#4861,#4862,#4863,#4864,#4865,#4866,
    #4867,#4868,#4869,#4870,#4871,#4872,#4873,#4874,#4875,#4876,#4877,
    #4878,#4879,#4880,#4881,#4882,#4883,#4884,#4885,#4886,#4887,#4888,
    #4889,#4890,#4891,#4892,#4893,#4894,#4895,#4896,#4897,#4898,#4899,
    #4900,#4901,#4902,#4903,#4904,#4905,#4906,#4907,#4908,#4909,#4910,
    #4911,#4912,#4913,#4914,#4915,#4916,#4917,#4918,#4919,#4920),
  .UNSPECIFIED.,.T.,.F.,(7,5,5,5,5,5,5,5,5,5,5,5,5,5,5,5,5,5,7),(0.,
    6.89434446E-02,0.138601531161,0.183817009622,0.22944791535,
    0.273238352284,0.347504212274,0.395883455456,0.429284207242,
    0.499608792516,0.54944693715,0.605129384559,0.653013345082,
    0.691914652062,0.741789848996,0.79855597607,0.862298725589,
    0.907992395088,1.),.UNSPECIFIED.);
#4829 = CARTESIAN_POINT('',(17.531234756094,-43.60797871865,548.64));
#4830 = CARTESIAN_POINT('',(17.531234756094,-43.60797871865,
    548.9221780617));
#4831 = CARTESIAN_POINT('',(17.559398370736,-43.59665638402,
    549.20417660366));
#4832 = CARTESIAN_POINT('',(17.61565937544,-43.5740385221,
    549.48335732743));
#4833 = CARTESIAN_POINT('',(17.699291715972,-43.54025794341,
    549.75709293842));
#4834 = CARTESIAN_POINT('',(17.808926397367,-43.49555206934,
    550.02283358701));
#4835 = CARTESIAN_POINT('',(18.077609074728,-43.38457554369,
    550.53617605176));
#4836 = CARTESIAN_POINT('',(18.23717480449,-43.31807888593,
    550.78359508505));
#4837 = CARTESIAN_POINT('',(18.419575050277,-43.24115632216,
    551.01861350576));
#4838 = CARTESIAN_POINT('',(18.622905240529,-43.15410979998,
    551.23945706638));
#4839 = CARTESIAN_POINT('',(18.845073826228,-43.05730421588,
    551.44441801432));
#4840 = CARTESIAN_POINT('',(19.238795974916,-42.8823680248,
    551.7535475856));
#4841 = CARTESIAN_POINT('',(19.400826368252,-42.80957222983,
    551.86790347775));
#4842 = CARTESIAN_POINT('',(19.569357185319,-42.73294172031,
    551.97451973656));
#4843 = CARTESIAN_POINT('',(19.743815865588,-42.65259395916,
    552.07297729278));
#4844 = CARTESIAN_POINT('',(19.923614515041,-42.56866532933,
    552.16285637165));
#4845 = CARTESIAN_POINT('',(20.294381875113,-42.39316592376,
    552.3253588809));
#4846 = CARTESIAN_POINT('',(20.485478665051,-42.3015128022,
    552.39783381714));
#4847 = CARTESIAN_POINT('',(20.680732643726,-42.20656394966,
    552.46068071034));
#4848 = CARTESIAN_POINT('',(20.879413434057,-42.10855852944,
    552.51344953384));
#4849 = CARTESIAN_POINT('',(21.080769858477,-42.00777446964,
    552.55572002969));
#4850 = CARTESIAN_POINT('',(21.479094483587,-41.8054585651,
    552.61721690178));
#4851 = CARTESIAN_POINT('',(21.675942613111,-41.70410538883,
    552.63730843685));
#4852 = CARTESIAN_POINT('',(21.873688753473,-41.60086351098,
    552.64699487959));
#4853 = CARTESIAN_POINT('',(22.071452530168,-41.49615799261,
    552.64599220314));
#4854 = CARTESIAN_POINT('',(22.268362005152,-41.39045100478,
    552.63411324567));
#4855 = CARTESIAN_POINT('',(22.794591607927,-41.10411929066,
    552.57252266164));
#4856 = CARTESIAN_POINT('',(23.120660064278,-40.92257099965,
    552.50223970065));
#4857 = CARTESIAN_POINT('',(23.436632851266,-40.74253775768,
    552.40010678235));
#4858 = CARTESIAN_POINT('',(23.737840589485,-40.56714263542,
    552.26719966713));
#4859 = CARTESIAN_POINT('',(24.020322728963,-40.3994655714,
    552.10588910622));
#4860 = CARTESIAN_POINT('',(24.450885845772,-40.1396752545,
    551.79851317602));
#4861 = CARTESIAN_POINT('',(24.61146378408,-40.04161338663,
    551.66675348236));
#4862 = CARTESIAN_POINT('',(24.762165189304,-39.94856426095,
    551.52532630694));
#4863 = CARTESIAN_POINT('',(24.902496965008,-39.86106446733,
    551.37517219785));
#4864 = CARTESIAN_POINT('',(25.032083641782,-39.77957381165,
    551.21732831277));
#4865 = CARTESIAN_POINT('',(25.232534340406,-39.65259893877,
    550.93942618912));
#4866 = CARTESIAN_POINT('',(25.309186310613,-39.60375993953,
    550.82276008384));
#4867 = CARTESIAN_POINT('',(25.380584172728,-39.55803184274,
    550.70322378016));
#4868 = CARTESIAN_POINT('',(25.446701175963,-39.51549200721,
    550.58111276733));
#4869 = CARTESIAN_POINT('',(25.507521415238,-39.47620458451,
    550.45672346724));
#4870 = CARTESIAN_POINT('',(25.679932696387,-39.3644568207,
    550.06428334852));
#4871 = CARTESIAN_POINT('',(25.773286944149,-39.30335914332,
    549.78951236682));
#4872 = CARTESIAN_POINT('',(25.84328204728,-39.25725220552,
    549.50836785606));
#4873 = CARTESIAN_POINT('',(25.8900602643,-39.22633830056,
    549.22304801778));
#4874 = CARTESIAN_POINT('',(25.913714264014,-39.21070534298,
    548.93567827061));
#4875 = CARTESIAN_POINT('',(25.914671959469,-39.21007239804,
    548.44475455719));
#4876 = CARTESIAN_POINT('',(25.903471168642,-39.21747504589,
    548.24110848683));
#4877 = CARTESIAN_POINT('',(25.880668794412,-39.23254596211,
    548.03815603909));
#4878 = CARTESIAN_POINT('',(25.846240665251,-39.25526496212,
    547.83663689416));
#4879 = CARTESIAN_POINT('',(25.80014215564,-39.28558823363,
    547.63730511192));
#4880 = CARTESIAN_POINT('',(25.677692562506,-39.36574740941,
    547.22152735849));
#4881 = CARTESIAN_POINT('',(25.598402587346,-39.41747085919,
    547.00573136186));
#4882 = CARTESIAN_POINT('',(25.50438741033,-39.47849824834,
    546.79483295944));
#4883 = CARTESIAN_POINT('',(25.395651946173,-39.548613295,546.5901337397
    ));
#4884 = CARTESIAN_POINT('',(25.272258727763,-39.62751043152,
    546.39294640346));
#4885 = CARTESIAN_POINT('',(25.015717889782,-39.78986758068,
    546.04262273038));
#4886 = CARTESIAN_POINT('',(24.886340916446,-39.87115101535,
    545.88716395098));
#4887 = CARTESIAN_POINT('',(24.746460130993,-39.958289439,
    545.73931862791));
#4888 = CARTESIAN_POINT('',(24.596449661926,-40.05083014518,
    545.60009250092));
#4889 = CARTESIAN_POINT('',(24.436797788435,-40.14824671925,
    545.47039623158));
#4890 = CARTESIAN_POINT('',(24.13106379037,-40.33258445868,
    545.2540823272));
#4891 = CARTESIAN_POINT('',(23.988088742893,-40.41802564358,
    545.16397186358));
#4892 = CARTESIAN_POINT('',(23.839620022614,-40.50589877914,
    545.08121707621));
#4893 = CARTESIAN_POINT('',(23.686155140477,-40.59579725272,
    545.00623070144));
#4894 = CARTESIAN_POINT('',(23.528252562615,-40.68729619429,
    544.93933424248));
#4895 = CARTESIAN_POINT('',(23.159190610932,-40.89876520393,
    544.80565743405));
#4896 = CARTESIAN_POINT('',(22.945679154275,-41.01942519445,
    544.74427125047));
#4897 = CARTESIAN_POINT('',(22.727259333863,-41.14105052393,
    544.69703579037));
#4898 = CARTESIAN_POINT('',(22.505315632055,-41.26274980147,
    544.66414470593));
#4899 = CARTESIAN_POINT('',(22.281319389841,-41.38366171281,
    544.64554270043));
#4900 = CARTESIAN_POINT('',(21.801245171247,-41.63879751262,
    544.63565725234));
#4901 = CARTESIAN_POINT('',(21.545076612175,-41.77251733369,
    544.64850459022));
#4902 = CARTESIAN_POINT('',(21.289972583795,-41.90326219165,
    544.67897443873));
#4903 = CARTESIAN_POINT('',(21.037629437789,-42.0302527684,
    544.72641227524));
#4904 = CARTESIAN_POINT('',(20.789715806024,-42.15281780182,
    544.78999994244));
#4905 = CARTESIAN_POINT('',(20.276224289273,-42.40242837865,
    544.95719890373));
#4906 = CARTESIAN_POINT('',(20.012069585123,-42.52824610847,
    545.06481741159));
#4907 = CARTESIAN_POINT('',(19.757135689653,-42.64729500533,
    545.19043894624));
#4908 = CARTESIAN_POINT('',(19.513125956937,-42.75913863613,
    545.33288401662));
#4909 = CARTESIAN_POINT('',(19.281677698201,-42.86342768988,
    545.490967468));
#4910 = CARTESIAN_POINT('',(18.908574759426,-43.02900008736,
    545.78717244261));
#4911 = CARTESIAN_POINT('',(18.760011884341,-43.09411663758,
    545.91830308523));
#4912 = CARTESIAN_POINT('',(18.619275563086,-43.15509550861,
    546.05643889034));
#4913 = CARTESIAN_POINT('',(18.486946658487,-43.21183305882,
    546.20112263156));
#4914 = CARTESIAN_POINT('',(18.363580702398,-43.26423665271,
    546.35188887126));
#4915 = CARTESIAN_POINT('',(18.020414237853,-43.4088306687,
    546.82313636911));
#4916 = CARTESIAN_POINT('',(17.829109221306,-43.48772254244,
    547.16143442581));
#4917 = CARTESIAN_POINT('',(17.681438043152,-43.547595044,
    547.51808540826));
#4918 = CARTESIAN_POINT('',(17.581414922529,-43.58780509915,
    547.88736302144));
#4919 = CARTESIAN_POINT('',(17.531234756094,-43.60797871865,
    548.26334529361));
#4920 = CARTESIAN_POINT('',(17.531234756094,-43.60797871865,548.64));
#4921 = PCURVE('',#1863,#4922);
#4922 = DEFINITIONAL_REPRESENTATION('',(#4923),#5016);
#4923 = B_SPLINE_CURVE_WITH_KNOTS('',6,(#4924,#4925,#4926,#4927,#4928,
    #4929,#4930,#4931,#4932,#4933,#4934,#4935,#4936,#4937,#4938,#4939,
    #4940,#4941,#4942,#4943,#4944,#4945,#4946,#4947,#4948,#4949,#4950,
    #4951,#4952,#4953,#4954,#4955,#4956,#4957,#4958,#4959,#4960,#4961,
    #4962,#4963,#4964,#4965,#4966,#4967,#4968,#4969,#4970,#4971,#4972,
    #4973,#4974,#4975,#4976,#4977,#4978,#4979,#4980,#4981,#4982,#4983,
    #4984,#4985,#4986,#4987,#4988,#4989,#4990,#4991,#4992,#4993,#4994,
    #4995,#4996,#4997,#4998,#4999,#5000,#5001,#5002,#5003,#5004,#5005,
    #5006,#5007,#5008,#5009,#5010,#5011,#5012,#5013,#5014,#5015),
  .UNSPECIFIED.,.F.,.F.,(7,5,5,5,5,5,5,5,5,5,5,5,5,5,5,5,5,5,7),(0.,
    6.89434446E-02,0.138601531161,0.183817009622,0.22944791535,
    0.273238352284,0.347504212274,0.395883455456,0.429284207242,
    0.499608792516,0.54944693715,0.605129384559,0.653013345082,
    0.691914652062,0.741789848996,0.79855597607,0.862298725589,
    0.907992395088,1.),.UNSPECIFIED.);
#4924 = CARTESIAN_POINT('',(0.,-80.28775420703));
#4925 = CARTESIAN_POINT('',(7.054451542522E-02,-80.28775420703));
#4926 = CARTESIAN_POINT('',(0.141044110108,-80.30648344546));
#4927 = CARTESIAN_POINT('',(0.211471405123,-80.34389797381));
#4928 = CARTESIAN_POINT('',(0.281796555347,-80.39943541595));
#4929 = CARTESIAN_POINT('',(0.351981217981,-80.47202889813));
#4930 = CARTESIAN_POINT('',(0.49265540046,-80.64922665946));
#4931 = CARTESIAN_POINT('',(0.563149951294,-80.75416630613));
#4932 = CARTESIAN_POINT('',(0.633544970013,-80.87366827075));
#4933 = CARTESIAN_POINT('',(0.703931303674,-81.00623411978));
#4934 = CARTESIAN_POINT('',(0.774389590131,-81.15023496687));
#4935 = CARTESIAN_POINT('',(0.890825184584,-81.40374025412));
#4936 = CARTESIAN_POINT('',(0.936738406909,-81.50766479345));
#4937 = CARTESIAN_POINT('',(0.982769405394,-81.61530150759));
#4938 = CARTESIAN_POINT('',(1.028952475307,-81.72621327604));
#4939 = CARTESIAN_POINT('',(1.075322659471,-81.83995915912));
#4940 = CARTESIAN_POINT('',(1.168939566061,-82.07330340905));
#4941 = CARTESIAN_POINT('',(1.216200655398,-82.19297152294));
#4942 = CARTESIAN_POINT('',(1.263715443511,-82.31459200239));
#4943 = CARTESIAN_POINT('',(1.311502692751,-82.43765190395));
#4944 = CARTESIAN_POINT('',(1.359584177615,-82.56163965282));
#4945 = CARTESIAN_POINT('',(1.454431761758,-82.80544094484));
#4946 = CARTESIAN_POINT('',(1.501179952994,-82.92523983756));
#4947 = CARTESIAN_POINT('',(1.548201177913,-83.04487207969));
#4948 = CARTESIAN_POINT('',(1.595476412491,-83.16378777507));
#4949 = CARTESIAN_POINT('',(1.64299046388,-83.28146288874));
#4950 = CARTESIAN_POINT('',(1.771686235109,-83.59402523591));
#4951 = CARTESIAN_POINT('',(1.853278160656,-83.78563465697));
#4952 = CARTESIAN_POINT('',(1.935199938065,-83.96925849642));
#4953 = CARTESIAN_POINT('',(2.017195932546,-84.14241448841));
#4954 = CARTESIAN_POINT('',(2.099000076926,-84.3032126653));
#4955 = CARTESIAN_POINT('',(2.23323741742,-84.54619610394));
#4956 = CARTESIAN_POINT('',(2.28596010508,-84.63622974387));
#4957 = CARTESIAN_POINT('',(2.338431231286,-84.72021642634));
#4958 = CARTESIAN_POINT('',(2.390626505783,-84.79799741224));
#4959 = CARTESIAN_POINT('',(2.442513501652,-84.86947743849));
#4960 = CARTESIAN_POINT('',(2.529622961608,-84.97958539926));
#4961 = CARTESIAN_POINT('',(2.565043585158,-85.02154845309));
#4962 = CARTESIAN_POINT('',(2.600315099878,-85.06051676706));
#4963 = CARTESIAN_POINT('',(2.635443962474,-85.09650585372));
#4964 = CARTESIAN_POINT('',(2.670435396022,-85.12953401465));
#4965 = CARTESIAN_POINT('',(2.778686168186,-85.22297268211));
#4966 = CARTESIAN_POINT('',(2.851465384234,-85.27327099354));
#4967 = CARTESIAN_POINT('',(2.923794140964,-85.31083506209));
#4968 = CARTESIAN_POINT('',(2.995817502964,-85.33588923389));
#4969 = CARTESIAN_POINT('',(3.06767292724,-85.34855771976));
#4970 = CARTESIAN_POINT('',(3.190404124151,-85.34907063588));
#4971 = CARTESIAN_POINT('',(3.241309231556,-85.34307179041));
#4972 = CARTESIAN_POINT('',(3.292271894367,-85.33085981316));
#4973 = CARTESIAN_POINT('',(3.343344637864,-85.31240367871));
#4974 = CARTESIAN_POINT('',(3.394581271407,-85.28764283407));
#4975 = CARTESIAN_POINT('',(3.503536300099,-85.22167796362));
#4976 = CARTESIAN_POINT('',(3.561332228631,-85.17887255576));
#4977 = CARTESIAN_POINT('',(3.619458081269,-85.12796671869));
#4978 = CARTESIAN_POINT('',(3.677948508308,-85.06885656777));
#4979 = CARTESIAN_POINT('',(3.736846250367,-85.00144347423));
#4980 = CARTESIAN_POINT('',(3.847249174462,-84.86045116602));
#4981 = CARTESIAN_POINT('',(3.898641099585,-84.78904913778));
#4982 = CARTESIAN_POINT('',(3.950333911044,-84.7114780359));
#4983 = CARTESIAN_POINT('',(4.002295163295,-84.62783551194));
#4984 = CARTESIAN_POINT('',(4.054500222044,-84.53828122078));
#4985 = CARTESIAN_POINT('',(4.149517673714,-84.36567668136));
#4986 = CARTESIAN_POINT('',(4.192244281466,-84.28457725059));
#4987 = CARTESIAN_POINT('',(4.235060961055,-84.19993613494));
#4988 = CARTESIAN_POINT('',(4.277928834552,-84.11198088521));
#4989 = CARTESIAN_POINT('',(4.320810967417,-84.02098271225));
#4990 = CARTESIAN_POINT('',(4.418614860035,-83.80710019134));
#4991 = CARTESIAN_POINT('',(4.473492539184,-83.68252384114));
#4992 = CARTESIAN_POINT('',(4.528233061916,-83.55417939271));
#4993 = CARTESIAN_POINT('',(4.582770638391,-83.4228201475));
#4994 = CARTESIAN_POINT('',(4.637035608847,-83.28928966706));
#4995 = CARTESIAN_POINT('',(4.752309901954,-83.00110109796));
#4996 = CARTESIAN_POINT('',(4.813199362829,-82.84611252869));
#4997 = CARTESIAN_POINT('',(4.873632982586,-82.69055838849));
#4998 = CARTESIAN_POINT('',(4.933618145552,-82.53551810195));
#4999 = CARTESIAN_POINT('',(4.993152440505,-82.38210111561));
#5000 = CARTESIAN_POINT('',(5.118552788512,-82.06220970588));
#5001 = CARTESIAN_POINT('',(5.184334415442,-81.89635388647));
#5002 = CARTESIAN_POINT('',(5.249672927761,-81.73509910514));
#5003 = CARTESIAN_POINT('',(5.314662891285,-81.57970229324));
#5004 = CARTESIAN_POINT('',(5.379394467481,-81.43140674838));
#5005 = CARTESIAN_POINT('',(5.490243096192,-81.19107632392));
#5006 = CARTESIAN_POINT('',(5.536452675124,-81.09497537515));
#5007 = CARTESIAN_POINT('',(5.582616083395,-81.00358358122));
#5008 = CARTESIAN_POINT('',(5.628761750489,-80.91735216329));
#5009 = CARTESIAN_POINT('',(5.674919488259,-80.8367159083));
#5010 = CARTESIAN_POINT('',(5.814151220498,-80.61182204027));
#5011 = CARTESIAN_POINT('',(5.907561228843,-80.48559297294));
#5012 = CARTESIAN_POINT('',(6.001202985454,-80.38764223203));
#5013 = CARTESIAN_POINT('',(6.095026265419,-80.32112469618));
#5014 = CARTESIAN_POINT('',(6.189021630584,-80.28775420703));
#5015 = CARTESIAN_POINT('',(6.28318530718,-80.28775420703));
#5016 = ( GEOMETRIC_REPRESENTATION_CONTEXT(2) 
PARAMETRIC_REPRESENTATION_CONTEXT() REPRESENTATION_CONTEXT('2D SPACE',''
  ) );
#5017 = PCURVE('',#1988,#5018);
#5018 = DEFINITIONAL_REPRESENTATION('',(#5019),#5112);
#5019 = B_SPLINE_CURVE_WITH_KNOTS('',6,(#5020,#5021,#5022,#5023,#5024,
    #5025,#5026,#5027,#5028,#5029,#5030,#5031,#5032,#5033,#5034,#5035,
    #5036,#5037,#5038,#5039,#5040,#5041,#5042,#5043,#5044,#5045,#5046,
    #5047,#5048,#5049,#5050,#5051,#5052,#5053,#5054,#5055,#5056,#5057,
    #5058,#5059,#5060,#5061,#5062,#5063,#5064,#5065,#5066,#5067,#5068,
    #5069,#5070,#5071,#5072,#5073,#5074,#5075,#5076,#5077,#5078,#5079,
    #5080,#5081,#5082,#5083,#5084,#5085,#5086,#5087,#5088,#5089,#5090,
    #5091,#5092,#5093,#5094,#5095,#5096,#5097,#5098,#5099,#5100,#5101,
    #5102,#5103,#5104,#5105,#5106,#5107,#5108,#5109,#5110,#5111),
  .UNSPECIFIED.,.T.,.F.,(7,5,5,5,5,5,5,5,5,5,5,5,5,5,5,5,5,5,7),(0.,
    6.89434446E-02,0.138601531161,0.183817009622,0.22944791535,
    0.273238352284,0.347504212274,0.395883455456,0.429284207242,
    0.499608792516,0.54944693715,0.605129384559,0.653013345082,
    0.691914652062,0.741789848996,0.79855597607,0.862298725589,
    0.907992395088,1.),.UNSPECIFIED.);
#5020 = CARTESIAN_POINT('',(5.094634637581,548.64));
#5021 = CARTESIAN_POINT('',(5.094634637581,548.9221780617));
#5022 = CARTESIAN_POINT('',(5.095280473866,549.20417660366));
#5023 = CARTESIAN_POINT('',(5.096570627736,549.48335732743));
#5024 = CARTESIAN_POINT('',(5.098489707553,549.75709293842));
#5025 = CARTESIAN_POINT('',(5.101008814327,550.02283358701));
#5026 = CARTESIAN_POINT('',(5.107193909012,550.53617605176));
#5027 = CARTESIAN_POINT('',(5.110871915313,550.78359508505));
#5028 = CARTESIAN_POINT('',(5.115083698744,551.01861350576));
#5029 = CARTESIAN_POINT('',(5.119789518866,551.23945706638));
#5030 = CARTESIAN_POINT('',(5.12494562079,551.44441801432));
#5031 = CARTESIAN_POINT('',(5.134112347711,551.7535475856));
#5032 = CARTESIAN_POINT('',(5.137891716799,551.86790347775));
#5033 = CARTESIAN_POINT('',(5.141830690839,551.97451973656));
#5034 = CARTESIAN_POINT('',(5.145917248798,552.07297729278));
#5035 = CARTESIAN_POINT('',(5.150138947517,552.16285637165));
#5036 = CARTESIAN_POINT('',(5.158866722153,552.3253588809));
#5037 = CARTESIAN_POINT('',(5.163376010783,552.39783381714));
#5038 = CARTESIAN_POINT('',(5.167995397565,552.46068071034));
#5039 = CARTESIAN_POINT('',(5.172708856966,552.51344953384));
#5040 = CARTESIAN_POINT('',(5.177499639104,552.55572002969));
#5041 = CARTESIAN_POINT('',(5.187005164699,552.61721690178));
#5042 = CARTESIAN_POINT('',(5.191715908715,552.63730843685));
#5043 = CARTESIAN_POINT('',(5.196462067146,552.64699487959));
#5044 = CARTESIAN_POINT('',(5.201223047899,552.64599220314));
#5045 = CARTESIAN_POINT('',(5.20597805612,552.63411324567));
#5046 = CARTESIAN_POINT('',(5.21872455628,552.57252266164));
#5047 = CARTESIAN_POINT('',(5.226664669716,552.50223970065));
#5048 = CARTESIAN_POINT('',(5.234401621839,552.40010678235));
#5049 = CARTESIAN_POINT('',(5.241817240231,552.26719966713));
#5050 = CARTESIAN_POINT('',(5.24880640492,552.10588910622));
#5051 = CARTESIAN_POINT('',(5.259505710972,551.79851317602));
#5052 = CARTESIAN_POINT('',(5.263508900558,551.66675348236));
#5053 = CARTESIAN_POINT('',(5.267277203061,551.52532630694));
#5054 = CARTESIAN_POINT('',(5.270795799291,551.37517219785));
#5055 = CARTESIAN_POINT('',(5.274052799679,551.21732831277));
#5056 = CARTESIAN_POINT('',(5.279101368715,550.93942618912));
#5057 = CARTESIAN_POINT('',(5.281035166701,550.82276008384));
#5058 = CARTESIAN_POINT('',(5.282839122751,550.70322378016));
#5059 = CARTESIAN_POINT('',(5.284511882593,550.58111276733));
#5060 = CARTESIAN_POINT('',(5.28605243077,550.45672346724));
#5061 = CARTESIAN_POINT('',(5.290423889116,550.06428334852));
#5062 = CARTESIAN_POINT('',(5.29279770459,549.78951236682));
#5063 = CARTESIAN_POINT('',(5.294581022128,549.50836785606));
#5064 = CARTESIAN_POINT('',(5.295774010717,549.22304801778));
#5065 = CARTESIAN_POINT('',(5.296377267468,548.93567827061));
#5066 = CARTESIAN_POINT('',(5.296401692035,548.44475455719));
#5067 = CARTESIAN_POINT('',(5.29611603313,548.24110848683));
#5068 = CARTESIAN_POINT('',(5.295534484028,548.03815603909));
#5069 = CARTESIAN_POINT('',(5.294656854551,547.83663689416));
#5070 = CARTESIAN_POINT('',(5.29348286458,547.63730511192));
#5071 = CARTESIAN_POINT('',(5.290368956737,547.22152735849));
#5072 = CARTESIAN_POINT('',(5.288354726045,547.00573136186));
#5073 = CARTESIAN_POINT('',(5.285969933723,546.79483295944));
#5074 = CARTESIAN_POINT('',(5.283217164552,546.5901337397));
#5075 = CARTESIAN_POINT('',(5.280101019492,546.39294640346));
#5076 = CARTESIAN_POINT('',(5.27364144203,546.04262273038));
#5077 = CARTESIAN_POINT('',(5.270390565501,545.88716395098));
#5078 = CARTESIAN_POINT('',(5.266884179149,545.73931862791));
#5079 = CARTESIAN_POINT('',(5.263134067075,545.60009250092));
#5080 = CARTESIAN_POINT('',(5.2591548475,545.47039623158));
#5081 = CARTESIAN_POINT('',(5.251558963368,545.2540823272));
#5082 = CARTESIAN_POINT('',(5.248015171746,545.16397186358));
#5083 = CARTESIAN_POINT('',(5.2443444928,545.08121707621));
#5084 = CARTESIAN_POINT('',(5.240560356636,545.00623070144));
#5085 = CARTESIAN_POINT('',(5.236677480525,544.93933424248));
#5086 = CARTESIAN_POINT('',(5.227627399398,544.80565743405));
#5087 = CARTESIAN_POINT('',(5.222409474871,544.74427125047));
#5088 = CARTESIAN_POINT('',(5.217090491876,544.69703579037));
#5089 = CARTESIAN_POINT('',(5.211705134411,544.66414470593));
#5090 = CARTESIAN_POINT('',(5.206289362176,544.64554270043));
#5091 = CARTESIAN_POINT('',(5.194722141125,544.63565725234));
#5092 = CARTESIAN_POINT('',(5.188574024841,544.64850459022));
#5093 = CARTESIAN_POINT('',(5.182475190925,544.67897443873));
#5094 = CARTESIAN_POINT('',(5.176464884621,544.72641227524));
#5095 = CARTESIAN_POINT('',(5.170580839639,544.78999994244));
#5096 = CARTESIAN_POINT('',(5.158433059058,544.95719890373));
#5097 = CARTESIAN_POINT('',(5.152207978772,545.06481741159));
#5098 = CARTESIAN_POINT('',(5.146221822382,545.19043894624));
#5099 = CARTESIAN_POINT('',(5.140510931445,545.33288401662));
#5100 = CARTESIAN_POINT('',(5.135109757237,545.490967468));
#5101 = CARTESIAN_POINT('',(5.126424838974,545.78717244261));
#5102 = CARTESIAN_POINT('',(5.122973663624,545.91830308523));
#5103 = CARTESIAN_POINT('',(5.119710319367,546.05643889034));
#5104 = CARTESIAN_POINT('',(5.116646954342,546.20112263156));
#5105 = CARTESIAN_POINT('',(5.113795164528,546.35188887126));
#5106 = CARTESIAN_POINT('',(5.105872077604,546.82313636911));
#5107 = CARTESIAN_POINT('',(5.101469364442,547.16143442581));
#5108 = CARTESIAN_POINT('',(5.098079036184,547.51808540826));
#5109 = CARTESIAN_POINT('',(5.095785348418,547.88736302144));
#5110 = CARTESIAN_POINT('',(5.094634637581,548.26334529361));
#5111 = CARTESIAN_POINT('',(5.094634637581,548.64));
#5112 = ( GEOMETRIC_REPRESENTATION_CONTEXT(2) 
PARAMETRIC_REPRESENTATION_CONTEXT() REPRESENTATION_CONTEXT('2D SPACE',''
  ) );
#5113 = ORIENTED_EDGE('',*,*,#5114,.T.);
#5114 = EDGE_CURVE('',#4825,#1668,#5115,.T.);
#5115 = SEAM_CURVE('',#5116,(#5120,#5127),.PCURVE_S1.);
#5116 = LINE('',#5117,#5118);
#5117 = CARTESIAN_POINT('',(-52.,-3.464101615138,548.64));
#5118 = VECTOR('',#5119,1.);
#5119 = DIRECTION('',(0.866025403784,-0.5,-0.));
#5120 = PCURVE('',#1863,#5121);
#5121 = DEFINITIONAL_REPRESENTATION('',(#5122),#5126);
#5122 = LINE('',#5123,#5124);
#5123 = CARTESIAN_POINT('',(6.28318530718,0.));
#5124 = VECTOR('',#5125,1.);
#5125 = DIRECTION('',(0.,-1.));
#5126 = ( GEOMETRIC_REPRESENTATION_CONTEXT(2) 
PARAMETRIC_REPRESENTATION_CONTEXT() REPRESENTATION_CONTEXT('2D SPACE',''
  ) );
#5127 = PCURVE('',#1863,#5128);
#5128 = DEFINITIONAL_REPRESENTATION('',(#5129),#5133);
#5129 = LINE('',#5130,#5131);
#5130 = CARTESIAN_POINT('',(0.,0.));
#5131 = VECTOR('',#5132,1.);
#5132 = DIRECTION('',(0.,-1.));
#5133 = ( GEOMETRIC_REPRESENTATION_CONTEXT(2) 
PARAMETRIC_REPRESENTATION_CONTEXT() REPRESENTATION_CONTEXT('2D SPACE',''
  ) );
#5134 = ORIENTED_EDGE('',*,*,#1667,.T.);
#5135 = ORIENTED_EDGE('',*,*,#5114,.F.);
#5136 = ADVANCED_FACE('',(#5137,#5216,#5219,#5222,#5225,#5228,#5231,
    #5234),#1988,.F.);
#5137 = FACE_BOUND('',#5138,.F.);
#5138 = EDGE_LOOP('',(#5139,#5140,#5163,#5190,#5191,#5192,#5193,#5214,
    #5215));
#5139 = ORIENTED_EDGE('',*,*,#2272,.F.);
#5140 = ORIENTED_EDGE('',*,*,#5141,.T.);
#5141 = EDGE_CURVE('',#2028,#5142,#5144,.T.);
#5142 = VERTEX_POINT('',#5143);
#5143 = CARTESIAN_POINT('',(47.,-1.151167991199E-14,589.));
#5144 = SEAM_CURVE('',#5145,(#5149,#5156),.PCURVE_S1.);
#5145 = LINE('',#5146,#5147);
#5146 = CARTESIAN_POINT('',(47.,-1.151167991199E-14,0.));
#5147 = VECTOR('',#5148,1.);
#5148 = DIRECTION('',(0.,0.,1.));
#5149 = PCURVE('',#1988,#5150);
#5150 = DEFINITIONAL_REPRESENTATION('',(#5151),#5155);
#5151 = LINE('',#5152,#5153);
#5152 = CARTESIAN_POINT('',(0.,-0.));
#5153 = VECTOR('',#5154,1.);
#5154 = DIRECTION('',(0.,1.));
#5155 = ( GEOMETRIC_REPRESENTATION_CONTEXT(2) 
PARAMETRIC_REPRESENTATION_CONTEXT() REPRESENTATION_CONTEXT('2D SPACE',''
  ) );
#5156 = PCURVE('',#1988,#5157);
#5157 = DEFINITIONAL_REPRESENTATION('',(#5158),#5162);
#5158 = LINE('',#5159,#5160);
#5159 = CARTESIAN_POINT('',(6.28318530718,-0.));
#5160 = VECTOR('',#5161,1.);
#5161 = DIRECTION('',(0.,1.));
#5162 = ( GEOMETRIC_REPRESENTATION_CONTEXT(2) 
PARAMETRIC_REPRESENTATION_CONTEXT() REPRESENTATION_CONTEXT('2D SPACE',''
  ) );
#5163 = ORIENTED_EDGE('',*,*,#5164,.F.);
#5164 = EDGE_CURVE('',#5142,#5142,#5165,.T.);
#5165 = SURFACE_CURVE('',#5166,(#5171,#5178),.PCURVE_S1.);
#5166 = CIRCLE('',#5167,47.);
#5167 = AXIS2_PLACEMENT_3D('',#5168,#5169,#5170);
#5168 = CARTESIAN_POINT('',(0.,0.,589.));
#5169 = DIRECTION('',(0.,0.,1.));
#5170 = DIRECTION('',(1.,0.,-0.));
#5171 = PCURVE('',#1988,#5172);
#5172 = DEFINITIONAL_REPRESENTATION('',(#5173),#5177);
#5173 = LINE('',#5174,#5175);
#5174 = CARTESIAN_POINT('',(0.,589.));
#5175 = VECTOR('',#5176,1.);
#5176 = DIRECTION('',(1.,0.));
#5177 = ( GEOMETRIC_REPRESENTATION_CONTEXT(2) 
PARAMETRIC_REPRESENTATION_CONTEXT() REPRESENTATION_CONTEXT('2D SPACE',''
  ) );
#5178 = PCURVE('',#5179,#5184);
#5179 = PLANE('',#5180);
#5180 = AXIS2_PLACEMENT_3D('',#5181,#5182,#5183);
#5181 = CARTESIAN_POINT('',(0.,0.,589.));
#5182 = DIRECTION('',(0.,0.,1.));
#5183 = DIRECTION('',(1.,0.,-0.));
#5184 = DEFINITIONAL_REPRESENTATION('',(#5185),#5189);
#5185 = CIRCLE('',#5186,47.);
#5186 = AXIS2_PLACEMENT_2D('',#5187,#5188);
#5187 = CARTESIAN_POINT('',(0.,0.));
#5188 = DIRECTION('',(1.,0.));
#5189 = ( GEOMETRIC_REPRESENTATION_CONTEXT(2) 
PARAMETRIC_REPRESENTATION_CONTEXT() REPRESENTATION_CONTEXT('2D SPACE',''
  ) );
#5190 = ORIENTED_EDGE('',*,*,#5141,.F.);
#5191 = ORIENTED_EDGE('',*,*,#2027,.F.);
#5192 = ORIENTED_EDGE('',*,*,#2412,.F.);
#5193 = ORIENTED_EDGE('',*,*,#5194,.F.);
#5194 = EDGE_CURVE('',#1972,#2273,#5195,.T.);
#5195 = SEAM_CURVE('',#5196,(#5200,#5207),.PCURVE_S1.);
#5196 = LINE('',#5197,#5198);
#5197 = CARTESIAN_POINT('',(47.,-1.151167991199E-14,0.));
#5198 = VECTOR('',#5199,1.);
#5199 = DIRECTION('',(0.,0.,1.));
#5200 = PCURVE('',#1988,#5201);
#5201 = DEFINITIONAL_REPRESENTATION('',(#5202),#5206);
#5202 = LINE('',#5203,#5204);
#5203 = CARTESIAN_POINT('',(6.28318530718,-0.));
#5204 = VECTOR('',#5205,1.);
#5205 = DIRECTION('',(0.,1.));
#5206 = ( GEOMETRIC_REPRESENTATION_CONTEXT(2) 
PARAMETRIC_REPRESENTATION_CONTEXT() REPRESENTATION_CONTEXT('2D SPACE',''
  ) );
#5207 = PCURVE('',#1988,#5208);
#5208 = DEFINITIONAL_REPRESENTATION('',(#5209),#5213);
#5209 = LINE('',#5210,#5211);
#5210 = CARTESIAN_POINT('',(0.,-0.));
#5211 = VECTOR('',#5212,1.);
#5212 = DIRECTION('',(0.,1.));
#5213 = ( GEOMETRIC_REPRESENTATION_CONTEXT(2) 
PARAMETRIC_REPRESENTATION_CONTEXT() REPRESENTATION_CONTEXT('2D SPACE',''
  ) );
#5214 = ORIENTED_EDGE('',*,*,#1971,.T.);
#5215 = ORIENTED_EDGE('',*,*,#5194,.T.);
#5216 = FACE_BOUND('',#5217,.F.);
#5217 = EDGE_LOOP('',(#5218));
#5218 = ORIENTED_EDGE('',*,*,#2586,.T.);
#5219 = FACE_BOUND('',#5220,.F.);
#5220 = EDGE_LOOP('',(#5221));
#5221 = ORIENTED_EDGE('',*,*,#3265,.F.);
#5222 = FACE_BOUND('',#5223,.F.);
#5223 = EDGE_LOOP('',(#5224));
#5224 = ORIENTED_EDGE('',*,*,#4136,.F.);
#5225 = FACE_BOUND('',#5226,.F.);
#5226 = EDGE_LOOP('',(#5227));
#5227 = ORIENTED_EDGE('',*,*,#2902,.T.);
#5228 = FACE_BOUND('',#5229,.F.);
#5229 = EDGE_LOOP('',(#5230));
#5230 = ORIENTED_EDGE('',*,*,#4503,.F.);
#5231 = FACE_BOUND('',#5232,.F.);
#5232 = EDGE_LOOP('',(#5233));
#5233 = ORIENTED_EDGE('',*,*,#4824,.T.);
#5234 = FACE_BOUND('',#5235,.F.);
#5235 = EDGE_LOOP('',(#5236));
#5236 = ORIENTED_EDGE('',*,*,#3586,.T.);
#5237 = ADVANCED_FACE('',(#5238),#5179,.F.);
#5238 = FACE_BOUND('',#5239,.F.);
#5239 = EDGE_LOOP('',(#5240));
#5240 = ORIENTED_EDGE('',*,*,#5164,.T.);
#5241 = ( GEOMETRIC_REPRESENTATION_CONTEXT(3) 
GLOBAL_UNCERTAINTY_ASSIGNED_CONTEXT((#5245)) 
GLOBAL_UNIT_ASSIGNED_CONTEXT((#5242,#5243,#5244)) REPRESENTATION_CONTEXT
('Context #1','3D Context with UNIT and UNCERTAINTY') );
#5242 = ( LENGTH_UNIT() NAMED_UNIT(*) SI_UNIT(.MILLI.,.METRE.) );
#5243 = ( NAMED_UNIT(*) PLANE_ANGLE_UNIT() SI_UNIT($,.RADIAN.) );
#5244 = ( NAMED_UNIT(*) SI_UNIT($,.STERADIAN.) SOLID_ANGLE_UNIT() );
#5245 = UNCERTAINTY_MEASURE_WITH_UNIT(LENGTH_MEASURE(1.E-07),#5242,
  'distance_accuracy_value','confusion accuracy');
#5246 = CONTEXT_DEPENDENT_SHAPE_REPRESENTATION(#5247,#5249);
#5247 = ( REPRESENTATION_RELATIONSHIP('','',#36,#10) 
REPRESENTATION_RELATIONSHIP_WITH_TRANSFORMATION(#5248) 
SHAPE_REPRESENTATION_RELATIONSHIP() );
#5248 = ITEM_DEFINED_TRANSFORMATION('','',#11,#15);
#5249 = PRODUCT_DEFINITION_SHAPE('Placement','Placement of an item',
  #5250);
#5250 = NEXT_ASSEMBLY_USAGE_OCCURRENCE('1','airframe','',#5,#31,$);
#5251 = PRODUCT_RELATED_PRODUCT_CATEGORY('part',$,(#33));
#5252 = SHAPE_DEFINITION_REPRESENTATION(#5253,#5259);
#5253 = PRODUCT_DEFINITION_SHAPE('','',#5254);
#5254 = PRODUCT_DEFINITION('design','',#5255,#5258);
#5255 = PRODUCT_DEFINITION_FORMATION('','',#5256);
#5256 = PRODUCT('nose','nose','',(#5257));
#5257 = PRODUCT_CONTEXT('',#2,'mechanical');
#5258 = PRODUCT_DEFINITION_CONTEXT('part definition',#2,'design');
#5259 = ADVANCED_BREP_SHAPE_REPRESENTATION('',(#11,#5260),#5386);
#5260 = MANIFOLD_SOLID_BREP('',#5261);
#5261 = CLOSED_SHELL('',(#5262,#5323,#5358));
#5262 = ADVANCED_FACE('',(#5263),#5277,.T.);
#5263 = FACE_BOUND('',#5264,.T.);
#5264 = EDGE_LOOP('',(#5265,#5295,#5322));
#5265 = ORIENTED_EDGE('',*,*,#5266,.F.);
#5266 = EDGE_CURVE('',#5267,#5269,#5271,.T.);
#5267 = VERTEX_POINT('',#5268);
#5268 = CARTESIAN_POINT('',(50.,-1.224646799147E-14,0.));
#5269 = VERTEX_POINT('',#5270);
#5270 = CARTESIAN_POINT('',(-8.070523998421E-15,1.976708276422E-30,170.)
  );
#5271 = SEAM_CURVE('',#5272,(#5276,#5288),.PCURVE_S1.);
#5272 = LINE('',#5273,#5274);
#5273 = CARTESIAN_POINT('',(50.,-1.224646799147E-14,0.));
#5274 = VECTOR('',#5275,1.);
#5275 = DIRECTION('',(-0.282166323992,6.911081710069E-17,0.959365501571)
  );
#5276 = PCURVE('',#5277,#5282);
#5277 = CONICAL_SURFACE('',#5278,50.,0.286051441717);
#5278 = AXIS2_PLACEMENT_3D('',#5279,#5280,#5281);
#5279 = CARTESIAN_POINT('',(0.,0.,0.));
#5280 = DIRECTION('',(-0.,-0.,-1.));
#5281 = DIRECTION('',(1.,0.,-0.));
#5282 = DEFINITIONAL_REPRESENTATION('',(#5283),#5287);
#5283 = LINE('',#5284,#5285);
#5284 = CARTESIAN_POINT('',(-6.28318530718,0.));
#5285 = VECTOR('',#5286,1.);
#5286 = DIRECTION('',(-0.,-1.));
#5287 = ( GEOMETRIC_REPRESENTATION_CONTEXT(2) 
PARAMETRIC_REPRESENTATION_CONTEXT() REPRESENTATION_CONTEXT('2D SPACE',''
  ) );
#5288 = PCURVE('',#5277,#5289);
#5289 = DEFINITIONAL_REPRESENTATION('',(#5290),#5294);
#5290 = LINE('',#5291,#5292);
#5291 = CARTESIAN_POINT('',(0.,-0.));
#5292 = VECTOR('',#5293,1.);
#5293 = DIRECTION('',(-0.,-1.));
#5294 = ( GEOMETRIC_REPRESENTATION_CONTEXT(2) 
PARAMETRIC_REPRESENTATION_CONTEXT() REPRESENTATION_CONTEXT('2D SPACE',''
  ) );
#5295 = ORIENTED_EDGE('',*,*,#5296,.T.);
#5296 = EDGE_CURVE('',#5267,#5267,#5297,.T.);
#5297 = SURFACE_CURVE('',#5298,(#5303,#5310),.PCURVE_S1.);
#5298 = CIRCLE('',#5299,50.);
#5299 = AXIS2_PLACEMENT_3D('',#5300,#5301,#5302);
#5300 = CARTESIAN_POINT('',(0.,0.,0.));
#5301 = DIRECTION('',(0.,0.,1.));
#5302 = DIRECTION('',(1.,0.,-0.));
#5303 = PCURVE('',#5277,#5304);
#5304 = DEFINITIONAL_REPRESENTATION('',(#5305),#5309);
#5305 = LINE('',#5306,#5307);
#5306 = CARTESIAN_POINT('',(-0.,-0.));
#5307 = VECTOR('',#5308,1.);
#5308 = DIRECTION('',(-1.,-0.));
#5309 = ( GEOMETRIC_REPRESENTATION_CONTEXT(2) 
PARAMETRIC_REPRESENTATION_CONTEXT() REPRESENTATION_CONTEXT('2D SPACE',''
  ) );
#5310 = PCURVE('',#5311,#5316);
#5311 = PLANE('',#5312);
#5312 = AXIS2_PLACEMENT_3D('',#5313,#5314,#5315);
#5313 = CARTESIAN_POINT('',(0.,0.,0.));
#5314 = DIRECTION('',(0.,0.,1.));
#5315 = DIRECTION('',(1.,0.,-0.));
#5316 = DEFINITIONAL_REPRESENTATION('',(#5317),#5321);
#5317 = CIRCLE('',#5318,50.);
#5318 = AXIS2_PLACEMENT_2D('',#5319,#5320);
#5319 = CARTESIAN_POINT('',(0.,0.));
#5320 = DIRECTION('',(1.,0.));
#5321 = ( GEOMETRIC_REPRESENTATION_CONTEXT(2) 
PARAMETRIC_REPRESENTATION_CONTEXT() REPRESENTATION_CONTEXT('2D SPACE',''
  ) );
#5322 = ORIENTED_EDGE('',*,*,#5266,.T.);
#5323 = ADVANCED_FACE('',(#5324,#5327),#5311,.F.);
#5324 = FACE_BOUND('',#5325,.F.);
#5325 = EDGE_LOOP('',(#5326));
#5326 = ORIENTED_EDGE('',*,*,#5296,.T.);
#5327 = FACE_BOUND('',#5328,.F.);
#5328 = EDGE_LOOP('',(#5329));
#5329 = ORIENTED_EDGE('',*,*,#5330,.F.);
#5330 = EDGE_CURVE('',#5331,#5331,#5333,.T.);
#5331 = VERTEX_POINT('',#5332);
#5332 = CARTESIAN_POINT('',(47.,-1.151167991199E-14,0.));
#5333 = SURFACE_CURVE('',#5334,(#5339,#5346),.PCURVE_S1.);
#5334 = CIRCLE('',#5335,47.);
#5335 = AXIS2_PLACEMENT_3D('',#5336,#5337,#5338);
#5336 = CARTESIAN_POINT('',(0.,0.,0.));
#5337 = DIRECTION('',(0.,0.,1.));
#5338 = DIRECTION('',(1.,0.,-0.));
#5339 = PCURVE('',#5311,#5340);
#5340 = DEFINITIONAL_REPRESENTATION('',(#5341),#5345);
#5341 = CIRCLE('',#5342,47.);
#5342 = AXIS2_PLACEMENT_2D('',#5343,#5344);
#5343 = CARTESIAN_POINT('',(0.,0.));
#5344 = DIRECTION('',(1.,0.));
#5345 = ( GEOMETRIC_REPRESENTATION_CONTEXT(2) 
PARAMETRIC_REPRESENTATION_CONTEXT() REPRESENTATION_CONTEXT('2D SPACE',''
  ) );
#5346 = PCURVE('',#5347,#5352);
#5347 = CONICAL_SURFACE('',#5348,47.,0.274340851499);
#5348 = AXIS2_PLACEMENT_3D('',#5349,#5350,#5351);
#5349 = CARTESIAN_POINT('',(0.,0.,0.));
#5350 = DIRECTION('',(-0.,-0.,-1.));
#5351 = DIRECTION('',(1.,0.,-0.));
#5352 = DEFINITIONAL_REPRESENTATION('',(#5353),#5357);
#5353 = LINE('',#5354,#5355);
#5354 = CARTESIAN_POINT('',(-0.,-0.));
#5355 = VECTOR('',#5356,1.);
#5356 = DIRECTION('',(-1.,-0.));
#5357 = ( GEOMETRIC_REPRESENTATION_CONTEXT(2) 
PARAMETRIC_REPRESENTATION_CONTEXT() REPRESENTATION_CONTEXT('2D SPACE',''
  ) );
#5358 = ADVANCED_FACE('',(#5359),#5347,.F.);
#5359 = FACE_BOUND('',#5360,.F.);
#5360 = EDGE_LOOP('',(#5361,#5384,#5385));
#5361 = ORIENTED_EDGE('',*,*,#5362,.F.);
#5362 = EDGE_CURVE('',#5331,#5363,#5365,.T.);
#5363 = VERTEX_POINT('',#5364);
#5364 = CARTESIAN_POINT('',(-9.365191887946E-15,2.293810453795E-30,167.)
  );
#5365 = SEAM_CURVE('',#5366,(#5370,#5377),.PCURVE_S1.);
#5366 = LINE('',#5367,#5368);
#5367 = CARTESIAN_POINT('',(47.,-1.151167991199E-14,0.));
#5368 = VECTOR('',#5369,1.);
#5369 = DIRECTION('',(-0.270912496886,6.635442443201E-17,0.962603978296)
  );
#5370 = PCURVE('',#5347,#5371);
#5371 = DEFINITIONAL_REPRESENTATION('',(#5372),#5376);
#5372 = LINE('',#5373,#5374);
#5373 = CARTESIAN_POINT('',(-6.28318530718,0.));
#5374 = VECTOR('',#5375,1.);
#5375 = DIRECTION('',(-0.,-1.));
#5376 = ( GEOMETRIC_REPRESENTATION_CONTEXT(2) 
PARAMETRIC_REPRESENTATION_CONTEXT() REPRESENTATION_CONTEXT('2D SPACE',''
  ) );
#5377 = PCURVE('',#5347,#5378);
#5378 = DEFINITIONAL_REPRESENTATION('',(#5379),#5383);
#5379 = LINE('',#5380,#5381);
#5380 = CARTESIAN_POINT('',(0.,-0.));
#5381 = VECTOR('',#5382,1.);
#5382 = DIRECTION('',(-0.,-1.));
#5383 = ( GEOMETRIC_REPRESENTATION_CONTEXT(2) 
PARAMETRIC_REPRESENTATION_CONTEXT() REPRESENTATION_CONTEXT('2D SPACE',''
  ) );
#5384 = ORIENTED_EDGE('',*,*,#5330,.T.);
#5385 = ORIENTED_EDGE('',*,*,#5362,.T.);
#5386 = ( GEOMETRIC_REPRESENTATION_CONTEXT(3) 
GLOBAL_UNCERTAINTY_ASSIGNED_CONTEXT((#5390)) 
GLOBAL_UNIT_ASSIGNED_CONTEXT((#5387,#5388,#5389)) REPRESENTATION_CONTEXT
('Context #1','3D Context with UNIT and UNCERTAINTY') );
#5387 = ( LENGTH_UNIT() NAMED_UNIT(*) SI_UNIT(.MILLI.,.METRE.) );
#5388 = ( NAMED_UNIT(*) PLANE_ANGLE_UNIT() SI_UNIT($,.RADIAN.) );
#5389 = ( NAMED_UNIT(*) SI_UNIT($,.STERADIAN.) SOLID_ANGLE_UNIT() );
#5390 = UNCERTAINTY_MEASURE_WITH_UNIT(LENGTH_MEASURE(1.E-07),#5387,
  'distance_accuracy_value','confusion accuracy');
#5391 = CONTEXT_DEPENDENT_SHAPE_REPRESENTATION(#5392,#5394);
#5392 = ( REPRESENTATION_RELATIONSHIP('','',#5259,#10) 
REPRESENTATION_RELATIONSHIP_WITH_TRANSFORMATION(#5393) 
SHAPE_REPRESENTATION_RELATIONSHIP() );
#5393 = ITEM_DEFINED_TRANSFORMATION('','',#11,#19);
#5394 = PRODUCT_DEFINITION_SHAPE('Placement','Placement of an item',
  #5395);
#5395 = NEXT_ASSEMBLY_USAGE_OCCURRENCE('2','nose','',#5,#5254,$);
#5396 = PRODUCT_RELATED_PRODUCT_CATEGORY('part',$,(#5256));
ENDSEC;
END-ISO-10303-21;
