ISO-10303-21;
HEADER;
FILE_DESCRIPTION(('Open CASCADE Model'),'2;1');
FILE_NAME('rocket','2026-08-13T20:08:55',('Author'),('Open CASCADE'),
  'Open CASCADE STEP processor 7.9','build123d','Unknown');
FILE_SCHEMA(('AUTOMOTIVE_DESIGN { 1 0 10303 214 1 1 1 1 }'));
ENDSEC;
DATA;
#1 = APPLICATION_PROTOCOL_DEFINITION('international standard',
  'automotive_design',2000,#2);
#2 = APPLICATION_CONTEXT(
  'core data for automotive mechanical design processes');
#3 = SHAPE_DEFINITION_REPRESENTATION(#4,#10);
#4 = PRODUCT_DEFINITION_SHAPE('','',#5);
#5 = PRODUCT_DEFINITION('design','',#6,#9);
#6 = PRODUCT_DEFINITION_FORMATION('','',#7);
#7 = PRODUCT('rocket','rocket','',(#8));
#8 = PRODUCT_CONTEXT('',#2,'mechanical');
#9 = PRODUCT_DEFINITION_CONTEXT('part definition',#2,'design');
#10 = SHAPE_REPRESENTATION('',(#11,#15,#19),#23);
#11 = AXIS2_PLACEMENT_3D('',#12,#13,#14);
#12 = CARTESIAN_POINT('',(0.,0.,0.));
#13 = DIRECTION('',(0.,0.,1.));
#14 = DIRECTION('',(1.,0.,-0.));
#15 = AXIS2_PLACEMENT_3D('',#16,#17,#18);
#16 = CARTESIAN_POINT('',(0.,0.,0.));
#17 = DIRECTION('',(0.,0.,1.));
#18 = DIRECTION('',(1.,0.,-0.));
#19 = AXIS2_PLACEMENT_3D('',#20,#21,#22);
#20 = CARTESIAN_POINT('',(0.,0.,0.));
#21 = DIRECTION('',(0.,0.,1.));
#22 = DIRECTION('',(1.,0.,-0.));
#23 = ( GEOMETRIC_REPRESENTATION_CONTEXT(3) 
GLOBAL_UNCERTAINTY_ASSIGNED_CONTEXT((#27)) GLOBAL_UNIT_ASSIGNED_CONTEXT(
(#24,#25,#26)) REPRESENTATION_CONTEXT('Context #1',
  '3D Context with UNIT and UNCERTAINTY') );
#24 = ( LENGTH_UNIT() NAMED_UNIT(*) SI_UNIT(.MILLI.,.METRE.) );
#25 = ( NAMED_UNIT(*) PLANE_ANGLE_UNIT() SI_UNIT($,.RADIAN.) );
#26 = ( NAMED_UNIT(*) SI_UNIT($,.STERADIAN.) SOLID_ANGLE_UNIT() );
#27 = UNCERTAINTY_MEASURE_WITH_UNIT(LENGTH_MEASURE(1.E-07),#24,
  'distance_accuracy_value','confusion accuracy');
#28 = PRODUCT_RELATED_PRODUCT_CATEGORY('part',$,(#7));
#29 = SHAPE_DEFINITION_REPRESENTATION(#30,#36);
#30 = PRODUCT_DEFINITION_SHAPE('','',#31);
#31 = PRODUCT_DEFINITION('design','',#32,#35);
#32 = PRODUCT_DEFINITION_FORMATION('','',#33);
#33 = PRODUCT('airframe','airframe','',(#34));
#34 = PRODUCT_CONTEXT('',#2,'mechanical');
#35 = PRODUCT_DEFINITION_CONTEXT('part definition',#2,'design');
#36 = ADVANCED_BREP_SHAPE_REPRESENTATION('',(#11,#37),#4413);
#37 = MANIFOLD_SOLID_BREP('',#38);
#38 = CLOSED_SHELL('',(#39,#158,#193,#2051,#2110,#2458,#2557,#2562,#2734
    ,#2906,#3124,#3130,#3446,#3641,#3646,#3864,#3870,#4042,#4094,#4265,
    #4269,#4310,#4409));
#39 = ADVANCED_FACE('',(#40),#53,.T.);
#40 = FACE_BOUND('',#41,.T.);
#41 = EDGE_LOOP('',(#42,#93,#130,#157));
#42 = ORIENTED_EDGE('',*,*,#43,.T.);
#43 = EDGE_CURVE('',#44,#44,#46,.T.);
#44 = VERTEX_POINT('',#45);
#45 = CARTESIAN_POINT('',(42.56,0.,0.));
#46 = SURFACE_CURVE('',#47,(#52,#81),.PCURVE_S1.);
#47 = CIRCLE('',#48,42.56);
#48 = AXIS2_PLACEMENT_3D('',#49,#50,#51);
#49 = CARTESIAN_POINT('',(0.,0.,0.));
#50 = DIRECTION('',(0.,0.,1.));
#51 = DIRECTION('',(1.,0.,0.));
#52 = PCURVE('',#53,#75);
#53 = SURFACE_OF_REVOLUTION('',#54,#72);
#54 = B_SPLINE_CURVE_WITH_KNOTS('',3,(#55,#56,#57,#58,#59,#60,#61,#62,
    #63,#64,#65,#66,#67,#68,#69,#70,#71),.UNSPECIFIED.,.F.,.F.,(4,1,1,1,
    1,1,1,1,1,1,1,1,1,1,4),(0.,6.786240487365,13.576649525434,
    20.375179285683,27.185361547012,34.010127466777,40.851660784818,
    47.711291739007,54.589436273188,61.485582364947,68.3983227189,
    75.325430818838,82.263975490436,89.210467709999,96.161032371118),
  .UNSPECIFIED.);
#55 = CARTESIAN_POINT('',(42.56,0.,0.));
#56 = CARTESIAN_POINT('',(42.559793258961,0.,2.262162796643));
#57 = CARTESIAN_POINT('',(42.616593726385,0.,6.787793169305));
#58 = CARTESIAN_POINT('',(42.869613789419,0.,13.575499788001));
#59 = CARTESIAN_POINT('',(43.28799085779,0.,20.362970677541));
#60 = CARTESIAN_POINT('',(43.866240766529,0.,27.150137603891));
#61 = CARTESIAN_POINT('',(44.597110978871,0.,33.936921810613));
#62 = CARTESIAN_POINT('',(45.471361301916,0.,40.723274855177));
#63 = CARTESIAN_POINT('',(46.477968722185,0.,47.509170301741));
#64 = CARTESIAN_POINT('',(47.60424695096,0.,54.294606486017));
#65 = CARTESIAN_POINT('',(48.836014903107,0.,61.07960428391));
#66 = CARTESIAN_POINT('',(50.157774760599,0.,67.864205393165));
#67 = CARTESIAN_POINT('',(51.552908772103,0.,74.648467317861));
#68 = CARTESIAN_POINT('',(53.003883624104,0.,81.432466994615));
#69 = CARTESIAN_POINT('',(54.492483533658,0.,88.216270922186));
#70 = CARTESIAN_POINT('',(55.497385500602,0.,92.738335292266));
#71 = CARTESIAN_POINT('',(56.,0.,95.));
#72 = AXIS1_PLACEMENT('',#73,#74);
#73 = CARTESIAN_POINT('',(0.,0.,0.));
#74 = DIRECTION('',(0.,0.,1.));
#75 = DEFINITIONAL_REPRESENTATION('',(#76),#80);
#76 = LINE('',#77,#78);
#77 = CARTESIAN_POINT('',(0.,0.));
#78 = VECTOR('',#79,1.);
#79 = DIRECTION('',(1.,0.));
#80 = ( GEOMETRIC_REPRESENTATION_CONTEXT(2) 
PARAMETRIC_REPRESENTATION_CONTEXT() REPRESENTATION_CONTEXT('2D SPACE',''
  ) );
#81 = PCURVE('',#82,#87);
#82 = PLANE('',#83);
#83 = AXIS2_PLACEMENT_3D('',#84,#85,#86);
#84 = CARTESIAN_POINT('',(0.,0.,0.));
#85 = DIRECTION('',(0.,0.,1.));
#86 = DIRECTION('',(1.,0.,0.));
#87 = DEFINITIONAL_REPRESENTATION('',(#88),#92);
#88 = CIRCLE('',#89,42.56);
#89 = AXIS2_PLACEMENT_2D('',#90,#91);
#90 = CARTESIAN_POINT('',(0.,0.));
#91 = DIRECTION('',(1.,-0.));
#92 = ( GEOMETRIC_REPRESENTATION_CONTEXT(2) 
PARAMETRIC_REPRESENTATION_CONTEXT() REPRESENTATION_CONTEXT('2D SPACE',''
  ) );
#93 = ORIENTED_EDGE('',*,*,#94,.T.);
#94 = EDGE_CURVE('',#44,#95,#97,.T.);
#95 = VERTEX_POINT('',#96);
#96 = CARTESIAN_POINT('',(56.,0.,95.));
#97 = SEAM_CURVE('',#98,(#116,#123),.PCURVE_S1.);
#98 = B_SPLINE_CURVE_WITH_KNOTS('',3,(#99,#100,#101,#102,#103,#104,#105,
    #106,#107,#108,#109,#110,#111,#112,#113,#114,#115),.UNSPECIFIED.,.F.
  ,.F.,(4,1,1,1,1,1,1,1,1,1,1,1,1,1,4),(0.,6.786240487365,
    13.576649525434,20.375179285683,27.185361547012,34.010127466777,
    40.851660784818,47.711291739007,54.589436273188,61.485582364947,
    68.3983227189,75.325430818838,82.263975490436,89.210467709999,
    96.161032371118),.UNSPECIFIED.);
#99 = CARTESIAN_POINT('',(42.56,0.,0.));
#100 = CARTESIAN_POINT('',(42.559793258961,0.,2.262162796643));
#101 = CARTESIAN_POINT('',(42.616593726385,0.,6.787793169305));
#102 = CARTESIAN_POINT('',(42.869613789419,0.,13.575499788001));
#103 = CARTESIAN_POINT('',(43.28799085779,0.,20.362970677541));
#104 = CARTESIAN_POINT('',(43.866240766529,0.,27.150137603891));
#105 = CARTESIAN_POINT('',(44.597110978871,0.,33.936921810613));
#106 = CARTESIAN_POINT('',(45.471361301916,0.,40.723274855177));
#107 = CARTESIAN_POINT('',(46.477968722185,0.,47.509170301741));
#108 = CARTESIAN_POINT('',(47.60424695096,0.,54.294606486017));
#109 = CARTESIAN_POINT('',(48.836014903107,0.,61.07960428391));
#110 = CARTESIAN_POINT('',(50.157774760599,0.,67.864205393165));
#111 = CARTESIAN_POINT('',(51.552908772103,0.,74.648467317861));
#112 = CARTESIAN_POINT('',(53.003883624104,0.,81.432466994615));
#113 = CARTESIAN_POINT('',(54.492483533658,0.,88.216270922186));
#114 = CARTESIAN_POINT('',(55.497385500602,0.,92.738335292266));
#115 = CARTESIAN_POINT('',(56.,0.,95.));
#116 = PCURVE('',#53,#117);
#117 = DEFINITIONAL_REPRESENTATION('',(#118),#122);
#118 = LINE('',#119,#120);
#119 = CARTESIAN_POINT('',(0.,0.));
#120 = VECTOR('',#121,1.);
#121 = DIRECTION('',(0.,1.));
#122 = ( GEOMETRIC_REPRESENTATION_CONTEXT(2) 
PARAMETRIC_REPRESENTATION_CONTEXT() REPRESENTATION_CONTEXT('2D SPACE',''
  ) );
#123 = PCURVE('',#53,#124);
#124 = DEFINITIONAL_REPRESENTATION('',(#125),#129);
#125 = LINE('',#126,#127);
#126 = CARTESIAN_POINT('',(6.28318530718,0.));
#127 = VECTOR('',#128,1.);
#128 = DIRECTION('',(0.,1.));
#129 = ( GEOMETRIC_REPRESENTATION_CONTEXT(2) 
PARAMETRIC_REPRESENTATION_CONTEXT() REPRESENTATION_CONTEXT('2D SPACE',''
  ) );
#130 = ORIENTED_EDGE('',*,*,#131,.F.);
#131 = EDGE_CURVE('',#95,#95,#132,.T.);
#132 = SURFACE_CURVE('',#133,(#138,#145),.PCURVE_S1.);
#133 = CIRCLE('',#134,56.);
#134 = AXIS2_PLACEMENT_3D('',#135,#136,#137);
#135 = CARTESIAN_POINT('',(0.,0.,95.));
#136 = DIRECTION('',(0.,0.,1.));
#137 = DIRECTION('',(1.,0.,0.));
#138 = PCURVE('',#53,#139);
#139 = DEFINITIONAL_REPRESENTATION('',(#140),#144);
#140 = LINE('',#141,#142);
#141 = CARTESIAN_POINT('',(0.,96.161032371118));
#142 = VECTOR('',#143,1.);
#143 = DIRECTION('',(1.,0.));
#144 = ( GEOMETRIC_REPRESENTATION_CONTEXT(2) 
PARAMETRIC_REPRESENTATION_CONTEXT() REPRESENTATION_CONTEXT('2D SPACE',''
  ) );
#145 = PCURVE('',#146,#151);
#146 = CYLINDRICAL_SURFACE('',#147,56.);
#147 = AXIS2_PLACEMENT_3D('',#148,#149,#150);
#148 = CARTESIAN_POINT('',(0.,0.,95.));
#149 = DIRECTION('',(0.,0.,1.));
#150 = DIRECTION('',(1.,0.,0.));
#151 = DEFINITIONAL_REPRESENTATION('',(#152),#156);
#152 = LINE('',#153,#154);
#153 = CARTESIAN_POINT('',(0.,0.));
#154 = VECTOR('',#155,1.);
#155 = DIRECTION('',(1.,0.));
#156 = ( GEOMETRIC_REPRESENTATION_CONTEXT(2) 
PARAMETRIC_REPRESENTATION_CONTEXT() REPRESENTATION_CONTEXT('2D SPACE',''
  ) );
#157 = ORIENTED_EDGE('',*,*,#94,.F.);
#158 = ADVANCED_FACE('',(#159,#162),#82,.F.);
#159 = FACE_BOUND('',#160,.T.);
#160 = EDGE_LOOP('',(#161));
#161 = ORIENTED_EDGE('',*,*,#43,.F.);
#162 = FACE_BOUND('',#163,.T.);
#163 = EDGE_LOOP('',(#164));
#164 = ORIENTED_EDGE('',*,*,#165,.T.);
#165 = EDGE_CURVE('',#166,#166,#168,.T.);
#166 = VERTEX_POINT('',#167);
#167 = CARTESIAN_POINT('',(14.75,0.,0.));
#168 = SURFACE_CURVE('',#169,(#174,#181),.PCURVE_S1.);
#169 = CIRCLE('',#170,14.75);
#170 = AXIS2_PLACEMENT_3D('',#171,#172,#173);
#171 = CARTESIAN_POINT('',(0.,0.,0.));
#172 = DIRECTION('',(0.,0.,1.));
#173 = DIRECTION('',(1.,0.,0.));
#174 = PCURVE('',#82,#175);
#175 = DEFINITIONAL_REPRESENTATION('',(#176),#180);
#176 = CIRCLE('',#177,14.75);
#177 = AXIS2_PLACEMENT_2D('',#178,#179);
#178 = CARTESIAN_POINT('',(0.,0.));
#179 = DIRECTION('',(1.,-0.));
#180 = ( GEOMETRIC_REPRESENTATION_CONTEXT(2) 
PARAMETRIC_REPRESENTATION_CONTEXT() REPRESENTATION_CONTEXT('2D SPACE',''
  ) );
#181 = PCURVE('',#182,#187);
#182 = CYLINDRICAL_SURFACE('',#183,14.75);
#183 = AXIS2_PLACEMENT_3D('',#184,#185,#186);
#184 = CARTESIAN_POINT('',(0.,0.,0.));
#185 = DIRECTION('',(-0.,-0.,-1.));
#186 = DIRECTION('',(1.,0.,0.));
#187 = DEFINITIONAL_REPRESENTATION('',(#188),#192);
#188 = LINE('',#189,#190);
#189 = CARTESIAN_POINT('',(-0.,0.));
#190 = VECTOR('',#191,1.);
#191 = DIRECTION('',(-1.,0.));
#192 = ( GEOMETRIC_REPRESENTATION_CONTEXT(2) 
PARAMETRIC_REPRESENTATION_CONTEXT() REPRESENTATION_CONTEXT('2D SPACE',''
  ) );
#193 = ADVANCED_FACE('',(#194,#486,#744,#1002,#1145,#1460,#1629,#1772),
  #146,.T.);
#194 = FACE_BOUND('',#195,.T.);
#195 = EDGE_LOOP('',(#196,#197,#220,#248,#271,#345,#346,#425,#485));
#196 = ORIENTED_EDGE('',*,*,#131,.T.);
#197 = ORIENTED_EDGE('',*,*,#198,.T.);
#198 = EDGE_CURVE('',#95,#199,#201,.T.);
#199 = VERTEX_POINT('',#200);
#200 = CARTESIAN_POINT('',(56.,1.022593380441E-13,529.4));
#201 = SEAM_CURVE('',#202,(#206,#213),.PCURVE_S1.);
#202 = LINE('',#203,#204);
#203 = CARTESIAN_POINT('',(56.,0.,95.));
#204 = VECTOR('',#205,1.);
#205 = DIRECTION('',(0.,0.,1.));
#206 = PCURVE('',#146,#207);
#207 = DEFINITIONAL_REPRESENTATION('',(#208),#212);
#208 = LINE('',#209,#210);
#209 = CARTESIAN_POINT('',(0.,0.));
#210 = VECTOR('',#211,1.);
#211 = DIRECTION('',(0.,1.));
#212 = ( GEOMETRIC_REPRESENTATION_CONTEXT(2) 
PARAMETRIC_REPRESENTATION_CONTEXT() REPRESENTATION_CONTEXT('2D SPACE',''
  ) );
#213 = PCURVE('',#146,#214);
#214 = DEFINITIONAL_REPRESENTATION('',(#215),#219);
#215 = LINE('',#216,#217);
#216 = CARTESIAN_POINT('',(6.28318530718,0.));
#217 = VECTOR('',#218,1.);
#218 = DIRECTION('',(0.,1.));
#219 = ( GEOMETRIC_REPRESENTATION_CONTEXT(2) 
PARAMETRIC_REPRESENTATION_CONTEXT() REPRESENTATION_CONTEXT('2D SPACE',''
  ) );
#220 = ORIENTED_EDGE('',*,*,#221,.T.);
#221 = EDGE_CURVE('',#199,#222,#224,.T.);
#222 = VERTEX_POINT('',#223);
#223 = CARTESIAN_POINT('',(56.,1.027232000249E-13,537.4));
#224 = SURFACE_CURVE('',#225,(#229,#236),.PCURVE_S1.);
#225 = LINE('',#226,#227);
#226 = CARTESIAN_POINT('',(56.,0.,95.));
#227 = VECTOR('',#228,1.);
#228 = DIRECTION('',(0.,0.,1.));
#229 = PCURVE('',#146,#230);
#230 = DEFINITIONAL_REPRESENTATION('',(#231),#235);
#231 = LINE('',#232,#233);
#232 = CARTESIAN_POINT('',(6.28318530718,0.));
#233 = VECTOR('',#234,1.);
#234 = DIRECTION('',(0.,1.));
#235 = ( GEOMETRIC_REPRESENTATION_CONTEXT(2) 
PARAMETRIC_REPRESENTATION_CONTEXT() REPRESENTATION_CONTEXT('2D SPACE',''
  ) );
#236 = PCURVE('',#237,#242);
#237 = PLANE('',#238);
#238 = AXIS2_PLACEMENT_3D('',#239,#240,#241);
#239 = CARTESIAN_POINT('',(56.,-2.427881740842E-16,533.4));
#240 = DIRECTION('',(0.946930129495,-0.321439465303,0.));
#241 = DIRECTION('',(0.321439465303,0.946930129495,0.));
#242 = DEFINITIONAL_REPRESENTATION('',(#243),#247);
#243 = LINE('',#244,#245);
#244 = CARTESIAN_POINT('',(2.563950248511E-16,-438.4));
#245 = VECTOR('',#246,1.);
#246 = DIRECTION('',(0.,1.));
#247 = ( GEOMETRIC_REPRESENTATION_CONTEXT(2) 
PARAMETRIC_REPRESENTATION_CONTEXT() REPRESENTATION_CONTEXT('2D SPACE',''
  ) );
#248 = ORIENTED_EDGE('',*,*,#249,.T.);
#249 = EDGE_CURVE('',#222,#250,#252,.T.);
#250 = VERTEX_POINT('',#251);
#251 = CARTESIAN_POINT('',(56.,0.,552.));
#252 = SEAM_CURVE('',#253,(#257,#264),.PCURVE_S1.);
#253 = LINE('',#254,#255);
#254 = CARTESIAN_POINT('',(56.,0.,95.));
#255 = VECTOR('',#256,1.);
#256 = DIRECTION('',(0.,0.,1.));
#257 = PCURVE('',#146,#258);
#258 = DEFINITIONAL_REPRESENTATION('',(#259),#263);
#259 = LINE('',#260,#261);
#260 = CARTESIAN_POINT('',(0.,0.));
#261 = VECTOR('',#262,1.);
#262 = DIRECTION('',(0.,1.));
#263 = ( GEOMETRIC_REPRESENTATION_CONTEXT(2) 
PARAMETRIC_REPRESENTATION_CONTEXT() REPRESENTATION_CONTEXT('2D SPACE',''
  ) );
#264 = PCURVE('',#146,#265);
#265 = DEFINITIONAL_REPRESENTATION('',(#266),#270);
#266 = LINE('',#267,#268);
#267 = CARTESIAN_POINT('',(6.28318530718,0.));
#268 = VECTOR('',#269,1.);
#269 = DIRECTION('',(0.,1.));
#270 = ( GEOMETRIC_REPRESENTATION_CONTEXT(2) 
PARAMETRIC_REPRESENTATION_CONTEXT() REPRESENTATION_CONTEXT('2D SPACE',''
  ) );
#271 = ORIENTED_EDGE('',*,*,#272,.F.);
#272 = EDGE_CURVE('',#250,#250,#273,.T.);
#273 = SURFACE_CURVE('',#274,(#279,#286),.PCURVE_S1.);
#274 = CIRCLE('',#275,56.);
#275 = AXIS2_PLACEMENT_3D('',#276,#277,#278);
#276 = CARTESIAN_POINT('',(0.,0.,552.));
#277 = DIRECTION('',(0.,0.,1.));
#278 = DIRECTION('',(1.,0.,0.));
#279 = PCURVE('',#146,#280);
#280 = DEFINITIONAL_REPRESENTATION('',(#281),#285);
#281 = LINE('',#282,#283);
#282 = CARTESIAN_POINT('',(0.,457.));
#283 = VECTOR('',#284,1.);
#284 = DIRECTION('',(1.,0.));
#285 = ( GEOMETRIC_REPRESENTATION_CONTEXT(2) 
PARAMETRIC_REPRESENTATION_CONTEXT() REPRESENTATION_CONTEXT('2D SPACE',''
  ) );
#286 = PCURVE('',#287,#339);
#287 = SURFACE_OF_REVOLUTION('',#288,#336);
#288 = B_SPLINE_CURVE_WITH_KNOTS('',3,(#289,#290,#291,#292,#293,#294,
    #295,#296,#297,#298,#299,#300,#301,#302,#303,#304,#305,#306,#307,
    #308,#309,#310,#311,#312,#313,#314,#315,#316,#317,#318,#319,#320,
    #321,#322,#323,#324,#325,#326,#327,#328,#329,#330,#331,#332,#333,
    #334,#335),.UNSPECIFIED.,.F.,.F.,(4,1,1,1,1,1,1,1,1,1,1,1,1,1,1,1,1,
    1,1,1,1,1,1,1,1,1,1,1,1,1,1,1,1,1,1,1,1,1,1,1,1,1,1,1,4),(0.,
    4.775475321032,9.557261031843,14.344996404491,19.138561875967,
    23.937881402103,28.742906534249,33.553610771144,38.369986656284,
    43.192044085749,48.019809315787,52.853324448703,57.692647286555,
    62.537851495125,67.389027050615,72.246280961363,77.109738272103,
    81.979543371716,86.855861638929,91.738881475234,96.628816791898,
    101.52591003971,106.43043589819,111.34270577764,116.26307333723,
    121.19194128971,126.12976985757,131.07708737895,136.03450375342,
    141.00272770094,145.98258923182,150.9750693809,155.98134029544,
    161.00282046017,166.04125270962,171.09881773662,176.17830517861,
    181.28338277535,186.41904293547,191.59239567202,196.81420913017,
    202.1023043731,207.49062105583,213.06341083393,219.42515605244),
  .UNSPECIFIED.);
#289 = CARTESIAN_POINT('',(56.,0.,552.));
#290 = CARTESIAN_POINT('',(55.973276810579,0.,553.59200061973));
#291 = CARTESIAN_POINT('',(55.860302090093,0.,556.77588179114));
#292 = CARTESIAN_POINT('',(55.556303649772,0.,561.54841060642));
#293 = CARTESIAN_POINT('',(55.176144565368,0.,566.32108727874));
#294 = CARTESIAN_POINT('',(54.727786766439,0.,571.09377049409));
#295 = CARTESIAN_POINT('',(54.222293692077,0.,575.86647123763));
#296 = CARTESIAN_POINT('',(53.665315592538,0.,580.63918186252));
#297 = CARTESIAN_POINT('',(53.061452361492,0.,585.41190222509));
#298 = CARTESIAN_POINT('',(52.414034312803,0.,590.18463110267));
#299 = CARTESIAN_POINT('',(51.725687761724,0.,594.95736806463));
#300 = CARTESIAN_POINT('',(50.998480777503,0.,599.73011279647));
#301 = CARTESIAN_POINT('',(50.234071316268,0.,604.50286519711));
#302 = CARTESIAN_POINT('',(49.433791407441,0.,609.2756253087));
#303 = CARTESIAN_POINT('',(48.598709713784,0.,614.04839331297));
#304 = CARTESIAN_POINT('',(47.729674824198,0.,618.82116952328));
#305 = CARTESIAN_POINT('',(46.827346753946,0.,623.59395438787));
#306 = CARTESIAN_POINT('',(45.892219644778,0.,628.36674849843));
#307 = CARTESIAN_POINT('',(44.924638041522,0.,633.13955260532));
#308 = CARTESIAN_POINT('',(43.924808169392,0.,637.9123676396));
#309 = CARTESIAN_POINT('',(42.892805171722,0.,642.68519474319));
#310 = CARTESIAN_POINT('',(41.828576903942,0.,647.45803530898));
#311 = CARTESIAN_POINT('',(40.7319446247,0.,652.23089103362));
#312 = CARTESIAN_POINT('',(39.602600718196,0.,657.00376398701));
#313 = CARTESIAN_POINT('',(38.440103400281,0.,661.7766567041));
#314 = CARTESIAN_POINT('',(37.243868181138,0.,666.54957230704));
#315 = CARTESIAN_POINT('',(36.013155659393,0.,671.32251466953));
#316 = CARTESIAN_POINT('',(34.74705498309,0.,676.0954886406));
#317 = CARTESIAN_POINT('',(33.444462002947,0.,680.86850035388));
#318 = CARTESIAN_POINT('',(32.104050719058,0.,685.64155766177));
#319 = CARTESIAN_POINT('',(30.724236023224,0.,690.41467075859));
#320 = CARTESIAN_POINT('',(29.303124847164,0.,695.1878530859));
#321 = CARTESIAN_POINT('',(27.83845152665,0.,699.9611227111));
#322 = CARTESIAN_POINT('',(26.327490980808,0.,704.73450436716));
#323 = CARTESIAN_POINT('',(24.766940442849,0.,709.50803301187));
#324 = CARTESIAN_POINT('',(23.152753058557,0.,714.28175850205));
#325 = CARTESIAN_POINT('',(21.479903789878,0.,719.05575820894));
#326 = CARTESIAN_POINT('',(19.742024562373,0.,723.83014253575));
#327 = CARTESIAN_POINT('',(17.930907733477,0.,728.60513237291));
#328 = CARTESIAN_POINT('',(16.03544205795,0.,733.38096341989));
#329 = CARTESIAN_POINT('',(14.040748437807,0.,738.15867420256));
#330 = CARTESIAN_POINT('',(11.922700452663,0.,742.93818467344));
#331 = CARTESIAN_POINT('',(9.651211086714,0.,747.72870377045));
#332 = CARTESIAN_POINT('',(7.135729514898,0.,752.52146086576));
#333 = CARTESIAN_POINT('',(4.251246131945,0.,757.54911749602));
#334 = CARTESIAN_POINT('',(1.684608464793,0.,760.58700277971));
#335 = CARTESIAN_POINT('',(5.E-02,0.,762.));
#336 = AXIS1_PLACEMENT('',#337,#338);
#337 = CARTESIAN_POINT('',(0.,0.,0.));
#338 = DIRECTION('',(0.,0.,1.));
#339 = DEFINITIONAL_REPRESENTATION('',(#340),#344);
#340 = LINE('',#341,#342);
#341 = CARTESIAN_POINT('',(0.,0.));
#342 = VECTOR('',#343,1.);
#343 = DIRECTION('',(1.,0.));
#344 = ( GEOMETRIC_REPRESENTATION_CONTEXT(2) 
PARAMETRIC_REPRESENTATION_CONTEXT() REPRESENTATION_CONTEXT('2D SPACE',''
  ) );
#345 = ORIENTED_EDGE('',*,*,#249,.F.);
#346 = ORIENTED_EDGE('',*,*,#347,.F.);
#347 = EDGE_CURVE('',#348,#222,#350,.T.);
#348 = VERTEX_POINT('',#349);
#349 = CARTESIAN_POINT('',(55.836220781623,4.279772053028,533.4));
#350 = SURFACE_CURVE('',#351,(#372,#396),.PCURVE_S1.);
#351 = B_SPLINE_CURVE_WITH_KNOTS('',7,(#352,#353,#354,#355,#356,#357,
    #358,#359,#360,#361,#362,#363,#364,#365,#366,#367,#368,#369,#370,
    #371),.UNSPECIFIED.,.F.,.F.,(8,6,6,8),(0.,0.497760566737,
    0.811533830599,1.),.UNSPECIFIED.);
#352 = CARTESIAN_POINT('',(55.836220781623,4.279772053028,533.4));
#353 = CARTESIAN_POINT('',(55.836220781623,4.279772053028,
    533.80440171745));
#354 = CARTESIAN_POINT('',(55.840184849289,4.228054411124,
    534.20879205737));
#355 = CARTESIAN_POINT('',(55.848113101637,4.124619610133,534.608595322)
  );
#356 = CARTESIAN_POINT('',(55.859720311406,3.969221167679,
    534.99906190093));
#357 = CARTESIAN_POINT('',(55.874427608722,3.761509043355,
    535.37496330958));
#358 = CARTESIAN_POINT('',(55.891320122527,3.501210642825,535.7301728093
    ));
#359 = CARTESIAN_POINT('',(55.92040064347,2.991285641505,536.26303791257
    ));
#360 = CARTESIAN_POINT('',(55.932039695694,2.772925816092,
    536.45815906955));
#361 = CARTESIAN_POINT('',(55.943736076438,2.533780472863,
    536.63983326523));
#362 = CARTESIAN_POINT('',(55.955092324247,2.274603615299,
    536.80546594063));
#363 = CARTESIAN_POINT('',(55.965671054947,1.9965001478,536.95240289203)
  );
#364 = CARTESIAN_POINT('',(55.975026904766,1.700947040862,
    537.07792235073));
#365 = CARTESIAN_POINT('',(55.987390184574,1.202948079288,
    537.24007057088));
#366 = CARTESIAN_POINT('',(55.991438187249,1.010568604601,
    537.29214294652));
#367 = CARTESIAN_POINT('',(55.994794624099,0.813587207269,
    537.33469579179));
#368 = CARTESIAN_POINT('',(55.997376824011,0.612986174179,
    537.36713013856));
#369 = CARTESIAN_POINT('',(55.999123737177,0.409804450912,
    537.38899686684));
#370 = CARTESIAN_POINT('',(56.,0.205114640137,537.4));
#371 = CARTESIAN_POINT('',(56.,3.943999099977E-15,537.4));
#372 = PCURVE('',#146,#373);
#373 = DEFINITIONAL_REPRESENTATION('',(#374),#395);
#374 = B_SPLINE_CURVE_WITH_KNOTS('',7,(#375,#376,#377,#378,#379,#380,
    #381,#382,#383,#384,#385,#386,#387,#388,#389,#390,#391,#392,#393,
    #394),.UNSPECIFIED.,.F.,.F.,(8,6,6,8),(0.,0.497760566737,
    0.811533830599,1.),.UNSPECIFIED.);
#375 = CARTESIAN_POINT('',(7.649909265014E-02,438.4));
#376 = CARTESIAN_POINT('',(7.649909265014E-02,438.80440171745));
#377 = CARTESIAN_POINT('',(7.557285440231E-02,439.20879205737));
#378 = CARTESIAN_POINT('',(7.372038671493E-02,439.608595322));
#379 = CARTESIAN_POINT('',(7.093768904054E-02,439.99906190093));
#380 = CARTESIAN_POINT('',(6.721932132228E-02,440.37496330958));
#381 = CARTESIAN_POINT('',(6.256150093605E-02,440.7301728093));
#382 = CARTESIAN_POINT('',(5.344090191925E-02,441.26303791257));
#383 = CARTESIAN_POINT('',(4.953611133267E-02,441.45815906955));
#384 = CARTESIAN_POINT('',(4.526062166147E-02,441.63983326523));
#385 = CARTESIAN_POINT('',(4.06281424986E-02,441.80546594063));
#386 = CARTESIAN_POINT('',(3.565856907457E-02,441.95240289203));
#387 = CARTESIAN_POINT('',(3.037831461899E-02,442.07792235073));
#388 = CARTESIAN_POINT('',(2.148273599754E-02,442.24007057088));
#389 = CARTESIAN_POINT('',(1.804665212177E-02,442.29214294652));
#390 = CARTESIAN_POINT('',(1.452866290116E-02,442.33469579179));
#391 = CARTESIAN_POINT('',(1.094626214801E-02,442.36713013856));
#392 = CARTESIAN_POINT('',(7.317936317466E-03,442.38899686684));
#393 = CARTESIAN_POINT('',(3.662761431024E-03,442.4));
#394 = CARTESIAN_POINT('',(0.,442.4));
#395 = ( GEOMETRIC_REPRESENTATION_CONTEXT(2) 
PARAMETRIC_REPRESENTATION_CONTEXT() REPRESENTATION_CONTEXT('2D SPACE',''
  ) );
#396 = PCURVE('',#397,#402);
#397 = CYLINDRICAL_SURFACE('',#398,4.);
#398 = AXIS2_PLACEMENT_3D('',#399,#400,#401);
#399 = CARTESIAN_POINT('',(56.,0.,533.4));
#400 = DIRECTION('',(0.946930129495,-0.321439465303,0.));
#401 = DIRECTION('',(0.321439465303,0.946930129495,0.));
#402 = DEFINITIONAL_REPRESENTATION('',(#403),#424);
#403 = B_SPLINE_CURVE_WITH_KNOTS('',7,(#404,#405,#406,#407,#408,#409,
    #410,#411,#412,#413,#414,#415,#416,#417,#418,#419,#420,#421,#422,
    #423),.UNSPECIFIED.,.F.,.F.,(8,6,6,8),(0.,0.497760566737,
    0.811533830599,1.),.UNSPECIFIED.);
#404 = CARTESIAN_POINT('',(0.,-1.530775116811));
#405 = CARTESIAN_POINT('',(0.101100429362,-1.530775116811));
#406 = CARTESIAN_POINT('',(0.202197906145,-1.510397330543));
#407 = CARTESIAN_POINT('',(0.303837074063,-1.469641802396));
#408 = CARTESIAN_POINT('',(0.406515846128,-1.408699393495));
#409 = CARTESIAN_POINT('',(0.510773662379,-1.328005736363));
#410 = CARTESIAN_POINT('',(0.617184504641,-1.228339527392));
#411 = CARTESIAN_POINT('',(0.795398273009,-1.036892286161));
#412 = CARTESIAN_POINT('',(0.865577849881,-0.955681451407));
#413 = CARTESIAN_POINT('',(0.937044024203,-0.867735044817));
#414 = CARTESIAN_POINT('',(1.009838614422,-0.773671801094));
#415 = CARTESIAN_POINT('',(1.084027195468,-0.674261052371));
#416 = CARTESIAN_POINT('',(1.159703188135,-0.570399283628));
#417 = CARTESIAN_POINT('',(1.283431274145,-0.398615601548));
#418 = CARTESIAN_POINT('',(1.330417851084,-0.332944070372));
#419 = CARTESIAN_POINT('',(1.377870019927,-0.266448164158));
#420 = CARTESIAN_POINT('',(1.425706354073,-0.199521912445));
#421 = CARTESIAN_POINT('',(1.473852693318,-0.132557083248));
#422 = CARTESIAN_POINT('',(1.522239018608,-6.593194025159E-02));
#423 = CARTESIAN_POINT('',(1.570796326795,0.));
#424 = ( GEOMETRIC_REPRESENTATION_CONTEXT(2) 
PARAMETRIC_REPRESENTATION_CONTEXT() REPRESENTATION_CONTEXT('2D SPACE',''
  ) );
#425 = ORIENTED_EDGE('',*,*,#426,.F.);
#426 = EDGE_CURVE('',#199,#348,#427,.T.);
#427 = SURFACE_CURVE('',#428,(#445,#465),.PCURVE_S1.);
#428 = B_SPLINE_CURVE_WITH_KNOTS('',8,(#429,#430,#431,#432,#433,#434,
    #435,#436,#437,#438,#439,#440,#441,#442,#443,#444),.UNSPECIFIED.,.F.
  ,.F.,(9,7,9),(0.,0.328135148093,1.),.UNSPECIFIED.);
#429 = CARTESIAN_POINT('',(56.,4.698360950258E-15,529.4));
#430 = CARTESIAN_POINT('',(56.,0.313647327571,529.4));
#431 = CARTESIAN_POINT('',(55.997992592006,0.625259561536,
    529.42520277019));
#432 = CARTESIAN_POINT('',(55.994022292323,0.931780781843,
    529.47484505341));
#433 = CARTESIAN_POINT('',(55.988245161069,1.230261172672,
    529.54769183255));
#434 = CARTESIAN_POINT('',(55.980914545381,1.517944856763,
    529.64205832577));
#435 = CARTESIAN_POINT('',(55.972357007554,1.792356029011,
    529.75583153049));
#436 = CARTESIAN_POINT('',(55.962938438129,2.051383389322,
    529.88649131604));
#437 = CARTESIAN_POINT('',(55.932712830542,2.788821871096,
    530.32728453777));
#438 = CARTESIAN_POINT('',(55.910184819547,3.215918324125,530.6839035057
    ));
#439 = CARTESIAN_POINT('',(55.887971263474,3.571815544999,
    531.08510814261));
#440 = CARTESIAN_POINT('',(55.868214579742,3.855833145173,
    531.51882155944));
#441 = CARTESIAN_POINT('',(55.852441588407,4.068142585792,
    531.97513885506));
#442 = CARTESIAN_POINT('',(55.841624460496,4.209273548292,
    532.44565074993));
#443 = CARTESIAN_POINT('',(55.836220781623,4.279772053028,
    532.92295751771));
#444 = CARTESIAN_POINT('',(55.836220781623,4.279772053028,533.4));
#445 = PCURVE('',#146,#446);
#446 = DEFINITIONAL_REPRESENTATION('',(#447),#464);
#447 = B_SPLINE_CURVE_WITH_KNOTS('',8,(#448,#449,#450,#451,#452,#453,
    #454,#455,#456,#457,#458,#459,#460,#461,#462,#463),.UNSPECIFIED.,.F.
  ,.F.,(9,7,9),(0.,0.328135148093,1.),.UNSPECIFIED.);
#448 = CARTESIAN_POINT('',(0.,434.4));
#449 = CARTESIAN_POINT('',(5.600845135188E-03,434.4));
#450 = CARTESIAN_POINT('',(1.116534963825E-02,434.42520277019));
#451 = CARTESIAN_POINT('',(1.66392095932E-02,434.47484505341));
#452 = CARTESIAN_POINT('',(2.19700062159E-02,434.54769183255));
#453 = CARTESIAN_POINT('',(2.710870851141E-02,434.64205832577));
#454 = CARTESIAN_POINT('',(3.20111777991E-02,434.75583153049));
#455 = CARTESIAN_POINT('',(3.663967410536E-02,434.88649131604));
#456 = CARTESIAN_POINT('',(4.981927508329E-02,435.32728453777));
#457 = CARTESIAN_POINT('',(5.745607373598E-02,435.6839035057));
#458 = CARTESIAN_POINT('',(6.382335416972E-02,436.08510814261));
#459 = CARTESIAN_POINT('',(6.89072360657E-02,436.51882155944));
#460 = CARTESIAN_POINT('',(7.270890926739E-02,436.97513885506));
#461 = CARTESIAN_POINT('',(7.523649834513E-02,437.44565074993));
#462 = CARTESIAN_POINT('',(7.649909265014E-02,437.92295751771));
#463 = CARTESIAN_POINT('',(7.649909265014E-02,438.4));
#464 = ( GEOMETRIC_REPRESENTATION_CONTEXT(2) 
PARAMETRIC_REPRESENTATION_CONTEXT() REPRESENTATION_CONTEXT('2D SPACE',''
  ) );
#465 = PCURVE('',#397,#466);
#466 = DEFINITIONAL_REPRESENTATION('',(#467),#484);
#467 = B_SPLINE_CURVE_WITH_KNOTS('',8,(#468,#469,#470,#471,#472,#473,
    #474,#475,#476,#477,#478,#479,#480,#481,#482,#483),.UNSPECIFIED.,.F.
  ,.F.,(9,7,9),(0.,0.328135148093,1.),.UNSPECIFIED.);
#468 = CARTESIAN_POINT('',(4.712388980385,0.));
#469 = CARTESIAN_POINT('',(4.786639506513,-0.100818629268));
#470 = CARTESIAN_POINT('',(4.860246877977,-0.202883974248));
#471 = CARTESIAN_POINT('',(4.933115323761,-0.3051715878));
#472 = CARTESIAN_POINT('',(5.005136927848,-0.406585504678));
#473 = CARTESIAN_POINT('',(5.07618672133,-0.505999975132));
#474 = CARTESIAN_POINT('',(5.146114415907,-0.602309946014));
#475 = CARTESIAN_POINT('',(5.214732778767,-0.694490289377));
#476 = CARTESIAN_POINT('',(5.419129870852,-0.960153659159));
#477 = CARTESIAN_POINT('',(5.550826708737,-1.118771767022));
#478 = CARTESIAN_POINT('',(5.678303269142,-1.254205864933));
#479 = CARTESIAN_POINT('',(5.802536989811,-1.364208529552));
#480 = CARTESIAN_POINT('',(5.924386362184,-1.447389083353));
#481 = CARTESIAN_POINT('',(6.044597751183,-1.502997208809));
#482 = CARTESIAN_POINT('',(6.163924686608,-1.530775116811));
#483 = CARTESIAN_POINT('',(6.28318530718,-1.530775116811));
#484 = ( GEOMETRIC_REPRESENTATION_CONTEXT(2) 
PARAMETRIC_REPRESENTATION_CONTEXT() REPRESENTATION_CONTEXT('2D SPACE',''
  ) );
#485 = ORIENTED_EDGE('',*,*,#198,.F.);
#486 = FACE_BOUND('',#487,.T.);
#487 = EDGE_LOOP('',(#488));
#488 = ORIENTED_EDGE('',*,*,#489,.T.);
#489 = EDGE_CURVE('',#490,#490,#492,.T.);
#490 = VERTEX_POINT('',#491);
#491 = CARTESIAN_POINT('',(-30.68656460427,-46.84372693101,533.4));
#492 = SURFACE_CURVE('',#493,(#573,#656),.PCURVE_S1.);
#493 = B_SPLINE_CURVE_WITH_KNOTS('',8,(#494,#495,#496,#497,#498,#499,
    #500,#501,#502,#503,#504,#505,#506,#507,#508,#509,#510,#511,#512,
    #513,#514,#515,#516,#517,#518,#519,#520,#521,#522,#523,#524,#525,
    #526,#527,#528,#529,#530,#531,#532,#533,#534,#535,#536,#537,#538,
    #539,#540,#541,#542,#543,#544,#545,#546,#547,#548,#549,#550,#551,
    #552,#553,#554,#555,#556,#557,#558,#559,#560,#561,#562,#563,#564,
    #565,#566,#567,#568,#569,#570,#571,#572),.UNSPECIFIED.,.T.,.F.,(9,7,
    7,7,7,7,7,7,7,7,7,9),(0.,0.180297833014,0.325379385018,
    0.498125643376,0.59445325153,0.670961688662,0.723356943192,
    0.787021358124,0.816674424608,0.850624439773,0.891327502188,1.),
  .UNSPECIFIED.);
#494 = CARTESIAN_POINT('',(-30.68656460427,-46.84372693101,533.4));
#495 = CARTESIAN_POINT('',(-30.68656460427,-46.84372693101,
    532.88948556891));
#496 = CARTESIAN_POINT('',(-30.75089617995,-46.80158467391,
    532.37679272957));
#497 = CARTESIAN_POINT('',(-30.8805242809,-46.71666560284,531.8699118594
    ));
#498 = CARTESIAN_POINT('',(-31.0772657541,-46.58708164249,531.3779414666
    ));
#499 = CARTESIAN_POINT('',(-31.34307439919,-46.4100627957,
    530.91202527434));
#500 = CARTESIAN_POINT('',(-31.67919863533,-46.18239337756,
    530.48648498485));
#501 = CARTESIAN_POINT('',(-32.0855050133,-45.90052143261,
    530.11934938999));
#502 = CARTESIAN_POINT('',(-32.93852313536,-45.29097290362,
    529.60794811541));
#503 = CARTESIAN_POINT('',(-33.35740979818,-44.9861640437,
    529.43681593244));
#504 = CARTESIAN_POINT('',(-33.80166271981,-44.65567202663,
    529.33923112779));
#505 = CARTESIAN_POINT('',(-34.2545440739,-44.31005357064,
    529.32394360012));
#506 = CARTESIAN_POINT('',(-34.6982684318,-43.962216129,529.39189999414)
  );
#507 = CARTESIAN_POINT('',(-35.11637221917,-43.6264158213,
    529.53635619968));
#508 = CARTESIAN_POINT('',(-35.49543915104,-43.31581197191,
    529.74290041588));
#509 = CARTESIAN_POINT('',(-36.22112606132,-42.71174773251,
    530.28298925667));
#510 = CARTESIAN_POINT('',(-36.55818132531,-42.4241884052,
    530.64098684275));
#511 = CARTESIAN_POINT('',(-36.83689250708,-42.18154913744,
    531.04636271042));
#512 = CARTESIAN_POINT('',(-37.05799786229,-41.98617468558,
    531.48620129516));
#513 = CARTESIAN_POINT('',(-37.22260184917,-41.83929038895,
    531.94994014847));
#514 = CARTESIAN_POINT('',(-37.33178125286,-41.74138810373,
    532.42864442608));
#515 = CARTESIAN_POINT('',(-37.38630900742,-41.6924921155,
    532.91448232931));
#516 = CARTESIAN_POINT('',(-37.38630900742,-41.6924921155,533.6707367232
    ));
#517 = CARTESIAN_POINT('',(-37.36935375513,-41.70769619246,
    533.94146808204));
#518 = CARTESIAN_POINT('',(-37.33544517597,-41.73810244766,
    534.21089802065));
#519 = CARTESIAN_POINT('',(-37.28452281406,-41.78369572277,
    534.47771819607));
#520 = CARTESIAN_POINT('',(-37.21647292936,-41.84443856828,
    534.74056728333));
#521 = CARTESIAN_POINT('',(-37.13113785475,-41.92026190794,
    534.99798916682));
#522 = CARTESIAN_POINT('',(-37.02832561322,-42.01105539895,
    535.24839001792));
#523 = CARTESIAN_POINT('',(-36.81210775554,-42.20053220465,
    535.68188901502));
#524 = CARTESIAN_POINT('',(-36.70517897841,-42.29379695812,
    535.86834404377));
#525 = CARTESIAN_POINT('',(-36.58696207336,-42.39633742792,
    536.04833901695));
#526 = CARTESIAN_POINT('',(-36.45741406097,-42.50798668479,
    536.22078961735));
#527 = CARTESIAN_POINT('',(-36.31653084948,-42.62851724599,
    536.38453602207));
#528 = CARTESIAN_POINT('',(-36.1643601106,-42.75763394719,
    536.53833078803));
#529 = CARTESIAN_POINT('',(-36.00101655394,-42.89496763118,
    536.68082613948));
#530 = CARTESIAN_POINT('',(-35.70732216284,-43.139439836,536.89940671601
    ));
#531 = CARTESIAN_POINT('',(-35.58274771694,-43.24249546106,
    536.98230559098));
#532 = CARTESIAN_POINT('',(-35.45321144427,-43.34894893983,
    537.05864563833));
#533 = CARTESIAN_POINT('',(-35.31899352668,-43.45847855355,
    537.12785075007));
#534 = CARTESIAN_POINT('',(-35.18041711831,-43.57073354773,
    537.18938209849));
#535 = CARTESIAN_POINT('',(-35.03784631798,-43.68533922651,
    537.24273988049));
#536 = CARTESIAN_POINT('',(-34.89168414148,-43.80190204703,
    537.28746506186));
#537 = CARTESIAN_POINT('',(-34.56094249819,-44.06353102835,
    537.36649038084));
#538 = CARTESIAN_POINT('',(-34.37488213383,-44.20931923983,
    537.39647430886));
#539 = CARTESIAN_POINT('',(-34.18553984661,-44.35620486655,
    537.41221770464));
#540 = CARTESIAN_POINT('',(-33.99435361159,-44.50300097439,
    537.41318525037));
#541 = CARTESIAN_POINT('',(-33.80281667924,-44.64854375455,
    537.39917966017));
#542 = CARTESIAN_POINT('',(-33.61244039182,-44.79172354519,
    537.37034031281));
#543 = CARTESIAN_POINT('',(-33.42471206996,-44.9315112971,
    537.32714236847));
#544 = CARTESIAN_POINT('',(-33.1555024762,-45.13007816189,
    537.24396570352));
#545 = CARTESIAN_POINT('',(-33.07085379686,-45.19222781814,
    537.21460048199));
#546 = CARTESIAN_POINT('',(-32.98721769064,-45.25335618191,
    537.18237623414));
#547 = CARTESIAN_POINT('',(-32.90470589503,-45.3133948117,
    537.14737805116));
#548 = CARTESIAN_POINT('',(-32.82342589793,-45.37227999576,
    537.10970058187));
#549 = CARTESIAN_POINT('',(-32.74348070976,-45.42995265334,
    537.06944802859));
#550 = CARTESIAN_POINT('',(-32.66496863551,-45.48635823577,
    537.0267341429));
#551 = CARTESIAN_POINT('',(-32.49984167695,-45.60451773496,
    536.93010194337));
#552 = CARTESIAN_POINT('',(-32.41370290623,-45.66586105482,
    536.87545796645));
#553 = CARTESIAN_POINT('',(-32.32965137177,-45.72544111808,
    536.81790338718));
#554 = CARTESIAN_POINT('',(-32.24776509854,-45.78322765551,
    536.75759432759));
#555 = CARTESIAN_POINT('',(-32.16811528461,-45.83919544704,
    536.69468993873));
#556 = CARTESIAN_POINT('',(-32.09076608634,-45.89332417107,
    536.62935240404));
#557 = CARTESIAN_POINT('',(-32.01577440359,-45.94559825375,
    536.56174694278));
#558 = CARTESIAN_POINT('',(-31.85616698962,-46.05644200433,
    536.40847153473));
#559 = CARTESIAN_POINT('',(-31.77259492607,-46.11420199264,
    536.32187462397));
#560 = CARTESIAN_POINT('',(-31.69250096509,-46.16930779854,
    536.23248294868));
#561 = CARTESIAN_POINT('',(-31.61590592779,-46.22178294539,
    536.14052008441));
#562 = CARTESIAN_POINT('',(-31.54282394985,-46.27165326196,
    536.04620136797));
#563 = CARTESIAN_POINT('',(-31.47326246587,-46.31894677972,
    535.94973395058));
#564 = CARTESIAN_POINT('',(-31.40722219361,-46.36369363019,
    535.85131685109));
#565 = CARTESIAN_POINT('',(-31.17776235466,-46.51868136088,
    535.4836830265));
#566 = CARTESIAN_POINT('',(-31.03590631214,-46.61349790545,
    535.20372200776));
#567 = CARTESIAN_POINT('',(-30.91863652151,-46.69124411175,
    534.9142962157));
#568 = CARTESIAN_POINT('',(-30.82545362697,-46.7526516885,
    534.61787985284));
#569 = CARTESIAN_POINT('',(-30.75591348699,-46.79829738984,
    534.31653423821));
#570 = CARTESIAN_POINT('',(-30.70967942132,-46.82858492869,
    534.01204053647));
#571 = CARTESIAN_POINT('',(-30.68656460427,-46.84372693101,
    533.70601403944));
#572 = CARTESIAN_POINT('',(-30.68656460427,-46.84372693101,533.4));
#573 = PCURVE('',#146,#574);
#574 = DEFINITIONAL_REPRESENTATION('',(#575),#655);
#575 = B_SPLINE_CURVE_WITH_KNOTS('',8,(#576,#577,#578,#579,#580,#581,
    #582,#583,#584,#585,#586,#587,#588,#589,#590,#591,#592,#593,#594,
    #595,#596,#597,#598,#599,#600,#601,#602,#603,#604,#605,#606,#607,
    #608,#609,#610,#611,#612,#613,#614,#615,#616,#617,#618,#619,#620,
    #621,#622,#623,#624,#625,#626,#627,#628,#629,#630,#631,#632,#633,
    #634,#635,#636,#637,#638,#639,#640,#641,#642,#643,#644,#645,#646,
    #647,#648,#649,#650,#651,#652,#653,#654),.UNSPECIFIED.,.F.,.F.,(9,7,
    7,7,7,7,7,7,7,7,7,9),(0.,0.180297833014,0.325379385018,
    0.498125643376,0.59445325153,0.670961688662,0.723356943192,
    0.787021358124,0.816674424608,0.850624439773,0.891327502188,1.),
  .UNSPECIFIED.);
#576 = CARTESIAN_POINT('',(4.132448239332,438.4));
#577 = CARTESIAN_POINT('',(4.132448239332,437.88948556891));
#578 = CARTESIAN_POINT('',(4.131074920108,437.37679272957));
#579 = CARTESIAN_POINT('',(4.128307651683,436.8699118594));
#580 = CARTESIAN_POINT('',(4.124100845247,436.3779414666));
#581 = CARTESIAN_POINT('',(4.118398147946,435.91202527434));
#582 = CARTESIAN_POINT('',(4.111149231406,435.48648498485));
#583 = CARTESIAN_POINT('',(4.102319615995,435.11934938999));
#584 = CARTESIAN_POINT('',(4.083597789153,434.60794811541));
#585 = CARTESIAN_POINT('',(4.074347264581,434.43681593244));
#586 = CARTESIAN_POINT('',(4.06446064593,434.33923112779));
#587 = CARTESIAN_POINT('',(4.054289107178,434.32394360012));
#588 = CARTESIAN_POINT('',(4.044222558392,434.39189999414));
#589 = CARTESIAN_POINT('',(4.034647284541,434.53635619968));
#590 = CARTESIAN_POINT('',(4.025896337496,434.74290041588));
#591 = CARTESIAN_POINT('',(4.009035609432,435.28298925667));
#592 = CARTESIAN_POINT('',(4.001124518028,435.64098684275));
#593 = CARTESIAN_POINT('',(3.994526177116,436.04636271042));
#594 = CARTESIAN_POINT('',(3.989257427363,436.48620129516));
#595 = CARTESIAN_POINT('',(3.985317952019,436.94994014847));
#596 = CARTESIAN_POINT('',(3.982699274575,437.42864442608));
#597 = CARTESIAN_POINT('',(3.981391418237,437.91448232931));
#598 = CARTESIAN_POINT('',(3.981391418237,438.6707367232));
#599 = CARTESIAN_POINT('',(3.981798092691,438.94146808204));
#600 = CARTESIAN_POINT('',(3.982611393297,439.21089802065));
#601 = CARTESIAN_POINT('',(3.983831943205,439.47771819607));
#602 = CARTESIAN_POINT('',(3.985460808059,439.74056728333));
#603 = CARTESIAN_POINT('',(3.987499269175,439.99798916682));
#604 = CARTESIAN_POINT('',(3.989948598838,440.24839001792));
#605 = CARTESIAN_POINT('',(3.995082383677,440.68188901502));
#606 = CARTESIAN_POINT('',(3.997616083008,440.86834404377));
#607 = CARTESIAN_POINT('',(4.00041056735,441.04833901695));
#608 = CARTESIAN_POINT('',(4.003464483794,441.22078961735));
#609 = CARTESIAN_POINT('',(4.006775271306,441.38453602207));
#610 = CARTESIAN_POINT('',(4.010338913771,441.53833078803));
#611 = CARTESIAN_POINT('',(4.014149669636,441.68082613948));
#612 = CARTESIAN_POINT('',(4.020973413033,441.89940671601));
#613 = CARTESIAN_POINT('',(4.023860478368,441.98230559098));
#614 = CARTESIAN_POINT('',(4.026854492279,442.05864563833));
#615 = CARTESIAN_POINT('',(4.029947978541,442.12785075007));
#616 = CARTESIAN_POINT('',(4.033132550755,442.18938209849));
#617 = CARTESIAN_POINT('',(4.036398996489,442.24273988049));
#618 = CARTESIAN_POINT('',(4.039737361424,442.28746506186));
#619 = CARTESIAN_POINT('',(4.047267906335,442.36649038084));
#620 = CARTESIAN_POINT('',(4.051488825656,442.39647430886));
#621 = CARTESIAN_POINT('',(4.055767972748,442.41221770464));
#622 = CARTESIAN_POINT('',(4.060072188495,442.41318525037));
#623 = CARTESIAN_POINT('',(4.064367796575,442.39917966017));
#624 = CARTESIAN_POINT('',(4.068621448349,442.37034031281));
#625 = CARTESIAN_POINT('',(4.072800989419,442.32714236847));
#626 = CARTESIAN_POINT('',(4.078774533483,442.24396570352));
#627 = CARTESIAN_POINT('',(4.080649782217,442.21460048199));
#628 = CARTESIAN_POINT('',(4.082499664356,442.18237623414));
#629 = CARTESIAN_POINT('',(4.084321857991,442.14737805116));
#630 = CARTESIAN_POINT('',(4.086114151149,442.10970058187));
#631 = CARTESIAN_POINT('',(4.087874443919,442.06944802859));
#632 = CARTESIAN_POINT('',(4.08960075057,442.0267341429));
#633 = CARTESIAN_POINT('',(4.093226611644,441.93010194337));
#634 = CARTESIAN_POINT('',(4.095114985128,441.87545796645));
#635 = CARTESIAN_POINT('',(4.096954735533,441.81790338718));
#636 = CARTESIAN_POINT('',(4.098744423971,441.75759432759));
#637 = CARTESIAN_POINT('',(4.100482760984,441.69468993873));
#638 = CARTESIAN_POINT('',(4.102168608263,441.62935240404));
#639 = CARTESIAN_POINT('',(4.10380098037,441.56174694278));
#640 = CARTESIAN_POINT('',(4.107271007996,441.40847153473));
#641 = CARTESIAN_POINT('',(4.109085108598,441.32187462397));
#642 = CARTESIAN_POINT('',(4.11082117043,441.23248294868));
#643 = CARTESIAN_POINT('',(4.112479134487,441.14052008441));
#644 = CARTESIAN_POINT('',(4.114059060359,441.04620136797));
#645 = CARTESIAN_POINT('',(4.115561125981,440.94973395058));
#646 = CARTESIAN_POINT('',(4.116985627393,440.85131685109));
#647 = CARTESIAN_POINT('',(4.121930251044,440.4836830265));
#648 = CARTESIAN_POINT('',(4.124977112673,440.20372200776));
#649 = CARTESIAN_POINT('',(4.12748960111,439.9142962157));
#650 = CARTESIAN_POINT('',(4.129482402166,439.61787985284));
#651 = CARTESIAN_POINT('',(4.130967807167,439.31653423821));
#652 = CARTESIAN_POINT('',(4.131954795078,439.01204053647));
#653 = CARTESIAN_POINT('',(4.132448239332,438.70601403944));
#654 = CARTESIAN_POINT('',(4.132448239332,438.4));
#655 = ( GEOMETRIC_REPRESENTATION_CONTEXT(2) 
PARAMETRIC_REPRESENTATION_CONTEXT() REPRESENTATION_CONTEXT('2D SPACE',''
  ) );
#656 = PCURVE('',#657,#662);
#657 = CYLINDRICAL_SURFACE('',#658,4.);
#658 = AXIS2_PLACEMENT_3D('',#659,#660,#661);
#659 = CARTESIAN_POINT('',(3.429011037613E-15,56.,533.4));
#660 = DIRECTION('',(0.321439465303,0.946930129495,0.));
#661 = DIRECTION('',(0.946930129495,-0.321439465303,0.));
#662 = DEFINITIONAL_REPRESENTATION('',(#663),#743);
#663 = B_SPLINE_CURVE_WITH_KNOTS('',8,(#664,#665,#666,#667,#668,#669,
    #670,#671,#672,#673,#674,#675,#676,#677,#678,#679,#680,#681,#682,
    #683,#684,#685,#686,#687,#688,#689,#690,#691,#692,#693,#694,#695,
    #696,#697,#698,#699,#700,#701,#702,#703,#704,#705,#706,#707,#708,
    #709,#710,#711,#712,#713,#714,#715,#716,#717,#718,#719,#720,#721,
    #722,#723,#724,#725,#726,#727,#728,#729,#730,#731,#732,#733,#734,
    #735,#736,#737,#738,#739,#740,#741,#742),.UNSPECIFIED.,.F.,.F.,(9,7,
    7,7,7,7,7,7,7,7,7,9),(0.,0.180297833014,0.325379385018,
    0.498125643376,0.59445325153,0.670961688662,0.723356943192,
    0.787021358124,0.816674424608,0.850624439773,0.891327502188,1.),
  .UNSPECIFIED.);
#664 = CARTESIAN_POINT('',(0.,-107.2496965789));
#665 = CARTESIAN_POINT('',(0.12762860777,-107.2496965789));
#666 = CARTESIAN_POINT('',(0.255802475019,-107.2304695132));
#667 = CARTESIAN_POINT('',(0.38568690853,-107.1917246737));
#668 = CARTESIAN_POINT('',(0.518307373177,-107.1322581913));
#669 = CARTESIAN_POINT('',(0.654673280854,-107.0500751005));
#670 = CARTESIAN_POINT('',(0.795955841546,-106.9425316637));
#671 = CARTESIAN_POINT('',(0.943510393129,-106.8062215312));
#672 = CARTESIAN_POINT('',(1.225124917483,-106.5032153528));
#673 = CARTESIAN_POINT('',(1.354728910896,-106.3492293645));
#674 = CARTESIAN_POINT('',(1.48618937807,-106.1790769376));
#675 = CARTESIAN_POINT('',(1.618068750052,-105.9973743486));
#676 = CARTESIAN_POINT('',(1.749066971878,-105.8106271153));
#677 = CARTESIAN_POINT('',(1.877837757268,-105.6270427443));
#678 = CARTESIAN_POINT('',(2.00261350819,-105.4547696728));
#679 = CARTESIAN_POINT('',(2.261029931346,-105.1160274568));
#680 = CARTESIAN_POINT('',(2.395530323416,-104.9520717296));
#681 = CARTESIAN_POINT('',(2.525585240017,-104.8118980696));
#682 = CARTESIAN_POINT('',(2.652224844665,-104.6979641018));
#683 = CARTESIAN_POINT('',(2.776354003275,-104.6117851533));
#684 = CARTESIAN_POINT('',(2.89875347291,-104.5541730988));
#685 = CARTESIAN_POINT('',(3.020213235918,-104.5253993866));
#686 = CARTESIAN_POINT('',(3.209276834392,-104.5253993866));
#687 = CARTESIAN_POINT('',(3.276959812391,-104.5343464979));
#688 = CARTESIAN_POINT('',(3.344789449354,-104.5522395415));
#689 = CARTESIAN_POINT('',(3.412912032839,-104.5790447307));
#690 = CARTESIAN_POINT('',(3.481474045655,-104.6146900427));
#691 = CARTESIAN_POINT('',(3.550626427905,-104.6590593868));
#692 = CARTESIAN_POINT('',(3.62053133162,-104.711986567));
#693 = CARTESIAN_POINT('',(3.747636239185,-104.8219069106));
#694 = CARTESIAN_POINT('',(3.80452331886,-104.8758509867));
#695 = CARTESIAN_POINT('',(3.862090358522,-104.9349500683));
#696 = CARTESIAN_POINT('',(3.920401465484,-104.9990322698));
#697 = CARTESIAN_POINT('',(3.979526501151,-105.0678808655));
#698 = CARTESIAN_POINT('',(4.039542364892,-105.1412316792));
#699 = CARTESIAN_POINT('',(4.100536163465,-105.2187720168));
#700 = CARTESIAN_POINT('',(4.205120458664,-105.3558651454));
#701 = CARTESIAN_POINT('',(4.248155280749,-105.4134084785));
#702 = CARTESIAN_POINT('',(4.291684865308,-105.4725744147));
#703 = CARTESIAN_POINT('',(4.335684445829,-105.5331483703));
#704 = CARTESIAN_POINT('',(4.380133883505,-105.5949020799));
#705 = CARTESIAN_POINT('',(4.425017194501,-105.6575977683));
#706 = CARTESIAN_POINT('',(4.470322077213,-105.7209923232));
#707 = CARTESIAN_POINT('',(4.571589682599,-105.8624232714));
#708 = CARTESIAN_POINT('',(4.627742656362,-105.9406673773));
#709 = CARTESIAN_POINT('',(4.684310900813,-106.0188957193));
#710 = CARTESIAN_POINT('',(4.741125672081,-106.0964465755));
#711 = CARTESIAN_POINT('',(4.798027886564,-106.1726978901));
#712 = CARTESIAN_POINT('',(4.85485979004,-106.2470846957));
#713 = CARTESIAN_POINT('',(4.911457351757,-106.3191106383));
#714 = CARTESIAN_POINT('',(4.99381323263,-106.4206049975));
#715 = CARTESIAN_POINT('',(5.019889180433,-106.4522469533));
#716 = CARTESIAN_POINT('',(5.04586155203,-106.4832472974));
#717 = CARTESIAN_POINT('',(5.07172054862,-106.5135771374));
#718 = CARTESIAN_POINT('',(5.097456031938,-106.5432106936));
#719 = CARTESIAN_POINT('',(5.123057308719,-106.5721251322));
#720 = CARTESIAN_POINT('',(5.148512915159,-106.6003003985));
#721 = CARTESIAN_POINT('',(5.202773680485,-106.6591108671));
#722 = CARTESIAN_POINT('',(5.231529145876,-106.6895103045));
#723 = CARTESIAN_POINT('',(5.260076267737,-106.7189109812));
#724 = CARTESIAN_POINT('',(5.288413758253,-106.7473093147));
#725 = CARTESIAN_POINT('',(5.316539522551,-106.7747043092));
#726 = CARTESIAN_POINT('',(5.344450609645,-106.8010973439));
#727 = CARTESIAN_POINT('',(5.372143163377,-106.8264919614));
#728 = CARTESIAN_POINT('',(5.432545524136,-106.8801491267));
#729 = CARTESIAN_POINT('',(5.465161072329,-106.9079804405));
#730 = CARTESIAN_POINT('',(5.497472899264,-106.9344164284));
#731 = CARTESIAN_POINT('',(5.529493269106,-106.9594860582));
#732 = CARTESIAN_POINT('',(5.561233148786,-106.9832183316));
#733 = CARTESIAN_POINT('',(5.592702527949,-107.0056421823));
#734 = CARTESIAN_POINT('',(5.623910738882,-107.0267863734));
#735 = CARTESIAN_POINT('',(5.737515838387,-107.0997914773));
#736 = CARTESIAN_POINT('',(5.818357213438,-107.1439779897));
#737 = CARTESIAN_POINT('',(5.897743855202,-107.1799030761));
#738 = CARTESIAN_POINT('',(5.975985973126,-107.2080991009));
#739 = CARTESIAN_POINT('',(6.053370131359,-107.2289694454));
#740 = CARTESIAN_POINT('',(6.130174719799,-107.2427881751));
#741 = CARTESIAN_POINT('',(6.206681797318,-107.2496965789));
#742 = CARTESIAN_POINT('',(6.28318530718,-107.2496965789));
#743 = ( GEOMETRIC_REPRESENTATION_CONTEXT(2) 
PARAMETRIC_REPRESENTATION_CONTEXT() REPRESENTATION_CONTEXT('2D SPACE',''
  ) );
#744 = FACE_BOUND('',#745,.T.);
#745 = EDGE_LOOP('',(#746));
#746 = ORIENTED_EDGE('',*,*,#747,.T.);
#747 = EDGE_CURVE('',#748,#748,#750,.T.);
#748 = VERTEX_POINT('',#749);
#749 = CARTESIAN_POINT('',(30.686564604278,46.843726931014,533.4));
#750 = SURFACE_CURVE('',#751,(#831,#914),.PCURVE_S1.);
#751 = B_SPLINE_CURVE_WITH_KNOTS('',8,(#752,#753,#754,#755,#756,#757,
    #758,#759,#760,#761,#762,#763,#764,#765,#766,#767,#768,#769,#770,
    #771,#772,#773,#774,#775,#776,#777,#778,#779,#780,#781,#782,#783,
    #784,#785,#786,#787,#788,#789,#790,#791,#792,#793,#794,#795,#796,
    #797,#798,#799,#800,#801,#802,#803,#804,#805,#806,#807,#808,#809,
    #810,#811,#812,#813,#814,#815,#816,#817,#818,#819,#820,#821,#822,
    #823,#824,#825,#826,#827,#828,#829,#830),.UNSPECIFIED.,.T.,.F.,(9,7,
    7,7,7,7,7,7,7,7,7,9),(0.,0.180297832628,0.325379383996,
    0.498125642009,0.594453249972,0.670961686939,0.723356942682,
    0.787021357452,0.816674423861,0.850624438939,0.891327501252,1.),
  .UNSPECIFIED.);
#752 = CARTESIAN_POINT('',(30.686564604279,46.843726931014,533.4));
#753 = CARTESIAN_POINT('',(30.686564604279,46.843726931014,
    532.88948556891));
#754 = CARTESIAN_POINT('',(30.750896179953,46.801584673913,
    532.37679272957));
#755 = CARTESIAN_POINT('',(30.880524280905,46.716665602844,
    531.86991185941));
#756 = CARTESIAN_POINT('',(31.077265754106,46.587081642495,
    531.3779414666));
#757 = CARTESIAN_POINT('',(31.343074399193,46.410062795708,
    530.91202527434));
#758 = CARTESIAN_POINT('',(31.679198635335,46.182393377565,
    530.48648498485));
#759 = CARTESIAN_POINT('',(32.0855050133,45.900521432615,530.11934938999
    ));
#760 = CARTESIAN_POINT('',(32.938523134506,45.290972904234,
    529.60794811592));
#761 = CARTESIAN_POINT('',(33.357409798617,44.986164043422,
    529.43681593182));
#762 = CARTESIAN_POINT('',(33.801662720821,44.655672025892,
    529.33923112776));
#763 = CARTESIAN_POINT('',(34.25454407388,44.310053570585,
    529.32394360063));
#764 = CARTESIAN_POINT('',(34.69826843085,43.962216129778,
    529.39189999402));
#765 = CARTESIAN_POINT('',(35.116372218759,43.626415821669,
    529.53635619901));
#766 = CARTESIAN_POINT('',(35.49543915184,43.315811971249,
    529.74290041647));
#767 = CARTESIAN_POINT('',(36.221126061325,42.711747732521,
    530.28298925667));
#768 = CARTESIAN_POINT('',(36.558181325329,42.4241884052,530.64098684276
    ));
#769 = CARTESIAN_POINT('',(36.836892507065,42.181549137462,
    531.04636271041));
#770 = CARTESIAN_POINT('',(37.057997862312,41.986174685576,
    531.48620129517));
#771 = CARTESIAN_POINT('',(37.222601849165,41.839290388956,
    531.94994014848));
#772 = CARTESIAN_POINT('',(37.331781252865,41.741388103735,
    532.42864442607));
#773 = CARTESIAN_POINT('',(37.386309007422,41.692492115507,
    532.91448232931));
#774 = CARTESIAN_POINT('',(37.386309007422,41.692492115507,
    533.6707367232));
#775 = CARTESIAN_POINT('',(37.369353755137,41.707696192463,
    533.94146808204));
#776 = CARTESIAN_POINT('',(37.335445175979,41.738102447664,
    534.21089802065));
#777 = CARTESIAN_POINT('',(37.284522814069,41.783695722771,
    534.47771819607));
#778 = CARTESIAN_POINT('',(37.216472929362,41.844438568288,
    534.74056728333));
#779 = CARTESIAN_POINT('',(37.131137854759,41.92026190794,
    534.99798916682));
#780 = CARTESIAN_POINT('',(37.028325613228,42.011055398957,
    535.24839001792));
#781 = CARTESIAN_POINT('',(36.812107755565,42.200532204644,
    535.68188901499));
#782 = CARTESIAN_POINT('',(36.705178978419,42.293796958113,
    535.86834404376));
#783 = CARTESIAN_POINT('',(36.586962073357,42.396337427932,
    536.04833901697));
#784 = CARTESIAN_POINT('',(36.457414060951,42.507986684809,
    536.22078961737));
#785 = CARTESIAN_POINT('',(36.316530849469,42.628517246003,
    536.38453602208));
#786 = CARTESIAN_POINT('',(36.164360110612,42.757633947193,
    536.53833078802));
#787 = CARTESIAN_POINT('',(36.001016553966,42.89496763116,
    536.68082613946));
#788 = CARTESIAN_POINT('',(35.707322159809,43.139439838536,
    536.89940671827));
#789 = CARTESIAN_POINT('',(35.582747719118,43.242495459331,
    536.98230559033));
#790 = CARTESIAN_POINT('',(35.453211447581,43.348948937123,
    537.05864563641));
#791 = CARTESIAN_POINT('',(35.318993526349,43.458478553766,
    537.12785074951));
#792 = CARTESIAN_POINT('',(35.180417114644,43.570733550678,
    537.1893820998));
#793 = CARTESIAN_POINT('',(35.037846316137,43.685339228043,
    537.2427398817));
#794 = CARTESIAN_POINT('',(34.891684145324,43.801902044,537.28746506094)
  );
#795 = CARTESIAN_POINT('',(34.560942498193,44.063531028355,
    537.36649038084));
#796 = CARTESIAN_POINT('',(34.374882133834,44.209319239836,
    537.39647430886));
#797 = CARTESIAN_POINT('',(34.185539846618,44.356204866553,
    537.41221770464));
#798 = CARTESIAN_POINT('',(33.994353611599,44.503000974397,
    537.41318525037));
#799 = CARTESIAN_POINT('',(33.802816679248,44.648543754559,
    537.39917966017));
#800 = CARTESIAN_POINT('',(33.612440391825,44.791723545198,
    537.37034031281));
#801 = CARTESIAN_POINT('',(33.424712069968,44.931511297106,
    537.32714236847));
#802 = CARTESIAN_POINT('',(33.155502476201,45.130078161899,
    537.24396570352));
#803 = CARTESIAN_POINT('',(33.070853796864,45.192227818141,
    537.21460048199));
#804 = CARTESIAN_POINT('',(32.987217690647,45.253356181918,
    537.18237623414));
#805 = CARTESIAN_POINT('',(32.904705895036,45.313394811702,
    537.14737805116));
#806 = CARTESIAN_POINT('',(32.823425897936,45.372279995768,
    537.10970058187));
#807 = CARTESIAN_POINT('',(32.74348070976,45.429952653346,
    537.06944802859));
#808 = CARTESIAN_POINT('',(32.66496863551,45.486358235771,537.0267341429
    ));
#809 = CARTESIAN_POINT('',(32.499841676954,45.604517734964,
    536.93010194337));
#810 = CARTESIAN_POINT('',(32.413702906236,45.665861054821,
    536.87545796645));
#811 = CARTESIAN_POINT('',(32.329651371779,45.725441118083,
    536.81790338718));
#812 = CARTESIAN_POINT('',(32.247765098549,45.783227655511,
    536.75759432759));
#813 = CARTESIAN_POINT('',(32.168115284613,45.839195447042,
    536.69468993873));
#814 = CARTESIAN_POINT('',(32.09076608634,45.893324171073,
    536.62935240404));
#815 = CARTESIAN_POINT('',(32.015774403599,45.945598253755,
    536.56174694278));
#816 = CARTESIAN_POINT('',(31.856166989628,46.056442004336,
    536.40847153472));
#817 = CARTESIAN_POINT('',(31.772594926072,46.11420199265,
    536.32187462397));
#818 = CARTESIAN_POINT('',(31.692500965096,46.169307798545,
    536.23248294868));
#819 = CARTESIAN_POINT('',(31.615905927795,46.221782945396,
    536.14052008442));
#820 = CARTESIAN_POINT('',(31.54282394986,46.271653261964,
    536.04620136797));
#821 = CARTESIAN_POINT('',(31.473262465874,46.318946779723,
    535.94973395058));
#822 = CARTESIAN_POINT('',(31.407222193612,46.363693630192,
    535.85131685108));
#823 = CARTESIAN_POINT('',(31.177762352806,46.518681362144,
    535.48368302352));
#824 = CARTESIAN_POINT('',(31.035906314209,46.613497904071,
    535.20372201319));
#825 = CARTESIAN_POINT('',(30.918636522357,46.691244111187,
    534.91429621554));
#826 = CARTESIAN_POINT('',(30.825453625468,46.752651689521,
    534.61787984768));
#827 = CARTESIAN_POINT('',(30.755913486151,46.798297390417,
    534.31653423833));
#828 = CARTESIAN_POINT('',(30.709679422496,46.828584927907,
    534.01204054205));
#829 = CARTESIAN_POINT('',(30.686564604279,46.843726931014,
    533.70601403614));
#830 = CARTESIAN_POINT('',(30.686564604279,46.843726931014,533.4));
#831 = PCURVE('',#146,#832);
#832 = DEFINITIONAL_REPRESENTATION('',(#833),#913);
#833 = B_SPLINE_CURVE_WITH_KNOTS('',8,(#834,#835,#836,#837,#838,#839,
    #840,#841,#842,#843,#844,#845,#846,#847,#848,#849,#850,#851,#852,
    #853,#854,#855,#856,#857,#858,#859,#860,#861,#862,#863,#864,#865,
    #866,#867,#868,#869,#870,#871,#872,#873,#874,#875,#876,#877,#878,
    #879,#880,#881,#882,#883,#884,#885,#886,#887,#888,#889,#890,#891,
    #892,#893,#894,#895,#896,#897,#898,#899,#900,#901,#902,#903,#904,
    #905,#906,#907,#908,#909,#910,#911,#912),.UNSPECIFIED.,.F.,.F.,(9,7,
    7,7,7,7,7,7,7,7,7,9),(0.,0.180297832628,0.325379383996,
    0.498125642009,0.594453249972,0.670961686939,0.723356942682,
    0.787021357452,0.816674423861,0.850624438939,0.891327501252,1.),
  .UNSPECIFIED.);
#834 = CARTESIAN_POINT('',(0.990855585742,438.4));
#835 = CARTESIAN_POINT('',(0.990855585742,437.88948556891));
#836 = CARTESIAN_POINT('',(0.989482266518,437.37679272957));
#837 = CARTESIAN_POINT('',(0.986714998093,436.86991185941));
#838 = CARTESIAN_POINT('',(0.982508191657,436.3779414666));
#839 = CARTESIAN_POINT('',(0.976805494356,435.91202527434));
#840 = CARTESIAN_POINT('',(0.969556577816,435.48648498485));
#841 = CARTESIAN_POINT('',(0.960726962405,435.11934938999));
#842 = CARTESIAN_POINT('',(0.942005135582,434.60794811592));
#843 = CARTESIAN_POINT('',(0.932754610982,434.43681593182));
#844 = CARTESIAN_POINT('',(0.922867992318,434.33923112776));
#845 = CARTESIAN_POINT('',(0.912696453588,434.32394360063));
#846 = CARTESIAN_POINT('',(0.902629904824,434.39189999402));
#847 = CARTESIAN_POINT('',(0.893054630961,434.53635619901));
#848 = CARTESIAN_POINT('',(0.884303683888,434.74290041647));
#849 = CARTESIAN_POINT('',(0.867442955842,435.28298925667));
#850 = CARTESIAN_POINT('',(0.859531864438,435.64098684276));
#851 = CARTESIAN_POINT('',(0.852933523526,436.04636271041));
#852 = CARTESIAN_POINT('',(0.847664773773,436.48620129517));
#853 = CARTESIAN_POINT('',(0.84372529843,436.94994014848));
#854 = CARTESIAN_POINT('',(0.841106620985,437.42864442607));
#855 = CARTESIAN_POINT('',(0.839798764647,437.91448232931));
#856 = CARTESIAN_POINT('',(0.839798764647,438.6707367232));
#857 = CARTESIAN_POINT('',(0.840205439101,438.94146808204));
#858 = CARTESIAN_POINT('',(0.841018739708,439.21089802065));
#859 = CARTESIAN_POINT('',(0.842239289615,439.47771819607));
#860 = CARTESIAN_POINT('',(0.843868154469,439.74056728333));
#861 = CARTESIAN_POINT('',(0.845906615585,439.99798916682));
#862 = CARTESIAN_POINT('',(0.848355945249,440.24839001792));
#863 = CARTESIAN_POINT('',(0.853489730087,440.68188901499));
#864 = CARTESIAN_POINT('',(0.856023429418,440.86834404376));
#865 = CARTESIAN_POINT('',(0.858817913761,441.04833901697));
#866 = CARTESIAN_POINT('',(0.861871830204,441.22078961737));
#867 = CARTESIAN_POINT('',(0.865182617716,441.38453602208));
#868 = CARTESIAN_POINT('',(0.868746260181,441.53833078802));
#869 = CARTESIAN_POINT('',(0.872557016045,441.68082613946));
#870 = CARTESIAN_POINT('',(0.879380759513,441.89940671827));
#871 = CARTESIAN_POINT('',(0.882267824728,441.98230559033));
#872 = CARTESIAN_POINT('',(0.885261838613,442.05864563641));
#873 = CARTESIAN_POINT('',(0.888355324959,442.12785074951));
#874 = CARTESIAN_POINT('',(0.89153989725,442.1893820998));
#875 = CARTESIAN_POINT('',(0.894806342942,442.2427398817));
#876 = CARTESIAN_POINT('',(0.898144707747,442.28746506094));
#877 = CARTESIAN_POINT('',(0.905675252746,442.36649038084));
#878 = CARTESIAN_POINT('',(0.909896172067,442.39647430886));
#879 = CARTESIAN_POINT('',(0.914175319159,442.41221770464));
#880 = CARTESIAN_POINT('',(0.918479534905,442.41318525037));
#881 = CARTESIAN_POINT('',(0.922775142986,442.39917966017));
#882 = CARTESIAN_POINT('',(0.927028794759,442.37034031281));
#883 = CARTESIAN_POINT('',(0.931208335829,442.32714236847));
#884 = CARTESIAN_POINT('',(0.937181879894,442.24396570352));
#885 = CARTESIAN_POINT('',(0.939057128627,442.21460048199));
#886 = CARTESIAN_POINT('',(0.940907010767,442.18237623414));
#887 = CARTESIAN_POINT('',(0.942729204401,442.14737805116));
#888 = CARTESIAN_POINT('',(0.944521497559,442.10970058187));
#889 = CARTESIAN_POINT('',(0.946281790329,442.06944802859));
#890 = CARTESIAN_POINT('',(0.94800809698,442.0267341429));
#891 = CARTESIAN_POINT('',(0.951633958054,441.93010194337));
#892 = CARTESIAN_POINT('',(0.953522331538,441.87545796645));
#893 = CARTESIAN_POINT('',(0.955362081943,441.81790338718));
#894 = CARTESIAN_POINT('',(0.957151770381,441.75759432759));
#895 = CARTESIAN_POINT('',(0.958890107394,441.69468993873));
#896 = CARTESIAN_POINT('',(0.960575954673,441.62935240404));
#897 = CARTESIAN_POINT('',(0.96220832678,441.56174694278));
#898 = CARTESIAN_POINT('',(0.965678354406,441.40847153472));
#899 = CARTESIAN_POINT('',(0.967492455009,441.32187462397));
#900 = CARTESIAN_POINT('',(0.96922851684,441.23248294868));
#901 = CARTESIAN_POINT('',(0.970886480898,441.14052008442));
#902 = CARTESIAN_POINT('',(0.972466406769,441.04620136797));
#903 = CARTESIAN_POINT('',(0.973968472392,440.94973395058));
#904 = CARTESIAN_POINT('',(0.975392973804,440.85131685108));
#905 = CARTESIAN_POINT('',(0.980337597494,440.48368302352));
#906 = CARTESIAN_POINT('',(0.983384459039,440.20372201319));
#907 = CARTESIAN_POINT('',(0.985896947502,439.91429621554));
#908 = CARTESIAN_POINT('',(0.987889748609,439.61787984768));
#909 = CARTESIAN_POINT('',(0.989375153595,439.31653423833));
#910 = CARTESIAN_POINT('',(0.990362141463,439.01204054205));
#911 = CARTESIAN_POINT('',(0.990855585742,438.70601403614));
#912 = CARTESIAN_POINT('',(0.990855585742,438.4));
#913 = ( GEOMETRIC_REPRESENTATION_CONTEXT(2) 
PARAMETRIC_REPRESENTATION_CONTEXT() REPRESENTATION_CONTEXT('2D SPACE',''
  ) );
#914 = PCURVE('',#915,#920);
#915 = CYLINDRICAL_SURFACE('',#916,4.);
#916 = AXIS2_PLACEMENT_3D('',#917,#918,#919);
#917 = CARTESIAN_POINT('',(-1.028703311284E-14,-56.,533.4));
#918 = DIRECTION('',(-0.321439465303,-0.946930129495,-0.));
#919 = DIRECTION('',(-0.946930129495,0.321439465303,0.));
#920 = DEFINITIONAL_REPRESENTATION('',(#921),#1001);
#921 = B_SPLINE_CURVE_WITH_KNOTS('',8,(#922,#923,#924,#925,#926,#927,
    #928,#929,#930,#931,#932,#933,#934,#935,#936,#937,#938,#939,#940,
    #941,#942,#943,#944,#945,#946,#947,#948,#949,#950,#951,#952,#953,
    #954,#955,#956,#957,#958,#959,#960,#961,#962,#963,#964,#965,#966,
    #967,#968,#969,#970,#971,#972,#973,#974,#975,#976,#977,#978,#979,
    #980,#981,#982,#983,#984,#985,#986,#987,#988,#989,#990,#991,#992,
    #993,#994,#995,#996,#997,#998,#999,#1000),.UNSPECIFIED.,.F.,.F.,(9,7
    ,7,7,7,7,7,7,7,7,7,9),(0.,0.180297832628,0.325379383996,
    0.498125642009,0.594453249972,0.670961686939,0.723356942682,
    0.787021357452,0.816674423861,0.850624438939,0.891327501252,1.),
  .UNSPECIFIED.);
#922 = CARTESIAN_POINT('',(0.,-107.2496965789));
#923 = CARTESIAN_POINT('',(0.12762860777,-107.2496965789));
#924 = CARTESIAN_POINT('',(0.255802475019,-107.2304695132));
#925 = CARTESIAN_POINT('',(0.38568690853,-107.1917246737));
#926 = CARTESIAN_POINT('',(0.518307373178,-107.1322581913));
#927 = CARTESIAN_POINT('',(0.654673280854,-107.0500751005));
#928 = CARTESIAN_POINT('',(0.795955841546,-106.9425316637));
#929 = CARTESIAN_POINT('',(0.94351039313,-106.8062215312));
#930 = CARTESIAN_POINT('',(1.225124917201,-106.5032153531));
#931 = CARTESIAN_POINT('',(1.354728911077,-106.3492293644));
#932 = CARTESIAN_POINT('',(1.486189378319,-106.1790769372));
#933 = CARTESIAN_POINT('',(1.618068750058,-105.9973743485));
#934 = CARTESIAN_POINT('',(1.749066971635,-105.8106271157));
#935 = CARTESIAN_POINT('',(1.877837757072,-105.6270427445));
#936 = CARTESIAN_POINT('',(2.002613508473,-105.4547696725));
#937 = CARTESIAN_POINT('',(2.261029931345,-105.1160274568));
#938 = CARTESIAN_POINT('',(2.39553032342,-104.9520717296));
#939 = CARTESIAN_POINT('',(2.525585240012,-104.8118980696));
#940 = CARTESIAN_POINT('',(2.652224844668,-104.6979641018));
#941 = CARTESIAN_POINT('',(2.776354003276,-104.6117851533));
#942 = CARTESIAN_POINT('',(2.898753472908,-104.5541730988));
#943 = CARTESIAN_POINT('',(3.020213235918,-104.5253993866));
#944 = CARTESIAN_POINT('',(3.209276834392,-104.5253993866));
#945 = CARTESIAN_POINT('',(3.276959812391,-104.5343464979));
#946 = CARTESIAN_POINT('',(3.344789449354,-104.5522395415));
#947 = CARTESIAN_POINT('',(3.412912032839,-104.5790447307));
#948 = CARTESIAN_POINT('',(3.481474045655,-104.6146900427));
#949 = CARTESIAN_POINT('',(3.550626427905,-104.6590593868));
#950 = CARTESIAN_POINT('',(3.62053133162,-104.711986567));
#951 = CARTESIAN_POINT('',(3.747636239175,-104.8219069106));
#952 = CARTESIAN_POINT('',(3.804523318857,-104.8758509867));
#953 = CARTESIAN_POINT('',(3.862090358527,-104.9349500684));
#954 = CARTESIAN_POINT('',(3.920401465492,-104.9990322698));
#955 = CARTESIAN_POINT('',(3.979526501156,-105.0678808655));
#956 = CARTESIAN_POINT('',(4.039542364889,-105.1412316792));
#957 = CARTESIAN_POINT('',(4.100536163455,-105.2187720168));
#958 = CARTESIAN_POINT('',(4.205120459746,-105.3558651468));
#959 = CARTESIAN_POINT('',(4.248155280072,-105.4134084775));
#960 = CARTESIAN_POINT('',(4.291684864188,-105.4725744132));
#961 = CARTESIAN_POINT('',(4.335684445868,-105.5331483704));
#962 = CARTESIAN_POINT('',(4.380133884668,-105.5949020815));
#963 = CARTESIAN_POINT('',(4.42501719514,-105.6575977692));
#964 = CARTESIAN_POINT('',(4.470322076038,-105.7209923215));
#965 = CARTESIAN_POINT('',(4.571589682599,-105.8624232714));
#966 = CARTESIAN_POINT('',(4.627742656362,-105.9406673773));
#967 = CARTESIAN_POINT('',(4.684310900813,-106.0188957193));
#968 = CARTESIAN_POINT('',(4.741125672081,-106.0964465755));
#969 = CARTESIAN_POINT('',(4.798027886564,-106.1726978901));
#970 = CARTESIAN_POINT('',(4.85485979004,-106.2470846957));
#971 = CARTESIAN_POINT('',(4.911457351757,-106.3191106383));
#972 = CARTESIAN_POINT('',(4.99381323263,-106.4206049975));
#973 = CARTESIAN_POINT('',(5.019889180433,-106.4522469533));
#974 = CARTESIAN_POINT('',(5.04586155203,-106.4832472974));
#975 = CARTESIAN_POINT('',(5.07172054862,-106.5135771374));
#976 = CARTESIAN_POINT('',(5.097456031938,-106.5432106936));
#977 = CARTESIAN_POINT('',(5.123057308719,-106.5721251322));
#978 = CARTESIAN_POINT('',(5.148512915159,-106.6003003985));
#979 = CARTESIAN_POINT('',(5.202773680485,-106.6591108671));
#980 = CARTESIAN_POINT('',(5.231529145876,-106.6895103045));
#981 = CARTESIAN_POINT('',(5.260076267737,-106.7189109812));
#982 = CARTESIAN_POINT('',(5.288413758253,-106.7473093147));
#983 = CARTESIAN_POINT('',(5.316539522551,-106.7747043092));
#984 = CARTESIAN_POINT('',(5.344450609645,-106.8010973439));
#985 = CARTESIAN_POINT('',(5.372143163377,-106.8264919614));
#986 = CARTESIAN_POINT('',(5.432545524136,-106.8801491267));
#987 = CARTESIAN_POINT('',(5.465161072329,-106.9079804405));
#988 = CARTESIAN_POINT('',(5.497472899264,-106.9344164284));
#989 = CARTESIAN_POINT('',(5.529493269105,-106.9594860582));
#990 = CARTESIAN_POINT('',(5.561233148786,-106.9832183316));
#991 = CARTESIAN_POINT('',(5.592702527949,-107.0056421823));
#992 = CARTESIAN_POINT('',(5.623910738883,-107.0267863734));
#993 = CARTESIAN_POINT('',(5.737515839306,-107.0997914779));
#994 = CARTESIAN_POINT('',(5.8183572119,-107.143977989));
#995 = CARTESIAN_POINT('',(5.897743855162,-107.1799030758));
#996 = CARTESIAN_POINT('',(5.975985974542,-107.2080991014));
#997 = CARTESIAN_POINT('',(6.053370131406,-107.2289694456));
#998 = CARTESIAN_POINT('',(6.130174718309,-107.2427881747));
#999 = CARTESIAN_POINT('',(6.206681798143,-107.2496965789));
#1000 = CARTESIAN_POINT('',(6.28318530718,-107.2496965789));
#1001 = ( GEOMETRIC_REPRESENTATION_CONTEXT(2) 
PARAMETRIC_REPRESENTATION_CONTEXT() REPRESENTATION_CONTEXT('2D SPACE',''
  ) );
#1002 = FACE_BOUND('',#1003,.T.);
#1003 = EDGE_LOOP('',(#1004,#1121));
#1004 = ORIENTED_EDGE('',*,*,#1005,.F.);
#1005 = EDGE_CURVE('',#1006,#1008,#1010,.T.);
#1006 = VERTEX_POINT('',#1007);
#1007 = CARTESIAN_POINT('',(2.721014339551E-14,56.,529.4));
#1008 = VERTEX_POINT('',#1009);
#1009 = CARTESIAN_POINT('',(2.628241943383E-14,56.,537.4));
#1010 = SURFACE_CURVE('',#1011,(#1044,#1080),.PCURVE_S1.);
#1011 = B_SPLINE_CURVE_WITH_KNOTS('',6,(#1012,#1013,#1014,#1015,#1016,
    #1017,#1018,#1019,#1020,#1021,#1022,#1023,#1024,#1025,#1026,#1027,
    #1028,#1029,#1030,#1031,#1032,#1033,#1034,#1035,#1036,#1037,#1038,
    #1039,#1040,#1041,#1042,#1043),.UNSPECIFIED.,.F.,.F.,(7,5,5,5,5,5,7)
  ,(0.,0.164243925486,0.3161463891,0.500013123524,0.683879857948,
    0.83578232155,1.),.UNSPECIFIED.);
#1012 = CARTESIAN_POINT('',(1.866603506429E-06,56.,529.4));
#1013 = CARTESIAN_POINT('',(-0.418388937899,56.000000013946,
    529.39999982493));
#1014 = CARTESIAN_POINT('',(-0.832786506958,55.996249381443,
    529.4470885217));
#1015 = CARTESIAN_POINT('',(-1.234728189871,55.988879390147,
    529.53904569382));
#1016 = CARTESIAN_POINT('',(-1.616249958904,55.97853594058,
    529.67152858191));
#1017 = CARTESIAN_POINT('',(-1.970671754992,55.966246589584,
    529.83824710014));
#1018 = CARTESIAN_POINT('',(-2.59180664326,55.940787951535,
    530.20952152546));
#1019 = CARTESIAN_POINT('',(-2.864701885165,55.927689249611,
    530.41124434583));
#1020 = CARTESIAN_POINT('',(-3.110945814157,55.914382079724,
    530.63222022356));
#1021 = CARTESIAN_POINT('',(-3.329953105035,55.901462512185,
    530.86892146275));
#1022 = CARTESIAN_POINT('',(-3.521491478244,55.889409837621,
    531.11823968071));
#1023 = CARTESIAN_POINT('',(-3.884143774189,55.865490563044,
    531.69102926876));
#1024 = CARTESIAN_POINT('',(-4.042656432433,55.85418498209,
    532.01934358648));
#1025 = CARTESIAN_POINT('',(-4.161290738951,55.845302065461,
    532.35792651916));
#1026 = CARTESIAN_POINT('',(-4.240276173948,55.839248126855,
    532.70309809179));
#1027 = CARTESIAN_POINT('',(-4.279772053028,55.836220781623,
    533.05154440103));
#1028 = CARTESIAN_POINT('',(-4.279772053028,55.836220781623,
    533.74845559896));
#1029 = CARTESIAN_POINT('',(-4.240276173948,55.839248126855,
    534.0969019082));
#1030 = CARTESIAN_POINT('',(-4.161290738951,55.845302065461,
    534.44207348083));
#1031 = CARTESIAN_POINT('',(-4.042656432433,55.85418498209,
    534.78065641351));
#1032 = CARTESIAN_POINT('',(-3.884143774189,55.865490563044,
    535.10897073123));
#1033 = CARTESIAN_POINT('',(-3.521491478257,55.88940983762,
    535.68176031926));
#1034 = CARTESIAN_POINT('',(-3.329953105018,55.901462512187,
    535.93107853727));
#1035 = CARTESIAN_POINT('',(-3.110945814142,55.914382079725,
    536.16777977642));
#1036 = CARTESIAN_POINT('',(-2.864701885207,55.927689249609,
    536.38875565414));
#1037 = CARTESIAN_POINT('',(-2.591806643236,55.940787951536,
    536.59047847454));
#1038 = CARTESIAN_POINT('',(-1.970723322714,55.966244475963,
    536.96172207599));
#1039 = CARTESIAN_POINT('',(-1.616261019388,55.978536169208,
    537.12847924935));
#1040 = CARTESIAN_POINT('',(-1.234635353762,55.988883184142,
    537.26100190472));
#1041 = CARTESIAN_POINT('',(-0.832592828192,55.996252860463,
    537.35295510416));
#1042 = CARTESIAN_POINT('',(-0.418194888354,56.000000013939,
    537.40000017498));
#1043 = CARTESIAN_POINT('',(1.866603484224E-06,56.,537.4));
#1044 = PCURVE('',#146,#1045);
#1045 = DEFINITIONAL_REPRESENTATION('',(#1046),#1079);
#1046 = B_SPLINE_CURVE_WITH_KNOTS('',6,(#1047,#1048,#1049,#1050,#1051,
    #1052,#1053,#1054,#1055,#1056,#1057,#1058,#1059,#1060,#1061,#1062,
    #1063,#1064,#1065,#1066,#1067,#1068,#1069,#1070,#1071,#1072,#1073,
    #1074,#1075,#1076,#1077,#1078),.UNSPECIFIED.,.F.,.F.,(7,5,5,5,5,5,7)
  ,(0.,0.164243925486,0.3161463891,0.500013123524,0.683879857948,
    0.83578232155,1.),.UNSPECIFIED.);
#1047 = CARTESIAN_POINT('',(1.570796293463,434.4));
#1048 = CARTESIAN_POINT('',(1.578267557829,434.39999982493));
#1049 = CARTESIAN_POINT('',(1.585667515029,434.4470885217));
#1050 = CARTESIAN_POINT('',(1.592845792418,434.53904569382));
#1051 = CARTESIAN_POINT('',(1.599660872633,434.67152858191));
#1052 = CARTESIAN_POINT('',(1.605993511579,434.83824710014));
#1053 = CARTESIAN_POINT('',(1.617094518895,435.20952152546));
#1054 = CARTESIAN_POINT('',(1.621973138975,435.41124434583));
#1055 = CARTESIAN_POINT('',(1.626376668638,435.63222022356));
#1056 = CARTESIAN_POINT('',(1.630294264119,435.86892146275));
#1057 = CARTESIAN_POINT('',(1.633721341373,436.11823968071));
#1058 = CARTESIAN_POINT('',(1.640211345939,436.69102926876));
#1059 = CARTESIAN_POINT('',(1.643049079063,437.01934358648));
#1060 = CARTESIAN_POINT('',(1.645173476088,437.35792651916));
#1061 = CARTESIAN_POINT('',(1.646588067072,437.70309809179));
#1062 = CARTESIAN_POINT('',(1.647295419445,438.05154440103));
#1063 = CARTESIAN_POINT('',(1.647295419445,438.74845559896));
#1064 = CARTESIAN_POINT('',(1.646588067072,439.0969019082));
#1065 = CARTESIAN_POINT('',(1.645173476088,439.44207348083));
#1066 = CARTESIAN_POINT('',(1.643049079063,439.78065641351));
#1067 = CARTESIAN_POINT('',(1.640211345939,440.10897073123));
#1068 = CARTESIAN_POINT('',(1.633721341374,440.68176031926));
#1069 = CARTESIAN_POINT('',(1.630294264118,440.93107853727));
#1070 = CARTESIAN_POINT('',(1.626376668638,441.16777977642));
#1071 = CARTESIAN_POINT('',(1.621973138976,441.38875565414));
#1072 = CARTESIAN_POINT('',(1.617094518894,441.59047847454));
#1073 = CARTESIAN_POINT('',(1.605994433205,441.96172207599));
#1074 = CARTESIAN_POINT('',(1.599661069762,442.12847924935));
#1075 = CARTESIAN_POINT('',(1.592844133537,442.26100190472));
#1076 = CARTESIAN_POINT('',(1.585664056474,442.35295510416));
#1077 = CARTESIAN_POINT('',(1.578264092658,442.40000017498));
#1078 = CARTESIAN_POINT('',(1.570796293463,442.4));
#1079 = ( GEOMETRIC_REPRESENTATION_CONTEXT(2) 
PARAMETRIC_REPRESENTATION_CONTEXT() REPRESENTATION_CONTEXT('2D SPACE',''
  ) );
#1080 = PCURVE('',#1081,#1086);
#1081 = CYLINDRICAL_SURFACE('',#1082,4.);
#1082 = AXIS2_PLACEMENT_3D('',#1083,#1084,#1085);
#1083 = CARTESIAN_POINT('',(3.429011037613E-15,56.,533.4));
#1084 = DIRECTION('',(0.321439465303,0.946930129495,0.));
#1085 = DIRECTION('',(0.946930129495,-0.321439465303,0.));
#1086 = DEFINITIONAL_REPRESENTATION('',(#1087),#1120);
#1087 = B_SPLINE_CURVE_WITH_KNOTS('',6,(#1088,#1089,#1090,#1091,#1092,
    #1093,#1094,#1095,#1096,#1097,#1098,#1099,#1100,#1101,#1102,#1103,
    #1104,#1105,#1106,#1107,#1108,#1109,#1110,#1111,#1112,#1113,#1114,
    #1115,#1116,#1117,#1118,#1119),.UNSPECIFIED.,.F.,.F.,(7,5,5,5,5,5,7)
  ,(0.,0.164243925486,0.3161463891,0.500013123524,0.683879857948,
    0.83578232155,1.),.UNSPECIFIED.);
#1088 = CARTESIAN_POINT('',(1.570795884909,5.999999999062E-07));
#1089 = CARTESIAN_POINT('',(1.669842600702,-0.134486703281));
#1090 = CARTESIAN_POINT('',(1.767642458878,-0.271242023224));
#1091 = CARTESIAN_POINT('',(1.863952471831,-0.407420809675));
#1092 = CARTESIAN_POINT('',(1.958465176963,-0.539851487152));
#1093 = CARTESIAN_POINT('',(2.050769142699,-0.665413796508));
#1094 = CARTESIAN_POINT('',(2.222930167777,-0.889178614299));
#1095 = CARTESIAN_POINT('',(2.303642761587,-0.98930147045));
#1096 = CARTESIAN_POINT('',(2.382640838034,-1.081054947424));
#1097 = CARTESIAN_POINT('',(2.460146522884,-1.163686461664));
#1098 = CARTESIAN_POINT('',(2.536358914854,-1.236667494619));
#1099 = CARTESIAN_POINT('',(2.7023397768,-1.375888136491));
#1100 = CARTESIAN_POINT('',(2.791667417961,-1.437545955838));
#1101 = CARTESIAN_POINT('',(2.879885047719,-1.484091205285));
#1102 = CARTESIAN_POINT('',(2.96736697736,-1.515212898145));
#1103 = CARTESIAN_POINT('',(3.054478753848,-1.530775116811));
#1104 = CARTESIAN_POINT('',(3.228706553332,-1.530775116811));
#1105 = CARTESIAN_POINT('',(3.31581832982,-1.515212898145));
#1106 = CARTESIAN_POINT('',(3.403300259461,-1.484091205285));
#1107 = CARTESIAN_POINT('',(3.491517889219,-1.437545955838));
#1108 = CARTESIAN_POINT('',(3.58084553038,-1.375888136491));
#1109 = CARTESIAN_POINT('',(3.746826392319,-1.236667494624));
#1110 = CARTESIAN_POINT('',(3.823038784305,-1.163686461657));
#1111 = CARTESIAN_POINT('',(3.900544469147,-1.081054947418));
#1112 = CARTESIAN_POINT('',(3.979542545582,-0.989301470465));
#1113 = CARTESIAN_POINT('',(4.060255139409,-0.889178614291));
#1114 = CARTESIAN_POINT('',(4.232401871366,-0.665432373861));
#1115 = CARTESIAN_POINT('',(4.324718956186,-0.539854825934));
#1116 = CARTESIAN_POINT('',(4.419256912954,-0.407387375837));
#1117 = CARTESIAN_POINT('',(4.515588421187,-0.271176472836));
#1118 = CARTESIAN_POINT('',(4.613388644319,-0.134424328106));
#1119 = CARTESIAN_POINT('',(4.71238942227,5.999999999062E-07));
#1120 = ( GEOMETRIC_REPRESENTATION_CONTEXT(2) 
PARAMETRIC_REPRESENTATION_CONTEXT() REPRESENTATION_CONTEXT('2D SPACE',''
  ) );
#1121 = ORIENTED_EDGE('',*,*,#1122,.T.);
#1122 = EDGE_CURVE('',#1006,#1008,#1123,.T.);
#1123 = SURFACE_CURVE('',#1124,(#1128,#1134),.PCURVE_S1.);
#1124 = LINE('',#1125,#1126);
#1125 = CARTESIAN_POINT('',(1.7763568394E-14,56.,95.));
#1126 = VECTOR('',#1127,1.);
#1127 = DIRECTION('',(0.,0.,1.));
#1128 = PCURVE('',#146,#1129);
#1129 = DEFINITIONAL_REPRESENTATION('',(#1130),#1133);
#1130 = B_SPLINE_CURVE_WITH_KNOTS('',1,(#1131,#1132),.UNSPECIFIED.,.F.,
  .F.,(2,2),(433.6,443.2),.PIECEWISE_BEZIER_KNOTS.);
#1131 = CARTESIAN_POINT('',(1.570796326795,433.6));
#1132 = CARTESIAN_POINT('',(1.570796326795,443.2));
#1133 = ( GEOMETRIC_REPRESENTATION_CONTEXT(2) 
PARAMETRIC_REPRESENTATION_CONTEXT() REPRESENTATION_CONTEXT('2D SPACE',''
  ) );
#1134 = PCURVE('',#1135,#1140);
#1135 = PLANE('',#1136);
#1136 = AXIS2_PLACEMENT_3D('',#1137,#1138,#1139);
#1137 = CARTESIAN_POINT('',(3.186222863528E-15,56.,533.4));
#1138 = DIRECTION('',(0.321439465303,0.946930129495,0.));
#1139 = DIRECTION('',(0.946930129495,-0.321439465303,0.));
#1140 = DEFINITIONAL_REPRESENTATION('',(#1141),#1144);
#1141 = B_SPLINE_CURVE_WITH_KNOTS('',1,(#1142,#1143),.UNSPECIFIED.,.F.,
  .F.,(2,2),(433.6,443.2),.PIECEWISE_BEZIER_KNOTS.);
#1142 = CARTESIAN_POINT('',(1.151976292029E-14,4.8));
#1143 = CARTESIAN_POINT('',(1.151976292029E-14,-4.8));
#1144 = ( GEOMETRIC_REPRESENTATION_CONTEXT(2) 
PARAMETRIC_REPRESENTATION_CONTEXT() REPRESENTATION_CONTEXT('2D SPACE',''
  ) );
#1145 = FACE_BOUND('',#1146,.T.);
#1146 = EDGE_LOOP('',(#1147));
#1147 = ORIENTED_EDGE('',*,*,#1148,.T.);
#1148 = EDGE_CURVE('',#1149,#1149,#1151,.T.);
#1149 = VERTEX_POINT('',#1150);
#1150 = CARTESIAN_POINT('',(-41.6924921155,37.386309007421,533.4));
#1151 = SURFACE_CURVE('',#1152,(#1251,#1353),.PCURVE_S1.);
#1152 = B_SPLINE_CURVE_WITH_KNOTS('',7,(#1153,#1154,#1155,#1156,#1157,
    #1158,#1159,#1160,#1161,#1162,#1163,#1164,#1165,#1166,#1167,#1168,
    #1169,#1170,#1171,#1172,#1173,#1174,#1175,#1176,#1177,#1178,#1179,
    #1180,#1181,#1182,#1183,#1184,#1185,#1186,#1187,#1188,#1189,#1190,
    #1191,#1192,#1193,#1194,#1195,#1196,#1197,#1198,#1199,#1200,#1201,
    #1202,#1203,#1204,#1205,#1206,#1207,#1208,#1209,#1210,#1211,#1212,
    #1213,#1214,#1215,#1216,#1217,#1218,#1219,#1220,#1221,#1222,#1223,
    #1224,#1225,#1226,#1227,#1228,#1229,#1230,#1231,#1232,#1233,#1234,
    #1235,#1236,#1237,#1238,#1239,#1240,#1241,#1242,#1243,#1244,#1245,
    #1246,#1247,#1248,#1249,#1250),.UNSPECIFIED.,.T.,.F.,(8,6,6,6,6,6,6,
    6,6,6,6,6,6,6,6,6,8),(0.,9.598113787236E-02,0.172214390146,
    0.224421191229,0.261899568146,0.287879856311,0.317439486618,
    0.351282526014,0.391857333954,0.421352774676,0.500157524524,
    0.578962249942,0.649005885516,0.712280250143,0.792532180667,
    0.871289501145,1.),.UNSPECIFIED.);
#1153 = CARTESIAN_POINT('',(-41.6924921155,37.386309007422,533.4));
#1154 = CARTESIAN_POINT('',(-41.6924921155,37.386309007422,
    533.70941339795));
#1155 = CARTESIAN_POINT('',(-41.71276421811,37.363702004375,
    534.0188196434));
#1156 = CARTESIAN_POINT('',(-41.75330538539,37.318491078941,
    534.326145047));
#1157 = CARTESIAN_POINT('',(-41.81408606014,37.250554549198,
    534.62929134514));
#1158 = CARTESIAN_POINT('',(-41.89502608185,37.159670229635,
    534.92602718031));
#1159 = CARTESIAN_POINT('',(-41.99596938619,37.04554073013,
    535.21387512636));
#1160 = CARTESIAN_POINT('',(-42.212514307,36.798434607059,
    535.70930255164));
#1161 = CARTESIAN_POINT('',(-42.32089117515,36.674093768864,
    535.92135787447));
#1162 = CARTESIAN_POINT('',(-42.44160517957,36.534683056081,
    536.12452770243));
#1163 = CARTESIAN_POINT('',(-42.57436819,36.380145065863,536.31705153227
    ));
#1164 = CARTESIAN_POINT('',(-42.71876567265,36.210507155488,
    536.49701017175));
#1165 = CARTESIAN_POINT('',(-42.87423877087,36.025918975918,
    536.6622926369));
#1166 = CARTESIAN_POINT('',(-43.1536355793,35.69026823973,536.9120990127
    ));
#1167 = CARTESIAN_POINT('',(-43.27211541932,35.546907545601,
    537.00570778286));
#1168 = CARTESIAN_POINT('',(-43.39504904777,35.396993788806,
    537.09040834852));
#1169 = CARTESIAN_POINT('',(-43.52190805976,35.240993263888,
    537.1652931505));
#1170 = CARTESIAN_POINT('',(-43.65210936892,35.079456865837,
    537.22953034867));
#1171 = CARTESIAN_POINT('',(-43.78502880542,34.913014666985,
    537.28236848084));
#1172 = CARTESIAN_POINT('',(-44.01691880772,34.619867936688,
    537.35241110879));
#1173 = CARTESIAN_POINT('',(-44.11484361107,34.495255936456,
    537.37544967351));
#1174 = CARTESIAN_POINT('',(-44.21341708376,34.368961011043,
    537.39198158804));
#1175 = CARTESIAN_POINT('',(-44.31226314359,34.241432810596,
    537.40180782028));
#1176 = CARTESIAN_POINT('',(-44.41100759168,34.113137261616,
    537.40480615667));
#1177 = CARTESIAN_POINT('',(-44.50928403774,33.984549711002,
    537.40093182506));
#1178 = CARTESIAN_POINT('',(-44.67429689853,33.767139102628,
    537.38279129647));
#1179 = CARTESIAN_POINT('',(-44.74144642672,33.678236817701,
    537.37207930434));
#1180 = CARTESIAN_POINT('',(-44.80806617723,33.589606825567,
    537.35809628503));
#1181 = CARTESIAN_POINT('',(-44.87403902727,33.50141279248,
    537.34087522829));
#1182 = CARTESIAN_POINT('',(-44.93925291102,33.413816155906,
    537.32046796747));
#1183 = CARTESIAN_POINT('',(-45.00360076666,33.326975839737,
    537.2969451769));
#1184 = CARTESIAN_POINT('',(-45.13909211597,33.143281691442,
    537.2401898941));
#1185 = CARTESIAN_POINT('',(-45.20993971886,33.046711165337,
    537.20607067795));
#1186 = CARTESIAN_POINT('',(-45.27940605975,32.951521605833,
    537.16815956786));
#1187 = CARTESIAN_POINT('',(-45.34738356365,32.857890184239,
    537.12659653445));
#1188 = CARTESIAN_POINT('',(-45.41377404929,32.765985420765,
    537.08154066089));
#1189 = CARTESIAN_POINT('',(-45.4784884655,32.675966576744,
    537.03317013167));
#1190 = CARTESIAN_POINT('',(-45.61352789315,32.487250052681,
    536.92273333221));
#1191 = CARTESIAN_POINT('',(-45.68330544204,32.389187190755,
    536.8596995112));
#1192 = CARTESIAN_POINT('',(-45.7507225237,32.293929880393,
    536.79282571276));
#1193 = CARTESIAN_POINT('',(-45.81573278731,32.201600316704,
    536.72236294242));
#1194 = CARTESIAN_POINT('',(-45.87829987991,32.112306897795,
    536.64856826592));
#1195 = CARTESIAN_POINT('',(-45.93839704453,32.026143651976,
    536.5717048184));
#1196 = CARTESIAN_POINT('',(-46.06507561662,31.843735178867,
    536.39653292348));
#1197 = CARTESIAN_POINT('',(-46.13057745132,31.748881508474,
    536.29698852413));
#1198 = CARTESIAN_POINT('',(-46.19254600687,31.658672639068,
    536.19377960341));
#1199 = CARTESIAN_POINT('',(-46.25101988391,31.573139216521,
    536.08726056542));
#1200 = CARTESIAN_POINT('',(-46.30604222537,31.492298505424,
    535.97776937222));
#1201 = CARTESIAN_POINT('',(-46.35766044275,31.416154347223,
    535.86562768565));
#1202 = CARTESIAN_POINT('',(-46.4410120524,31.292752018278,
    535.66791609324));
#1203 = CARTESIAN_POINT('',(-46.47433177795,31.243275845706,
    535.58343931863));
#1204 = CARTESIAN_POINT('',(-46.50591024322,31.196256793745,
    535.49781182228));
#1205 = CARTESIAN_POINT('',(-46.53577153194,31.151682535039,
    535.41112958697));
#1206 = CARTESIAN_POINT('',(-46.56393868733,31.109540221756,
    535.32348344133));
#1207 = CARTESIAN_POINT('',(-46.59043371208,31.069816485591,
    535.2349590598));
#1208 = CARTESIAN_POINT('',(-46.68165439918,30.932789884446,
    534.90698972276));
#1209 = CARTESIAN_POINT('',(-46.7362404619,30.850254943172,
    534.66266441033));
#1210 = CARTESIAN_POINT('',(-46.77946355444,30.784585477449,
    534.41410119901));
#1211 = CARTESIAN_POINT('',(-46.81165342004,30.735524988532,
    534.16252092529));
#1212 = CARTESIAN_POINT('',(-46.83303587409,30.702885360326,
    533.90899194388));
#1213 = CARTESIAN_POINT('',(-46.84372693101,30.686564604279,
    533.65449698306));
#1214 = CARTESIAN_POINT('',(-46.84372693101,30.686564604279,
    533.14550309583));
#1215 = CARTESIAN_POINT('',(-46.83303588779,30.702885339573,
    532.89100831059));
#1216 = CARTESIAN_POINT('',(-46.8116534489,30.735524944415,
    532.63747941988));
#1217 = CARTESIAN_POINT('',(-46.77946360127,30.784585405896,
    532.38589914587));
#1218 = CARTESIAN_POINT('',(-46.73624052849,30.850254842233,
    532.13733589984));
#1219 = CARTESIAN_POINT('',(-46.681654468,30.932789781069,
    531.89301052466));
#1220 = CARTESIAN_POINT('',(-46.55628009905,31.121120127996,
    531.44224710712));
#1221 = CARTESIAN_POINT('',(-46.48792370448,31.223375175561,
    531.2344597296));
#1222 = CARTESIAN_POINT('',(-46.40993735915,31.339431282245,
    531.03222055503));
#1223 = CARTESIAN_POINT('',(-46.32203470961,31.469418279068,
    530.83686898797));
#1224 = CARTESIAN_POINT('',(-46.22392582896,31.61340342115,
    530.64989344466));
#1225 = CARTESIAN_POINT('',(-46.11533245588,31.771368770249,
    530.47296253749));
#1226 = CARTESIAN_POINT('',(-45.88821305268,32.098405165323,
    530.15890045444));
#1227 = CARTESIAN_POINT('',(-45.77145412454,32.265225628787,
    530.01928942382));
#1228 = CARTESIAN_POINT('',(-45.64596057526,32.442955599522,
    529.89123558936));
#1229 = CARTESIAN_POINT('',(-45.51212852409,32.630646311734,
    529.7766509381));
#1230 = CARTESIAN_POINT('',(-45.37051650927,32.827136279172,
    529.67723701093));
#1231 = CARTESIAN_POINT('',(-45.22184242916,33.03109188464,
    529.59447296408));
#1232 = CARTESIAN_POINT('',(-44.87056649822,33.507338768873,
    529.44732877441));
#1233 = CARTESIAN_POINT('',(-44.66512924091,33.782020269022,
    529.39422921287));
#1234 = CARTESIAN_POINT('',(-44.4535909746,34.06062425406,
    529.37276325649));
#1235 = CARTESIAN_POINT('',(-44.23936825654,34.338354399431,
    529.38376415266));
#1236 = CARTESIAN_POINT('',(-44.02618741707,34.61047395409,
    529.42645426592));
#1237 = CARTESIAN_POINT('',(-43.81782993911,34.872618161746,
    529.49845235334));
#1238 = CARTESIAN_POINT('',(-43.42151074661,35.364818237938,
    529.69128300147));
#1239 = CARTESIAN_POINT('',(-43.23295525445,35.595736481707,
    529.81131963092));
#1240 = CARTESIAN_POINT('',(-43.0536643061,35.812451267716,
    529.95314006407));
#1241 = CARTESIAN_POINT('',(-42.88495139452,36.013972890618,
    530.11404416004));
#1242 = CARTESIAN_POINT('',(-42.72789807507,36.199611497937,
    530.29136906145));
#1243 = CARTESIAN_POINT('',(-42.58333576622,36.3689451782,530.4824855394
    ));
#1244 = CARTESIAN_POINT('',(-42.23691902716,36.771609464408,
    531.01542801393));
#1245 = CARTESIAN_POINT('',(-42.05622414622,36.978174759799,
    531.37696998724));
#1246 = CARTESIAN_POINT('',(-41.91096134831,37.14217428172,
    531.76095443285));
#1247 = CARTESIAN_POINT('',(-41.80176718474,37.264447732262,
    532.16068822308));
#1248 = CARTESIAN_POINT('',(-41.72891667009,37.345689004775,
    532.57049560881));
#1249 = CARTESIAN_POINT('',(-41.6924921155,37.386309007422,
    532.98524366484));
#1250 = CARTESIAN_POINT('',(-41.6924921155,37.386309007422,533.4));
#1251 = PCURVE('',#146,#1252);
#1252 = DEFINITIONAL_REPRESENTATION('',(#1253),#1352);
#1253 = B_SPLINE_CURVE_WITH_KNOTS('',7,(#1254,#1255,#1256,#1257,#1258,
    #1259,#1260,#1261,#1262,#1263,#1264,#1265,#1266,#1267,#1268,#1269,
    #1270,#1271,#1272,#1273,#1274,#1275,#1276,#1277,#1278,#1279,#1280,
    #1281,#1282,#1283,#1284,#1285,#1286,#1287,#1288,#1289,#1290,#1291,
    #1292,#1293,#1294,#1295,#1296,#1297,#1298,#1299,#1300,#1301,#1302,
    #1303,#1304,#1305,#1306,#1307,#1308,#1309,#1310,#1311,#1312,#1313,
    #1314,#1315,#1316,#1317,#1318,#1319,#1320,#1321,#1322,#1323,#1324,
    #1325,#1326,#1327,#1328,#1329,#1330,#1331,#1332,#1333,#1334,#1335,
    #1336,#1337,#1338,#1339,#1340,#1341,#1342,#1343,#1344,#1345,#1346,
    #1347,#1348,#1349,#1350,#1351),.UNSPECIFIED.,.F.,.F.,(8,6,6,6,6,6,6,
    6,6,6,6,6,6,6,6,6,8),(0.,9.598113787236E-02,0.172214390146,
    0.224421191229,0.261899568146,0.287879856311,0.317439486618,
    0.351282526014,0.391857333954,0.421352774676,0.500157524524,
    0.578962249942,0.649005885516,0.712280250143,0.792532180667,
    0.871289501145,1.),.UNSPECIFIED.);
#1254 = CARTESIAN_POINT('',(2.410595091442,438.4));
#1255 = CARTESIAN_POINT('',(2.410595091442,438.70941339795));
#1256 = CARTESIAN_POINT('',(2.411137324047,439.0188196434));
#1257 = CARTESIAN_POINT('',(2.412221711976,439.326145047));
#1258 = CARTESIAN_POINT('',(2.413849520845,439.62929134514));
#1259 = CARTESIAN_POINT('',(2.41602274863,439.92602718031));
#1260 = CARTESIAN_POINT('',(2.418743523631,440.21387512636));
#1261 = CARTESIAN_POINT('',(2.424610706304,440.70930255164));
#1262 = CARTESIAN_POINT('',(2.427556106182,440.92135787447));
#1263 = CARTESIAN_POINT('',(2.430849121179,441.12452770243));
#1264 = CARTESIAN_POINT('',(2.434487192818,441.31705153227));
#1265 = CARTESIAN_POINT('',(2.438465197332,441.49701017175));
#1266 = CARTESIAN_POINT('',(2.442774755906,441.6622926369));
#1267 = CARTESIAN_POINT('',(2.45057331987,441.9120990127));
#1268 = CARTESIAN_POINT('',(2.45389442874,442.00570778286));
#1269 = CARTESIAN_POINT('',(2.457356407407,442.09040834852));
#1270 = CARTESIAN_POINT('',(2.4609468961,442.1652931505));
#1271 = CARTESIAN_POINT('',(2.46465177062,442.22953034867));
#1272 = CARTESIAN_POINT('',(2.46845536709,442.28236848084));
#1273 = CARTESIAN_POINT('',(2.475129926108,442.35241110879));
#1274 = CARTESIAN_POINT('',(2.477959996513,442.37544967351));
#1275 = CARTESIAN_POINT('',(2.480820858125,442.39198158804));
#1276 = CARTESIAN_POINT('',(2.483702087423,442.40180782028));
#1277 = CARTESIAN_POINT('',(2.486593055269,442.40480615667));
#1278 = CARTESIAN_POINT('',(2.489483085007,442.40093182506));
#1279 = CARTESIAN_POINT('',(2.494357025789,442.38279129647));
#1280 = CARTESIAN_POINT('',(2.496346523695,442.37207930434));
#1281 = CARTESIAN_POINT('',(2.498326442025,442.35809628503));
#1282 = CARTESIAN_POINT('',(2.500293200914,442.34087522829));
#1283 = CARTESIAN_POINT('',(2.502243305889,442.32046796747));
#1284 = CARTESIAN_POINT('',(2.504173350856,442.2969451769));
#1285 = CARTESIAN_POINT('',(2.50824937606,442.2401898941));
#1286 = CARTESIAN_POINT('',(2.510388148543,442.20607067795));
#1287 = CARTESIAN_POINT('',(2.512492450973,442.16815956786));
#1288 = CARTESIAN_POINT('',(2.514558611419,442.12659653445));
#1289 = CARTESIAN_POINT('',(2.516583179246,442.08154066089));
#1290 = CARTESIAN_POINT('',(2.518562930761,442.03317013167));
#1291 = CARTESIAN_POINT('',(2.522706771988,441.92273333221));
#1292 = CARTESIAN_POINT('',(2.524855953782,441.8596995112));
#1293 = CARTESIAN_POINT('',(2.526939881712,441.79282571276));
#1294 = CARTESIAN_POINT('',(2.528956312641,441.72236294242));
#1295 = CARTESIAN_POINT('',(2.530903303436,441.64856826592));
#1296 = CARTESIAN_POINT('',(2.532779215562,441.5717048184));
#1297 = CARTESIAN_POINT('',(2.53674496142,441.39653292348));
#1298 = CARTESIAN_POINT('',(2.538803388598,441.29698852413));
#1299 = CARTESIAN_POINT('',(2.540757716658,441.19377960341));
#1300 = CARTESIAN_POINT('',(2.542607898727,441.08726056542));
#1301 = CARTESIAN_POINT('',(2.544354124959,440.97776937222));
#1302 = CARTESIAN_POINT('',(2.54599682187,440.86562768565));
#1303 = CARTESIAN_POINT('',(2.548656015205,440.66791609324));
#1304 = CARTESIAN_POINT('',(2.549721188881,440.58343931863));
#1305 = CARTESIAN_POINT('',(2.550732600584,440.49781182228));
#1306 = CARTESIAN_POINT('',(2.551690674826,440.41112958697));
#1307 = CARTESIAN_POINT('',(2.552595832773,440.32348344133));
#1308 = CARTESIAN_POINT('',(2.553448492246,440.2349590598));
#1309 = CARTESIAN_POINT('',(2.556388013542,439.90698972276));
#1310 = CARTESIAN_POINT('',(2.558155020507,439.66266441033));
#1311 = CARTESIAN_POINT('',(2.559558899841,439.41410119901));
#1312 = CARTESIAN_POINT('',(2.560606722863,439.16252092529));
#1313 = CARTESIAN_POINT('',(2.561303508789,438.90899194388));
#1314 = CARTESIAN_POINT('',(2.561651912537,438.65449698306));
#1315 = CARTESIAN_POINT('',(2.561651912537,438.14550309583));
#1316 = CARTESIAN_POINT('',(2.561303509233,437.89100831059));
#1317 = CARTESIAN_POINT('',(2.560606723804,437.63747941988));
#1318 = CARTESIAN_POINT('',(2.559558901368,437.38589914587));
#1319 = CARTESIAN_POINT('',(2.558155022666,437.13733589984));
#1320 = CARTESIAN_POINT('',(2.55638801576,436.89301052466));
#1321 = CARTESIAN_POINT('',(2.552347916531,436.44224710712));
#1322 = CARTESIAN_POINT('',(2.550151514424,436.2344597296));
#1323 = CARTESIAN_POINT('',(2.547654660451,436.03222055503));
#1324 = CARTESIAN_POINT('',(2.544852564373,435.83686898797));
#1325 = CARTESIAN_POINT('',(2.541741301814,435.64989344466));
#1326 = CARTESIAN_POINT('',(2.538318280796,435.47296253749));
#1327 = CARTESIAN_POINT('',(2.531208176715,435.15890045444));
#1328 = CARTESIAN_POINT('',(2.527572101272,435.01928942382));
#1329 = CARTESIAN_POINT('',(2.523686985993,434.89123558936));
#1330 = CARTESIAN_POINT('',(2.519570668272,434.7766509381));
#1331 = CARTESIAN_POINT('',(2.51524571003,434.67723701093));
#1332 = CARTESIAN_POINT('',(2.510738777515,434.59447296408));
#1333 = CARTESIAN_POINT('',(2.500171242723,434.44732877441));
#1334 = CARTESIAN_POINT('',(2.494046235935,434.39422921287));
#1335 = CARTESIAN_POINT('',(2.48779986145,434.37276325649));
#1336 = CARTESIAN_POINT('',(2.481536789508,434.38376415266));
#1337 = CARTESIAN_POINT('',(2.475364176133,434.42645426592));
#1338 = CARTESIAN_POINT('',(2.469384619062,434.49845235334));
#1339 = CARTESIAN_POINT('',(2.458100235419,434.69128300147));
#1340 = CARTESIAN_POINT('',(2.452776762845,434.81131963092));
#1341 = CARTESIAN_POINT('',(2.44775431243,434.95314006407));
#1342 = CARTESIAN_POINT('',(2.443061200643,435.11404416004));
#1343 = CARTESIAN_POINT('',(2.438719105179,435.29136906145));
#1344 = CARTESIAN_POINT('',(2.434743276119,435.4824855394));
#1345 = CARTESIAN_POINT('',(2.425258072071,436.01542801393));
#1346 = CARTESIAN_POINT('',(2.420357441512,436.37696998724));
#1347 = CARTESIAN_POINT('',(2.416445329065,436.76095443285));
#1348 = CARTESIAN_POINT('',(2.413517952042,437.16068822308));
#1349 = CARTESIAN_POINT('',(2.411569367279,437.57049560881));
#1350 = CARTESIAN_POINT('',(2.410595091442,437.98524366484));
#1351 = CARTESIAN_POINT('',(2.410595091442,438.4));
#1352 = ( GEOMETRIC_REPRESENTATION_CONTEXT(2) 
PARAMETRIC_REPRESENTATION_CONTEXT() REPRESENTATION_CONTEXT('2D SPACE',''
  ) );
#1353 = PCURVE('',#1354,#1359);
#1354 = CYLINDRICAL_SURFACE('',#1355,4.);
#1355 = AXIS2_PLACEMENT_3D('',#1356,#1357,#1358);
#1356 = CARTESIAN_POINT('',(56.,0.,533.4));
#1357 = DIRECTION('',(0.946930129495,-0.321439465303,0.));
#1358 = DIRECTION('',(0.321439465303,0.946930129495,0.));
#1359 = DEFINITIONAL_REPRESENTATION('',(#1360),#1459);
#1360 = B_SPLINE_CURVE_WITH_KNOTS('',7,(#1361,#1362,#1363,#1364,#1365,
    #1366,#1367,#1368,#1369,#1370,#1371,#1372,#1373,#1374,#1375,#1376,
    #1377,#1378,#1379,#1380,#1381,#1382,#1383,#1384,#1385,#1386,#1387,
    #1388,#1389,#1390,#1391,#1392,#1393,#1394,#1395,#1396,#1397,#1398,
    #1399,#1400,#1401,#1402,#1403,#1404,#1405,#1406,#1407,#1408,#1409,
    #1410,#1411,#1412,#1413,#1414,#1415,#1416,#1417,#1418,#1419,#1420,
    #1421,#1422,#1423,#1424,#1425,#1426,#1427,#1428,#1429,#1430,#1431,
    #1432,#1433,#1434,#1435,#1436,#1437,#1438,#1439,#1440,#1441,#1442,
    #1443,#1444,#1445,#1446,#1447,#1448,#1449,#1450,#1451,#1452,#1453,
    #1454,#1455,#1456,#1457,#1458),.UNSPECIFIED.,.F.,.F.,(8,6,6,6,6,6,6,
    6,6,6,6,6,6,6,6,6,8),(0.,9.598113787236E-02,0.172214390146,
    0.224421191229,0.261899568146,0.287879856311,0.317439486618,
    0.351282526014,0.391857333954,0.421352774676,0.500157524524,
    0.578962249942,0.649005885516,0.712280250143,0.792532180667,
    0.871289501145,1.),.UNSPECIFIED.);
#1361 = CARTESIAN_POINT('',(0.,-104.5253993866));
#1362 = CARTESIAN_POINT('',(7.73533494877E-02,-104.5253993866));
#1363 = CARTESIAN_POINT('',(0.15470509524,-104.5373288684));
#1364 = CARTESIAN_POINT('',(0.232291816079,-104.5611859455));
#1365 = CARTESIAN_POINT('',(0.310346942419,-104.5969035159));
#1366 = CARTESIAN_POINT('',(0.389105474808,-104.644334254));
#1367 = CARTESIAN_POINT('',(0.468818672837,-104.703234785));
#1368 = CARTESIAN_POINT('',(0.614081424344,-104.8288580348));
#1369 = CARTESIAN_POINT('',(0.679213745576,-104.8915153041));
#1370 = CARTESIAN_POINT('',(0.745268080539,-104.9610109269));
#1371 = CARTESIAN_POINT('',(0.812349543248,-105.0370536126));
#1372 = CARTESIAN_POINT('',(0.880574354761,-105.1192596204));
#1373 = CARTESIAN_POINT('',(0.950075780935,-105.2071478557));
#1374 = CARTESIAN_POINT('',(1.069600690984,-105.3638257185));
#1375 = CARTESIAN_POINT('',(1.118883271642,-105.4299360639));
#1376 = CARTESIAN_POINT('',(1.16881757396,-105.4981574227));
#1377 = CARTESIAN_POINT('',(1.219366010597,-105.5681393181));
#1378 = CARTESIAN_POINT('',(1.270499931902,-105.6395066872));
#1379 = CARTESIAN_POINT('',(1.322198370511,-105.711871015));
#1380 = CARTESIAN_POINT('',(1.411955037099,-105.8372257167));
#1381 = CARTESIAN_POINT('',(1.44972959347,-105.8898984487));
#1382 = CARTESIAN_POINT('',(1.487714865281,-105.9426444666));
#1383 = CARTESIAN_POINT('',(1.525858796487,-105.9952521823));
#1384 = CARTESIAN_POINT('',(1.564111477093,-106.0475170227));
#1385 = CARTESIAN_POINT('',(1.60242375548,-106.0992448369));
#1386 = CARTESIAN_POINT('',(1.667311010674,-106.1856161369));
#1387 = CARTESIAN_POINT('',(1.693875709896,-106.2206253454));
#1388 = CARTESIAN_POINT('',(1.720421411952,-106.2552204171));
#1389 = CARTESIAN_POINT('',(1.746930115253,-106.2893430537));
#1390 = CARTESIAN_POINT('',(1.773383804985,-106.322939029));
#1391 = CARTESIAN_POINT('',(1.799763905031,-106.3559580475));
#1392 = CARTESIAN_POINT('',(1.855959128917,-106.4252123396));
#1393 = CARTESIAN_POINT('',(1.885742326153,-106.4612584911));
#1394 = CARTESIAN_POINT('',(1.915384841812,-106.4964405812));
#1395 = CARTESIAN_POINT('',(1.944870948247,-106.5307136937));
#1396 = CARTESIAN_POINT('',(1.974184095184,-106.5640390268));
#1397 = CARTESIAN_POINT('',(2.003306334967,-106.5963834483));
#1398 = CARTESIAN_POINT('',(2.065318638195,-106.6635954124));
#1399 = CARTESIAN_POINT('',(2.09814244365,-106.6981486019));
#1400 = CARTESIAN_POINT('',(2.130688316446,-106.7313684088));
#1401 = CARTESIAN_POINT('',(2.16295389288,-106.7632502206));
#1402 = CARTESIAN_POINT('',(2.194935162429,-106.7937944569));
#1403 = CARTESIAN_POINT('',(2.226626336932,-106.8230060051));
#1404 = CARTESIAN_POINT('',(2.295657606371,-106.8843284797));
#1405 = CARTESIAN_POINT('',(2.332872022861,-106.9158644274));
#1406 = CARTESIAN_POINT('',(2.369685179363,-106.945547629));
#1407 = CARTESIAN_POINT('',(2.406116051669,-106.9734244873));
#1408 = CARTESIAN_POINT('',(2.442181234408,-106.9995414053));
#1409 = CARTESIAN_POINT('',(2.47789579421,-107.0239445131));
#1410 = CARTESIAN_POINT('',(2.538992036249,-107.063206285));
#1411 = CARTESIAN_POINT('',(2.564536273579,-107.0788541425));
#1412 = CARTESIAN_POINT('',(2.58991672386,-107.0936429638));
#1413 = CARTESIAN_POINT('',(2.615142998238,-107.1075915919));
#1414 = CARTESIAN_POINT('',(2.640224430006,-107.1207177174));
#1415 = CARTESIAN_POINT('',(2.665170074609,-107.1330378781));
#1416 = CARTESIAN_POINT('',(2.756298155334,-107.1753717377));
#1417 = CARTESIAN_POINT('',(2.821697517916,-107.2005309378));
#1418 = CARTESIAN_POINT('',(2.88638434206,-107.2203514284));
#1419 = CARTESIAN_POINT('',(2.950541676121,-107.2350630047));
#1420 = CARTESIAN_POINT('',(3.014344875803,-107.2448190301));
#1421 = CARTESIAN_POINT('',(3.077968407824,-107.2496965789));
#1422 = CARTESIAN_POINT('',(3.205216879631,-107.2496965789));
#1423 = CARTESIAN_POINT('',(3.268840367325,-107.2448190364));
#1424 = CARTESIAN_POINT('',(3.33264354423,-107.2350630179));
#1425 = CARTESIAN_POINT('',(3.396800877226,-107.2203514498));
#1426 = CARTESIAN_POINT('',(3.461487707096,-107.2005309684));
#1427 = CARTESIAN_POINT('',(3.526887083097,-107.1753717697));
#1428 = CARTESIAN_POINT('',(3.652134173181,-107.1171878083));
#1429 = CARTESIAN_POINT('',(3.71183475412,-107.0853278865));
#1430 = CARTESIAN_POINT('',(3.772385047139,-107.0487852793));
#1431 = CARTESIAN_POINT('',(3.833881140907,-107.0073305628));
#1432 = CARTESIAN_POINT('',(3.896427272897,-106.9607108148));
#1433 = CARTESIAN_POINT('',(3.960141116367,-106.9086567753));
#1434 = CARTESIAN_POINT('',(4.083905857773,-106.7987129734));
#1435 = CARTESIAN_POINT('',(4.143828214214,-106.741773107));
#1436 = CARTESIAN_POINT('',(4.204788408057,-106.6800689109));
#1437 = CARTESIAN_POINT('',(4.266674731348,-106.6136705115));
#1438 = CARTESIAN_POINT('',(4.329401972478,-106.5427334581));
#1439 = CARTESIAN_POINT('',(4.392905371805,-106.4675088729));
#1440 = CARTESIAN_POINT('',(4.538597548355,-106.287959654));
#1441 = CARTESIAN_POINT('',(4.620842267221,-106.1817183998));
#1442 = CARTESIAN_POINT('',(4.703347078522,-106.0709607579));
#1443 = CARTESIAN_POINT('',(4.785651479201,-105.9573802412));
#1444 = CARTESIAN_POINT('',(4.867306626445,-105.8429828454));
#1445 = CARTESIAN_POINT('',(4.947813432411,-105.7299463658));
#1446 = CARTESIAN_POINT('',(5.103816703785,-105.5128723108));
#1447 = CARTESIAN_POINT('',(5.179491111001,-105.408549671));
#1448 = CARTESIAN_POINT('',(5.253695710632,-105.308434355));
#1449 = CARTESIAN_POINT('',(5.326513250195,-105.2134520185));
#1450 = CARTESIAN_POINT('',(5.397998211259,-105.124405073));
#1451 = CARTESIAN_POINT('',(5.468180136202,-105.0419451948));
#1452 = CARTESIAN_POINT('',(5.649620330286,-104.8433449401));
#1453 = CARTESIAN_POINT('',(5.759042977309,-104.7386377512));
#1454 = CARTESIAN_POINT('',(5.866141599689,-104.6537999498));
#1455 = CARTESIAN_POINT('',(5.971536020247,-104.5897042189));
#1456 = CARTESIAN_POINT('',(6.075809345214,-104.5468340229));
#1457 = CARTESIAN_POINT('',(6.17949622339,-104.5253993866));
#1458 = CARTESIAN_POINT('',(6.28318530718,-104.5253993866));
#1459 = ( GEOMETRIC_REPRESENTATION_CONTEXT(2) 
PARAMETRIC_REPRESENTATION_CONTEXT() REPRESENTATION_CONTEXT('2D SPACE',''
  ) );
#1460 = FACE_BOUND('',#1461,.T.);
#1461 = EDGE_LOOP('',(#1462,#1543,#1605));
#1462 = ORIENTED_EDGE('',*,*,#1463,.F.);
#1463 = EDGE_CURVE('',#1464,#1466,#1468,.T.);
#1464 = VERTEX_POINT('',#1465);
#1465 = CARTESIAN_POINT('',(-55.83622078162,-4.279772053028,533.4));
#1466 = VERTEX_POINT('',#1467);
#1467 = CARTESIAN_POINT('',(-56.,3.017529245228E-14,537.4));
#1468 = SURFACE_CURVE('',#1469,(#1490,#1514),.PCURVE_S1.);
#1469 = B_SPLINE_CURVE_WITH_KNOTS('',7,(#1470,#1471,#1472,#1473,#1474,
    #1475,#1476,#1477,#1478,#1479,#1480,#1481,#1482,#1483,#1484,#1485,
    #1486,#1487,#1488,#1489),.UNSPECIFIED.,.F.,.F.,(8,6,6,8),(0.,
    0.49776044494,0.811533632011,1.),.UNSPECIFIED.);
#1470 = CARTESIAN_POINT('',(-55.83622078162,-4.279772053028,533.4));
#1471 = CARTESIAN_POINT('',(-55.83622078162,-4.279772053028,
    533.80440171745));
#1472 = CARTESIAN_POINT('',(-55.84018484928,-4.228054411124,
    534.20879205737));
#1473 = CARTESIAN_POINT('',(-55.84811310163,-4.124619610133,
    534.608595322));
#1474 = CARTESIAN_POINT('',(-55.8597203114,-3.969221167679,
    534.99906190093));
#1475 = CARTESIAN_POINT('',(-55.87442760872,-3.761509043355,
    535.37496330958));
#1476 = CARTESIAN_POINT('',(-55.89132012252,-3.501210642825,
    535.7301728093));
#1477 = CARTESIAN_POINT('',(-55.92040064347,-2.991285641513,
    536.26303791256));
#1478 = CARTESIAN_POINT('',(-55.93203969569,-2.772925816093,
    536.45815906955));
#1479 = CARTESIAN_POINT('',(-55.94373607643,-2.533780472855,
    536.63983326523));
#1480 = CARTESIAN_POINT('',(-55.95509232424,-2.274603615289,
    536.80546594064));
#1481 = CARTESIAN_POINT('',(-55.96567105494,-1.9965001478,
    536.95240289203));
#1482 = CARTESIAN_POINT('',(-55.97502690476,-1.700947040874,
    537.07792235073));
#1483 = CARTESIAN_POINT('',(-55.98739019059,-1.202947836634,
    537.24007064989));
#1484 = CARTESIAN_POINT('',(-55.99143819777,-1.010568104447,
    537.29214308194));
#1485 = CARTESIAN_POINT('',(-55.9947946372,-0.813586438485,
    537.33469595791));
#1486 = CARTESIAN_POINT('',(-55.99737683745,-0.612985129882,
    537.36713030742));
#1487 = CARTESIAN_POINT('',(-55.99912374854,-0.409803128762,
    537.3889970091));
#1488 = CARTESIAN_POINT('',(-56.00000000683,-0.205113042404,
    537.40000008582));
#1489 = CARTESIAN_POINT('',(-56.,1.866603530409E-06,537.4));
#1490 = PCURVE('',#146,#1491);
#1491 = DEFINITIONAL_REPRESENTATION('',(#1492),#1513);
#1492 = B_SPLINE_CURVE_WITH_KNOTS('',7,(#1493,#1494,#1495,#1496,#1497,
    #1498,#1499,#1500,#1501,#1502,#1503,#1504,#1505,#1506,#1507,#1508,
    #1509,#1510,#1511,#1512),.UNSPECIFIED.,.F.,.F.,(8,6,6,8),(0.,
    0.49776044494,0.811533632011,1.),.UNSPECIFIED.);
#1493 = CARTESIAN_POINT('',(3.21809174624,438.4));
#1494 = CARTESIAN_POINT('',(3.21809174624,438.80440171745));
#1495 = CARTESIAN_POINT('',(3.217165507992,439.20879205737));
#1496 = CARTESIAN_POINT('',(3.215313040305,439.608595322));
#1497 = CARTESIAN_POINT('',(3.21253034263,439.99906190093));
#1498 = CARTESIAN_POINT('',(3.208811974912,440.37496330958));
#1499 = CARTESIAN_POINT('',(3.204154154526,440.7301728093));
#1500 = CARTESIAN_POINT('',(3.195033555509,441.26303791256));
#1501 = CARTESIAN_POINT('',(3.191128764922,441.45815906955));
#1502 = CARTESIAN_POINT('',(3.186853275251,441.63983326523));
#1503 = CARTESIAN_POINT('',(3.182220796088,441.80546594064));
#1504 = CARTESIAN_POINT('',(3.177251222664,441.95240289203));
#1505 = CARTESIAN_POINT('',(3.171970968209,442.07792235073));
#1506 = CARTESIAN_POINT('',(3.163075385253,442.24007064989));
#1507 = CARTESIAN_POINT('',(3.159639296778,442.29214308194));
#1508 = CARTESIAN_POINT('',(3.156121302761,442.33469595791));
#1509 = CARTESIAN_POINT('',(3.152538897088,442.36713030742));
#1510 = CARTESIAN_POINT('',(3.148910566297,442.3889970091));
#1511 = CARTESIAN_POINT('',(3.14525538649,442.40000008582));
#1512 = CARTESIAN_POINT('',(3.141592620258,442.4));
#1513 = ( GEOMETRIC_REPRESENTATION_CONTEXT(2) 
PARAMETRIC_REPRESENTATION_CONTEXT() REPRESENTATION_CONTEXT('2D SPACE',''
  ) );
#1514 = PCURVE('',#1515,#1520);
#1515 = CYLINDRICAL_SURFACE('',#1516,4.);
#1516 = AXIS2_PLACEMENT_3D('',#1517,#1518,#1519);
#1517 = CARTESIAN_POINT('',(-56.,6.858022075225E-15,533.4));
#1518 = DIRECTION('',(-0.946930129495,0.321439465303,0.));
#1519 = DIRECTION('',(-0.321439465303,-0.946930129495,0.));
#1520 = DEFINITIONAL_REPRESENTATION('',(#1521),#1542);
#1521 = B_SPLINE_CURVE_WITH_KNOTS('',7,(#1522,#1523,#1524,#1525,#1526,
    #1527,#1528,#1529,#1530,#1531,#1532,#1533,#1534,#1535,#1536,#1537,
    #1538,#1539,#1540,#1541),.UNSPECIFIED.,.F.,.F.,(8,6,6,8),(0.,
    0.49776044494,0.811533632011,1.),.UNSPECIFIED.);
#1522 = CARTESIAN_POINT('',(0.,-1.530775116811));
#1523 = CARTESIAN_POINT('',(0.101100429362,-1.530775116811));
#1524 = CARTESIAN_POINT('',(0.202197906145,-1.510397330543));
#1525 = CARTESIAN_POINT('',(0.303837074063,-1.469641802396));
#1526 = CARTESIAN_POINT('',(0.406515846128,-1.408699393495));
#1527 = CARTESIAN_POINT('',(0.510773662379,-1.328005736363));
#1528 = CARTESIAN_POINT('',(0.617184504641,-1.228339527392));
#1529 = CARTESIAN_POINT('',(0.795398273006,-1.036892286164));
#1530 = CARTESIAN_POINT('',(0.865577849881,-0.955681451408));
#1531 = CARTESIAN_POINT('',(0.937044024206,-0.867735044814));
#1532 = CARTESIAN_POINT('',(1.009838614425,-0.773671801091));
#1533 = CARTESIAN_POINT('',(1.084027195468,-0.674261052372));
#1534 = CARTESIAN_POINT('',(1.159703188132,-0.570399283632));
#1535 = CARTESIAN_POINT('',(1.283431334433,-0.398615517845));
#1536 = CARTESIAN_POINT('',(1.330417973244,-0.332943899633));
#1537 = CARTESIAN_POINT('',(1.377870205126,-0.266447904632));
#1538 = CARTESIAN_POINT('',(1.425706603101,-0.199521564038));
#1539 = CARTESIAN_POINT('',(1.473853006616,-0.132556647496));
#1540 = CARTESIAN_POINT('',(1.522239396294,-6.593142020303E-02));
#1541 = CARTESIAN_POINT('',(1.570796768681,5.999999999062E-07));
#1542 = ( GEOMETRIC_REPRESENTATION_CONTEXT(2) 
PARAMETRIC_REPRESENTATION_CONTEXT() REPRESENTATION_CONTEXT('2D SPACE',''
  ) );
#1543 = ORIENTED_EDGE('',*,*,#1544,.F.);
#1544 = EDGE_CURVE('',#1545,#1464,#1547,.T.);
#1545 = VERTEX_POINT('',#1546);
#1546 = CARTESIAN_POINT('',(-56.,3.110301641397E-14,529.4));
#1547 = SURFACE_CURVE('',#1548,(#1565,#1585),.PCURVE_S1.);
#1548 = B_SPLINE_CURVE_WITH_KNOTS('',8,(#1549,#1550,#1551,#1552,#1553,
    #1554,#1555,#1556,#1557,#1558,#1559,#1560,#1561,#1562,#1563,#1564),
  .UNSPECIFIED.,.F.,.F.,(9,7,9),(0.,0.328170545642,1.),.UNSPECIFIED.);
#1549 = CARTESIAN_POINT('',(-56.,1.866603509093E-06,529.4));
#1550 = CARTESIAN_POINT('',(-56.00000001045,-0.313791236752,
    529.39999986869));
#1551 = CARTESIAN_POINT('',(-55.99799074603,-0.625445106887,
    529.42522591873));
#1552 = CARTESIAN_POINT('',(-55.99401909517,-0.931937368473,
    529.47488515138));
#1553 = CARTESIAN_POINT('',(-55.98824222051,-1.230352494039,
    529.54772977582));
#1554 = CARTESIAN_POINT('',(-55.98091331353,-1.517965948101,
    529.64207596311));
#1555 = CARTESIAN_POINT('',(-55.97235780491,-1.7923276185,
    529.75582232126));
#1556 = CARTESIAN_POINT('',(-55.96294003066,-2.051344534944,
    529.88646809139));
#1557 = CARTESIAN_POINT('',(-55.93271283054,-2.788821871097,
    530.32728453778));
#1558 = CARTESIAN_POINT('',(-55.91018481954,-3.215918324122,
    530.68390350569));
#1559 = CARTESIAN_POINT('',(-55.88797126347,-3.571815545003,
    531.08510814261));
#1560 = CARTESIAN_POINT('',(-55.86821457974,-3.855833145169,
    531.51882155943));
#1561 = CARTESIAN_POINT('',(-55.8524415884,-4.068142585795,
    531.97513885506));
#1562 = CARTESIAN_POINT('',(-55.84162446049,-4.209273548291,
    532.44565074993));
#1563 = CARTESIAN_POINT('',(-55.83622078162,-4.279772053028,
    532.92295751771));
#1564 = CARTESIAN_POINT('',(-55.83622078162,-4.279772053028,533.4));
#1565 = PCURVE('',#146,#1566);
#1566 = DEFINITIONAL_REPRESENTATION('',(#1567),#1584);
#1567 = B_SPLINE_CURVE_WITH_KNOTS('',8,(#1568,#1569,#1570,#1571,#1572,
    #1573,#1574,#1575,#1576,#1577,#1578,#1579,#1580,#1581,#1582,#1583),
  .UNSPECIFIED.,.F.,.F.,(9,7,9),(0.,0.328170545642,1.),.UNSPECIFIED.);
#1568 = CARTESIAN_POINT('',(3.141592620258,434.4));
#1569 = CARTESIAN_POINT('',(3.147196068532,434.39999986869));
#1570 = CARTESIAN_POINT('',(3.15276131654,434.42522591873));
#1571 = CARTESIAN_POINT('',(3.158234659763,434.47488515138));
#1572 = CARTESIAN_POINT('',(3.163564291247,434.54772977582));
#1573 = CARTESIAN_POINT('',(3.168701739238,434.64207596311));
#1574 = CARTESIAN_POINT('',(3.173603323926,434.75582232126));
#1575 = CARTESIAN_POINT('',(3.178231633284,434.88646809139));
#1576 = CARTESIAN_POINT('',(3.191411928673,435.32728453778));
#1577 = CARTESIAN_POINT('',(3.199048727326,435.68390350569));
#1578 = CARTESIAN_POINT('',(3.20541600776,436.08510814261));
#1579 = CARTESIAN_POINT('',(3.210499889655,436.51882155943));
#1580 = CARTESIAN_POINT('',(3.214301562857,436.97513885506));
#1581 = CARTESIAN_POINT('',(3.216829151935,437.44565074993));
#1582 = CARTESIAN_POINT('',(3.21809174624,437.92295751771));
#1583 = CARTESIAN_POINT('',(3.21809174624,438.4));
#1584 = ( GEOMETRIC_REPRESENTATION_CONTEXT(2) 
PARAMETRIC_REPRESENTATION_CONTEXT() REPRESENTATION_CONTEXT('2D SPACE',''
  ) );
#1585 = PCURVE('',#1515,#1586);
#1586 = DEFINITIONAL_REPRESENTATION('',(#1587),#1604);
#1587 = B_SPLINE_CURVE_WITH_KNOTS('',8,(#1588,#1589,#1590,#1591,#1592,
    #1593,#1594,#1595,#1596,#1597,#1598,#1599,#1600,#1601,#1602,#1603),
  .UNSPECIFIED.,.F.,.F.,(9,7,9),(0.,0.328170545642,1.),.UNSPECIFIED.);
#1588 = CARTESIAN_POINT('',(4.712388538499,5.999999999062E-07));
#1589 = CARTESIAN_POINT('',(4.786673575338,-0.100864877454));
#1590 = CARTESIAN_POINT('',(4.860290652752,-0.202945363851));
#1591 = CARTESIAN_POINT('',(4.933152989436,-0.305224948397));
#1592 = CARTESIAN_POINT('',(5.005159988031,-0.406617643467));
#1593 = CARTESIAN_POINT('',(5.076193003617,-0.506007921194));
#1594 = CARTESIAN_POINT('',(5.146107559377,-0.60230005871));
#1595 = CARTESIAN_POINT('',(5.214722009432,-0.694476292027));
#1596 = CARTESIAN_POINT('',(5.419129870852,-0.96015365916));
#1597 = CARTESIAN_POINT('',(5.550826708736,-1.118771767022));
#1598 = CARTESIAN_POINT('',(5.678303269144,-1.254205864933));
#1599 = CARTESIAN_POINT('',(5.802536989808,-1.364208529552));
#1600 = CARTESIAN_POINT('',(5.924386362185,-1.447389083353));
#1601 = CARTESIAN_POINT('',(6.044597751182,-1.502997208809));
#1602 = CARTESIAN_POINT('',(6.163924686608,-1.530775116811));
#1603 = CARTESIAN_POINT('',(6.28318530718,-1.530775116811));
#1604 = ( GEOMETRIC_REPRESENTATION_CONTEXT(2) 
PARAMETRIC_REPRESENTATION_CONTEXT() REPRESENTATION_CONTEXT('2D SPACE',''
  ) );
#1605 = ORIENTED_EDGE('',*,*,#1606,.T.);
#1606 = EDGE_CURVE('',#1545,#1466,#1607,.T.);
#1607 = SURFACE_CURVE('',#1608,(#1612,#1618),.PCURVE_S1.);
#1608 = LINE('',#1609,#1610);
#1609 = CARTESIAN_POINT('',(-56.,2.13162820728E-14,95.));
#1610 = VECTOR('',#1611,1.);
#1611 = DIRECTION('',(0.,0.,1.));
#1612 = PCURVE('',#146,#1613);
#1613 = DEFINITIONAL_REPRESENTATION('',(#1614),#1617);
#1614 = B_SPLINE_CURVE_WITH_KNOTS('',1,(#1615,#1616),.UNSPECIFIED.,.F.,
  .F.,(2,2),(433.6,443.2),.PIECEWISE_BEZIER_KNOTS.);
#1615 = CARTESIAN_POINT('',(3.14159265359,433.6));
#1616 = CARTESIAN_POINT('',(3.14159265359,443.2));
#1617 = ( GEOMETRIC_REPRESENTATION_CONTEXT(2) 
PARAMETRIC_REPRESENTATION_CONTEXT() REPRESENTATION_CONTEXT('2D SPACE',''
  ) );
#1618 = PCURVE('',#1619,#1624);
#1619 = PLANE('',#1620);
#1620 = AXIS2_PLACEMENT_3D('',#1621,#1622,#1623);
#1621 = CARTESIAN_POINT('',(-56.,7.100810249309E-15,533.4));
#1622 = DIRECTION('',(-0.946930129495,0.321439465303,0.));
#1623 = DIRECTION('',(-0.321439465303,-0.946930129495,0.));
#1624 = DEFINITIONAL_REPRESENTATION('',(#1625),#1628);
#1625 = B_SPLINE_CURVE_WITH_KNOTS('',1,(#1626,#1627),.UNSPECIFIED.,.F.,
  .F.,(2,2),(433.6,443.2),.PIECEWISE_BEZIER_KNOTS.);
#1626 = CARTESIAN_POINT('',(-1.117709380408E-14,-4.8));
#1627 = CARTESIAN_POINT('',(-1.117709380408E-14,4.8));
#1628 = ( GEOMETRIC_REPRESENTATION_CONTEXT(2) 
PARAMETRIC_REPRESENTATION_CONTEXT() REPRESENTATION_CONTEXT('2D SPACE',''
  ) );
#1629 = FACE_BOUND('',#1630,.T.);
#1630 = EDGE_LOOP('',(#1631,#1748));
#1631 = ORIENTED_EDGE('',*,*,#1632,.F.);
#1632 = EDGE_CURVE('',#1633,#1635,#1637,.T.);
#1633 = VERTEX_POINT('',#1634);
#1634 = CARTESIAN_POINT('',(1.218919435824E-14,-56.,529.4));
#1635 = VERTEX_POINT('',#1636);
#1636 = CARTESIAN_POINT('',(1.39579612259E-14,-56.,537.4));
#1637 = SURFACE_CURVE('',#1638,(#1671,#1707),.PCURVE_S1.);
#1638 = B_SPLINE_CURVE_WITH_KNOTS('',6,(#1639,#1640,#1641,#1642,#1643,
    #1644,#1645,#1646,#1647,#1648,#1649,#1650,#1651,#1652,#1653,#1654,
    #1655,#1656,#1657,#1658,#1659,#1660,#1661,#1662,#1663,#1664,#1665,
    #1666,#1667,#1668,#1669,#1670),.UNSPECIFIED.,.F.,.F.,(7,5,5,5,5,5,7)
  ,(0.,0.16424392546,0.316146389064,0.500013123516,0.683879857968,
    0.835782321584,1.),.UNSPECIFIED.);
#1639 = CARTESIAN_POINT('',(-1.866603507817E-06,-56.,529.4));
#1640 = CARTESIAN_POINT('',(0.41838893787,-56.00000001394,
    529.39999982493));
#1641 = CARTESIAN_POINT('',(0.832786506999,-55.99624938144,
    529.44708852169));
#1642 = CARTESIAN_POINT('',(1.234728189865,-55.98887939014,
    529.53904569384));
#1643 = CARTESIAN_POINT('',(1.616249958877,-55.97853594058,
    529.67152858189));
#1644 = CARTESIAN_POINT('',(1.970671755008,-55.96624658958,
    529.83824710015));
#1645 = CARTESIAN_POINT('',(2.591806643273,-55.94078795153,
    530.20952152547));
#1646 = CARTESIAN_POINT('',(2.864701885193,-55.92768924961,
    530.41124434585));
#1647 = CARTESIAN_POINT('',(3.110945814112,-55.91438207972,
    530.63222022354));
#1648 = CARTESIAN_POINT('',(3.329953105017,-55.90146251218,
    530.8689214627));
#1649 = CARTESIAN_POINT('',(3.521491478279,-55.88940983761,
    531.11823968076));
#1650 = CARTESIAN_POINT('',(3.884143774189,-55.86549056304,
    531.69102926876));
#1651 = CARTESIAN_POINT('',(4.042656432433,-55.85418498209,
    532.01934358648));
#1652 = CARTESIAN_POINT('',(4.161290738951,-55.84530206546,
    532.35792651916));
#1653 = CARTESIAN_POINT('',(4.240276173948,-55.83924812685,
    532.70309809179));
#1654 = CARTESIAN_POINT('',(4.279772053028,-55.83622078162,
    533.05154440103));
#1655 = CARTESIAN_POINT('',(4.279772053028,-55.83622078162,
    533.74845559896));
#1656 = CARTESIAN_POINT('',(4.240276173948,-55.83924812685,
    534.0969019082));
#1657 = CARTESIAN_POINT('',(4.161290738951,-55.84530206546,
    534.44207348083));
#1658 = CARTESIAN_POINT('',(4.042656432433,-55.85418498209,
    534.78065641351));
#1659 = CARTESIAN_POINT('',(3.884143774189,-55.86549056304,
    535.10897073123));
#1660 = CARTESIAN_POINT('',(3.521491478266,-55.88940983762,
    535.68176031925));
#1661 = CARTESIAN_POINT('',(3.329953105033,-55.90146251218,
    535.93107853725));
#1662 = CARTESIAN_POINT('',(3.110945814128,-55.91438207972,
    536.16777977646));
#1663 = CARTESIAN_POINT('',(2.86470188515,-55.92768924961,
    536.38875565416));
#1664 = CARTESIAN_POINT('',(2.591806643296,-55.94078795153,
    536.59047847451));
#1665 = CARTESIAN_POINT('',(1.970723322748,-55.96624447596,
    536.96172207597));
#1666 = CARTESIAN_POINT('',(1.616261019413,-55.9785361692,
    537.12847924935));
#1667 = CARTESIAN_POINT('',(1.234635353706,-55.98888318414,
    537.26100190476));
#1668 = CARTESIAN_POINT('',(0.832592828116,-55.99625286046,
    537.35295510413));
#1669 = CARTESIAN_POINT('',(0.418194888458,-56.00000001393,
    537.40000017498));
#1670 = CARTESIAN_POINT('',(-1.866603473654E-06,-56.,537.4));
#1671 = PCURVE('',#146,#1672);
#1672 = DEFINITIONAL_REPRESENTATION('',(#1673),#1706);
#1673 = B_SPLINE_CURVE_WITH_KNOTS('',6,(#1674,#1675,#1676,#1677,#1678,
    #1679,#1680,#1681,#1682,#1683,#1684,#1685,#1686,#1687,#1688,#1689,
    #1690,#1691,#1692,#1693,#1694,#1695,#1696,#1697,#1698,#1699,#1700,
    #1701,#1702,#1703,#1704,#1705),.UNSPECIFIED.,.F.,.F.,(7,5,5,5,5,5,7)
  ,(0.,0.16424392546,0.316146389064,0.500013123516,0.683879857968,
    0.835782321584,1.),.UNSPECIFIED.);
#1674 = CARTESIAN_POINT('',(4.712388947052,434.4));
#1675 = CARTESIAN_POINT('',(4.719860211418,434.39999982493));
#1676 = CARTESIAN_POINT('',(4.72726016862,434.44708852169));
#1677 = CARTESIAN_POINT('',(4.734438446008,434.53904569384));
#1678 = CARTESIAN_POINT('',(4.741253526222,434.67152858189));
#1679 = CARTESIAN_POINT('',(4.747586165169,434.83824710015));
#1680 = CARTESIAN_POINT('',(4.758687172485,435.20952152547));
#1681 = CARTESIAN_POINT('',(4.763565792565,435.41124434585));
#1682 = CARTESIAN_POINT('',(4.767969322227,435.63222022354));
#1683 = CARTESIAN_POINT('',(4.771886917708,435.8689214627));
#1684 = CARTESIAN_POINT('',(4.775313994964,436.11823968076));
#1685 = CARTESIAN_POINT('',(4.781803999529,436.69102926876));
#1686 = CARTESIAN_POINT('',(4.784641732653,437.01934358648));
#1687 = CARTESIAN_POINT('',(4.786766129678,437.35792651916));
#1688 = CARTESIAN_POINT('',(4.788180720662,437.70309809179));
#1689 = CARTESIAN_POINT('',(4.788888073035,438.05154440103));
#1690 = CARTESIAN_POINT('',(4.788888073035,438.74845559896));
#1691 = CARTESIAN_POINT('',(4.788180720662,439.0969019082));
#1692 = CARTESIAN_POINT('',(4.786766129678,439.44207348083));
#1693 = CARTESIAN_POINT('',(4.784641732653,439.78065641351));
#1694 = CARTESIAN_POINT('',(4.781803999529,440.10897073123));
#1695 = CARTESIAN_POINT('',(4.775313994964,440.68176031925));
#1696 = CARTESIAN_POINT('',(4.771886917708,440.93107853725));
#1697 = CARTESIAN_POINT('',(4.767969322227,441.16777977646));
#1698 = CARTESIAN_POINT('',(4.763565792564,441.38875565416));
#1699 = CARTESIAN_POINT('',(4.758687172485,441.59047847451));
#1700 = CARTESIAN_POINT('',(4.747587086795,441.96172207597));
#1701 = CARTESIAN_POINT('',(4.741253723353,442.12847924935));
#1702 = CARTESIAN_POINT('',(4.734436787126,442.26100190476));
#1703 = CARTESIAN_POINT('',(4.727256710063,442.35295510414));
#1704 = CARTESIAN_POINT('',(4.71985674625,442.40000017498));
#1705 = CARTESIAN_POINT('',(4.712388947052,442.4));
#1706 = ( GEOMETRIC_REPRESENTATION_CONTEXT(2) 
PARAMETRIC_REPRESENTATION_CONTEXT() REPRESENTATION_CONTEXT('2D SPACE',''
  ) );
#1707 = PCURVE('',#1708,#1713);
#1708 = CYLINDRICAL_SURFACE('',#1709,4.);
#1709 = AXIS2_PLACEMENT_3D('',#1710,#1711,#1712);
#1710 = CARTESIAN_POINT('',(-1.028703311284E-14,-56.,533.4));
#1711 = DIRECTION('',(-0.321439465303,-0.946930129495,-0.));
#1712 = DIRECTION('',(-0.946930129495,0.321439465303,0.));
#1713 = DEFINITIONAL_REPRESENTATION('',(#1714),#1747);
#1714 = B_SPLINE_CURVE_WITH_KNOTS('',6,(#1715,#1716,#1717,#1718,#1719,
    #1720,#1721,#1722,#1723,#1724,#1725,#1726,#1727,#1728,#1729,#1730,
    #1731,#1732,#1733,#1734,#1735,#1736,#1737,#1738,#1739,#1740,#1741,
    #1742,#1743,#1744,#1745,#1746),.UNSPECIFIED.,.F.,.F.,(7,5,5,5,5,5,7)
  ,(0.,0.16424392546,0.316146389064,0.500013123516,0.683879857968,
    0.835782321584,1.),.UNSPECIFIED.);
#1715 = CARTESIAN_POINT('',(1.570795884909,5.999999999062E-07));
#1716 = CARTESIAN_POINT('',(1.669842600695,-0.134486703272));
#1717 = CARTESIAN_POINT('',(1.767642458887,-0.271242023237));
#1718 = CARTESIAN_POINT('',(1.863952471831,-0.407420809675));
#1719 = CARTESIAN_POINT('',(1.958465176956,-0.539851487142));
#1720 = CARTESIAN_POINT('',(2.050769142704,-0.665413796514));
#1721 = CARTESIAN_POINT('',(2.222930167781,-0.889178614304));
#1722 = CARTESIAN_POINT('',(2.303642761595,-0.989301470461));
#1723 = CARTESIAN_POINT('',(2.382640838023,-1.081054947407));
#1724 = CARTESIAN_POINT('',(2.460146522871,-1.163686461656));
#1725 = CARTESIAN_POINT('',(2.53635891487,-1.236667494632));
#1726 = CARTESIAN_POINT('',(2.7023397768,-1.375888136491));
#1727 = CARTESIAN_POINT('',(2.791667417961,-1.437545955838));
#1728 = CARTESIAN_POINT('',(2.879885047719,-1.484091205285));
#1729 = CARTESIAN_POINT('',(2.96736697736,-1.515212898145));
#1730 = CARTESIAN_POINT('',(3.054478753848,-1.530775116811));
#1731 = CARTESIAN_POINT('',(3.228706553332,-1.530775116811));
#1732 = CARTESIAN_POINT('',(3.31581832982,-1.515212898145));
#1733 = CARTESIAN_POINT('',(3.403300259461,-1.484091205285));
#1734 = CARTESIAN_POINT('',(3.491517889219,-1.437545955838));
#1735 = CARTESIAN_POINT('',(3.58084553038,-1.375888136491));
#1736 = CARTESIAN_POINT('',(3.746826392315,-1.236667494627));
#1737 = CARTESIAN_POINT('',(3.823038784299,-1.163686461663));
#1738 = CARTESIAN_POINT('',(3.900544469155,-1.081054947412));
#1739 = CARTESIAN_POINT('',(3.979542545596,-0.989301470445));
#1740 = CARTESIAN_POINT('',(4.060255139392,-0.889178614313));
#1741 = CARTESIAN_POINT('',(4.232401871357,-0.665432373873));
#1742 = CARTESIAN_POINT('',(4.324718956181,-0.539854825943));
#1743 = CARTESIAN_POINT('',(4.419256912968,-0.407387375816));
#1744 = CARTESIAN_POINT('',(4.515588421204,-0.271176472814));
#1745 = CARTESIAN_POINT('',(4.613388644294,-0.134424328139));
#1746 = CARTESIAN_POINT('',(4.71238942227,5.999999999062E-07));
#1747 = ( GEOMETRIC_REPRESENTATION_CONTEXT(2) 
PARAMETRIC_REPRESENTATION_CONTEXT() REPRESENTATION_CONTEXT('2D SPACE',''
  ) );
#1748 = ORIENTED_EDGE('',*,*,#1749,.T.);
#1749 = EDGE_CURVE('',#1633,#1635,#1750,.T.);
#1750 = SURFACE_CURVE('',#1751,(#1755,#1761),.PCURVE_S1.);
#1751 = LINE('',#1752,#1753);
#1752 = CARTESIAN_POINT('',(0.,-56.,95.));
#1753 = VECTOR('',#1754,1.);
#1754 = DIRECTION('',(0.,0.,1.));
#1755 = PCURVE('',#146,#1756);
#1756 = DEFINITIONAL_REPRESENTATION('',(#1757),#1760);
#1757 = B_SPLINE_CURVE_WITH_KNOTS('',1,(#1758,#1759),.UNSPECIFIED.,.F.,
  .F.,(2,2),(433.6,443.2),.PIECEWISE_BEZIER_KNOTS.);
#1758 = CARTESIAN_POINT('',(4.712388980385,433.6));
#1759 = CARTESIAN_POINT('',(4.712388980385,443.2));
#1760 = ( GEOMETRIC_REPRESENTATION_CONTEXT(2) 
PARAMETRIC_REPRESENTATION_CONTEXT() REPRESENTATION_CONTEXT('2D SPACE',''
  ) );
#1761 = PCURVE('',#1762,#1767);
#1762 = PLANE('',#1763);
#1763 = AXIS2_PLACEMENT_3D('',#1764,#1765,#1766);
#1764 = CARTESIAN_POINT('',(-1.004424493875E-14,-56.,533.4));
#1765 = DIRECTION('',(-0.321439465303,-0.946930129495,0.));
#1766 = DIRECTION('',(-0.946930129495,0.321439465303,0.));
#1767 = DEFINITIONAL_REPRESENTATION('',(#1768),#1771);
#1768 = B_SPLINE_CURVE_WITH_KNOTS('',1,(#1769,#1770),.UNSPECIFIED.,.F.,
  .F.,(2,2),(433.6,443.2),.PIECEWISE_BEZIER_KNOTS.);
#1769 = CARTESIAN_POINT('',(-9.511198160534E-15,4.8));
#1770 = CARTESIAN_POINT('',(-9.511198160534E-15,-4.8));
#1771 = ( GEOMETRIC_REPRESENTATION_CONTEXT(2) 
PARAMETRIC_REPRESENTATION_CONTEXT() REPRESENTATION_CONTEXT('2D SPACE',''
  ) );
#1772 = FACE_BOUND('',#1773,.T.);
#1773 = EDGE_LOOP('',(#1774));
#1774 = ORIENTED_EDGE('',*,*,#1775,.T.);
#1775 = EDGE_CURVE('',#1776,#1776,#1778,.T.);
#1776 = VERTEX_POINT('',#1777);
#1777 = CARTESIAN_POINT('',(41.692492115507,-37.38630900742,533.4));
#1778 = SURFACE_CURVE('',#1779,(#1866,#1956),.PCURVE_S1.);
#1779 = B_SPLINE_CURVE_WITH_KNOTS('',8,(#1780,#1781,#1782,#1783,#1784,
    #1785,#1786,#1787,#1788,#1789,#1790,#1791,#1792,#1793,#1794,#1795,
    #1796,#1797,#1798,#1799,#1800,#1801,#1802,#1803,#1804,#1805,#1806,
    #1807,#1808,#1809,#1810,#1811,#1812,#1813,#1814,#1815,#1816,#1817,
    #1818,#1819,#1820,#1821,#1822,#1823,#1824,#1825,#1826,#1827,#1828,
    #1829,#1830,#1831,#1832,#1833,#1834,#1835,#1836,#1837,#1838,#1839,
    #1840,#1841,#1842,#1843,#1844,#1845,#1846,#1847,#1848,#1849,#1850,
    #1851,#1852,#1853,#1854,#1855,#1856,#1857,#1858,#1859,#1860,#1861,
    #1862,#1863,#1864,#1865),.UNSPECIFIED.,.T.,.F.,(9,7,7,7,7,7,7,7,7,7,
    7,7,9),(0.,9.608464796135E-02,0.172400113362,0.224663216406,
    0.288167055122,0.317745329785,0.351609715242,0.39221011522,
    0.421724159812,0.49884023254,0.681352450458,0.826808195749,1.),
  .UNSPECIFIED.);
#1780 = CARTESIAN_POINT('',(41.692492115507,-37.38630900742,533.4));
#1781 = CARTESIAN_POINT('',(41.692492115507,-37.38630900742,
    533.6707367232));
#1782 = CARTESIAN_POINT('',(41.707696192463,-37.36935375513,
    533.94146808204));
#1783 = CARTESIAN_POINT('',(41.738102447664,-37.33544517597,
    534.21089802065));
#1784 = CARTESIAN_POINT('',(41.783695722771,-37.28452281406,
    534.47771819607));
#1785 = CARTESIAN_POINT('',(41.844438568288,-37.21647292936,
    534.74056728333));
#1786 = CARTESIAN_POINT('',(41.92026190794,-37.13113785475,
    534.99798916682));
#1787 = CARTESIAN_POINT('',(42.011055398957,-37.02832561322,
    535.24839001792));
#1788 = CARTESIAN_POINT('',(42.20053220465,-36.81210775555,
    535.68188901501));
#1789 = CARTESIAN_POINT('',(42.293796958111,-36.70517897842,
    535.86834404375));
#1790 = CARTESIAN_POINT('',(42.396337427924,-36.58696207336,
    536.04833901696));
#1791 = CARTESIAN_POINT('',(42.507986684807,-36.45741406095,
    536.22078961738));
#1792 = CARTESIAN_POINT('',(42.628517246011,-36.31653084945,
    536.38453602209));
#1793 = CARTESIAN_POINT('',(42.7576339472,-36.1643601106,536.53833078803
    ));
#1794 = CARTESIAN_POINT('',(42.894967631149,-36.00101655397,
    536.68082613945));
#1795 = CARTESIAN_POINT('',(43.139439838497,-35.70732215985,
    536.89940671824));
#1796 = CARTESIAN_POINT('',(43.242495459339,-35.5827477191,
    536.98230559033));
#1797 = CARTESIAN_POINT('',(43.348948937156,-35.45321144754,
    537.05864563644));
#1798 = CARTESIAN_POINT('',(43.45847855378,-35.31899352633,
    537.12785074953));
#1799 = CARTESIAN_POINT('',(43.570733550663,-35.18041711466,
    537.18938209979));
#1800 = CARTESIAN_POINT('',(43.685339228023,-35.03784631616,
    537.24273988169));
#1801 = CARTESIAN_POINT('',(43.801902044007,-34.89168414531,
    537.28746506094));
#1802 = CARTESIAN_POINT('',(44.063531028381,-34.56094249816,
    537.36649038085));
#1803 = CARTESIAN_POINT('',(44.209319239823,-34.37488213385,
    537.39647430885));
#1804 = CARTESIAN_POINT('',(44.356204866528,-34.18553984665,
    537.41221770464));
#1805 = CARTESIAN_POINT('',(44.503000974395,-33.9943536116,
    537.41318525038));
#1806 = CARTESIAN_POINT('',(44.64854375458,-33.80281667922,
    537.39917966017));
#1807 = CARTESIAN_POINT('',(44.791723545211,-33.6124403918,
    537.3703403128));
#1808 = CARTESIAN_POINT('',(44.931511297087,-33.42471206999,
    537.32714236848));
#1809 = CARTESIAN_POINT('',(45.130078161899,-33.1555024762,
    537.24396570352));
#1810 = CARTESIAN_POINT('',(45.192227818142,-33.07085379686,
    537.21460048199));
#1811 = CARTESIAN_POINT('',(45.253356181918,-32.98721769064,
    537.18237623414));
#1812 = CARTESIAN_POINT('',(45.313394811702,-32.90470589503,
    537.14737805116));
#1813 = CARTESIAN_POINT('',(45.372279995767,-32.82342589793,
    537.10970058187));
#1814 = CARTESIAN_POINT('',(45.429952653346,-32.74348070976,
    537.06944802859));
#1815 = CARTESIAN_POINT('',(45.486358235771,-32.66496863551,
    537.0267341429));
#1816 = CARTESIAN_POINT('',(45.604517734965,-32.49984167695,
    536.93010194337));
#1817 = CARTESIAN_POINT('',(45.665861054822,-32.41370290623,
    536.87545796645));
#1818 = CARTESIAN_POINT('',(45.725441118082,-32.32965137178,
    536.81790338718));
#1819 = CARTESIAN_POINT('',(45.783227655511,-32.24776509855,
    536.75759432759));
#1820 = CARTESIAN_POINT('',(45.839195447042,-32.16811528461,
    536.69468993873));
#1821 = CARTESIAN_POINT('',(45.893324171073,-32.09076608633,
    536.62935240404));
#1822 = CARTESIAN_POINT('',(45.945598253755,-32.01577440359,
    536.56174694278));
#1823 = CARTESIAN_POINT('',(46.056442004335,-31.85616698962,
    536.40847153473));
#1824 = CARTESIAN_POINT('',(46.114201992649,-31.77259492607,
    536.32187462397));
#1825 = CARTESIAN_POINT('',(46.169307798545,-31.69250096509,
    536.23248294868));
#1826 = CARTESIAN_POINT('',(46.221782945397,-31.61590592779,
    536.14052008441));
#1827 = CARTESIAN_POINT('',(46.271653261965,-31.54282394986,
    536.04620136797));
#1828 = CARTESIAN_POINT('',(46.318946779723,-31.47326246587,
    535.94973395058));
#1829 = CARTESIAN_POINT('',(46.363693630191,-31.40722219361,
    535.85131685109));
#1830 = CARTESIAN_POINT('',(46.436626288633,-31.29924515578,
    535.67831920773));
#1831 = CARTESIAN_POINT('',(46.466001846568,-31.25564488884,
    535.60455851228));
#1832 = CARTESIAN_POINT('',(46.494068318747,-31.21388893823,
    535.52992213341));
#1833 = CARTESIAN_POINT('',(46.520840887581,-31.17396966439,
    535.45447070463));
#1834 = CARTESIAN_POINT('',(46.546334215212,-31.13587916755,
    535.37826228236));
#1835 = CARTESIAN_POINT('',(46.57056244352,-31.09960928771,
    535.30135234595));
#1836 = CARTESIAN_POINT('',(46.593539194119,-31.06515160461,
    535.22379379766));
#1837 = CARTESIAN_POINT('',(46.67207690142,-30.94717666454,
    534.94142407851));
#1838 = CARTESIAN_POINT('',(46.720418946153,-30.87417342444,534.73313759
    ));
#1839 = CARTESIAN_POINT('',(46.760553562427,-30.81330859047,
    534.52161993386));
#1840 = CARTESIAN_POINT('',(46.792685902773,-30.76442588536,
    534.30761301591));
#1841 = CARTESIAN_POINT('',(46.816974395197,-30.72739796352,
    534.0917806578));
#1842 = CARTESIAN_POINT('',(46.833528726002,-30.70213249307,
    533.87473104371));
#1843 = CARTESIAN_POINT('',(46.842407822601,-30.68857823779,
    533.65703916708));
#1844 = CARTESIAN_POINT('',(46.846481601103,-30.68235957206,
    532.92386873676));
#1845 = CARTESIAN_POINT('',(46.806399999179,-30.74354405625,
    532.40587224828));
#1846 = CARTESIAN_POINT('',(46.722810816489,-30.87119220548,
    531.89343152495));
#1847 = CARTESIAN_POINT('',(46.593817935954,-31.06714725015,
    531.39579132636));
#1848 = CARTESIAN_POINT('',(46.416588703301,-31.3334359703,
    530.92429303539));
#1849 = CARTESIAN_POINT('',(46.187810238982,-31.671387689,
    530.49357059271));
#1850 = CARTESIAN_POINT('',(45.903790164245,-32.08093066493,
    530.12209180252));
#1851 = CARTESIAN_POINT('',(45.290972903621,-32.93852313536,
    529.60794811541));
#1852 = CARTESIAN_POINT('',(44.986164043705,-33.35740979818,
    529.43681593244));
#1853 = CARTESIAN_POINT('',(44.655672026642,-33.80166271981,
    529.33923112779));
#1854 = CARTESIAN_POINT('',(44.310053570641,-34.2545440739,
    529.32394360012));
#1855 = CARTESIAN_POINT('',(43.96221612901,-34.6982684318,
    529.39189999414));
#1856 = CARTESIAN_POINT('',(43.626415821302,-35.11637221917,
    529.53635619968));
#1857 = CARTESIAN_POINT('',(43.315811971913,-35.49543915104,
    529.74290041588));
#1858 = CARTESIAN_POINT('',(42.711747732521,-36.22112606132,
    530.28298925667));
#1859 = CARTESIAN_POINT('',(42.424188405201,-36.55818132532,
    530.64098684276));
#1860 = CARTESIAN_POINT('',(42.18154913746,-36.83689250707,
    531.04636271041));
#1861 = CARTESIAN_POINT('',(41.986174685579,-37.0579978623,
    531.48620129516));
#1862 = CARTESIAN_POINT('',(41.839290388954,-37.22260184916,
    531.94994014848));
#1863 = CARTESIAN_POINT('',(41.741388103736,-37.33178125286,
    532.42864442607));
#1864 = CARTESIAN_POINT('',(41.692492115507,-37.38630900742,
    532.91448232931));
#1865 = CARTESIAN_POINT('',(41.692492115507,-37.38630900742,533.4));
#1866 = PCURVE('',#146,#1867);
#1867 = DEFINITIONAL_REPRESENTATION('',(#1868),#1955);
#1868 = B_SPLINE_CURVE_WITH_KNOTS('',8,(#1869,#1870,#1871,#1872,#1873,
    #1874,#1875,#1876,#1877,#1878,#1879,#1880,#1881,#1882,#1883,#1884,
    #1885,#1886,#1887,#1888,#1889,#1890,#1891,#1892,#1893,#1894,#1895,
    #1896,#1897,#1898,#1899,#1900,#1901,#1902,#1903,#1904,#1905,#1906,
    #1907,#1908,#1909,#1910,#1911,#1912,#1913,#1914,#1915,#1916,#1917,
    #1918,#1919,#1920,#1921,#1922,#1923,#1924,#1925,#1926,#1927,#1928,
    #1929,#1930,#1931,#1932,#1933,#1934,#1935,#1936,#1937,#1938,#1939,
    #1940,#1941,#1942,#1943,#1944,#1945,#1946,#1947,#1948,#1949,#1950,
    #1951,#1952,#1953,#1954),.UNSPECIFIED.,.F.,.F.,(9,7,7,7,7,7,7,7,7,7,
    7,7,9),(0.,9.608464796135E-02,0.172400113362,0.224663216406,
    0.288167055122,0.317745329785,0.351609715242,0.39221011522,
    0.421724159812,0.49884023254,0.681352450458,0.826808195749,1.),
  .UNSPECIFIED.);
#1869 = CARTESIAN_POINT('',(5.552187745032,438.4));
#1870 = CARTESIAN_POINT('',(5.552187745032,438.6707367232));
#1871 = CARTESIAN_POINT('',(5.552594419485,438.94146808204));
#1872 = CARTESIAN_POINT('',(5.553407720092,439.21089802065));
#1873 = CARTESIAN_POINT('',(5.55462827,439.47771819607));
#1874 = CARTESIAN_POINT('',(5.556257134854,439.74056728333));
#1875 = CARTESIAN_POINT('',(5.55829559597,439.99798916682));
#1876 = CARTESIAN_POINT('',(5.560744925633,440.24839001792));
#1877 = CARTESIAN_POINT('',(5.565878710472,440.68188901501));
#1878 = CARTESIAN_POINT('',(5.568412409802,440.86834404375));
#1879 = CARTESIAN_POINT('',(5.571206894145,441.04833901696));
#1880 = CARTESIAN_POINT('',(5.574260810589,441.22078961738));
#1881 = CARTESIAN_POINT('',(5.577571598101,441.38453602209));
#1882 = CARTESIAN_POINT('',(5.581135240565,441.53833078803));
#1883 = CARTESIAN_POINT('',(5.58494599643,441.68082613945));
#1884 = CARTESIAN_POINT('',(5.591769739897,441.89940671824));
#1885 = CARTESIAN_POINT('',(5.594656805113,441.98230559033));
#1886 = CARTESIAN_POINT('',(5.597650818998,442.05864563644));
#1887 = CARTESIAN_POINT('',(5.600744305344,442.12785074953));
#1888 = CARTESIAN_POINT('',(5.603928877634,442.18938209979));
#1889 = CARTESIAN_POINT('',(5.607195323326,442.24273988169));
#1890 = CARTESIAN_POINT('',(5.610533688132,442.28746506094));
#1891 = CARTESIAN_POINT('',(5.618064233131,442.36649038085));
#1892 = CARTESIAN_POINT('',(5.622285152451,442.39647430885));
#1893 = CARTESIAN_POINT('',(5.626564299543,442.41221770464));
#1894 = CARTESIAN_POINT('',(5.63086851529,442.41318525038));
#1895 = CARTESIAN_POINT('',(5.635164123371,442.39917966017));
#1896 = CARTESIAN_POINT('',(5.639417775144,442.3703403128));
#1897 = CARTESIAN_POINT('',(5.643597316213,442.32714236848));
#1898 = CARTESIAN_POINT('',(5.649570860278,442.24396570352));
#1899 = CARTESIAN_POINT('',(5.651446109012,442.21460048199));
#1900 = CARTESIAN_POINT('',(5.653295991151,442.18237623414));
#1901 = CARTESIAN_POINT('',(5.655118184786,442.14737805116));
#1902 = CARTESIAN_POINT('',(5.656910477944,442.10970058187));
#1903 = CARTESIAN_POINT('',(5.658670770714,442.06944802859));
#1904 = CARTESIAN_POINT('',(5.660397077365,442.0267341429));
#1905 = CARTESIAN_POINT('',(5.664022938439,441.93010194337));
#1906 = CARTESIAN_POINT('',(5.665911311923,441.87545796645));
#1907 = CARTESIAN_POINT('',(5.667751062328,441.81790338718));
#1908 = CARTESIAN_POINT('',(5.669540750766,441.75759432759));
#1909 = CARTESIAN_POINT('',(5.671279087779,441.69468993873));
#1910 = CARTESIAN_POINT('',(5.672964935057,441.62935240404));
#1911 = CARTESIAN_POINT('',(5.674597307165,441.56174694278));
#1912 = CARTESIAN_POINT('',(5.678067334791,441.40847153473));
#1913 = CARTESIAN_POINT('',(5.679881435393,441.32187462397));
#1914 = CARTESIAN_POINT('',(5.681617497225,441.23248294868));
#1915 = CARTESIAN_POINT('',(5.683275461282,441.14052008441));
#1916 = CARTESIAN_POINT('',(5.684855387154,441.04620136797));
#1917 = CARTESIAN_POINT('',(5.686357452776,440.94973395058));
#1918 = CARTESIAN_POINT('',(5.687781954188,440.85131685109));
#1919 = CARTESIAN_POINT('',(5.690108748356,440.67831920773));
#1920 = CARTESIAN_POINT('',(5.691047549052,440.60455851228));
#1921 = CARTESIAN_POINT('',(5.691945974785,440.52992213341));
#1922 = CARTESIAN_POINT('',(5.692804291295,440.45447070463));
#1923 = CARTESIAN_POINT('',(5.693622762646,440.37826228236));
#1924 = CARTESIAN_POINT('',(5.694401651231,440.30135234595));
#1925 = CARTESIAN_POINT('',(5.695141217769,440.22379379766));
#1926 = CARTESIAN_POINT('',(5.697672039127,439.94142407851));
#1927 = CARTESIAN_POINT('',(5.699235573096,439.73313759));
#1928 = CARTESIAN_POINT('',(5.700537465776,439.52161993386));
#1929 = CARTESIAN_POINT('',(5.701582069806,439.30761301591));
#1930 = CARTESIAN_POINT('',(5.70237284087,439.0917806578));
#1931 = CARTESIAN_POINT('',(5.702912230659,438.87473104371));
#1932 = CARTESIAN_POINT('',(5.703201579837,438.65703916708));
#1933 = CARTESIAN_POINT('',(5.703334333583,437.92386873676));
#1934 = CARTESIAN_POINT('',(5.702028187867,437.40587224828));
#1935 = CARTESIAN_POINT('',(5.699303507739,436.89343152495));
#1936 = CARTESIAN_POINT('',(5.695114233222,436.39579132636));
#1937 = CARTESIAN_POINT('',(5.689402313584,435.9242930354));
#1938 = CARTESIAN_POINT('',(5.68211528116,435.49357059271));
#1939 = CARTESIAN_POINT('',(5.673216339435,435.12209180252));
#1940 = CARTESIAN_POINT('',(5.654394115948,434.60794811541));
#1941 = CARTESIAN_POINT('',(5.645143591376,434.43681593244));
#1942 = CARTESIAN_POINT('',(5.635256972725,434.33923112779));
#1943 = CARTESIAN_POINT('',(5.625085433973,434.32394360012));
#1944 = CARTESIAN_POINT('',(5.615018885187,434.39189999414));
#1945 = CARTESIAN_POINT('',(5.605443611336,434.53635619968));
#1946 = CARTESIAN_POINT('',(5.596692664291,434.74290041588));
#1947 = CARTESIAN_POINT('',(5.579831936227,435.28298925667));
#1948 = CARTESIAN_POINT('',(5.571920844823,435.64098684276));
#1949 = CARTESIAN_POINT('',(5.565322503911,436.04636271041));
#1950 = CARTESIAN_POINT('',(5.560053754158,436.48620129516));
#1951 = CARTESIAN_POINT('',(5.556114278814,436.94994014848));
#1952 = CARTESIAN_POINT('',(5.55349560137,437.42864442607));
#1953 = CARTESIAN_POINT('',(5.552187745032,437.91448232931));
#1954 = CARTESIAN_POINT('',(5.552187745032,438.4));
#1955 = ( GEOMETRIC_REPRESENTATION_CONTEXT(2) 
PARAMETRIC_REPRESENTATION_CONTEXT() REPRESENTATION_CONTEXT('2D SPACE',''
  ) );
#1956 = PCURVE('',#1957,#1962);
#1957 = CYLINDRICAL_SURFACE('',#1958,4.);
#1958 = AXIS2_PLACEMENT_3D('',#1959,#1960,#1961);
#1959 = CARTESIAN_POINT('',(-56.,6.858022075225E-15,533.4));
#1960 = DIRECTION('',(-0.946930129495,0.321439465303,0.));
#1961 = DIRECTION('',(-0.321439465303,-0.946930129495,0.));
#1962 = DEFINITIONAL_REPRESENTATION('',(#1963),#2050);
#1963 = B_SPLINE_CURVE_WITH_KNOTS('',8,(#1964,#1965,#1966,#1967,#1968,
    #1969,#1970,#1971,#1972,#1973,#1974,#1975,#1976,#1977,#1978,#1979,
    #1980,#1981,#1982,#1983,#1984,#1985,#1986,#1987,#1988,#1989,#1990,
    #1991,#1992,#1993,#1994,#1995,#1996,#1997,#1998,#1999,#2000,#2001,
    #2002,#2003,#2004,#2005,#2006,#2007,#2008,#2009,#2010,#2011,#2012,
    #2013,#2014,#2015,#2016,#2017,#2018,#2019,#2020,#2021,#2022,#2023,
    #2024,#2025,#2026,#2027,#2028,#2029,#2030,#2031,#2032,#2033,#2034,
    #2035,#2036,#2037,#2038,#2039,#2040,#2041,#2042,#2043,#2044,#2045,
    #2046,#2047,#2048,#2049),.UNSPECIFIED.,.F.,.F.,(9,7,7,7,7,7,7,7,7,7,
    7,7,9),(0.,9.608464796135E-02,0.172400113362,0.224663216406,
    0.288167055122,0.317745329785,0.351609715242,0.39221011522,
    0.421724159812,0.49884023254,0.681352450458,0.826808195749,1.),
  .UNSPECIFIED.);
#1964 = CARTESIAN_POINT('',(0.,-104.5253993866));
#1965 = CARTESIAN_POINT('',(6.768418080173E-02,-104.5253993866));
#1966 = CARTESIAN_POINT('',(0.135367158802,-104.5343464979));
#1967 = CARTESIAN_POINT('',(0.203196795764,-104.5522395415));
#1968 = CARTESIAN_POINT('',(0.271319379249,-104.5790447307));
#1969 = CARTESIAN_POINT('',(0.339881392065,-104.6146900427));
#1970 = CARTESIAN_POINT('',(0.409033774316,-104.6590593868));
#1971 = CARTESIAN_POINT('',(0.47893867803,-104.711986567));
#1972 = CARTESIAN_POINT('',(0.606043585589,-104.8219069106));
#1973 = CARTESIAN_POINT('',(0.662930665265,-104.8758509867));
#1974 = CARTESIAN_POINT('',(0.720497704933,-104.9349500683));
#1975 = CARTESIAN_POINT('',(0.778808811902,-104.9990322698));
#1976 = CARTESIAN_POINT('',(0.83793384757,-105.0678808655));
#1977 = CARTESIAN_POINT('',(0.897949711301,-105.1412316792));
#1978 = CARTESIAN_POINT('',(0.958943509861,-105.2187720168));
#1979 = CARTESIAN_POINT('',(1.063527806139,-105.3558651468));
#1980 = CARTESIAN_POINT('',(1.106562626485,-105.4134084775));
#1981 = CARTESIAN_POINT('',(1.150092210612,-105.4725744132));
#1982 = CARTESIAN_POINT('',(1.194091792284,-105.5331483704));
#1983 = CARTESIAN_POINT('',(1.238541231072,-105.5949020815));
#1984 = CARTESIAN_POINT('',(1.283424541541,-105.6575977691));
#1985 = CARTESIAN_POINT('',(1.328729422451,-105.7209923215));
#1986 = CARTESIAN_POINT('',(1.429997029019,-105.8624232714));
#1987 = CARTESIAN_POINT('',(1.486150002767,-105.9406673773));
#1988 = CARTESIAN_POINT('',(1.542718247214,-106.0188957193));
#1989 = CARTESIAN_POINT('',(1.59953301849,-106.0964465755));
#1990 = CARTESIAN_POINT('',(1.656435232982,-106.1726978901));
#1991 = CARTESIAN_POINT('',(1.713267136456,-106.2470846957));
#1992 = CARTESIAN_POINT('',(1.769864698159,-106.3191106383));
#1993 = CARTESIAN_POINT('',(1.85222057904,-106.4206049975));
#1994 = CARTESIAN_POINT('',(1.878296526844,-106.4522469533));
#1995 = CARTESIAN_POINT('',(1.90426889844,-106.4832472974));
#1996 = CARTESIAN_POINT('',(1.93012789503,-106.5135771374));
#1997 = CARTESIAN_POINT('',(1.955863378348,-106.5432106936));
#1998 = CARTESIAN_POINT('',(1.981464655129,-106.5721251322));
#1999 = CARTESIAN_POINT('',(2.006920261569,-106.6003003985));
#2000 = CARTESIAN_POINT('',(2.061181026895,-106.6591108671));
#2001 = CARTESIAN_POINT('',(2.089936492286,-106.6895103045));
#2002 = CARTESIAN_POINT('',(2.118483614147,-106.7189109812));
#2003 = CARTESIAN_POINT('',(2.146821104662,-106.7473093147));
#2004 = CARTESIAN_POINT('',(2.174946868961,-106.7747043092));
#2005 = CARTESIAN_POINT('',(2.202857956055,-106.8010973439));
#2006 = CARTESIAN_POINT('',(2.230550509787,-106.8264919614));
#2007 = CARTESIAN_POINT('',(2.290952870546,-106.8801491267));
#2008 = CARTESIAN_POINT('',(2.323568418739,-106.9079804405));
#2009 = CARTESIAN_POINT('',(2.355880245675,-106.9344164284));
#2010 = CARTESIAN_POINT('',(2.387900615516,-106.9594860582));
#2011 = CARTESIAN_POINT('',(2.419640495196,-106.9832183316));
#2012 = CARTESIAN_POINT('',(2.451109874359,-107.0056421823));
#2013 = CARTESIAN_POINT('',(2.482318085293,-107.0267863734));
#2014 = CARTESIAN_POINT('',(2.535777297077,-107.0611404238));
#2015 = CARTESIAN_POINT('',(2.558150214247,-107.0749421781));
#2016 = CARTESIAN_POINT('',(2.580399055005,-107.0880971558));
#2017 = CARTESIAN_POINT('',(2.602529861049,-107.1006172779));
#2018 = CARTESIAN_POINT('',(2.624548535151,-107.112513889));
#2019 = CARTESIAN_POINT('',(2.646460841157,-107.1237977576));
#2020 = CARTESIAN_POINT('',(2.668272403988,-107.1344790757));
#2021 = CARTESIAN_POINT('',(2.746730380557,-107.1709269954));
#2022 = CARTESIAN_POINT('',(2.802819441285,-107.1932374117));
#2023 = CARTESIAN_POINT('',(2.858371239023,-107.2116777294));
#2024 = CARTESIAN_POINT('',(2.913494527616,-107.22639198));
#2025 = CARTESIAN_POINT('',(2.968293758205,-107.2374892498));
#2026 = CARTESIAN_POINT('',(3.022871369884,-107.2450437251));
#2027 = CARTESIAN_POINT('',(3.077330080347,-107.2490947367));
#2028 = CARTESIAN_POINT('',(3.260631521414,-107.2509533957));
#2029 = CARTESIAN_POINT('',(3.389951292476,-107.2326660271));
#2030 = CARTESIAN_POINT('',(3.520948923443,-107.1945440643));
#2031 = CARTESIAN_POINT('',(3.654686194852,-107.135384504));
#2032 = CARTESIAN_POINT('',(3.792203911267,-107.0531565076));
#2033 = CARTESIAN_POINT('',(3.934708808498,-106.9451503065));
#2034 = CARTESIAN_POINT('',(4.083592876061,-106.8078464156));
#2035 = CARTESIAN_POINT('',(4.366717571074,-106.5032153528));
#2036 = CARTESIAN_POINT('',(4.496321564485,-106.3492293645));
#2037 = CARTESIAN_POINT('',(4.627782031659,-106.1790769376));
#2038 = CARTESIAN_POINT('',(4.759661403642,-105.9973743486));
#2039 = CARTESIAN_POINT('',(4.890659625468,-105.8106271153));
#2040 = CARTESIAN_POINT('',(5.019430410858,-105.6270427443));
#2041 = CARTESIAN_POINT('',(5.144206161779,-105.4547696728));
#2042 = CARTESIAN_POINT('',(5.402622584935,-105.1160274568));
#2043 = CARTESIAN_POINT('',(5.537122977009,-104.9520717296));
#2044 = CARTESIAN_POINT('',(5.667177893604,-104.8118980696));
#2045 = CARTESIAN_POINT('',(5.793817498255,-104.6979641018));
#2046 = CARTESIAN_POINT('',(5.917946656867,-104.6117851533));
#2047 = CARTESIAN_POINT('',(6.040346126498,-104.5541730988));
#2048 = CARTESIAN_POINT('',(6.161805889508,-104.5253993866));
#2049 = CARTESIAN_POINT('',(6.28318530718,-104.5253993866));
#2050 = ( GEOMETRIC_REPRESENTATION_CONTEXT(2) 
PARAMETRIC_REPRESENTATION_CONTEXT() REPRESENTATION_CONTEXT('2D SPACE',''
  ) );
#2051 = ADVANCED_FACE('',(#2052),#182,.F.);
#2052 = FACE_BOUND('',#2053,.T.);
#2053 = EDGE_LOOP('',(#2054,#2055,#2078,#2109));
#2054 = ORIENTED_EDGE('',*,*,#165,.F.);
#2055 = ORIENTED_EDGE('',*,*,#2056,.T.);
#2056 = EDGE_CURVE('',#166,#2057,#2059,.T.);
#2057 = VERTEX_POINT('',#2058);
#2058 = CARTESIAN_POINT('',(14.75,0.,3.));
#2059 = SEAM_CURVE('',#2060,(#2064,#2071),.PCURVE_S1.);
#2060 = LINE('',#2061,#2062);
#2061 = CARTESIAN_POINT('',(14.75,0.,0.));
#2062 = VECTOR('',#2063,1.);
#2063 = DIRECTION('',(0.,0.,1.));
#2064 = PCURVE('',#182,#2065);
#2065 = DEFINITIONAL_REPRESENTATION('',(#2066),#2070);
#2066 = LINE('',#2067,#2068);
#2067 = CARTESIAN_POINT('',(-6.28318530718,0.));
#2068 = VECTOR('',#2069,1.);
#2069 = DIRECTION('',(-0.,-1.));
#2070 = ( GEOMETRIC_REPRESENTATION_CONTEXT(2) 
PARAMETRIC_REPRESENTATION_CONTEXT() REPRESENTATION_CONTEXT('2D SPACE',''
  ) );
#2071 = PCURVE('',#182,#2072);
#2072 = DEFINITIONAL_REPRESENTATION('',(#2073),#2077);
#2073 = LINE('',#2074,#2075);
#2074 = CARTESIAN_POINT('',(-0.,0.));
#2075 = VECTOR('',#2076,1.);
#2076 = DIRECTION('',(-0.,-1.));
#2077 = ( GEOMETRIC_REPRESENTATION_CONTEXT(2) 
PARAMETRIC_REPRESENTATION_CONTEXT() REPRESENTATION_CONTEXT('2D SPACE',''
  ) );
#2078 = ORIENTED_EDGE('',*,*,#2079,.F.);
#2079 = EDGE_CURVE('',#2057,#2057,#2080,.T.);
#2080 = SURFACE_CURVE('',#2081,(#2086,#2093),.PCURVE_S1.);
#2081 = CIRCLE('',#2082,14.75);
#2082 = AXIS2_PLACEMENT_3D('',#2083,#2084,#2085);
#2083 = CARTESIAN_POINT('',(0.,0.,3.));
#2084 = DIRECTION('',(0.,0.,-1.));
#2085 = DIRECTION('',(1.,0.,0.));
#2086 = PCURVE('',#182,#2087);
#2087 = DEFINITIONAL_REPRESENTATION('',(#2088),#2092);
#2088 = LINE('',#2089,#2090);
#2089 = CARTESIAN_POINT('',(-6.28318530718,-3.));
#2090 = VECTOR('',#2091,1.);
#2091 = DIRECTION('',(1.,-0.));
#2092 = ( GEOMETRIC_REPRESENTATION_CONTEXT(2) 
PARAMETRIC_REPRESENTATION_CONTEXT() REPRESENTATION_CONTEXT('2D SPACE',''
  ) );
#2093 = PCURVE('',#2094,#2099);
#2094 = PLANE('',#2095);
#2095 = AXIS2_PLACEMENT_3D('',#2096,#2097,#2098);
#2096 = CARTESIAN_POINT('',(0.,0.,3.));
#2097 = DIRECTION('',(0.,0.,1.));
#2098 = DIRECTION('',(1.,0.,0.));
#2099 = DEFINITIONAL_REPRESENTATION('',(#2100),#2108);
#2100 = ( BOUNDED_CURVE() B_SPLINE_CURVE(2,(#2101,#2102,#2103,#2104,
#2105,#2106,#2107),.UNSPECIFIED.,.T.,.F.) B_SPLINE_CURVE_WITH_KNOTS((1,2
    ,2,2,2,1),(-2.094395102393,0.,2.094395102393,4.188790204786,
6.28318530718,8.377580409573),.UNSPECIFIED.) CURVE() 
GEOMETRIC_REPRESENTATION_ITEM() RATIONAL_B_SPLINE_CURVE((1.,0.5,1.,0.5,
1.,0.5,1.)) REPRESENTATION_ITEM('') );
#2101 = CARTESIAN_POINT('',(14.75,0.));
#2102 = CARTESIAN_POINT('',(14.75,-25.54774941164));
#2103 = CARTESIAN_POINT('',(-7.375,-12.77387470582));
#2104 = CARTESIAN_POINT('',(-29.5,-3.612708057485E-15));
#2105 = CARTESIAN_POINT('',(-7.375,12.77387470582));
#2106 = CARTESIAN_POINT('',(14.75,25.547749411641));
#2107 = CARTESIAN_POINT('',(14.75,0.));
#2108 = ( GEOMETRIC_REPRESENTATION_CONTEXT(2) 
PARAMETRIC_REPRESENTATION_CONTEXT() REPRESENTATION_CONTEXT('2D SPACE',''
  ) );
#2109 = ORIENTED_EDGE('',*,*,#2056,.F.);
#2110 = ADVANCED_FACE('',(#2111),#397,.F.);
#2111 = FACE_BOUND('',#2112,.F.);
#2112 = EDGE_LOOP('',(#2113,#2114,#2137,#2222,#2362,#2434,#2435,#2436));
#2113 = ORIENTED_EDGE('',*,*,#347,.F.);
#2114 = ORIENTED_EDGE('',*,*,#2115,.T.);
#2115 = EDGE_CURVE('',#348,#2116,#2118,.T.);
#2116 = VERTEX_POINT('',#2117);
#2117 = CARTESIAN_POINT('',(52.730918076046,5.333880281496,533.4));
#2118 = SEAM_CURVE('',#2119,(#2123,#2130),.PCURVE_S1.);
#2119 = LINE('',#2120,#2121);
#2120 = CARTESIAN_POINT('',(57.285757861213,3.78772051798,533.4));
#2121 = VECTOR('',#2122,1.);
#2122 = DIRECTION('',(-0.946930129495,0.321439465303,-0.));
#2123 = PCURVE('',#397,#2124);
#2124 = DEFINITIONAL_REPRESENTATION('',(#2125),#2129);
#2125 = LINE('',#2126,#2127);
#2126 = CARTESIAN_POINT('',(6.28318530718,0.));
#2127 = VECTOR('',#2128,1.);
#2128 = DIRECTION('',(0.,-1.));
#2129 = ( GEOMETRIC_REPRESENTATION_CONTEXT(2) 
PARAMETRIC_REPRESENTATION_CONTEXT() REPRESENTATION_CONTEXT('2D SPACE',''
  ) );
#2130 = PCURVE('',#397,#2131);
#2131 = DEFINITIONAL_REPRESENTATION('',(#2132),#2136);
#2132 = LINE('',#2133,#2134);
#2133 = CARTESIAN_POINT('',(0.,0.));
#2134 = VECTOR('',#2135,1.);
#2135 = DIRECTION('',(0.,-1.));
#2136 = ( GEOMETRIC_REPRESENTATION_CONTEXT(2) 
PARAMETRIC_REPRESENTATION_CONTEXT() REPRESENTATION_CONTEXT('2D SPACE',''
  ) );
#2137 = ORIENTED_EDGE('',*,*,#2138,.T.);
#2138 = EDGE_CURVE('',#2116,#2139,#2141,.T.);
#2139 = VERTEX_POINT('',#2140);
#2140 = CARTESIAN_POINT('',(53.,0.,537.2820213847));
#2141 = SURFACE_CURVE('',#2142,(#2165,#2191),.PCURVE_S1.);
#2142 = B_SPLINE_CURVE_WITH_KNOTS('',6,(#2143,#2144,#2145,#2146,#2147,
    #2148,#2149,#2150,#2151,#2152,#2153,#2154,#2155,#2156,#2157,#2158,
    #2159,#2160,#2161,#2162,#2163,#2164),.UNSPECIFIED.,.F.,.F.,(7,5,5,5,
    7),(0.,0.333570856335,0.599896281486,0.792955727496,1.),
  .UNSPECIFIED.);
#2143 = CARTESIAN_POINT('',(52.730918076046,5.333880281496,533.4));
#2144 = CARTESIAN_POINT('',(52.730918076046,5.333880281496,
    533.76140929368));
#2145 = CARTESIAN_POINT('',(52.735252820027,5.291027352524,
    534.1228059873));
#2146 = CARTESIAN_POINT('',(52.743921130972,5.205329713972,
    534.48041540398));
#2147 = CARTESIAN_POINT('',(52.756667799946,5.076713760415,
    534.83041255733));
#2148 = CARTESIAN_POINT('',(52.772967290198,4.905128061891,
    535.1685892795));
#2149 = CARTESIAN_POINT('',(52.807236846639,4.51943444205,
    535.74660635835));
#2150 = CARTESIAN_POINT('',(52.82421905991,4.320745093868,
    535.99271599598));
#2151 = CARTESIAN_POINT('',(52.842551022462,4.09476603443,
    536.22547422029));
#2152 = CARTESIAN_POINT('',(52.861689114564,3.841937531329,
    536.44176470397));
#2153 = CARTESIAN_POINT('',(52.880969552132,3.56308048205,
    536.63810961532));
#2154 = CARTESIAN_POINT('',(52.913230482222,3.039512811494,
    536.93557051192));
#2155 = CARTESIAN_POINT('',(52.926495967817,2.80633574577,
    537.04812471663));
#2156 = CARTESIAN_POINT('',(52.939147770234,2.561232741114,
    537.14625851695));
#2157 = CARTESIAN_POINT('',(52.950862887189,2.305742610611,
    537.22821310978));
#2158 = CARTESIAN_POINT('',(52.961353278784,2.04166557092,
    537.29245681924));
#2159 = CARTESIAN_POINT('',(52.98010728343,1.4807368444,537.38623350215)
  );
#2160 = CARTESIAN_POINT('',(52.988149509188,1.183041871443,
    537.41289056049));
#2161 = CARTESIAN_POINT('',(52.994213163637,0.881935021251,
    537.41588016949));
#2162 = CARTESIAN_POINT('',(52.998142567087,0.581665270409,
    537.39455275909));
#2163 = CARTESIAN_POINT('',(53.,0.286419293768,537.34939389555));
#2164 = CARTESIAN_POINT('',(53.,2.487793711901E-15,537.2820213847));
#2165 = PCURVE('',#397,#2166);
#2166 = DEFINITIONAL_REPRESENTATION('',(#2167),#2190);
#2167 = B_SPLINE_CURVE_WITH_KNOTS('',6,(#2168,#2169,#2170,#2171,#2172,
    #2173,#2174,#2175,#2176,#2177,#2178,#2179,#2180,#2181,#2182,#2183,
    #2184,#2185,#2186,#2187,#2188,#2189),.UNSPECIFIED.,.F.,.F.,(7,5,5,5,
    7),(0.,0.333570856335,0.599896281486,0.792955727496,1.),
  .UNSPECIFIED.);
#2168 = CARTESIAN_POINT('',(0.,-4.810111795255));
#2169 = CARTESIAN_POINT('',(9.035232342162E-02,-4.810111795255));
#2170 = CARTESIAN_POINT('',(0.180701719142,-4.792232473001));
#2171 = CARTESIAN_POINT('',(0.271430707541,-4.756477585081));
#2172 = CARTESIAN_POINT('',(0.362915116439,-4.703065136837));
#2173 = CARTESIAN_POINT('',(0.455540548972,-4.632476243235));
#2174 = CARTESIAN_POINT('',(0.625019158772,-4.476048216785));
#2175 = CARTESIAN_POINT('',(0.701343293937,-4.396100649532));
#2176 = CARTESIAN_POINT('',(0.778906568565,-4.306102973823));
#2177 = CARTESIAN_POINT('',(0.857891784314,-4.206711478941));
#2178 = CARTESIAN_POINT('',(0.938504925429,-4.098818590881));
#2179 = CARTESIAN_POINT('',(1.080831104236,-3.8999744321));
#2180 = CARTESIAN_POINT('',(1.141690665436,-3.81246063278));
#2181 = CARTESIAN_POINT('',(1.203501450518,-3.721694481118));
#2182 = CARTESIAN_POINT('',(1.2661967392,-3.628476472964));
#2183 = CARTESIAN_POINT('',(1.329732464366,-3.533658022656));
#2184 = CARTESIAN_POINT('',(1.463092343974,-3.335594660681));
#2185 = CARTESIAN_POINT('',(1.53300421723,-3.232288321872));
#2186 = CARTESIAN_POINT('',(1.603419360866,-3.129758839854));
#2187 = CARTESIAN_POINT('',(1.673999370178,-3.029519421179));
#2188 = CARTESIAN_POINT('',(1.744409012363,-2.932856853127));
#2189 = CARTESIAN_POINT('',(1.814274433509,-2.840790388485));
#2190 = ( GEOMETRIC_REPRESENTATION_CONTEXT(2) 
PARAMETRIC_REPRESENTATION_CONTEXT() REPRESENTATION_CONTEXT('2D SPACE',''
  ) );
#2191 = PCURVE('',#2192,#2197);
#2192 = CYLINDRICAL_SURFACE('',#2193,53.);
#2193 = AXIS2_PLACEMENT_3D('',#2194,#2195,#2196);
#2194 = CARTESIAN_POINT('',(0.,0.,95.));
#2195 = DIRECTION('',(0.,0.,1.));
#2196 = DIRECTION('',(1.,0.,0.));
#2197 = DEFINITIONAL_REPRESENTATION('',(#2198),#2221);
#2198 = B_SPLINE_CURVE_WITH_KNOTS('',6,(#2199,#2200,#2201,#2202,#2203,
    #2204,#2205,#2206,#2207,#2208,#2209,#2210,#2211,#2212,#2213,#2214,
    #2215,#2216,#2217,#2218,#2219,#2220),.UNSPECIFIED.,.F.,.F.,(7,5,5,5,
    7),(0.,0.333570856335,0.599896281486,0.792955727496,1.),
  .UNSPECIFIED.);
#2199 = CARTESIAN_POINT('',(0.10080991297,438.4));
#2200 = CARTESIAN_POINT('',(0.10080991297,438.76140929368));
#2201 = CARTESIAN_POINT('',(9.999724111666E-02,439.1228059873));
#2202 = CARTESIAN_POINT('',(9.837205381596E-02,439.48041540398));
#2203 = CARTESIAN_POINT('',(9.593345429571E-02,439.83041255733));
#2204 = CARTESIAN_POINT('',(9.268147441766E-02,440.1685892795));
#2205 = CARTESIAN_POINT('',(8.53755672098E-02,440.74660635835));
#2206 = CARTESIAN_POINT('',(8.161306459246E-02,440.99271599598));
#2207 = CARTESIAN_POINT('',(7.733536572399E-02,441.22547422029));
#2208 = CARTESIAN_POINT('',(7.255149784953E-02,441.44176470397));
#2209 = CARTESIAN_POINT('',(6.727763118613E-02,441.63810961532));
#2210 = CARTESIAN_POINT('',(5.738026047218E-02,441.93557051192));
#2211 = CARTESIAN_POINT('',(5.297362715498E-02,442.04812471663));
#2212 = CARTESIAN_POINT('',(4.834298881766E-02,442.14625851695));
#2213 = CARTESIAN_POINT('',(4.351748283525E-02,442.22821310978));
#2214 = CARTESIAN_POINT('',(3.853106690864E-02,442.29245681924));
#2215 = CARTESIAN_POINT('',(2.794159241415E-02,442.38623350215));
#2216 = CARTESIAN_POINT('',(2.23227720157E-02,442.41289056049));
#2217 = CARTESIAN_POINT('',(1.664056611834E-02,442.41588016949));
#2218 = CARTESIAN_POINT('',(1.097481675306E-02,442.39455275909));
#2219 = CARTESIAN_POINT('',(5.404137618271E-03,442.34939389555));
#2220 = CARTESIAN_POINT('',(0.,442.2820213847));
#2221 = ( GEOMETRIC_REPRESENTATION_CONTEXT(2) 
PARAMETRIC_REPRESENTATION_CONTEXT() REPRESENTATION_CONTEXT('2D SPACE',''
  ) );
#2222 = ORIENTED_EDGE('',*,*,#2223,.T.);
#2223 = EDGE_CURVE('',#2139,#2224,#2226,.T.);
#2224 = VERTEX_POINT('',#2225);
#2225 = CARTESIAN_POINT('',(53.,0.,529.51797861529));
#2226 = SURFACE_CURVE('',#2227,(#2270,#2316),.PCURVE_S1.);
#2227 = B_SPLINE_CURVE_WITH_KNOTS('',6,(#2228,#2229,#2230,#2231,#2232,
    #2233,#2234,#2235,#2236,#2237,#2238,#2239,#2240,#2241,#2242,#2243,
    #2244,#2245,#2246,#2247,#2248,#2249,#2250,#2251,#2252,#2253,#2254,
    #2255,#2256,#2257,#2258,#2259,#2260,#2261,#2262,#2263,#2264,#2265,
    #2266,#2267,#2268,#2269),.UNSPECIFIED.,.F.,.F.,(7,5,5,5,5,5,5,5,7),(
    0.,0.165953010067,0.257875921227,0.327111144685,0.500003792111,
    0.672116501604,0.741377299781,0.833341759495,1.),.UNSPECIFIED.);
#2228 = CARTESIAN_POINT('',(53.,-3.996802888651E-15,537.2820213847));
#2229 = CARTESIAN_POINT('',(53.,-0.342771390456,537.20139354389));
#2230 = CARTESIAN_POINT('',(52.997339934968,-0.671326000816,
    537.08932170456));
#2231 = CARTESIAN_POINT('',(52.992432616858,-0.981484686639,
    536.94862578648));
#2232 = CARTESIAN_POINT('',(52.985881713073,-1.269754900675,
    536.78296979109));
#2233 = CARTESIAN_POINT('',(52.978343526824,-1.533532299547,
    536.59679241757));
#2234 = CARTESIAN_POINT('',(52.965987753568,-1.903026095867,
    536.28358607963));
#2235 = CARTESIAN_POINT('',(52.961446098537,-2.027076361366,
    536.16695332142));
#2236 = CARTESIAN_POINT('',(52.956853180401,-2.143457072822,
    536.04589508318));
#2237 = CARTESIAN_POINT('',(52.952285986587,-2.252183016661,
    535.92093993709));
#2238 = CARTESIAN_POINT('',(52.947811893358,-2.353292817027,
    535.79258422846));
#2239 = CARTESIAN_POINT('',(52.940231467961,-2.517313657603,
    535.56240509827));
#2240 = CARTESIAN_POINT('',(52.937059654779,-2.583503917098,
    535.46183726123));
#2241 = CARTESIAN_POINT('',(52.933996260891,-2.645460931778,
    535.35976134129));
#2242 = CARTESIAN_POINT('',(52.931062081205,-2.703225417247,
    535.2563384879));
#2243 = CARTESIAN_POINT('',(52.928275103248,-2.756837237087,
    535.15171861225));
#2244 = CARTESIAN_POINT('',(52.919096424685,-2.929941112427,
    534.78214309376));
#2245 = CARTESIAN_POINT('',(52.913555953643,-3.027885425214,
    534.51166494011));
#2246 = CARTESIAN_POINT('',(52.909262081027,-3.1008421655,
    534.23663195993));
#2247 = CARTESIAN_POINT('',(52.906356138327,-3.149302353159,
    533.95870630827));
#2248 = CARTESIAN_POINT('',(52.904902343611,-3.173532418777,
    533.67935189197));
#2249 = CARTESIAN_POINT('',(52.904902343611,-3.173532418777,
    533.12190829543));
#2250 = CARTESIAN_POINT('',(52.906343047617,-3.149520469975,
    532.84381380376));
#2251 = CARTESIAN_POINT('',(52.909222851161,-3.101496421734,
    532.56712909337));
#2252 = CARTESIAN_POINT('',(52.913478651627,-3.029198842768,
    532.2932982285));
#2253 = CARTESIAN_POINT('',(52.918971696825,-2.932145344572,
    532.02395878706));
#2254 = CARTESIAN_POINT('',(52.928089832315,-2.760388113752,
    531.65532702565));
#2255 = CARTESIAN_POINT('',(52.930869415079,-2.706988471465,
    531.55060328483));
#2256 = CARTESIAN_POINT('',(52.933797074851,-2.649434957178,
    531.44707100321));
#2257 = CARTESIAN_POINT('',(52.936854898781,-2.58768764456,
    531.34487976563));
#2258 = CARTESIAN_POINT('',(52.940022168178,-2.521705701754,
    531.24419039478));
#2259 = CARTESIAN_POINT('',(52.94759494332,-2.358158435352,
    531.01370228525));
#2260 = CARTESIAN_POINT('',(52.952066789341,-2.257311656647,
    530.88515478781));
#2261 = CARTESIAN_POINT('',(52.956633885348,-2.148844057333,
    530.75999581111));
#2262 = CARTESIAN_POINT('',(52.961229035465,-2.032715848623,
    530.63872076182));
#2263 = CARTESIAN_POINT('',(52.965775406826,-1.908910808272,
    530.52185749239));
#2264 = CARTESIAN_POINT('',(52.978181918197,-1.539178794058,
    530.20719788503));
#2265 = CARTESIAN_POINT('',(52.985769459245,-1.27468670156,
    530.01986774338));
#2266 = CARTESIAN_POINT('',(52.992369471715,-0.985464940961,
    529.85318227066));
#2267 = CARTESIAN_POINT('',(52.997317057745,-0.674140112246,
    529.71163944291));
#2268 = CARTESIAN_POINT('',(53.,-0.344242284597,529.59895244477));
#2269 = CARTESIAN_POINT('',(53.,-3.10862446895E-15,529.51797861529));
#2270 = PCURVE('',#397,#2271);
#2271 = DEFINITIONAL_REPRESENTATION('',(#2272),#2315);
#2272 = B_SPLINE_CURVE_WITH_KNOTS('',6,(#2273,#2274,#2275,#2276,#2277,
    #2278,#2279,#2280,#2281,#2282,#2283,#2284,#2285,#2286,#2287,#2288,
    #2289,#2290,#2291,#2292,#2293,#2294,#2295,#2296,#2297,#2298,#2299,
    #2300,#2301,#2302,#2303,#2304,#2305,#2306,#2307,#2308,#2309,#2310,
    #2311,#2312,#2313,#2314),.UNSPECIFIED.,.F.,.F.,(7,5,5,5,5,5,5,5,7),(
    0.,0.165953010067,0.257875921227,0.327111144685,0.500003792111,
    0.672116501604,0.741377299781,0.833341759495,1.),.UNSPECIFIED.);
#2273 = CARTESIAN_POINT('',(1.814274433509,-2.840790388485));
#2274 = CARTESIAN_POINT('',(1.897885656886,-2.730610136016));
#2275 = CARTESIAN_POINT('',(1.980333135925,-2.627518613464));
#2276 = CARTESIAN_POINT('',(2.061506824128,-2.532468258707));
#2277 = CARTESIAN_POINT('',(2.141241602664,-2.446010083414));
#2278 = CARTESIAN_POINT('',(2.21930326552,-2.368359753043));
#2279 = CARTESIAN_POINT('',(2.3374431697,-2.26128991869));
#2280 = CARTESIAN_POINT('',(2.379032195675,-2.225715897664));
#2281 = CARTESIAN_POINT('',(2.420132372191,-2.192655716568));
#2282 = CARTESIAN_POINT('',(2.460772089491,-2.162031720745));
#2283 = CARTESIAN_POINT('',(2.500976059785,-2.133767694259));
#2284 = CARTESIAN_POINT('',(2.570738342265,-2.088223056169));
#2285 = CARTESIAN_POINT('',(2.600479686788,-2.069950380016));
#2286 = CARTESIAN_POINT('',(2.630008718191,-2.052935770316));
#2287 = CARTESIAN_POINT('',(2.659341778978,-2.037146448143));
#2288 = CARTESIAN_POINT('',(2.688494604193,-2.022552566837));
#2289 = CARTESIAN_POINT('',(2.789869798817,-1.975601716986));
#2290 = CARTESIAN_POINT('',(2.861223640351,-1.949364988416));
#2291 = CARTESIAN_POINT('',(2.931821326456,-1.92997981018));
#2292 = CARTESIAN_POINT('',(3.001916255022,-1.917154518069));
#2293 = CARTESIAN_POINT('',(3.071754680597,-1.910742660751));
#2294 = CARTESIAN_POINT('',(3.211115579731,-1.910742660751));
#2295 = CARTESIAN_POINT('',(3.280639027361,-1.917096802703));
#2296 = CARTESIAN_POINT('',(3.350415453121,-1.929806654349));
#2297 = CARTESIAN_POINT('',(3.420687830549,-1.949016003788));
#2298 = CARTESIAN_POINT('',(3.491706191306,-1.975011298353));
#2299 = CARTESIAN_POINT('',(3.592733354198,-2.021586613569));
#2300 = CARTESIAN_POINT('',(3.621887011589,-2.036119295367));
#2301 = CARTESIAN_POINT('',(3.651220307643,-2.051846976979));
#2302 = CARTESIAN_POINT('',(3.680749013736,-2.068799454521));
#2303 = CARTESIAN_POINT('',(3.710489503572,-2.087009472116));
#2304 = CARTESIAN_POINT('',(3.780251910649,-2.132409129034));
#2305 = CARTESIAN_POINT('',(3.820456483804,-2.160590737926));
#2306 = CARTESIAN_POINT('',(3.861096157395,-2.191131784239));
#2307 = CARTESIAN_POINT('',(3.902195846392,-2.224108687459));
#2308 = CARTESIAN_POINT('',(3.943784128928,-2.259599417409));
#2309 = CARTESIAN_POINT('',(4.062210343645,-2.366697778944));
#2310 = CARTESIAN_POINT('',(4.140579138631,-2.444531104507));
#2311 = CARTESIAN_POINT('',(4.220636518734,-2.531248641925));
#2312 = CARTESIAN_POINT('',(4.302145916425,-2.626635710122));
#2313 = CARTESIAN_POINT('',(4.384940859385,-2.73013733259));
#2314 = CARTESIAN_POINT('',(4.468910873671,-2.840790388485));
#2315 = ( GEOMETRIC_REPRESENTATION_CONTEXT(2) 
PARAMETRIC_REPRESENTATION_CONTEXT() REPRESENTATION_CONTEXT('2D SPACE',''
  ) );
#2316 = PCURVE('',#2192,#2317);
#2317 = DEFINITIONAL_REPRESENTATION('',(#2318),#2361);
#2318 = B_SPLINE_CURVE_WITH_KNOTS('',6,(#2319,#2320,#2321,#2322,#2323,
    #2324,#2325,#2326,#2327,#2328,#2329,#2330,#2331,#2332,#2333,#2334,
    #2335,#2336,#2337,#2338,#2339,#2340,#2341,#2342,#2343,#2344,#2345,
    #2346,#2347,#2348,#2349,#2350,#2351,#2352,#2353,#2354,#2355,#2356,
    #2357,#2358,#2359,#2360),.UNSPECIFIED.,.F.,.F.,(7,5,5,5,5,5,5,5,7),(
    0.,0.165953010067,0.257875921227,0.327111144685,0.500003792111,
    0.672116501604,0.741377299781,0.833341759495,1.),.UNSPECIFIED.);
#2319 = CARTESIAN_POINT('',(6.28318530718,442.2820213847));
#2320 = CARTESIAN_POINT('',(6.276717922454,442.20139354389));
#2321 = CARTESIAN_POINT('',(6.270518779098,442.08932170456));
#2322 = CARTESIAN_POINT('',(6.264666240429,441.94862578648));
#2323 = CARTESIAN_POINT('',(6.259225923383,441.78296979109));
#2324 = CARTESIAN_POINT('',(6.254247018386,441.59679241757));
#2325 = CARTESIAN_POINT('',(6.247271540547,441.28358607963));
#2326 = CARTESIAN_POINT('',(6.24492941311,441.16695332142));
#2327 = CARTESIAN_POINT('',(6.242731853481,441.04589508318));
#2328 = CARTESIAN_POINT('',(6.240678619585,440.92093993709));
#2329 = CARTESIAN_POINT('',(6.238769024398,440.79258422846));
#2330 = CARTESIAN_POINT('',(6.235670988237,440.56240509827));
#2331 = CARTESIAN_POINT('',(6.234420683982,440.46183726123));
#2332 = CARTESIAN_POINT('',(6.233250257664,440.35976134129));
#2333 = CARTESIAN_POINT('',(6.232158957928,440.2563384879));
#2334 = CARTESIAN_POINT('',(6.23114604867,440.15171861225));
#2335 = CARTESIAN_POINT('',(6.22787534961,439.78214309376));
#2336 = CARTESIAN_POINT('',(6.22602439991,439.51166494011));
#2337 = CARTESIAN_POINT('',(6.224645478867,439.23663195993));
#2338 = CARTESIAN_POINT('',(6.223729490611,438.95870630827));
#2339 = CARTESIAN_POINT('',(6.223271498368,438.67935189197));
#2340 = CARTESIAN_POINT('',(6.223271498368,438.12190829543));
#2341 = CARTESIAN_POINT('',(6.223725367817,437.84381380376));
#2342 = CARTESIAN_POINT('',(6.224633112192,437.56712909337));
#2343 = CARTESIAN_POINT('',(6.2259995756,437.2932982285));
#2344 = CARTESIAN_POINT('',(6.227833694053,437.02395878706));
#2345 = CARTESIAN_POINT('',(6.231078959889,436.65532702565));
#2346 = CARTESIAN_POINT('',(6.232087863961,436.55060328483));
#2347 = CARTESIAN_POINT('',(6.233175182011,436.44707100321));
#2348 = CARTESIAN_POINT('',(6.234341651347,436.34487976563));
#2349 = CARTESIAN_POINT('',(6.235588025519,436.24419039478));
#2350 = CARTESIAN_POINT('',(6.238677129192,436.01370228525));
#2351 = CARTESIAN_POINT('',(6.240581764725,435.88515478781));
#2352 = CARTESIAN_POINT('',(6.242630128486,435.75999581111));
#2353 = CARTESIAN_POINT('',(6.244822929368,435.63872076182));
#2354 = CARTESIAN_POINT('',(6.247160436344,435.52185749239));
#2355 = CARTESIAN_POINT('',(6.254140438391,435.20719788503));
#2356 = CARTESIAN_POINT('',(6.259132848982,435.01986774338));
#2357 = CARTESIAN_POINT('',(6.264591134968,434.85318227066));
#2358 = CARTESIAN_POINT('',(6.270465682663,434.71163944291));
#2359 = CARTESIAN_POINT('',(6.276690169734,434.59895244477));
#2360 = CARTESIAN_POINT('',(6.28318530718,434.51797861529));
#2361 = ( GEOMETRIC_REPRESENTATION_CONTEXT(2) 
PARAMETRIC_REPRESENTATION_CONTEXT() REPRESENTATION_CONTEXT('2D SPACE',''
  ) );
#2362 = ORIENTED_EDGE('',*,*,#2363,.T.);
#2363 = EDGE_CURVE('',#2224,#2116,#2364,.T.);
#2364 = SURFACE_CURVE('',#2365,(#2386,#2410),.PCURVE_S1.);
#2365 = B_SPLINE_CURVE_WITH_KNOTS('',7,(#2366,#2367,#2368,#2369,#2370,
    #2371,#2372,#2373,#2374,#2375,#2376,#2377,#2378,#2379,#2380,#2381,
    #2382,#2383,#2384,#2385),.UNSPECIFIED.,.F.,.F.,(8,6,6,8),(0.,
    0.272136856613,0.547654017578,1.),.UNSPECIFIED.);
#2366 = CARTESIAN_POINT('',(53.,3.264949829139E-15,529.51797861529));
#2367 = CARTESIAN_POINT('',(53.,0.32336363279,529.4419159326));
#2368 = CARTESIAN_POINT('',(52.997698304568,0.657253596803,
    529.39347704759));
#2369 = CARTESIAN_POINT('',(52.992825094021,0.9969004238,529.37459182384
    ));
#2370 = CARTESIAN_POINT('',(52.98530032639,1.3370907536,529.38584091232)
  );
#2371 = CARTESIAN_POINT('',(52.975300135351,1.672508287864,
    529.42646802989));
#2372 = CARTESIAN_POINT('',(52.96323952596,1.998058596414,
    529.49438615927));
#2373 = CARTESIAN_POINT('',(52.935934675706,2.624161472794,
    529.67910935572));
#2374 = CARTESIAN_POINT('',(52.920635308069,2.92475670943,
    529.79662946097));
#2375 = CARTESIAN_POINT('',(52.904220778542,3.208901143197,
    529.93611227995));
#2376 = CARTESIAN_POINT('',(52.887184251626,3.47491925278,
    530.09495150107));
#2377 = CARTESIAN_POINT('',(52.870017345127,3.721505305478,
    530.27055762269));
#2378 = CARTESIAN_POINT('',(52.853173415863,3.947713947153,
    530.46035777392));
#2379 = CARTESIAN_POINT('',(52.81055555712,4.489930203311,
    530.99252380331));
#2380 = CARTESIAN_POINT('',(52.785911108713,4.771378857776,
    531.3555917903));
#2381 = CARTESIAN_POINT('',(52.764659433282,4.996539815982,
    531.74241358586));
#2382 = CARTESIAN_POINT('',(52.747973482849,5.165271067557,
    532.14603815983));
#2383 = CARTESIAN_POINT('',(52.736603464857,5.277674101058,
    532.56046715344));
#2384 = CARTESIAN_POINT('',(52.730918076046,5.333880281496,
    532.98021876222));
#2385 = CARTESIAN_POINT('',(52.730918076046,5.333880281496,533.4));
#2386 = PCURVE('',#397,#2387);
#2387 = DEFINITIONAL_REPRESENTATION('',(#2388),#2409);
#2388 = B_SPLINE_CURVE_WITH_KNOTS('',7,(#2389,#2390,#2391,#2392,#2393,
    #2394,#2395,#2396,#2397,#2398,#2399,#2400,#2401,#2402,#2403,#2404,
    #2405,#2406,#2407,#2408),.UNSPECIFIED.,.F.,.F.,(8,6,6,8),(0.,
    0.272136856613,0.547654017578,1.),.UNSPECIFIED.);
#2389 = CARTESIAN_POINT('',(4.468910873671,-2.840790388485));
#2390 = CARTESIAN_POINT('',(4.547788019448,-2.944732221708));
#2391 = CARTESIAN_POINT('',(4.627239017505,-3.054237177964));
#2392 = CARTESIAN_POINT('',(4.706833263632,-3.16802766232));
#2393 = CARTESIAN_POINT('',(4.786183529888,-3.284503689219));
#2394 = CARTESIAN_POINT('',(4.864908742683,-3.401789604282));
#2395 = CARTESIAN_POINT('',(4.942585680039,-3.517854875804));
#2396 = CARTESIAN_POINT('',(5.095738808557,-3.744964834999));
#2397 = CARTESIAN_POINT('',(5.171274229386,-3.856075439314));
#2398 = CARTESIAN_POINT('',(5.245413504396,-3.962954086743));
#2399 = CARTESIAN_POINT('',(5.318235607526,-4.064595206287));
#2400 = CARTESIAN_POINT('',(5.3897928978,-4.160113556213));
#2401 = CARTESIAN_POINT('',(5.460114127612,-4.248775965158));
#2402 = CARTESIAN_POINT('',(5.642621421543,-4.463421803115));
#2403 = CARTESIAN_POINT('',(5.753042074541,-4.577227078837));
#2404 = CARTESIAN_POINT('',(5.861239218311,-4.669726548618));
#2405 = CARTESIAN_POINT('',(5.967806589605,-4.739763861109));
#2406 = CARTESIAN_POINT('',(6.073302206675,-4.786661244705));
#2407 = CARTESIAN_POINT('',(6.178239997735,-4.810111795255));
#2408 = CARTESIAN_POINT('',(6.28318530718,-4.810111795255));
#2409 = ( GEOMETRIC_REPRESENTATION_CONTEXT(2) 
PARAMETRIC_REPRESENTATION_CONTEXT() REPRESENTATION_CONTEXT('2D SPACE',''
  ) );
#2410 = PCURVE('',#2192,#2411);
#2411 = DEFINITIONAL_REPRESENTATION('',(#2412),#2433);
#2412 = B_SPLINE_CURVE_WITH_KNOTS('',7,(#2413,#2414,#2415,#2416,#2417,
    #2418,#2419,#2420,#2421,#2422,#2423,#2424,#2425,#2426,#2427,#2428,
    #2429,#2430,#2431,#2432),.UNSPECIFIED.,.F.,.F.,(8,6,6,8),(0.,
    0.272136856613,0.547654017578,1.),.UNSPECIFIED.);
#2413 = CARTESIAN_POINT('',(0.,434.51797861529));
#2414 = CARTESIAN_POINT('',(6.101200618678E-03,434.4419159326));
#2415 = CARTESIAN_POINT('',(1.240101291014E-02,434.39347704759));
#2416 = CARTESIAN_POINT('',(1.880980873445E-02,434.37459182384));
#2417 = CARTESIAN_POINT('',(2.522972406187E-02,434.38584091232));
#2418 = CARTESIAN_POINT('',(3.156089351546E-02,434.42646802989));
#2419 = CARTESIAN_POINT('',(3.770743556338E-02,434.49438615927));
#2420 = CARTESIAN_POINT('',(4.953192588035E-02,434.67910935572));
#2421 = CARTESIAN_POINT('',(5.521072510411E-02,434.79662946097));
#2422 = CARTESIAN_POINT('',(6.0580688635E-02,434.93611227995));
#2423 = CARTESIAN_POINT('',(6.561002660795E-02,435.09495150107));
#2424 = CARTESIAN_POINT('',(7.0273765673E-02,435.27055762269));
#2425 = CARTESIAN_POINT('',(7.455363273421E-02,435.46035777392));
#2426 = CARTESIAN_POINT('',(8.481568076946E-02,435.99252380331));
#2427 = CARTESIAN_POINT('',(9.014614039468E-02,436.3555917903));
#2428 = CARTESIAN_POINT('',(9.441324220278E-02,436.74241358586));
#2429 = CARTESIAN_POINT('',(9.761237340738E-02,437.14603815983));
#2430 = CARTESIAN_POINT('',(9.974400729999E-02,437.56046715344));
#2431 = CARTESIAN_POINT('',(0.10080991297,437.98021876222));
#2432 = CARTESIAN_POINT('',(0.10080991297,438.4));
#2433 = ( GEOMETRIC_REPRESENTATION_CONTEXT(2) 
PARAMETRIC_REPRESENTATION_CONTEXT() REPRESENTATION_CONTEXT('2D SPACE',''
  ) );
#2434 = ORIENTED_EDGE('',*,*,#2115,.F.);
#2435 = ORIENTED_EDGE('',*,*,#426,.F.);
#2436 = ORIENTED_EDGE('',*,*,#2437,.F.);
#2437 = EDGE_CURVE('',#222,#199,#2438,.T.);
#2438 = SURFACE_CURVE('',#2439,(#2444,#2451),.PCURVE_S1.);
#2439 = CIRCLE('',#2440,4.);
#2440 = AXIS2_PLACEMENT_3D('',#2441,#2442,#2443);
#2441 = CARTESIAN_POINT('',(56.,0.,533.4));
#2442 = DIRECTION('',(0.946930129495,-0.321439465303,0.));
#2443 = DIRECTION('',(0.321439465303,0.946930129495,0.));
#2444 = PCURVE('',#397,#2445);
#2445 = DEFINITIONAL_REPRESENTATION('',(#2446),#2450);
#2446 = LINE('',#2447,#2448);
#2447 = CARTESIAN_POINT('',(0.,0.));
#2448 = VECTOR('',#2449,1.);
#2449 = DIRECTION('',(1.,0.));
#2450 = ( GEOMETRIC_REPRESENTATION_CONTEXT(2) 
PARAMETRIC_REPRESENTATION_CONTEXT() REPRESENTATION_CONTEXT('2D SPACE',''
  ) );
#2451 = PCURVE('',#237,#2452);
#2452 = DEFINITIONAL_REPRESENTATION('',(#2453),#2457);
#2453 = CIRCLE('',#2454,4.);
#2454 = AXIS2_PLACEMENT_2D('',#2455,#2456);
#2455 = CARTESIAN_POINT('',(2.563950248511E-16,-3.49503809816E-16));
#2456 = DIRECTION('',(1.,0.));
#2457 = ( GEOMETRIC_REPRESENTATION_CONTEXT(2) 
PARAMETRIC_REPRESENTATION_CONTEXT() REPRESENTATION_CONTEXT('2D SPACE',''
  ) );
#2458 = ADVANCED_FACE('',(#2459),#287,.T.);
#2459 = FACE_BOUND('',#2460,.T.);
#2460 = EDGE_LOOP('',(#2461,#2462,#2529,#2556));
#2461 = ORIENTED_EDGE('',*,*,#272,.T.);
#2462 = ORIENTED_EDGE('',*,*,#2463,.T.);
#2463 = EDGE_CURVE('',#250,#2464,#2466,.T.);
#2464 = VERTEX_POINT('',#2465);
#2465 = CARTESIAN_POINT('',(5.E-02,0.,762.));
#2466 = SEAM_CURVE('',#2467,(#2515,#2522),.PCURVE_S1.);
#2467 = B_SPLINE_CURVE_WITH_KNOTS('',3,(#2468,#2469,#2470,#2471,#2472,
    #2473,#2474,#2475,#2476,#2477,#2478,#2479,#2480,#2481,#2482,#2483,
    #2484,#2485,#2486,#2487,#2488,#2489,#2490,#2491,#2492,#2493,#2494,
    #2495,#2496,#2497,#2498,#2499,#2500,#2501,#2502,#2503,#2504,#2505,
    #2506,#2507,#2508,#2509,#2510,#2511,#2512,#2513,#2514),
  .UNSPECIFIED.,.F.,.F.,(4,1,1,1,1,1,1,1,1,1,1,1,1,1,1,1,1,1,1,1,1,1,1,1
    ,1,1,1,1,1,1,1,1,1,1,1,1,1,1,1,1,1,1,1,1,4),(0.,4.775475321032,
    9.557261031843,14.344996404491,19.138561875967,23.937881402103,
    28.742906534249,33.553610771144,38.369986656284,43.192044085749,
    48.019809315787,52.853324448703,57.692647286555,62.537851495125,
    67.389027050615,72.246280961363,77.109738272103,81.979543371716,
    86.855861638929,91.738881475234,96.628816791898,101.52591003971,
    106.43043589819,111.34270577764,116.26307333723,121.19194128971,
    126.12976985757,131.07708737895,136.03450375342,141.00272770094,
    145.98258923182,150.9750693809,155.98134029544,161.00282046017,
    166.04125270962,171.09881773662,176.17830517861,181.28338277535,
    186.41904293547,191.59239567202,196.81420913017,202.1023043731,
    207.49062105583,213.06341083393,219.42515605244),.UNSPECIFIED.);
#2468 = CARTESIAN_POINT('',(56.,0.,552.));
#2469 = CARTESIAN_POINT('',(55.973276810579,0.,553.59200061973));
#2470 = CARTESIAN_POINT('',(55.860302090093,0.,556.77588179114));
#2471 = CARTESIAN_POINT('',(55.556303649772,0.,561.54841060642));
#2472 = CARTESIAN_POINT('',(55.176144565368,0.,566.32108727874));
#2473 = CARTESIAN_POINT('',(54.727786766439,0.,571.09377049409));
#2474 = CARTESIAN_POINT('',(54.222293692077,0.,575.86647123763));
#2475 = CARTESIAN_POINT('',(53.665315592538,0.,580.63918186252));
#2476 = CARTESIAN_POINT('',(53.061452361492,0.,585.41190222509));
#2477 = CARTESIAN_POINT('',(52.414034312803,0.,590.18463110267));
#2478 = CARTESIAN_POINT('',(51.725687761724,0.,594.95736806463));
#2479 = CARTESIAN_POINT('',(50.998480777503,0.,599.73011279647));
#2480 = CARTESIAN_POINT('',(50.234071316268,0.,604.50286519711));
#2481 = CARTESIAN_POINT('',(49.433791407441,0.,609.2756253087));
#2482 = CARTESIAN_POINT('',(48.598709713784,0.,614.04839331297));
#2483 = CARTESIAN_POINT('',(47.729674824198,0.,618.82116952328));
#2484 = CARTESIAN_POINT('',(46.827346753946,0.,623.59395438787));
#2485 = CARTESIAN_POINT('',(45.892219644778,0.,628.36674849843));
#2486 = CARTESIAN_POINT('',(44.924638041522,0.,633.13955260532));
#2487 = CARTESIAN_POINT('',(43.924808169392,0.,637.9123676396));
#2488 = CARTESIAN_POINT('',(42.892805171722,0.,642.68519474319));
#2489 = CARTESIAN_POINT('',(41.828576903942,0.,647.45803530898));
#2490 = CARTESIAN_POINT('',(40.7319446247,0.,652.23089103362));
#2491 = CARTESIAN_POINT('',(39.602600718196,0.,657.00376398701));
#2492 = CARTESIAN_POINT('',(38.440103400281,0.,661.7766567041));
#2493 = CARTESIAN_POINT('',(37.243868181138,0.,666.54957230704));
#2494 = CARTESIAN_POINT('',(36.013155659393,0.,671.32251466953));
#2495 = CARTESIAN_POINT('',(34.74705498309,0.,676.0954886406));
#2496 = CARTESIAN_POINT('',(33.444462002947,0.,680.86850035388));
#2497 = CARTESIAN_POINT('',(32.104050719058,0.,685.64155766177));
#2498 = CARTESIAN_POINT('',(30.724236023224,0.,690.41467075859));
#2499 = CARTESIAN_POINT('',(29.303124847164,0.,695.1878530859));
#2500 = CARTESIAN_POINT('',(27.83845152665,0.,699.9611227111));
#2501 = CARTESIAN_POINT('',(26.327490980808,0.,704.73450436716));
#2502 = CARTESIAN_POINT('',(24.766940442849,0.,709.50803301187));
#2503 = CARTESIAN_POINT('',(23.152753058557,0.,714.28175850205));
#2504 = CARTESIAN_POINT('',(21.479903789878,0.,719.05575820894));
#2505 = CARTESIAN_POINT('',(19.742024562373,0.,723.83014253575));
#2506 = CARTESIAN_POINT('',(17.930907733477,0.,728.60513237291));
#2507 = CARTESIAN_POINT('',(16.03544205795,0.,733.38096341989));
#2508 = CARTESIAN_POINT('',(14.040748437807,0.,738.15867420256));
#2509 = CARTESIAN_POINT('',(11.922700452663,0.,742.93818467344));
#2510 = CARTESIAN_POINT('',(9.651211086714,0.,747.72870377045));
#2511 = CARTESIAN_POINT('',(7.135729514898,0.,752.52146086576));
#2512 = CARTESIAN_POINT('',(4.251246131945,0.,757.54911749602));
#2513 = CARTESIAN_POINT('',(1.684608464793,0.,760.58700277971));
#2514 = CARTESIAN_POINT('',(5.E-02,0.,762.));
#2515 = PCURVE('',#287,#2516);
#2516 = DEFINITIONAL_REPRESENTATION('',(#2517),#2521);
#2517 = LINE('',#2518,#2519);
#2518 = CARTESIAN_POINT('',(0.,0.));
#2519 = VECTOR('',#2520,1.);
#2520 = DIRECTION('',(0.,1.));
#2521 = ( GEOMETRIC_REPRESENTATION_CONTEXT(2) 
PARAMETRIC_REPRESENTATION_CONTEXT() REPRESENTATION_CONTEXT('2D SPACE',''
  ) );
#2522 = PCURVE('',#287,#2523);
#2523 = DEFINITIONAL_REPRESENTATION('',(#2524),#2528);
#2524 = LINE('',#2525,#2526);
#2525 = CARTESIAN_POINT('',(6.28318530718,0.));
#2526 = VECTOR('',#2527,1.);
#2527 = DIRECTION('',(0.,1.));
#2528 = ( GEOMETRIC_REPRESENTATION_CONTEXT(2) 
PARAMETRIC_REPRESENTATION_CONTEXT() REPRESENTATION_CONTEXT('2D SPACE',''
  ) );
#2529 = ORIENTED_EDGE('',*,*,#2530,.F.);
#2530 = EDGE_CURVE('',#2464,#2464,#2531,.T.);
#2531 = SURFACE_CURVE('',#2532,(#2537,#2544),.PCURVE_S1.);
#2532 = CIRCLE('',#2533,5.E-02);
#2533 = AXIS2_PLACEMENT_3D('',#2534,#2535,#2536);
#2534 = CARTESIAN_POINT('',(0.,0.,762.));
#2535 = DIRECTION('',(0.,0.,1.));
#2536 = DIRECTION('',(1.,0.,0.));
#2537 = PCURVE('',#287,#2538);
#2538 = DEFINITIONAL_REPRESENTATION('',(#2539),#2543);
#2539 = LINE('',#2540,#2541);
#2540 = CARTESIAN_POINT('',(0.,219.42515605244));
#2541 = VECTOR('',#2542,1.);
#2542 = DIRECTION('',(1.,0.));
#2543 = ( GEOMETRIC_REPRESENTATION_CONTEXT(2) 
PARAMETRIC_REPRESENTATION_CONTEXT() REPRESENTATION_CONTEXT('2D SPACE',''
  ) );
#2544 = PCURVE('',#2545,#2550);
#2545 = PLANE('',#2546);
#2546 = AXIS2_PLACEMENT_3D('',#2547,#2548,#2549);
#2547 = CARTESIAN_POINT('',(0.,0.,762.));
#2548 = DIRECTION('',(0.,0.,1.));
#2549 = DIRECTION('',(1.,0.,0.));
#2550 = DEFINITIONAL_REPRESENTATION('',(#2551),#2555);
#2551 = CIRCLE('',#2552,5.E-02);
#2552 = AXIS2_PLACEMENT_2D('',#2553,#2554);
#2553 = CARTESIAN_POINT('',(0.,0.));
#2554 = DIRECTION('',(1.,0.));
#2555 = ( GEOMETRIC_REPRESENTATION_CONTEXT(2) 
PARAMETRIC_REPRESENTATION_CONTEXT() REPRESENTATION_CONTEXT('2D SPACE',''
  ) );
#2556 = ORIENTED_EDGE('',*,*,#2463,.F.);
#2557 = ADVANCED_FACE('',(#2558),#237,.F.);
#2558 = FACE_BOUND('',#2559,.F.);
#2559 = EDGE_LOOP('',(#2560,#2561));
#2560 = ORIENTED_EDGE('',*,*,#221,.T.);
#2561 = ORIENTED_EDGE('',*,*,#2437,.T.);
#2562 = ADVANCED_FACE('',(#2563),#657,.F.);
#2563 = FACE_BOUND('',#2564,.F.);
#2564 = EDGE_LOOP('',(#2565,#2711,#2732,#2733));
#2565 = ORIENTED_EDGE('',*,*,#2566,.F.);
#2566 = EDGE_CURVE('',#2567,#2567,#2569,.T.);
#2567 = VERTEX_POINT('',#2568);
#2568 = CARTESIAN_POINT('',(-29.6887314073,-43.90420512234,533.4));
#2569 = SURFACE_CURVE('',#2570,(#2615,#2663),.PCURVE_S1.);
#2570 = B_SPLINE_CURVE_WITH_KNOTS('',8,(#2571,#2572,#2573,#2574,#2575,
    #2576,#2577,#2578,#2579,#2580,#2581,#2582,#2583,#2584,#2585,#2586,
    #2587,#2588,#2589,#2590,#2591,#2592,#2593,#2594,#2595,#2596,#2597,
    #2598,#2599,#2600,#2601,#2602,#2603,#2604,#2605,#2606,#2607,#2608,
    #2609,#2610,#2611,#2612,#2613,#2614),.UNSPECIFIED.,.T.,.F.,(9,7,7,7,
    7,7,9),(0.,0.180420981601,0.326887672616,0.500000000102,
    0.673112327589,0.819579018417,1.),.UNSPECIFIED.);
#2571 = CARTESIAN_POINT('',(-29.6887314073,-43.90420512234,533.4));
#2572 = CARTESIAN_POINT('',(-29.6887314073,-43.90420512234,
    532.88876385623));
#2573 = CARTESIAN_POINT('',(-29.75286866029,-43.86083478376,
    532.37493939347));
#2574 = CARTESIAN_POINT('',(-29.88228341125,-43.773320678,
    531.86695919694));
#2575 = CARTESIAN_POINT('',(-30.07867086315,-43.63976081021,
    531.37434702672));
#2576 = CARTESIAN_POINT('',(-30.34364153753,-43.45744664636,
    530.90853149995));
#2577 = CARTESIAN_POINT('',(-30.67795391912,-43.2232734189,
    530.48388051394));
#2578 = CARTESIAN_POINT('',(-31.08090716398,-42.93385013309,
    530.11816664655));
#2579 = CARTESIAN_POINT('',(-31.92765816938,-42.30659024291,
    529.60688836688));
#2580 = CARTESIAN_POINT('',(-32.3442030951,-41.99203785713,
    529.43604397735));
#2581 = CARTESIAN_POINT('',(-32.78485680522,-41.65143473708,
    529.33915420969));
#2582 = CARTESIAN_POINT('',(-33.23325362005,-41.29542920329,
    529.32436444552));
#2583 = CARTESIAN_POINT('',(-33.67214828829,-40.93702376879,
    529.39235101124));
#2584 = CARTESIAN_POINT('',(-34.08565725473,-40.59061509566,
    529.53643148864));
#2585 = CARTESIAN_POINT('',(-34.46084260745,-40.26958937334,
    529.74258514475));
#2586 = CARTESIAN_POINT('',(-35.17740569198,-39.64612025569,
    530.28120195727));
#2587 = CARTESIAN_POINT('',(-35.51016245167,-39.34902772203,
    530.63729914065));
#2588 = CARTESIAN_POINT('',(-35.78612544541,-39.09730851305,
    531.04142347956));
#2589 = CARTESIAN_POINT('',(-36.00557681973,-38.8939203169,
    531.48092387136));
#2590 = CARTESIAN_POINT('',(-36.16924392735,-38.74062282259,
    531.94523377471));
#2591 = CARTESIAN_POINT('',(-36.27791862961,-38.63829946381,
    532.4252290967));
#2592 = CARTESIAN_POINT('',(-36.33220077895,-38.58718940993,
    532.91275825913));
#2593 = CARTESIAN_POINT('',(-36.33220077895,-38.58718940993,
    533.88724174086));
#2594 = CARTESIAN_POINT('',(-36.27791862961,-38.6382994638,
    534.37477090329));
#2595 = CARTESIAN_POINT('',(-36.16924392734,-38.74062282259,
    534.85476622528));
#2596 = CARTESIAN_POINT('',(-36.00557681974,-38.89392031689,
    535.31907612862));
#2597 = CARTESIAN_POINT('',(-35.7861254454,-39.09730851306,
    535.75857652044));
#2598 = CARTESIAN_POINT('',(-35.51016245168,-39.34902772202,
    536.16270085933));
#2599 = CARTESIAN_POINT('',(-35.17740569197,-39.6461202557,
    536.51879804272));
#2600 = CARTESIAN_POINT('',(-34.46084260786,-40.26958937298,
    537.05741485493));
#2601 = CARTESIAN_POINT('',(-34.08565725451,-40.59061509586,
    537.2635685117));
#2602 = CARTESIAN_POINT('',(-33.67214828778,-40.93702376922,
    537.40764898881));
#2603 = CARTESIAN_POINT('',(-33.23325362004,-41.29542920325,
    537.4756355542));
#2604 = CARTESIAN_POINT('',(-32.78485680575,-41.65143473667,
    537.46084579031));
#2605 = CARTESIAN_POINT('',(-32.34420309533,-41.99203785697,
    537.36395602298));
#2606 = CARTESIAN_POINT('',(-31.92765816893,-42.30659024324,
    537.19311163283));
#2607 = CARTESIAN_POINT('',(-31.08090716399,-42.93385013308,
    536.68183335345));
#2608 = CARTESIAN_POINT('',(-30.67795391909,-43.22327341893,
    536.31611948604));
#2609 = CARTESIAN_POINT('',(-30.34364153757,-43.45744664633,
    535.89146850005));
#2610 = CARTESIAN_POINT('',(-30.07867086312,-43.63976081024,
    535.42565297331));
#2611 = CARTESIAN_POINT('',(-29.88228341126,-43.77332067799,
    534.93304080299));
#2612 = CARTESIAN_POINT('',(-29.75286866028,-43.86083478376,
    534.42506060656));
#2613 = CARTESIAN_POINT('',(-29.6887314073,-43.90420512234,
    533.91123614375));
#2614 = CARTESIAN_POINT('',(-29.6887314073,-43.90420512234,533.4));
#2615 = PCURVE('',#657,#2616);
#2616 = DEFINITIONAL_REPRESENTATION('',(#2617),#2662);
#2617 = B_SPLINE_CURVE_WITH_KNOTS('',8,(#2618,#2619,#2620,#2621,#2622,
    #2623,#2624,#2625,#2626,#2627,#2628,#2629,#2630,#2631,#2632,#2633,
    #2634,#2635,#2636,#2637,#2638,#2639,#2640,#2641,#2642,#2643,#2644,
    #2645,#2646,#2647,#2648,#2649,#2650,#2651,#2652,#2653,#2654,#2655,
    #2656,#2657,#2658,#2659,#2660,#2661),.UNSPECIFIED.,.F.,.F.,(9,7,7,7,
    7,7,9),(0.,0.180420981601,0.326887672616,0.500000000102,
    0.673112327589,0.819579018417,1.),.UNSPECIFIED.);
#2618 = CARTESIAN_POINT('',(0.,-104.1454318427));
#2619 = CARTESIAN_POINT('',(0.127809035943,-104.1454318427));
#2620 = CARTESIAN_POINT('',(0.256265762686,-104.1249794066));
#2621 = CARTESIAN_POINT('',(0.386438746523,-104.0837086715));
#2622 = CARTESIAN_POINT('',(0.519280997586,-104.0203634861));
#2623 = CARTESIAN_POINT('',(0.65574182662,-103.9328967432));
#2624 = CARTESIAN_POINT('',(0.796935162825,-103.8186122518));
#2625 = CARTESIAN_POINT('',(0.944161697202,-103.6740736979));
#2626 = CARTESIAN_POINT('',(1.225708491658,-103.3522815992));
#2627 = CARTESIAN_POINT('',(1.355483476076,-103.188316446));
#2628 = CARTESIAN_POINT('',(1.486872401291,-103.0074325824));
#2629 = CARTESIAN_POINT('',(1.618542444448,-102.8144526486));
#2630 = CARTESIAN_POINT('',(1.749276351863,-102.6161458116));
#2631 = CARTESIAN_POINT('',(1.877807376995,-102.421039103));
#2632 = CARTESIAN_POINT('',(2.002462660345,-102.2376495533));
#2633 = CARTESIAN_POINT('',(2.260174761822,-101.8775995158));
#2634 = CARTESIAN_POINT('',(2.394212432082,-101.7032347993));
#2635 = CARTESIAN_POINT('',(2.524094882305,-101.5535796933));
#2636 = CARTESIAN_POINT('',(2.650790819413,-101.4315256148));
#2637 = CARTESIAN_POINT('',(2.775148099256,-101.3389726662));
#2638 = CARTESIAN_POINT('',(2.897899679967,-101.277011933));
#2639 = CARTESIAN_POINT('',(3.019782218373,-101.2460627081));
#2640 = CARTESIAN_POINT('',(3.263403088806,-101.2460627081));
#2641 = CARTESIAN_POINT('',(3.385285627213,-101.277011933));
#2642 = CARTESIAN_POINT('',(3.508037207926,-101.3389726662));
#2643 = CARTESIAN_POINT('',(3.632394487761,-101.4315256148));
#2644 = CARTESIAN_POINT('',(3.75909042488,-101.5535796933));
#2645 = CARTESIAN_POINT('',(3.888972875094,-101.7032347993));
#2646 = CARTESIAN_POINT('',(4.023010545358,-101.8775995158));
#2647 = CARTESIAN_POINT('',(4.280722646683,-102.2376495531));
#2648 = CARTESIAN_POINT('',(4.405377930288,-102.4210391031));
#2649 = CARTESIAN_POINT('',(4.533908955449,-102.6161458118));
#2650 = CARTESIAN_POINT('',(4.664642862724,-102.8144526486));
#2651 = CARTESIAN_POINT('',(4.796312905759,-103.0074325822));
#2652 = CARTESIAN_POINT('',(4.927701831006,-103.188316446));
#2653 = CARTESIAN_POINT('',(5.057476815673,-103.3522815994));
#2654 = CARTESIAN_POINT('',(5.339023609975,-103.6740736979));
#2655 = CARTESIAN_POINT('',(5.486250144364,-103.8186122518));
#2656 = CARTESIAN_POINT('',(5.627443480549,-103.9328967432));
#2657 = CARTESIAN_POINT('',(5.763904309596,-104.0203634861));
#2658 = CARTESIAN_POINT('',(5.896746560666,-104.0837086715));
#2659 = CARTESIAN_POINT('',(6.026919544485,-104.1249794066));
#2660 = CARTESIAN_POINT('',(6.15537627124,-104.1454318427));
#2661 = CARTESIAN_POINT('',(6.28318530718,-104.1454318427));
#2662 = ( GEOMETRIC_REPRESENTATION_CONTEXT(2) 
PARAMETRIC_REPRESENTATION_CONTEXT() REPRESENTATION_CONTEXT('2D SPACE',''
  ) );
#2663 = PCURVE('',#2192,#2664);
#2664 = DEFINITIONAL_REPRESENTATION('',(#2665),#2710);
#2665 = B_SPLINE_CURVE_WITH_KNOTS('',8,(#2666,#2667,#2668,#2669,#2670,
    #2671,#2672,#2673,#2674,#2675,#2676,#2677,#2678,#2679,#2680,#2681,
    #2682,#2683,#2684,#2685,#2686,#2687,#2688,#2689,#2690,#2691,#2692,
    #2693,#2694,#2695,#2696,#2697,#2698,#2699,#2700,#2701,#2702,#2703,
    #2704,#2705,#2706,#2707,#2708,#2709),.UNSPECIFIED.,.T.,.F.,(9,7,7,7,
    7,7,9),(0.,0.180420981601,0.326887672616,0.500000000102,
    0.673112327589,0.819579018417,1.),.UNSPECIFIED.);
#2666 = CARTESIAN_POINT('',(4.117804319698,438.4));
#2667 = CARTESIAN_POINT('',(4.117804319698,437.88876385623));
#2668 = CARTESIAN_POINT('',(4.116343478569,437.37493939347));
#2669 = CARTESIAN_POINT('',(4.11339579253,436.86695919694));
#2670 = CARTESIAN_POINT('',(4.108914691273,436.37434702672));
#2671 = CARTESIAN_POINT('',(4.102846306607,435.90853149995));
#2672 = CARTESIAN_POINT('',(4.095145698511,435.48388051394));
#2673 = CARTESIAN_POINT('',(4.08578591671,435.11816664655));
#2674 = CARTESIAN_POINT('',(4.065903365204,434.60688836688));
#2675 = CARTESIAN_POINT('',(4.05605529168,434.43604397735));
#2676 = CARTESIAN_POINT('',(4.045548024268,434.3391542097));
#2677 = CARTESIAN_POINT('',(4.034747338011,434.32436444551));
#2678 = CARTESIAN_POINT('',(4.02405776779,434.39235101124));
#2679 = CARTESIAN_POINT('',(4.01388069535,434.53643148864));
#2680 = CARTESIAN_POINT('',(4.004564358531,434.74258514475));
#2681 = CARTESIAN_POINT('',(3.986643044075,435.28120195727));
#2682 = CARTESIAN_POINT('',(3.978227052203,435.63729914065));
#2683 = CARTESIAN_POINT('',(3.971180022485,436.04142347956));
#2684 = CARTESIAN_POINT('',(3.965534744675,436.48092387136));
#2685 = CARTESIAN_POINT('',(3.961303675468,436.94523377471));
#2686 = CARTESIAN_POINT('',(3.958487338895,437.4252290967));
#2687 = CARTESIAN_POINT('',(3.957080597917,437.91275825913));
#2688 = CARTESIAN_POINT('',(3.957080597917,438.88724174086));
#2689 = CARTESIAN_POINT('',(3.958487338895,439.37477090329));
#2690 = CARTESIAN_POINT('',(3.961303675468,439.85476622528));
#2691 = CARTESIAN_POINT('',(3.965534744674,440.31907612863));
#2692 = CARTESIAN_POINT('',(3.971180022485,440.75857652044));
#2693 = CARTESIAN_POINT('',(3.978227052203,441.16270085933));
#2694 = CARTESIAN_POINT('',(3.986643044075,441.51879804272));
#2695 = CARTESIAN_POINT('',(4.004564358521,442.05741485493));
#2696 = CARTESIAN_POINT('',(4.013880695355,442.2635685117));
#2697 = CARTESIAN_POINT('',(4.024057767803,442.40764898882));
#2698 = CARTESIAN_POINT('',(4.03474733801,442.4756355542));
#2699 = CARTESIAN_POINT('',(4.045548024255,442.46084579031));
#2700 = CARTESIAN_POINT('',(4.056055291675,442.36395602298));
#2701 = CARTESIAN_POINT('',(4.065903365214,442.19311163283));
#2702 = CARTESIAN_POINT('',(4.08578591671,441.68183335345));
#2703 = CARTESIAN_POINT('',(4.095145698512,441.31611948604));
#2704 = CARTESIAN_POINT('',(4.102846306605,440.89146850004));
#2705 = CARTESIAN_POINT('',(4.108914691274,440.42565297331));
#2706 = CARTESIAN_POINT('',(4.11339579253,439.93304080299));
#2707 = CARTESIAN_POINT('',(4.116343478569,439.42506060656));
#2708 = CARTESIAN_POINT('',(4.117804319698,438.91123614375));
#2709 = CARTESIAN_POINT('',(4.117804319698,438.4));
#2710 = ( GEOMETRIC_REPRESENTATION_CONTEXT(2) 
PARAMETRIC_REPRESENTATION_CONTEXT() REPRESENTATION_CONTEXT('2D SPACE',''
  ) );
#2711 = ORIENTED_EDGE('',*,*,#2712,.T.);
#2712 = EDGE_CURVE('',#2567,#490,#2713,.T.);
#2713 = SEAM_CURVE('',#2714,(#2718,#2725),.PCURVE_S1.);
#2714 = LINE('',#2715,#2716);
#2715 = CARTESIAN_POINT('',(3.78772051798,54.714242138787,533.4));
#2716 = VECTOR('',#2717,1.);
#2717 = DIRECTION('',(-0.321439465303,-0.946930129495,-0.));
#2718 = PCURVE('',#657,#2719);
#2719 = DEFINITIONAL_REPRESENTATION('',(#2720),#2724);
#2720 = LINE('',#2721,#2722);
#2721 = CARTESIAN_POINT('',(6.28318530718,0.));
#2722 = VECTOR('',#2723,1.);
#2723 = DIRECTION('',(0.,-1.));
#2724 = ( GEOMETRIC_REPRESENTATION_CONTEXT(2) 
PARAMETRIC_REPRESENTATION_CONTEXT() REPRESENTATION_CONTEXT('2D SPACE',''
  ) );
#2725 = PCURVE('',#657,#2726);
#2726 = DEFINITIONAL_REPRESENTATION('',(#2727),#2731);
#2727 = LINE('',#2728,#2729);
#2728 = CARTESIAN_POINT('',(0.,0.));
#2729 = VECTOR('',#2730,1.);
#2730 = DIRECTION('',(0.,-1.));
#2731 = ( GEOMETRIC_REPRESENTATION_CONTEXT(2) 
PARAMETRIC_REPRESENTATION_CONTEXT() REPRESENTATION_CONTEXT('2D SPACE',''
  ) );
#2732 = ORIENTED_EDGE('',*,*,#489,.T.);
#2733 = ORIENTED_EDGE('',*,*,#2712,.F.);
#2734 = ADVANCED_FACE('',(#2735),#915,.F.);
#2735 = FACE_BOUND('',#2736,.F.);
#2736 = EDGE_LOOP('',(#2737,#2883,#2904,#2905));
#2737 = ORIENTED_EDGE('',*,*,#2738,.F.);
#2738 = EDGE_CURVE('',#2739,#2739,#2741,.T.);
#2739 = VERTEX_POINT('',#2740);
#2740 = CARTESIAN_POINT('',(29.688731407304,43.904205122345,533.4));
#2741 = SURFACE_CURVE('',#2742,(#2787,#2835),.PCURVE_S1.);
#2742 = B_SPLINE_CURVE_WITH_KNOTS('',8,(#2743,#2744,#2745,#2746,#2747,
    #2748,#2749,#2750,#2751,#2752,#2753,#2754,#2755,#2756,#2757,#2758,
    #2759,#2760,#2761,#2762,#2763,#2764,#2765,#2766,#2767,#2768,#2769,
    #2770,#2771,#2772,#2773,#2774,#2775,#2776,#2777,#2778,#2779,#2780,
    #2781,#2782,#2783,#2784,#2785,#2786),.UNSPECIFIED.,.T.,.F.,(9,7,7,7,
    7,7,9),(0.,0.180420981623,0.32688767248,0.500000000002,
    0.673112327523,0.819579018381,1.),.UNSPECIFIED.);
#2743 = CARTESIAN_POINT('',(29.688731407304,43.904205122345,533.4));
#2744 = CARTESIAN_POINT('',(29.688731407304,43.904205122345,
    532.88876385623));
#2745 = CARTESIAN_POINT('',(29.752868660291,43.860834783762,
    532.37493939347));
#2746 = CARTESIAN_POINT('',(29.882283411252,43.773320678009,
    531.86695919695));
#2747 = CARTESIAN_POINT('',(30.078670863155,43.639760810219,
    531.37434702672));
#2748 = CARTESIAN_POINT('',(30.34364153753,43.457446646366,
    530.90853149995));
#2749 = CARTESIAN_POINT('',(30.677953919127,43.223273418908,
    530.48388051394));
#2750 = CARTESIAN_POINT('',(31.080907163989,42.933850133096,
    530.11816664655));
#2751 = CARTESIAN_POINT('',(31.927658168936,42.306590243245,
    529.60688836716));
#2752 = CARTESIAN_POINT('',(32.344203095334,41.992037856978,
    529.43604397702));
#2753 = CARTESIAN_POINT('',(32.784856805751,41.651434736678,
    529.33915420968));
#2754 = CARTESIAN_POINT('',(33.233253620044,41.295429203257,
    529.32436444578));
#2755 = CARTESIAN_POINT('',(33.672148287788,40.937023769219,
    529.39235101118));
#2756 = CARTESIAN_POINT('',(34.085657254518,40.590615095866,
    529.53643148829));
#2757 = CARTESIAN_POINT('',(34.460842607868,40.269589372982,
    529.74258514506));
#2758 = CARTESIAN_POINT('',(35.177405691981,39.646120255698,
    530.28120195727));
#2759 = CARTESIAN_POINT('',(35.510162451675,39.349027722035,
    530.63729914065));
#2760 = CARTESIAN_POINT('',(35.786125445421,39.097308513049,
    531.04142347956));
#2761 = CARTESIAN_POINT('',(36.005576819732,38.893920316909,
    531.48092387136));
#2762 = CARTESIAN_POINT('',(36.169243927357,38.740622822591,
    531.94523377471));
#2763 = CARTESIAN_POINT('',(36.277918629616,38.63829946381,
    532.4252290967));
#2764 = CARTESIAN_POINT('',(36.332200778954,38.58718940993,
    532.91275825913));
#2765 = CARTESIAN_POINT('',(36.332200778954,38.58718940993,
    533.88724174086));
#2766 = CARTESIAN_POINT('',(36.277918629617,38.63829946381,
    534.3747709033));
#2767 = CARTESIAN_POINT('',(36.169243927352,38.740622822595,
    534.85476622528));
#2768 = CARTESIAN_POINT('',(36.005576819741,38.893920316901,
    535.31907612863));
#2769 = CARTESIAN_POINT('',(35.786125445411,39.097308513058,
    535.75857652043));
#2770 = CARTESIAN_POINT('',(35.510162451682,39.349027722029,
    536.16270085934));
#2771 = CARTESIAN_POINT('',(35.177405691979,39.6461202557,
    536.51879804272));
#2772 = CARTESIAN_POINT('',(34.46084260787,40.269589372981,
    537.05741485493));
#2773 = CARTESIAN_POINT('',(34.085657254517,40.590615095867,
    537.2635685117));
#2774 = CARTESIAN_POINT('',(33.672148287787,40.93702376922,
    537.40764898881));
#2775 = CARTESIAN_POINT('',(33.233253620042,41.295429203258,
    537.4756355542));
#2776 = CARTESIAN_POINT('',(32.784856805755,41.651434736676,
    537.46084579031));
#2777 = CARTESIAN_POINT('',(32.344203095334,41.992037856979,
    537.36395602297));
#2778 = CARTESIAN_POINT('',(31.927658168934,42.306590243246,
    537.19311163283));
#2779 = CARTESIAN_POINT('',(31.080907163998,42.933850133089,
    536.68183335345));
#2780 = CARTESIAN_POINT('',(30.677953919099,43.22327341893,
    536.31611948604));
#2781 = CARTESIAN_POINT('',(30.343641537571,43.457446646335,
    535.89146850004));
#2782 = CARTESIAN_POINT('',(30.078670863125,43.639760810245,
    535.42565297331));
#2783 = CARTESIAN_POINT('',(29.882283411264,43.773320677998,
    534.93304080299));
#2784 = CARTESIAN_POINT('',(29.752868660289,43.860834783764,
    534.42506060656));
#2785 = CARTESIAN_POINT('',(29.688731407304,43.904205122345,
    533.91123614375));
#2786 = CARTESIAN_POINT('',(29.688731407304,43.904205122345,533.4));
#2787 = PCURVE('',#915,#2788);
#2788 = DEFINITIONAL_REPRESENTATION('',(#2789),#2834);
#2789 = B_SPLINE_CURVE_WITH_KNOTS('',8,(#2790,#2791,#2792,#2793,#2794,
    #2795,#2796,#2797,#2798,#2799,#2800,#2801,#2802,#2803,#2804,#2805,
    #2806,#2807,#2808,#2809,#2810,#2811,#2812,#2813,#2814,#2815,#2816,
    #2817,#2818,#2819,#2820,#2821,#2822,#2823,#2824,#2825,#2826,#2827,
    #2828,#2829,#2830,#2831,#2832,#2833),.UNSPECIFIED.,.F.,.F.,(9,7,7,7,
    7,7,9),(0.,0.180420981623,0.32688767248,0.500000000002,
    0.673112327523,0.819579018381,1.),.UNSPECIFIED.);
#2790 = CARTESIAN_POINT('',(0.,-104.1454318427));
#2791 = CARTESIAN_POINT('',(0.127809035942,-104.1454318427));
#2792 = CARTESIAN_POINT('',(0.256265762687,-104.1249794066));
#2793 = CARTESIAN_POINT('',(0.386438746522,-104.0837086715));
#2794 = CARTESIAN_POINT('',(0.519280997585,-104.0203634861));
#2795 = CARTESIAN_POINT('',(0.65574182662,-103.9328967432));
#2796 = CARTESIAN_POINT('',(0.796935162825,-103.8186122518));
#2797 = CARTESIAN_POINT('',(0.944161697202,-103.6740736979));
#2798 = CARTESIAN_POINT('',(1.225708491508,-103.3522815994));
#2799 = CARTESIAN_POINT('',(1.355483476173,-103.188316446));
#2800 = CARTESIAN_POINT('',(1.486872401422,-103.0074325822));
#2801 = CARTESIAN_POINT('',(1.618542444452,-102.8144526486));
#2802 = CARTESIAN_POINT('',(1.749276351734,-102.6161458118));
#2803 = CARTESIAN_POINT('',(1.877807376891,-102.4210391031));
#2804 = CARTESIAN_POINT('',(2.002462660496,-102.2376495531));
#2805 = CARTESIAN_POINT('',(2.260174761822,-101.8775995158));
#2806 = CARTESIAN_POINT('',(2.394212432082,-101.7032347993));
#2807 = CARTESIAN_POINT('',(2.524094882305,-101.5535796933));
#2808 = CARTESIAN_POINT('',(2.650790819413,-101.4315256148));
#2809 = CARTESIAN_POINT('',(2.775148099256,-101.3389726662));
#2810 = CARTESIAN_POINT('',(2.897899679967,-101.277011933));
#2811 = CARTESIAN_POINT('',(3.019782218374,-101.2460627081));
#2812 = CARTESIAN_POINT('',(3.263403088806,-101.2460627081));
#2813 = CARTESIAN_POINT('',(3.385285627214,-101.277011933));
#2814 = CARTESIAN_POINT('',(3.508037207925,-101.3389726662));
#2815 = CARTESIAN_POINT('',(3.632394487762,-101.4315256148));
#2816 = CARTESIAN_POINT('',(3.759090424879,-101.5535796933));
#2817 = CARTESIAN_POINT('',(3.888972875095,-101.7032347993));
#2818 = CARTESIAN_POINT('',(4.023010545358,-101.8775995158));
#2819 = CARTESIAN_POINT('',(4.280722646683,-102.2376495531));
#2820 = CARTESIAN_POINT('',(4.405377930289,-102.4210391031));
#2821 = CARTESIAN_POINT('',(4.533908955448,-102.6161458118));
#2822 = CARTESIAN_POINT('',(4.664642862725,-102.8144526486));
#2823 = CARTESIAN_POINT('',(4.796312905758,-103.0074325822));
#2824 = CARTESIAN_POINT('',(4.927701831006,-103.188316446));
#2825 = CARTESIAN_POINT('',(5.057476815672,-103.3522815994));
#2826 = CARTESIAN_POINT('',(5.339023609975,-103.6740736979));
#2827 = CARTESIAN_POINT('',(5.486250144363,-103.8186122518));
#2828 = CARTESIAN_POINT('',(5.62744348055,-103.9328967432));
#2829 = CARTESIAN_POINT('',(5.763904309594,-104.0203634861));
#2830 = CARTESIAN_POINT('',(5.896746560666,-104.0837086715));
#2831 = CARTESIAN_POINT('',(6.026919544485,-104.1249794066));
#2832 = CARTESIAN_POINT('',(6.15537627124,-104.1454318427));
#2833 = CARTESIAN_POINT('',(6.28318530718,-104.1454318427));
#2834 = ( GEOMETRIC_REPRESENTATION_CONTEXT(2) 
PARAMETRIC_REPRESENTATION_CONTEXT() REPRESENTATION_CONTEXT('2D SPACE',''
  ) );
#2835 = PCURVE('',#2192,#2836);
#2836 = DEFINITIONAL_REPRESENTATION('',(#2837),#2882);
#2837 = B_SPLINE_CURVE_WITH_KNOTS('',8,(#2838,#2839,#2840,#2841,#2842,
    #2843,#2844,#2845,#2846,#2847,#2848,#2849,#2850,#2851,#2852,#2853,
    #2854,#2855,#2856,#2857,#2858,#2859,#2860,#2861,#2862,#2863,#2864,
    #2865,#2866,#2867,#2868,#2869,#2870,#2871,#2872,#2873,#2874,#2875,
    #2876,#2877,#2878,#2879,#2880,#2881),.UNSPECIFIED.,.T.,.F.,(9,7,7,7,
    7,7,9),(0.,0.180420981623,0.32688767248,0.500000000002,
    0.673112327523,0.819579018381,1.),.UNSPECIFIED.);
#2838 = CARTESIAN_POINT('',(0.976211666108,438.4));
#2839 = CARTESIAN_POINT('',(0.976211666108,437.88876385623));
#2840 = CARTESIAN_POINT('',(0.974750824979,437.37493939347));
#2841 = CARTESIAN_POINT('',(0.97180313894,436.86695919695));
#2842 = CARTESIAN_POINT('',(0.967322037683,436.37434702671));
#2843 = CARTESIAN_POINT('',(0.961253653017,435.90853149995));
#2844 = CARTESIAN_POINT('',(0.953553044922,435.48388051394));
#2845 = CARTESIAN_POINT('',(0.94419326312,435.11816664655));
#2846 = CARTESIAN_POINT('',(0.924310711625,434.60688836716));
#2847 = CARTESIAN_POINT('',(0.914462638085,434.43604397702));
#2848 = CARTESIAN_POINT('',(0.903955370665,434.33915420968));
#2849 = CARTESIAN_POINT('',(0.893154684421,434.32436444578));
#2850 = CARTESIAN_POINT('',(0.882465114213,434.39235101118));
#2851 = CARTESIAN_POINT('',(0.872288041766,434.53643148829));
#2852 = CARTESIAN_POINT('',(0.862971704931,434.74258514506));
#2853 = CARTESIAN_POINT('',(0.845050390485,435.28120195727));
#2854 = CARTESIAN_POINT('',(0.836634398614,435.63729914065));
#2855 = CARTESIAN_POINT('',(0.829587368895,436.04142347956));
#2856 = CARTESIAN_POINT('',(0.823942091085,436.48092387136));
#2857 = CARTESIAN_POINT('',(0.819711021878,436.94523377471));
#2858 = CARTESIAN_POINT('',(0.816894685305,437.4252290967));
#2859 = CARTESIAN_POINT('',(0.815487944327,437.91275825913));
#2860 = CARTESIAN_POINT('',(0.815487944327,438.88724174086));
#2861 = CARTESIAN_POINT('',(0.816894685305,439.3747709033));
#2862 = CARTESIAN_POINT('',(0.819711021878,439.85476622528));
#2863 = CARTESIAN_POINT('',(0.823942091085,440.31907612863));
#2864 = CARTESIAN_POINT('',(0.829587368895,440.75857652043));
#2865 = CARTESIAN_POINT('',(0.836634398613,441.16270085934));
#2866 = CARTESIAN_POINT('',(0.845050390485,441.51879804272));
#2867 = CARTESIAN_POINT('',(0.862971704931,442.05741485493));
#2868 = CARTESIAN_POINT('',(0.872288041766,442.2635685117));
#2869 = CARTESIAN_POINT('',(0.882465114213,442.40764898881));
#2870 = CARTESIAN_POINT('',(0.893154684421,442.4756355542));
#2871 = CARTESIAN_POINT('',(0.903955370665,442.46084579031));
#2872 = CARTESIAN_POINT('',(0.914462638085,442.36395602298));
#2873 = CARTESIAN_POINT('',(0.924310711625,442.19311163283));
#2874 = CARTESIAN_POINT('',(0.94419326312,441.68183335345));
#2875 = CARTESIAN_POINT('',(0.953553044922,441.31611948604));
#2876 = CARTESIAN_POINT('',(0.961253653016,440.89146850004));
#2877 = CARTESIAN_POINT('',(0.967322037684,440.42565297331));
#2878 = CARTESIAN_POINT('',(0.97180313894,439.93304080299));
#2879 = CARTESIAN_POINT('',(0.974750824979,439.42506060656));
#2880 = CARTESIAN_POINT('',(0.976211666108,438.91123614375));
#2881 = CARTESIAN_POINT('',(0.976211666108,438.4));
#2882 = ( GEOMETRIC_REPRESENTATION_CONTEXT(2) 
PARAMETRIC_REPRESENTATION_CONTEXT() REPRESENTATION_CONTEXT('2D SPACE',''
  ) );
#2883 = ORIENTED_EDGE('',*,*,#2884,.T.);
#2884 = EDGE_CURVE('',#2739,#748,#2885,.T.);
#2885 = SEAM_CURVE('',#2886,(#2890,#2897),.PCURVE_S1.);
#2886 = LINE('',#2887,#2888);
#2887 = CARTESIAN_POINT('',(-3.78772051798,-54.71424213878,533.4));
#2888 = VECTOR('',#2889,1.);
#2889 = DIRECTION('',(0.321439465303,0.946930129495,0.));
#2890 = PCURVE('',#915,#2891);
#2891 = DEFINITIONAL_REPRESENTATION('',(#2892),#2896);
#2892 = LINE('',#2893,#2894);
#2893 = CARTESIAN_POINT('',(6.28318530718,0.));
#2894 = VECTOR('',#2895,1.);
#2895 = DIRECTION('',(0.,-1.));
#2896 = ( GEOMETRIC_REPRESENTATION_CONTEXT(2) 
PARAMETRIC_REPRESENTATION_CONTEXT() REPRESENTATION_CONTEXT('2D SPACE',''
  ) );
#2897 = PCURVE('',#915,#2898);
#2898 = DEFINITIONAL_REPRESENTATION('',(#2899),#2903);
#2899 = LINE('',#2900,#2901);
#2900 = CARTESIAN_POINT('',(0.,0.));
#2901 = VECTOR('',#2902,1.);
#2902 = DIRECTION('',(0.,-1.));
#2903 = ( GEOMETRIC_REPRESENTATION_CONTEXT(2) 
PARAMETRIC_REPRESENTATION_CONTEXT() REPRESENTATION_CONTEXT('2D SPACE',''
  ) );
#2904 = ORIENTED_EDGE('',*,*,#747,.T.);
#2905 = ORIENTED_EDGE('',*,*,#2884,.F.);
#2906 = ADVANCED_FACE('',(#2907),#1081,.F.);
#2907 = FACE_BOUND('',#2908,.F.);
#2908 = EDGE_LOOP('',(#2909,#2933,#2956,#3100,#3101,#3123));
#2909 = ORIENTED_EDGE('',*,*,#2910,.F.);
#2910 = EDGE_CURVE('',#2911,#1006,#2913,.T.);
#2911 = VERTEX_POINT('',#2912);
#2912 = CARTESIAN_POINT('',(3.78772051798,54.714242138787,533.4));
#2913 = SURFACE_CURVE('',#2914,(#2919,#2926),.PCURVE_S1.);
#2914 = CIRCLE('',#2915,4.);
#2915 = AXIS2_PLACEMENT_3D('',#2916,#2917,#2918);
#2916 = CARTESIAN_POINT('',(3.429011037613E-15,56.,533.4));
#2917 = DIRECTION('',(0.321439465303,0.946930129495,0.));
#2918 = DIRECTION('',(0.946930129495,-0.321439465303,0.));
#2919 = PCURVE('',#1081,#2920);
#2920 = DEFINITIONAL_REPRESENTATION('',(#2921),#2925);
#2921 = LINE('',#2922,#2923);
#2922 = CARTESIAN_POINT('',(0.,0.));
#2923 = VECTOR('',#2924,1.);
#2924 = DIRECTION('',(1.,0.));
#2925 = ( GEOMETRIC_REPRESENTATION_CONTEXT(2) 
PARAMETRIC_REPRESENTATION_CONTEXT() REPRESENTATION_CONTEXT('2D SPACE',''
  ) );
#2926 = PCURVE('',#1135,#2927);
#2927 = DEFINITIONAL_REPRESENTATION('',(#2928),#2932);
#2928 = CIRCLE('',#2929,4.);
#2929 = AXIS2_PLACEMENT_2D('',#2930,#2931);
#2930 = CARTESIAN_POINT('',(2.563950248511E-16,-3.49503809816E-16));
#2931 = DIRECTION('',(1.,0.));
#2932 = ( GEOMETRIC_REPRESENTATION_CONTEXT(2) 
PARAMETRIC_REPRESENTATION_CONTEXT() REPRESENTATION_CONTEXT('2D SPACE',''
  ) );
#2933 = ORIENTED_EDGE('',*,*,#2934,.T.);
#2934 = EDGE_CURVE('',#2911,#2935,#2937,.T.);
#2935 = VERTEX_POINT('',#2936);
#2936 = CARTESIAN_POINT('',(3.173532418777,52.904902343611,533.4));
#2937 = SEAM_CURVE('',#2938,(#2942,#2949),.PCURVE_S1.);
#2938 = LINE('',#2939,#2940);
#2939 = CARTESIAN_POINT('',(3.78772051798,54.714242138787,533.4));
#2940 = VECTOR('',#2941,1.);
#2941 = DIRECTION('',(-0.321439465303,-0.946930129495,-0.));
#2942 = PCURVE('',#1081,#2943);
#2943 = DEFINITIONAL_REPRESENTATION('',(#2944),#2948);
#2944 = LINE('',#2945,#2946);
#2945 = CARTESIAN_POINT('',(6.28318530718,0.));
#2946 = VECTOR('',#2947,1.);
#2947 = DIRECTION('',(0.,-1.));
#2948 = ( GEOMETRIC_REPRESENTATION_CONTEXT(2) 
PARAMETRIC_REPRESENTATION_CONTEXT() REPRESENTATION_CONTEXT('2D SPACE',''
  ) );
#2949 = PCURVE('',#1081,#2950);
#2950 = DEFINITIONAL_REPRESENTATION('',(#2951),#2955);
#2951 = LINE('',#2952,#2953);
#2952 = CARTESIAN_POINT('',(0.,0.));
#2953 = VECTOR('',#2954,1.);
#2954 = DIRECTION('',(0.,-1.));
#2955 = ( GEOMETRIC_REPRESENTATION_CONTEXT(2) 
PARAMETRIC_REPRESENTATION_CONTEXT() REPRESENTATION_CONTEXT('2D SPACE',''
  ) );
#2956 = ORIENTED_EDGE('',*,*,#2957,.T.);
#2957 = EDGE_CURVE('',#2935,#2935,#2958,.T.);
#2958 = SURFACE_CURVE('',#2959,(#3004,#3052),.PCURVE_S1.);
#2959 = B_SPLINE_CURVE_WITH_KNOTS('',8,(#2960,#2961,#2962,#2963,#2964,
    #2965,#2966,#2967,#2968,#2969,#2970,#2971,#2972,#2973,#2974,#2975,
    #2976,#2977,#2978,#2979,#2980,#2981,#2982,#2983,#2984,#2985,#2986,
    #2987,#2988,#2989,#2990,#2991,#2992,#2993,#2994,#2995,#2996,#2997,
    #2998,#2999,#3000,#3001,#3002,#3003),.UNSPECIFIED.,.T.,.F.,(9,7,7,7,
    7,7,9),(0.,0.180420981369,0.326887672197,0.499999999465,
    0.673112326732,0.819579017561,1.),.UNSPECIFIED.);
#2960 = CARTESIAN_POINT('',(3.173532418777,52.904902343611,533.4));
#2961 = CARTESIAN_POINT('',(3.173532418777,52.904902343611,
    532.88876385624));
#2962 = CARTESIAN_POINT('',(3.096246725593,52.909538626407,
    532.37493939343));
#2963 = CARTESIAN_POINT('',(2.940299888538,52.918891727015,531.866959197
    ));
#2964 = CARTESIAN_POINT('',(2.703189151665,52.932484665635,
    531.37434702668));
#2965 = CARTESIAN_POINT('',(2.381987951058,52.949149041139,
    530.90853149995));
#2966 = CARTESIAN_POINT('',(1.974204477927,52.966883412083,
    530.48388051395));
#2967 = CARTESIAN_POINT('',(1.478330442026,52.982570874693,
    530.11816664654));
#2968 = CARTESIAN_POINT('',(0.424706076401,53.000401497644,
    529.60688836689));
#2969 = CARTESIAN_POINT('',(-9.724859166249E-02,53.004426795918,
    529.43604397735));
#2970 = CARTESIAN_POINT('',(-0.654188726589,53.002461155183,
    529.33915420969));
#2971 = CARTESIAN_POINT('',(-1.226648274886,52.992989661547,
    529.32436444552));
#2972 = CARTESIAN_POINT('',(-1.793030230443,52.97582965833,
    529.39235101124));
#2973 = CARTESIAN_POINT('',(-2.331969189085,52.952733489715,
    529.53643148864));
#2974 = CARTESIAN_POINT('',(-2.82505181936,52.926445032057,
    529.74258514475));
#2975 = CARTESIAN_POINT('',(-3.773083487003,52.868029692316,
    530.28120195727));
#2976 = CARTESIAN_POINT('',(-4.217935649151,52.834899818903,
    530.63729914065));
#2977 = CARTESIAN_POINT('',(-4.590108757407,52.803193170063,
    531.04142347956));
#2978 = CARTESIAN_POINT('',(-4.888026127175,52.775427997506,
    531.48092387136));
#2979 = CARTESIAN_POINT('',(-5.111193575407,52.753443140647,
    531.94523377471));
#2980 = CARTESIAN_POINT('',(-5.259701527564,52.738421529214,
    532.4252290967));
#2981 = CARTESIAN_POINT('',(-5.333880281496,52.730918076046,
    532.91275825913));
#2982 = CARTESIAN_POINT('',(-5.333880281496,52.730918076046,
    533.88724174086));
#2983 = CARTESIAN_POINT('',(-5.259701527564,52.738421529214,
    534.37477090329));
#2984 = CARTESIAN_POINT('',(-5.111193575406,52.753443140647,
    534.85476622528));
#2985 = CARTESIAN_POINT('',(-4.888026127178,52.775427997506,
    535.31907612863));
#2986 = CARTESIAN_POINT('',(-4.590108757405,52.803193170063,
    535.75857652043));
#2987 = CARTESIAN_POINT('',(-4.217935649152,52.834899818903,
    536.16270085934));
#2988 = CARTESIAN_POINT('',(-3.773083487002,52.868029692316,
    536.51879804272));
#2989 = CARTESIAN_POINT('',(-2.825051819359,52.926445032057,
    537.05741485524));
#2990 = CARTESIAN_POINT('',(-2.331969189087,52.952733489715,
    537.26356851135));
#2991 = CARTESIAN_POINT('',(-1.793030230437,52.97582965833,
    537.40764898874));
#2992 = CARTESIAN_POINT('',(-1.226648274894,52.992989661547,
    537.47563555448));
#2993 = CARTESIAN_POINT('',(-0.654188726581,53.002461155183,
    537.46084579029));
#2994 = CARTESIAN_POINT('',(-9.724859166754E-02,53.004426795918,
    537.36395602265));
#2995 = CARTESIAN_POINT('',(0.424706076403,53.000401497644,
    537.1931116331));
#2996 = CARTESIAN_POINT('',(1.478330445474,52.982570874634,
    536.68183335178));
#2997 = CARTESIAN_POINT('',(1.974204464938,52.966883412347,
    536.31611949542));
#2998 = CARTESIAN_POINT('',(2.381987974245,52.949149040603,
    535.89146847701));
#2999 = CARTESIAN_POINT('',(2.703189128362,52.932484666224,
    535.42565300507));
#3000 = CARTESIAN_POINT('',(2.940299901613,52.918891726664,
    534.93304077687));
#3001 = CARTESIAN_POINT('',(3.096246722248,52.9095386265,534.42506061896
    ));
#3002 = CARTESIAN_POINT('',(3.173532418777,52.904902343611,
    533.91123614096));
#3003 = CARTESIAN_POINT('',(3.173532418777,52.904902343611,533.4));
#3004 = PCURVE('',#1081,#3005);
#3005 = DEFINITIONAL_REPRESENTATION('',(#3006),#3051);
#3006 = B_SPLINE_CURVE_WITH_KNOTS('',8,(#3007,#3008,#3009,#3010,#3011,
    #3012,#3013,#3014,#3015,#3016,#3017,#3018,#3019,#3020,#3021,#3022,
    #3023,#3024,#3025,#3026,#3027,#3028,#3029,#3030,#3031,#3032,#3033,
    #3034,#3035,#3036,#3037,#3038,#3039,#3040,#3041,#3042,#3043,#3044,
    #3045,#3046,#3047,#3048,#3049,#3050),.UNSPECIFIED.,.F.,.F.,(9,7,7,7,
    7,7,9),(0.,0.180420981369,0.326887672197,0.499999999465,
    0.673112326732,0.819579017561,1.),.UNSPECIFIED.);
#3007 = CARTESIAN_POINT('',(0.,-1.910742660751));
#3008 = CARTESIAN_POINT('',(0.12780903594,-1.910742660751));
#3009 = CARTESIAN_POINT('',(0.256265762696,-1.931195096775));
#3010 = CARTESIAN_POINT('',(0.386438746511,-1.972465831924));
#3011 = CARTESIAN_POINT('',(0.519280997587,-2.035811017274));
#3012 = CARTESIAN_POINT('',(0.655741826629,-2.123277760198));
#3013 = CARTESIAN_POINT('',(0.796935162816,-2.237562251586));
#3014 = CARTESIAN_POINT('',(0.944161697205,-2.382100805544));
#3015 = CARTESIAN_POINT('',(1.225708491658,-2.70389290416));
#3016 = CARTESIAN_POINT('',(1.355483476076,-2.867858057359));
#3017 = CARTESIAN_POINT('',(1.486872401292,-3.048741920971));
#3018 = CARTESIAN_POINT('',(1.618542444447,-3.241721854779));
#3019 = CARTESIAN_POINT('',(1.749276351863,-3.440028691799));
#3020 = CARTESIAN_POINT('',(1.877807376995,-3.635135400433));
#3021 = CARTESIAN_POINT('',(2.002462660346,-3.818524950074));
#3022 = CARTESIAN_POINT('',(2.260174761822,-4.178574987637));
#3023 = CARTESIAN_POINT('',(2.394212432082,-4.352939704098));
#3024 = CARTESIAN_POINT('',(2.524094882304,-4.502594810107));
#3025 = CARTESIAN_POINT('',(2.650790819414,-4.624648888595));
#3026 = CARTESIAN_POINT('',(2.775148099255,-4.71720183718));
#3027 = CARTESIAN_POINT('',(2.897899679967,-4.779162570374));
#3028 = CARTESIAN_POINT('',(3.019782218373,-4.810111795255));
#3029 = CARTESIAN_POINT('',(3.263403088806,-4.810111795255));
#3030 = CARTESIAN_POINT('',(3.385285627212,-4.779162570374));
#3031 = CARTESIAN_POINT('',(3.508037207925,-4.71720183718));
#3032 = CARTESIAN_POINT('',(3.632394487765,-4.624648888596));
#3033 = CARTESIAN_POINT('',(3.759090424876,-4.502594810107));
#3034 = CARTESIAN_POINT('',(3.888972875097,-4.352939704098));
#3035 = CARTESIAN_POINT('',(4.023010545358,-4.178574987636));
#3036 = CARTESIAN_POINT('',(4.280722646834,-3.818524950073));
#3037 = CARTESIAN_POINT('',(4.405377930184,-3.635135400434));
#3038 = CARTESIAN_POINT('',(4.533908955319,-3.440028691797));
#3039 = CARTESIAN_POINT('',(4.664642862729,-3.241721854781));
#3040 = CARTESIAN_POINT('',(4.796312905891,-3.048741920969));
#3041 = CARTESIAN_POINT('',(4.927701831102,-2.867858057361));
#3042 = CARTESIAN_POINT('',(5.057476815522,-2.703892904159));
#3043 = CARTESIAN_POINT('',(5.339023610896,-2.382100804491));
#3044 = CARTESIAN_POINT('',(5.486250140232,-2.237562255511));
#3045 = CARTESIAN_POINT('',(5.627443489335,-2.123277753252));
#3046 = CARTESIAN_POINT('',(5.763904298744,-2.035811024206));
#3047 = CARTESIAN_POINT('',(5.896746568771,-1.972465828054));
#3048 = CARTESIAN_POINT('',(6.026919540995,-1.931195097761));
#3049 = CARTESIAN_POINT('',(6.155376271937,-1.910742660751));
#3050 = CARTESIAN_POINT('',(6.28318530718,-1.910742660751));
#3051 = ( GEOMETRIC_REPRESENTATION_CONTEXT(2) 
PARAMETRIC_REPRESENTATION_CONTEXT() REPRESENTATION_CONTEXT('2D SPACE',''
  ) );
#3052 = PCURVE('',#2192,#3053);
#3053 = DEFINITIONAL_REPRESENTATION('',(#3054),#3099);
#3054 = B_SPLINE_CURVE_WITH_KNOTS('',8,(#3055,#3056,#3057,#3058,#3059,
    #3060,#3061,#3062,#3063,#3064,#3065,#3066,#3067,#3068,#3069,#3070,
    #3071,#3072,#3073,#3074,#3075,#3076,#3077,#3078,#3079,#3080,#3081,
    #3082,#3083,#3084,#3085,#3086,#3087,#3088,#3089,#3090,#3091,#3092,
    #3093,#3094,#3095,#3096,#3097,#3098),.UNSPECIFIED.,.T.,.F.,(9,7,7,7,
    7,7,9),(0.,0.180420981369,0.326887672197,0.499999999465,
    0.673112326732,0.819579017561,1.),.UNSPECIFIED.);
#3055 = CARTESIAN_POINT('',(1.510882517984,438.4));
#3056 = CARTESIAN_POINT('',(1.510882517984,437.88876385624));
#3057 = CARTESIAN_POINT('',(1.512343359113,437.37493939343));
#3058 = CARTESIAN_POINT('',(1.515291045152,436.866959197));
#3059 = CARTESIAN_POINT('',(1.519772146408,436.37434702668));
#3060 = CARTESIAN_POINT('',(1.525840531076,435.90853149995));
#3061 = CARTESIAN_POINT('',(1.53354113917,435.48388051395));
#3062 = CARTESIAN_POINT('',(1.542900920972,435.11816664654));
#3063 = CARTESIAN_POINT('',(1.562783472478,434.60688836689));
#3064 = CARTESIAN_POINT('',(1.572631546001,434.43604397734));
#3065 = CARTESIAN_POINT('',(1.583138813414,434.33915420969));
#3066 = CARTESIAN_POINT('',(1.593939499671,434.32436444552));
#3067 = CARTESIAN_POINT('',(1.604629069891,434.39235101124));
#3068 = CARTESIAN_POINT('',(1.614806142332,434.53643148864));
#3069 = CARTESIAN_POINT('',(1.62412247915,434.74258514475));
#3070 = CARTESIAN_POINT('',(1.642043793607,435.28120195727));
#3071 = CARTESIAN_POINT('',(1.650459785478,435.63729914065));
#3072 = CARTESIAN_POINT('',(1.657506815197,436.04142347957));
#3073 = CARTESIAN_POINT('',(1.663152093007,436.48092387136));
#3074 = CARTESIAN_POINT('',(1.667383162214,436.94523377471));
#3075 = CARTESIAN_POINT('',(1.670199498787,437.4252290967));
#3076 = CARTESIAN_POINT('',(1.671606239765,437.91275825913));
#3077 = CARTESIAN_POINT('',(1.671606239765,438.88724174086));
#3078 = CARTESIAN_POINT('',(1.670199498787,439.37477090329));
#3079 = CARTESIAN_POINT('',(1.667383162214,439.85476622528));
#3080 = CARTESIAN_POINT('',(1.663152093007,440.31907612863));
#3081 = CARTESIAN_POINT('',(1.657506815197,440.75857652043));
#3082 = CARTESIAN_POINT('',(1.650459785478,441.16270085934));
#3083 = CARTESIAN_POINT('',(1.642043793607,441.51879804272));
#3084 = CARTESIAN_POINT('',(1.62412247915,442.05741485524));
#3085 = CARTESIAN_POINT('',(1.614806142332,442.26356851135));
#3086 = CARTESIAN_POINT('',(1.604629069891,442.40764898875));
#3087 = CARTESIAN_POINT('',(1.593939499671,442.47563555448));
#3088 = CARTESIAN_POINT('',(1.583138813414,442.46084579029));
#3089 = CARTESIAN_POINT('',(1.572631546002,442.36395602265));
#3090 = CARTESIAN_POINT('',(1.562783472478,442.1931116331));
#3091 = CARTESIAN_POINT('',(1.542900920907,441.68183335178));
#3092 = CARTESIAN_POINT('',(1.533541139415,441.31611949542));
#3093 = CARTESIAN_POINT('',(1.525840530639,440.89146847701));
#3094 = CARTESIAN_POINT('',(1.519772146848,440.42565300507));
#3095 = CARTESIAN_POINT('',(1.515291044905,439.93304077687));
#3096 = CARTESIAN_POINT('',(1.512343359176,439.42506061896));
#3097 = CARTESIAN_POINT('',(1.510882517984,438.91123614096));
#3098 = CARTESIAN_POINT('',(1.510882517984,438.4));
#3099 = ( GEOMETRIC_REPRESENTATION_CONTEXT(2) 
PARAMETRIC_REPRESENTATION_CONTEXT() REPRESENTATION_CONTEXT('2D SPACE',''
  ) );
#3100 = ORIENTED_EDGE('',*,*,#2934,.F.);
#3101 = ORIENTED_EDGE('',*,*,#3102,.F.);
#3102 = EDGE_CURVE('',#1008,#2911,#3103,.T.);
#3103 = SURFACE_CURVE('',#3104,(#3109,#3116),.PCURVE_S1.);
#3104 = CIRCLE('',#3105,4.);
#3105 = AXIS2_PLACEMENT_3D('',#3106,#3107,#3108);
#3106 = CARTESIAN_POINT('',(3.429011037613E-15,56.,533.4));
#3107 = DIRECTION('',(0.321439465303,0.946930129495,0.));
#3108 = DIRECTION('',(0.946930129495,-0.321439465303,0.));
#3109 = PCURVE('',#1081,#3110);
#3110 = DEFINITIONAL_REPRESENTATION('',(#3111),#3115);
#3111 = LINE('',#3112,#3113);
#3112 = CARTESIAN_POINT('',(0.,0.));
#3113 = VECTOR('',#3114,1.);
#3114 = DIRECTION('',(1.,0.));
#3115 = ( GEOMETRIC_REPRESENTATION_CONTEXT(2) 
PARAMETRIC_REPRESENTATION_CONTEXT() REPRESENTATION_CONTEXT('2D SPACE',''
  ) );
#3116 = PCURVE('',#1135,#3117);
#3117 = DEFINITIONAL_REPRESENTATION('',(#3118),#3122);
#3118 = CIRCLE('',#3119,4.);
#3119 = AXIS2_PLACEMENT_2D('',#3120,#3121);
#3120 = CARTESIAN_POINT('',(2.563950248511E-16,-3.49503809816E-16));
#3121 = DIRECTION('',(1.,0.));
#3122 = ( GEOMETRIC_REPRESENTATION_CONTEXT(2) 
PARAMETRIC_REPRESENTATION_CONTEXT() REPRESENTATION_CONTEXT('2D SPACE',''
  ) );
#3123 = ORIENTED_EDGE('',*,*,#1005,.F.);
#3124 = ADVANCED_FACE('',(#3125),#1135,.F.);
#3125 = FACE_BOUND('',#3126,.F.);
#3126 = EDGE_LOOP('',(#3127,#3128,#3129));
#3127 = ORIENTED_EDGE('',*,*,#3102,.T.);
#3128 = ORIENTED_EDGE('',*,*,#2910,.T.);
#3129 = ORIENTED_EDGE('',*,*,#1122,.T.);
#3130 = ADVANCED_FACE('',(#3131),#1354,.F.);
#3131 = FACE_BOUND('',#3132,.F.);
#3132 = EDGE_LOOP('',(#3133,#3423,#3444,#3445));
#3133 = ORIENTED_EDGE('',*,*,#3134,.F.);
#3134 = EDGE_CURVE('',#3135,#3135,#3137,.T.);
#3135 = VERTEX_POINT('',#3136);
#3136 = CARTESIAN_POINT('',(-38.58718940993,36.332200778953,533.4));
#3137 = SURFACE_CURVE('',#3138,(#3231,#3327),.PCURVE_S1.);
#3138 = B_SPLINE_CURVE_WITH_KNOTS('',6,(#3139,#3140,#3141,#3142,#3143,
    #3144,#3145,#3146,#3147,#3148,#3149,#3150,#3151,#3152,#3153,#3154,
    #3155,#3156,#3157,#3158,#3159,#3160,#3161,#3162,#3163,#3164,#3165,
    #3166,#3167,#3168,#3169,#3170,#3171,#3172,#3173,#3174,#3175,#3176,
    #3177,#3178,#3179,#3180,#3181,#3182,#3183,#3184,#3185,#3186,#3187,
    #3188,#3189,#3190,#3191,#3192,#3193,#3194,#3195,#3196,#3197,#3198,
    #3199,#3200,#3201,#3202,#3203,#3204,#3205,#3206,#3207,#3208,#3209,
    #3210,#3211,#3212,#3213,#3214,#3215,#3216,#3217,#3218,#3219,#3220,
    #3221,#3222,#3223,#3224,#3225,#3226,#3227,#3228,#3229,#3230),
  .UNSPECIFIED.,.T.,.F.,(7,5,5,5,5,5,5,5,5,5,5,5,5,5,5,5,5,5,7),(0.,
    9.561091936718E-02,0.171947380624,0.227283721293,0.290801823741,
    0.320517862287,0.354488537378,0.395122860874,0.424597154456,
    0.500003025874,0.575076777667,0.60456211378,0.645214918386,
    0.679200672301,0.709622340981,0.77441559921,0.826852959353,
    0.903067297064,1.),.UNSPECIFIED.);
#3139 = CARTESIAN_POINT('',(-38.58718940993,36.332200778954,533.4));
#3140 = CARTESIAN_POINT('',(-38.58718940993,36.332200778954,
    533.76140929368));
#3141 = CARTESIAN_POINT('',(-38.61671560382,36.300842089553,
    534.1228059873));
#3142 = CARTESIAN_POINT('',(-38.67576205417,36.238130515111,
    534.48041540398));
#3143 = CARTESIAN_POINT('',(-38.76417109826,36.143852299161,
    534.83041255733));
#3144 = CARTESIAN_POINT('',(-38.88155710833,36.017646713069,
    535.1685892795));
#3145 = CARTESIAN_POINT('',(-39.14354037458,35.732517375583,
    535.74660635837));
#3146 = CARTESIAN_POINT('',(-39.27796768172,35.585224633956,
    535.99271599596));
#3147 = CARTESIAN_POINT('',(-39.43007874059,35.417103184035,
    536.2254742203));
#3148 = CARTESIAN_POINT('',(-39.59917425076,35.228171378845,
    536.44176470398));
#3149 = CARTESIAN_POINT('',(-39.78422786608,35.018676394096,
    536.63810961531));
#3150 = CARTESIAN_POINT('',(-40.12854998149,34.622941448928,
    536.93557050797));
#3151 = CARTESIAN_POINT('',(-40.28102341514,34.446025146179,
    537.04812472128));
#3152 = CARTESIAN_POINT('',(-40.44027001175,34.259273798198,
    537.14625851811));
#3153 = CARTESIAN_POINT('',(-40.60509676804,34.063711570242,
    537.22821310568));
#3154 = CARTESIAN_POINT('',(-40.77417928503,33.860591298014,
    537.29245682068));
#3155 = CARTESIAN_POINT('',(-41.14349739044,33.411214470643,
    537.38964608754));
#3156 = CARTESIAN_POINT('',(-41.3445525942,33.163129859423,
    537.41653564542));
#3157 = CARTESIAN_POINT('',(-41.54597322976,32.910802848934,
    537.41616021613));
#3158 = CARTESIAN_POINT('',(-41.7444275813,32.658284658801,
    537.38782380808));
#3159 = CARTESIAN_POINT('',(-41.93688646774,32.409711225238,
    537.33232383249));
#3160 = CARTESIAN_POINT('',(-42.20686290221,32.056213476367,
    537.214334113));
#3161 = CARTESIAN_POINT('',(-42.2910260818,31.945263404623,
    537.17128930866));
#3162 = CARTESIAN_POINT('',(-42.37310121803,31.836347367327,
    537.12301982358));
#3163 = CARTESIAN_POINT('',(-42.45290833714,31.729762501875,
    537.06978241566));
#3164 = CARTESIAN_POINT('',(-42.53028954091,31.625785268165,
    537.01187670852));
#3165 = CARTESIAN_POINT('',(-42.69063877294,31.409075734866,
    536.87850353293));
#3166 = CARTESIAN_POINT('',(-42.77281800537,31.297224650454,
    536.80171077311));
#3167 = CARTESIAN_POINT('',(-42.85154933821,31.189348989944,
    536.71969031404));
#3168 = CARTESIAN_POINT('',(-42.92676060721,31.085651725388,
    536.63287954298));
#3169 = CARTESIAN_POINT('',(-42.99840246371,30.98630365965,
    536.54172984308));
#3170 = CARTESIAN_POINT('',(-43.14783898851,30.777970869176,
    536.33304377192));
#3171 = CARTESIAN_POINT('',(-43.22409485565,30.670903338057,
    536.21382371016));
#3172 = CARTESIAN_POINT('',(-43.29527579989,30.570320208592,
    536.0896835819));
#3173 = CARTESIAN_POINT('',(-43.36145369748,30.476272496658,
    535.96122442806));
#3174 = CARTESIAN_POINT('',(-43.42271013961,30.388780501359,
    535.82901165918));
#3175 = CARTESIAN_POINT('',(-43.52006390973,30.249118332695,
    535.59533629617));
#3176 = CARTESIAN_POINT('',(-43.55845777044,30.193836345107,
    535.49538363397));
#3177 = CARTESIAN_POINT('',(-43.5943608567,30.141969977228,
    535.39389162655));
#3178 = CARTESIAN_POINT('',(-43.627814363,30.093500329676,
    535.29102308793));
#3179 = CARTESIAN_POINT('',(-43.65885691235,30.04840722902,
    535.1869295548));
#3180 = CARTESIAN_POINT('',(-43.76086672695,29.899888369886,
    534.81266734891));
#3181 = CARTESIAN_POINT('',(-43.8186588732,29.815076760481,
    534.53650597801));
#3182 = CARTESIAN_POINT('',(-43.86154938513,29.751810165922,
    534.25546251391));
#3183 = CARTESIAN_POINT('',(-43.88998706812,29.709757995952,
    533.9713253225));
#3184 = CARTESIAN_POINT('',(-43.90420512234,29.688731407304,
    533.68566107041));
#3185 = CARTESIAN_POINT('',(-43.90420512234,29.688731407304,
    533.11559710279));
#3186 = CARTESIAN_POINT('',(-43.89011203427,29.709573180344,
    532.83119072456));
#3187 = CARTESIAN_POINT('',(-43.86192425456,29.751255834205,
    532.54829161043));
#3188 = CARTESIAN_POINT('',(-43.81941278822,29.813964680766,
    532.26844568717));
#3189 = CARTESIAN_POINT('',(-43.76213661054,29.898024705722,
    531.99341540006));
#3190 = CARTESIAN_POINT('',(-43.66091339953,30.045418677956,
    531.62008227499));
#3191 = CARTESIAN_POINT('',(-43.62999376196,30.090339893273,
    531.51588296137));
#3192 = CARTESIAN_POINT('',(-43.59666311237,30.138639189238,
    531.41290304699));
#3193 = CARTESIAN_POINT('',(-43.5608828409,30.190336844457,
    531.31129374184));
#3194 = CARTESIAN_POINT('',(-43.52261173159,30.245451911151,
    531.2112175279));
#3195 = CARTESIAN_POINT('',(-43.42554514984,30.384728243142,
    530.97722173399));
#3196 = CARTESIAN_POINT('',(-43.3644524135,30.472003953111,
    530.84480688273));
#3197 = CARTESIAN_POINT('',(-43.2984368835,30.565840980194,
    530.71613252968));
#3198 = CARTESIAN_POINT('',(-43.22741627501,30.66622025727,
    530.59176304029));
#3199 = CARTESIAN_POINT('',(-43.15131779789,30.773092231589,
    530.47229869074));
#3200 = CARTESIAN_POINT('',(-43.00216346835,30.981083241657,
    530.26313685721));
#3201 = CARTESIAN_POINT('',(-42.93064771202,31.080282010069,
    530.17176017009));
#3202 = CARTESIAN_POINT('',(-42.85555864547,31.183838423715,
    530.08471100021));
#3203 = CARTESIAN_POINT('',(-42.77694439992,31.291583306104,
    530.00244063674));
#3204 = CARTESIAN_POINT('',(-42.6948757975,31.403315367145,
    529.92538677148));
#3205 = CARTESIAN_POINT('',(-42.53297855719,31.622180021905,
    529.7900494053));
#3206 = CARTESIAN_POINT('',(-42.45381767919,31.728566048106,
    529.73064503505));
#3207 = CARTESIAN_POINT('',(-42.37211153291,31.83768964408,
    529.67612952751));
#3208 = CARTESIAN_POINT('',(-42.28802970592,31.949253853035,
    529.62682477412));
#3209 = CARTESIAN_POINT('',(-42.20176605471,32.062939013659,
    529.58300542442));
#3210 = CARTESIAN_POINT('',(-41.92563205752,32.424329827776,
    529.46373799419));
#3211 = CARTESIAN_POINT('',(-41.72893853987,32.678180587625,
    529.40854142299));
#3212 = CARTESIAN_POINT('',(-41.52615213154,32.935930206137,
    529.38168229394));
#3213 = CARTESIAN_POINT('',(-41.32049366788,33.193197423619,
    529.38393692625));
#3214 = CARTESIAN_POINT('',(-41.11549933538,33.445710246556,
    529.41447731418));
#3215 = CARTESIAN_POINT('',(-40.75213773538,33.886998227334,
    529.5164680308));
#3216 = CARTESIAN_POINT('',(-40.59234413822,34.078732522882,
    529.57900319849));
#3217 = CARTESIAN_POINT('',(-40.43646379967,34.263593379196,
    529.65733701524));
#3218 = CARTESIAN_POINT('',(-40.28561423449,34.440527852192,
    529.75015705924));
#3219 = CARTESIAN_POINT('',(-40.14080646119,34.60866733595,
    529.85597052432));
#3220 = CARTESIAN_POINT('',(-39.80245169861,34.997974316315,
    530.1433899247));
#3221 = CARTESIAN_POINT('',(-39.61641784233,35.208800029585,
    530.33774242736));
#3222 = CARTESIAN_POINT('',(-39.44621195644,35.399156932951,
    530.55222664886));
#3223 = CARTESIAN_POINT('',(-39.29288280316,35.56877359254,
    530.7833535014));
#3224 = CARTESIAN_POINT('',(-39.15714790952,35.717615388471,
    531.02799001049));
#3225 = CARTESIAN_POINT('',(-38.88976783257,36.008817541863,
    531.60794191275));
#3226 = CARTESIAN_POINT('',(-38.76911666949,36.138578173584,
    531.95014903593));
#3227 = CARTESIAN_POINT('',(-38.6782385243,36.235500298869,
    532.3046884557));
#3228 = CARTESIAN_POINT('',(-38.61754149082,36.299964949365,
    532.66715808232));
#3229 = CARTESIAN_POINT('',(-38.58718940993,36.332200778954,
    533.0335709055));
#3230 = CARTESIAN_POINT('',(-38.58718940993,36.332200778954,533.4));
#3231 = PCURVE('',#1354,#3232);
#3232 = DEFINITIONAL_REPRESENTATION('',(#3233),#3326);
#3233 = B_SPLINE_CURVE_WITH_KNOTS('',6,(#3234,#3235,#3236,#3237,#3238,
    #3239,#3240,#3241,#3242,#3243,#3244,#3245,#3246,#3247,#3248,#3249,
    #3250,#3251,#3252,#3253,#3254,#3255,#3256,#3257,#3258,#3259,#3260,
    #3261,#3262,#3263,#3264,#3265,#3266,#3267,#3268,#3269,#3270,#3271,
    #3272,#3273,#3274,#3275,#3276,#3277,#3278,#3279,#3280,#3281,#3282,
    #3283,#3284,#3285,#3286,#3287,#3288,#3289,#3290,#3291,#3292,#3293,
    #3294,#3295,#3296,#3297,#3298,#3299,#3300,#3301,#3302,#3303,#3304,
    #3305,#3306,#3307,#3308,#3309,#3310,#3311,#3312,#3313,#3314,#3315,
    #3316,#3317,#3318,#3319,#3320,#3321,#3322,#3323,#3324,#3325),
  .UNSPECIFIED.,.F.,.F.,(7,5,5,5,5,5,5,5,5,5,5,5,5,5,5,5,5,5,7),(0.,
    9.561091936718E-02,0.171947380624,0.227283721293,0.290801823741,
    0.320517862287,0.354488537378,0.395122860874,0.424597154456,
    0.500003025874,0.575076777667,0.60456211378,0.645214918386,
    0.679200672301,0.709622340981,0.77441559921,0.826852959353,
    0.903067297064,1.),.UNSPECIFIED.);
#3234 = CARTESIAN_POINT('',(0.,-101.2460627081));
#3235 = CARTESIAN_POINT('',(9.035232342164E-02,-101.2460627081));
#3236 = CARTESIAN_POINT('',(0.180701719142,-101.2639420304));
#3237 = CARTESIAN_POINT('',(0.271430707541,-101.2996969183));
#3238 = CARTESIAN_POINT('',(0.362915116439,-101.3531093666));
#3239 = CARTESIAN_POINT('',(0.455540548972,-101.4236982602));
#3240 = CARTESIAN_POINT('',(0.625019158776,-101.5801262866));
#3241 = CARTESIAN_POINT('',(0.701343293931,-101.6600738539));
#3242 = CARTESIAN_POINT('',(0.778906568565,-101.7500715296));
#3243 = CARTESIAN_POINT('',(0.857891784322,-101.8494630245));
#3244 = CARTESIAN_POINT('',(0.938504925424,-101.9573559125));
#3245 = CARTESIAN_POINT('',(1.08083110235,-102.1562000687));
#3246 = CARTESIAN_POINT('',(1.1416906686,-102.2437138752));
#3247 = CARTESIAN_POINT('',(1.203501450442,-102.3344800221));
#3248 = CARTESIAN_POINT('',(1.266196735999,-102.4276980258));
#3249 = CARTESIAN_POINT('',(1.329732466414,-102.5225164838));
#3250 = CARTESIAN_POINT('',(1.467945383788,-102.7277874781));
#3251 = CARTESIAN_POINT('',(1.542847328839,-102.8384285234));
#3252 = CARTESIAN_POINT('',(1.618294285817,-102.9480519326));
#3253 = CARTESIAN_POINT('',(1.693873994236,-103.0548050254));
#3254 = CARTESIAN_POINT('',(1.769174764214,-103.1571488321));
#3255 = CARTESIAN_POINT('',(1.878605001803,-103.2991695247));
#3256 = CARTESIAN_POINT('',(1.913312011198,-103.3432024435));
#3257 = CARTESIAN_POINT('',(1.947822182826,-103.3859119501));
#3258 = CARTESIAN_POINT('',(1.982109190925,-103.4272231336));
#3259 = CARTESIAN_POINT('',(2.016144185281,-103.4670753405));
#3260 = CARTESIAN_POINT('',(2.088475741205,-103.5492558631));
#3261 = CARTESIAN_POINT('',(2.126683669517,-103.5911205015));
#3262 = CARTESIAN_POINT('',(2.164516364986,-103.6309980781));
#3263 = CARTESIAN_POINT('',(2.201969097201,-103.6688855015));
#3264 = CARTESIAN_POINT('',(2.239033248477,-103.7047909448));
#3265 = CARTESIAN_POINT('',(2.319550155002,-103.7793305118));
#3266 = CARTESIAN_POINT('',(2.362835784906,-103.81712376));
#3267 = CARTESIAN_POINT('',(2.405590255656,-103.8521957534));
#3268 = CARTESIAN_POINT('',(2.447843859751,-103.8846309523));
#3269 = CARTESIAN_POINT('',(2.489622456473,-103.9145131428));
#3270 = CARTESIAN_POINT('',(2.560927568389,-103.9618074281));
#3271 = CARTESIAN_POINT('',(2.590673153457,-103.9803939191));
#3272 = CARTESIAN_POINT('',(2.620203808674,-103.9977197356));
#3273 = CARTESIAN_POINT('',(2.649535709271,-104.0138178111));
#3274 = CARTESIAN_POINT('',(2.678684409847,-104.0287182342));
#3275 = CARTESIAN_POINT('',(2.78180724624,-104.0775745785));
#3276 = CARTESIAN_POINT('',(2.854843373389,-104.1050379046));
#3277 = CARTESIAN_POINT('',(2.927071164238,-104.1253158423));
#3278 = CARTESIAN_POINT('',(2.998761531954,-104.1387271141));
#3279 = CARTESIAN_POINT('',(3.070177385986,-104.1454318427));
#3280 = CARTESIAN_POINT('',(3.212693377891,-104.1454318427));
#3281 = CARTESIAN_POINT('',(3.28379476712,-104.1387860413));
#3282 = CARTESIAN_POINT('',(3.355166982686,-104.1254926334));
#3283 = CARTESIAN_POINT('',(3.427069515203,-104.1053943432));
#3284 = CARTESIAN_POINT('',(3.499769768472,-104.0781780143));
#3285 = CARTESIAN_POINT('',(3.602543520404,-104.0297049456));
#3286 = CARTESIAN_POINT('',(3.631693036299,-104.0148656606));
#3287 = CARTESIAN_POINT('',(3.661025165015,-103.9988291642));
#3288 = CARTESIAN_POINT('',(3.690555497984,-103.9815654137));
#3289 = CARTESIAN_POINT('',(3.720300244202,-103.9630415048));
#3290 = CARTESIAN_POINT('',(3.791605516684,-103.9158951437));
#3291 = CARTESIAN_POINT('',(3.833384667071,-103.8860984485));
#3292 = CARTESIAN_POINT('',(3.87563816847,-103.8537492779));
#3293 = CARTESIAN_POINT('',(3.918392117926,-103.8187635851));
#3294 = CARTESIAN_POINT('',(3.961677028164,-103.7810565146));
#3295 = CARTESIAN_POINT('',(4.042192257237,-103.706674305));
#3296 = CARTESIAN_POINT('',(4.079255450979,-103.6708402797));
#3297 = CARTESIAN_POINT('',(4.116707540363,-103.6330232984));
#3298 = CARTESIAN_POINT('',(4.154540170855,-103.5932145581));
#3299 = CARTESIAN_POINT('',(4.192748869241,-103.5514164198));
#3300 = CARTESIAN_POINT('',(4.265870065849,-103.4684627826));
#3301 = CARTESIAN_POINT('',(4.300707985426,-103.4276996295));
#3302 = CARTESIAN_POINT('',(4.335810374202,-103.3854062482));
#3303 = CARTESIAN_POINT('',(4.371146169269,-103.3416477726));
#3304 = CARTESIAN_POINT('',(4.406687080961,-103.2965050194));
#3305 = CARTESIAN_POINT('',(4.518479793676,-103.1511906877));
#3306 = CARTESIAN_POINT('',(4.595311669728,-103.0465333221));
#3307 = CARTESIAN_POINT('',(4.672408391119,-102.9373596618));
#3308 = CARTESIAN_POINT('',(4.749338831147,-102.825311303));
#3309 = CARTESIAN_POINT('',(4.825670176717,-102.7123635799));
#3310 = CARTESIAN_POINT('',(4.961747267679,-102.5101329056));
#3311 = CARTESIAN_POINT('',(5.021876117622,-102.4204505034));
#3312 = CARTESIAN_POINT('',(5.081243403097,-102.332264289));
#3313 = CARTESIAN_POINT('',(5.139811973989,-102.2462940131));
#3314 = CARTESIAN_POINT('',(5.197526434461,-102.1632178353));
#3315 = CARTESIAN_POINT('',(5.336838905838,-101.9679581438));
#3316 = CARTESIAN_POINT('',(5.417465816215,-101.8595647847));
#3317 = CARTESIAN_POINT('',(5.496458954048,-101.7595799244));
#3318 = CARTESIAN_POINT('',(5.574021754556,-101.6689094178));
#3319 = CARTESIAN_POINT('',(5.65033409123,-101.5882215847));
#3320 = CARTESIAN_POINT('',(5.821208166556,-101.4286351983));
#3321 = CARTESIAN_POINT('',(5.915186188296,-101.3560971649));
#3322 = CARTESIAN_POINT('',(6.007974526656,-101.3011965072));
#3323 = CARTESIAN_POINT('',(6.099974603442,-101.2644421402));
#3324 = CARTESIAN_POINT('',(6.191578033556,-101.2460627081));
#3325 = CARTESIAN_POINT('',(6.28318530718,-101.2460627081));
#3326 = ( GEOMETRIC_REPRESENTATION_CONTEXT(2) 
PARAMETRIC_REPRESENTATION_CONTEXT() REPRESENTATION_CONTEXT('2D SPACE',''
  ) );
#3327 = PCURVE('',#2192,#3328);
#3328 = DEFINITIONAL_REPRESENTATION('',(#3329),#3422);
#3329 = B_SPLINE_CURVE_WITH_KNOTS('',6,(#3330,#3331,#3332,#3333,#3334,
    #3335,#3336,#3337,#3338,#3339,#3340,#3341,#3342,#3343,#3344,#3345,
    #3346,#3347,#3348,#3349,#3350,#3351,#3352,#3353,#3354,#3355,#3356,
    #3357,#3358,#3359,#3360,#3361,#3362,#3363,#3364,#3365,#3366,#3367,
    #3368,#3369,#3370,#3371,#3372,#3373,#3374,#3375,#3376,#3377,#3378,
    #3379,#3380,#3381,#3382,#3383,#3384,#3385,#3386,#3387,#3388,#3389,
    #3390,#3391,#3392,#3393,#3394,#3395,#3396,#3397,#3398,#3399,#3400,
    #3401,#3402,#3403,#3404,#3405,#3406,#3407,#3408,#3409,#3410,#3411,
    #3412,#3413,#3414,#3415,#3416,#3417,#3418,#3419,#3420,#3421),
  .UNSPECIFIED.,.T.,.F.,(7,5,5,5,5,5,5,5,5,5,5,5,5,5,5,5,5,5,7),(0.,
    9.561091936718E-02,0.171947380624,0.227283721293,0.290801823741,
    0.320517862287,0.354488537378,0.395122860874,0.424597154456,
    0.500003025874,0.575076777667,0.60456211378,0.645214918386,
    0.679200672301,0.709622340981,0.77441559921,0.826852959353,
    0.903067297064,1.),.UNSPECIFIED.);
#3330 = CARTESIAN_POINT('',(2.386284271122,438.4));
#3331 = CARTESIAN_POINT('',(2.386284271122,438.76140929368));
#3332 = CARTESIAN_POINT('',(2.387096942975,439.1228059873));
#3333 = CARTESIAN_POINT('',(2.388722130276,439.48041540398));
#3334 = CARTESIAN_POINT('',(2.391160729796,439.83041255733));
#3335 = CARTESIAN_POINT('',(2.394412709674,440.1685892795));
#3336 = CARTESIAN_POINT('',(2.401718616882,440.74660635837));
#3337 = CARTESIAN_POINT('',(2.405481119499,440.99271599596));
#3338 = CARTESIAN_POINT('',(2.409758818368,441.2254742203));
#3339 = CARTESIAN_POINT('',(2.414542686243,441.44176470398));
#3340 = CARTESIAN_POINT('',(2.419816552905,441.63810961531));
#3341 = CARTESIAN_POINT('',(2.429713923489,441.93557050797));
#3342 = CARTESIAN_POINT('',(2.434120557172,442.04812472128));
#3343 = CARTESIAN_POINT('',(2.43875119526,442.14625851811));
#3344 = CARTESIAN_POINT('',(2.443576701015,442.22821310568));
#3345 = CARTESIAN_POINT('',(2.448563117346,442.29245682068));
#3346 = CARTESIAN_POINT('',(2.459537948514,442.38964608754));
#3347 = CARTESIAN_POINT('',(2.465562828828,442.41653564542));
#3348 = CARTESIAN_POINT('',(2.471654286836,442.41616021613));
#3349 = CARTESIAN_POINT('',(2.47771383256,442.38782380808));
#3350 = CARTESIAN_POINT('',(2.483645233133,442.33232383249));
#3351 = CARTESIAN_POINT('',(2.492037704917,442.214334113));
#3352 = CARTESIAN_POINT('',(2.494665238806,442.17128930866));
#3353 = CARTESIAN_POINT('',(2.497238394618,442.12301982358));
#3354 = CARTESIAN_POINT('',(2.499750683701,442.06978241566));
#3355 = CARTESIAN_POINT('',(2.502196172571,442.01187670852));
#3356 = CARTESIAN_POINT('',(2.507282640914,441.87850353293));
#3357 = CARTESIAN_POINT('',(2.509901402239,441.80171077311));
#3358 = CARTESIAN_POINT('',(2.512421208095,441.71969031404));
#3359 = CARTESIAN_POINT('',(2.514838193156,441.63287954298));
#3360 = CARTESIAN_POINT('',(2.517149225018,441.54172984308));
#3361 = CARTESIAN_POINT('',(2.521986698392,441.33304377192));
#3362 = CARTESIAN_POINT('',(2.524466823653,441.21382371016));
#3363 = CARTESIAN_POINT('',(2.526791755046,441.0896835819));
#3364 = CARTESIAN_POINT('',(2.52896151465,440.96122442806));
#3365 = CARTESIAN_POINT('',(2.530976689556,440.82901165918));
#3366 = CARTESIAN_POINT('',(2.534188854817,440.59533629617));
#3367 = CARTESIAN_POINT('',(2.53545879012,440.49538363397));
#3368 = CARTESIAN_POINT('',(2.536648986461,440.39389162655));
#3369 = CARTESIAN_POINT('',(2.537760183036,440.29102308793));
#3370 = CARTESIAN_POINT('',(2.538793109319,440.1869295548));
#3371 = CARTESIAN_POINT('',(2.542192680722,439.81266734891));
#3372 = CARTESIAN_POINT('',(2.544129085968,439.53650597801));
#3373 = CARTESIAN_POINT('',(2.545571245702,439.25546251391));
#3374 = CARTESIAN_POINT('',(2.546529079221,438.9713253225));
#3375 = CARTESIAN_POINT('',(2.547007992903,438.68566107041));
#3376 = CARTESIAN_POINT('',(2.547007992903,438.11559710279));
#3377 = CARTESIAN_POINT('',(2.546533288618,437.83119072456));
#3378 = CARTESIAN_POINT('',(2.545583871918,437.54829161043));
#3379 = CARTESIAN_POINT('',(2.544154435803,437.26844568717));
#3380 = CARTESIAN_POINT('',(2.542235231048,436.99341540006));
#3381 = CARTESIAN_POINT('',(2.538861557423,436.62008227499));
#3382 = CARTESIAN_POINT('',(2.537832617473,436.51588296137));
#3383 = CARTESIAN_POINT('',(2.536725382899,436.41290304699));
#3384 = CARTESIAN_POINT('',(2.535539122787,436.31129374184));
#3385 = CARTESIAN_POINT('',(2.534273095406,436.2112175279));
#3386 = CARTESIAN_POINT('',(2.531070000941,435.97722173399));
#3387 = CARTESIAN_POINT('',(2.529059940479,435.84480688273));
#3388 = CARTESIAN_POINT('',(2.526895194763,435.71613252968));
#3389 = CARTESIAN_POINT('',(2.524575150433,435.59176304029));
#3390 = CARTESIAN_POINT('',(2.522099753242,435.47229869074));
#3391 = CARTESIAN_POINT('',(2.517270623262,435.26313685721));
#3392 = CARTESIAN_POINT('',(2.514963267795,435.17176017009));
#3393 = CARTESIAN_POINT('',(2.512549787674,435.08471100021));
#3394 = CARTESIAN_POINT('',(2.510033277234,435.00244063674));
#3395 = CARTESIAN_POINT('',(2.507417561513,434.92538677148));
#3396 = CARTESIAN_POINT('',(2.502281032732,434.7900494053));
#3397 = CARTESIAN_POINT('',(2.49977903697,434.73064503505));
#3398 = CARTESIAN_POINT('',(2.497206930179,434.67612952751));
#3399 = CARTESIAN_POINT('',(2.494571085599,434.62682477412));
#3400 = CARTESIAN_POINT('',(2.491878486403,434.58300542442));
#3401 = CARTESIAN_POINT('',(2.483297141404,434.46373799419));
#3402 = CARTESIAN_POINT('',(2.4772381027,434.40854142299));
#3403 = CARTESIAN_POINT('',(2.471050459556,434.38168229394));
#3404 = CARTESIAN_POINT('',(2.464836284344,434.38393692624));
#3405 = CARTESIAN_POINT('',(2.458699702022,434.41447731418));
#3406 = CARTESIAN_POINT('',(2.447914133325,434.5164680308));
#3407 = CARTESIAN_POINT('',(2.443204938975,434.57900319849));
#3408 = CARTESIAN_POINT('',(2.438642588306,434.65733701524));
#3409 = CARTESIAN_POINT('',(2.434255674949,434.75015705924));
#3410 = CARTESIAN_POINT('',(2.430068900151,434.85597052432));
#3411 = CARTESIAN_POINT('',(2.420336930207,435.1433899247));
#3412 = CARTESIAN_POINT('',(2.415032002546,435.33774242736));
#3413 = CARTESIAN_POINT('',(2.410214129148,435.55222664886));
#3414 = CARTESIAN_POINT('',(2.405900092448,435.7833535014));
#3415 = CARTESIAN_POINT('',(2.40209937083,436.02799001049));
#3416 = CARTESIAN_POINT('',(2.39464019513,436.60794191275));
#3417 = CARTESIAN_POINT('',(2.391297147422,436.95014903593));
#3418 = CARTESIAN_POINT('',(2.388790292716,437.3046884557));
#3419 = CARTESIAN_POINT('',(2.387119674432,437.66715808232));
#3420 = CARTESIAN_POINT('',(2.386284271122,438.0335709055));
#3421 = CARTESIAN_POINT('',(2.386284271122,438.4));
#3422 = ( GEOMETRIC_REPRESENTATION_CONTEXT(2) 
PARAMETRIC_REPRESENTATION_CONTEXT() REPRESENTATION_CONTEXT('2D SPACE',''
  ) );
#3423 = ORIENTED_EDGE('',*,*,#3424,.T.);
#3424 = EDGE_CURVE('',#3135,#1149,#3425,.T.);
#3425 = SEAM_CURVE('',#3426,(#3430,#3437),.PCURVE_S1.);
#3426 = LINE('',#3427,#3428);
#3427 = CARTESIAN_POINT('',(57.285757861213,3.78772051798,533.4));
#3428 = VECTOR('',#3429,1.);
#3429 = DIRECTION('',(-0.946930129495,0.321439465303,-0.));
#3430 = PCURVE('',#1354,#3431);
#3431 = DEFINITIONAL_REPRESENTATION('',(#3432),#3436);
#3432 = LINE('',#3433,#3434);
#3433 = CARTESIAN_POINT('',(6.28318530718,0.));
#3434 = VECTOR('',#3435,1.);
#3435 = DIRECTION('',(0.,-1.));
#3436 = ( GEOMETRIC_REPRESENTATION_CONTEXT(2) 
PARAMETRIC_REPRESENTATION_CONTEXT() REPRESENTATION_CONTEXT('2D SPACE',''
  ) );
#3437 = PCURVE('',#1354,#3438);
#3438 = DEFINITIONAL_REPRESENTATION('',(#3439),#3443);
#3439 = LINE('',#3440,#3441);
#3440 = CARTESIAN_POINT('',(0.,0.));
#3441 = VECTOR('',#3442,1.);
#3442 = DIRECTION('',(0.,-1.));
#3443 = ( GEOMETRIC_REPRESENTATION_CONTEXT(2) 
PARAMETRIC_REPRESENTATION_CONTEXT() REPRESENTATION_CONTEXT('2D SPACE',''
  ) );
#3444 = ORIENTED_EDGE('',*,*,#1148,.T.);
#3445 = ORIENTED_EDGE('',*,*,#3424,.F.);
#3446 = ADVANCED_FACE('',(#3447),#1515,.F.);
#3447 = FACE_BOUND('',#3448,.F.);
#3448 = EDGE_LOOP('',(#3449,#3450,#3473,#3617,#3618,#3619));
#3449 = ORIENTED_EDGE('',*,*,#1463,.F.);
#3450 = ORIENTED_EDGE('',*,*,#3451,.T.);
#3451 = EDGE_CURVE('',#1464,#3452,#3454,.T.);
#3452 = VERTEX_POINT('',#3453);
#3453 = CARTESIAN_POINT('',(-52.73091807604,-5.333880281496,533.4));
#3454 = SEAM_CURVE('',#3455,(#3459,#3466),.PCURVE_S1.);
#3455 = LINE('',#3456,#3457);
#3456 = CARTESIAN_POINT('',(-57.28575786121,-3.78772051798,533.4));
#3457 = VECTOR('',#3458,1.);
#3458 = DIRECTION('',(0.946930129495,-0.321439465303,-0.));
#3459 = PCURVE('',#1515,#3460);
#3460 = DEFINITIONAL_REPRESENTATION('',(#3461),#3465);
#3461 = LINE('',#3462,#3463);
#3462 = CARTESIAN_POINT('',(6.28318530718,0.));
#3463 = VECTOR('',#3464,1.);
#3464 = DIRECTION('',(0.,-1.));
#3465 = ( GEOMETRIC_REPRESENTATION_CONTEXT(2) 
PARAMETRIC_REPRESENTATION_CONTEXT() REPRESENTATION_CONTEXT('2D SPACE',''
  ) );
#3466 = PCURVE('',#1515,#3467);
#3467 = DEFINITIONAL_REPRESENTATION('',(#3468),#3472);
#3468 = LINE('',#3469,#3470);
#3469 = CARTESIAN_POINT('',(0.,0.));
#3470 = VECTOR('',#3471,1.);
#3471 = DIRECTION('',(0.,-1.));
#3472 = ( GEOMETRIC_REPRESENTATION_CONTEXT(2) 
PARAMETRIC_REPRESENTATION_CONTEXT() REPRESENTATION_CONTEXT('2D SPACE',''
  ) );
#3473 = ORIENTED_EDGE('',*,*,#3474,.T.);
#3474 = EDGE_CURVE('',#3452,#3452,#3475,.T.);
#3475 = SURFACE_CURVE('',#3476,(#3521,#3569),.PCURVE_S1.);
#3476 = B_SPLINE_CURVE_WITH_KNOTS('',8,(#3477,#3478,#3479,#3480,#3481,
    #3482,#3483,#3484,#3485,#3486,#3487,#3488,#3489,#3490,#3491,#3492,
    #3493,#3494,#3495,#3496,#3497,#3498,#3499,#3500,#3501,#3502,#3503,
    #3504,#3505,#3506,#3507,#3508,#3509,#3510,#3511,#3512,#3513,#3514,
    #3515,#3516,#3517,#3518,#3519,#3520),.UNSPECIFIED.,.T.,.F.,(9,7,7,7,
    7,7,9),(0.,0.173112327109,0.319579017805,0.500000000079,
    0.680420982354,0.826887672875,1.),.UNSPECIFIED.);
#3477 = CARTESIAN_POINT('',(-52.73091807604,-5.333880281496,533.4));
#3478 = CARTESIAN_POINT('',(-52.73091807604,-5.333880281496,
    533.88724174086));
#3479 = CARTESIAN_POINT('',(-52.73842152921,-5.259701527565,
    534.3747709033));
#3480 = CARTESIAN_POINT('',(-52.75344314064,-5.111193575402,
    534.85476622527));
#3481 = CARTESIAN_POINT('',(-52.7754279975,-4.888026127187,
    535.31907612864));
#3482 = CARTESIAN_POINT('',(-52.80319317006,-4.590108757394,
    535.75857652043));
#3483 = CARTESIAN_POINT('',(-52.8348998189,-4.217935649159,
    536.16270085934));
#3484 = CARTESIAN_POINT('',(-52.86802969231,-3.773083487,536.51879804272
    ));
#3485 = CARTESIAN_POINT('',(-52.92644503205,-2.825051819358,
    537.05741485524));
#3486 = CARTESIAN_POINT('',(-52.95273348971,-2.331969189088,
    537.26356851135));
#3487 = CARTESIAN_POINT('',(-52.97582965833,-1.793030230437,
    537.40764898875));
#3488 = CARTESIAN_POINT('',(-52.99298966154,-1.226648274893,
    537.47563555447));
#3489 = CARTESIAN_POINT('',(-53.00246115518,-0.654188726582,
    537.4608457903));
#3490 = CARTESIAN_POINT('',(-53.00442679591,-9.724859166514E-02,
    537.36395602265));
#3491 = CARTESIAN_POINT('',(-53.00040149764,0.424706076401,
    537.19311163311));
#3492 = CARTESIAN_POINT('',(-52.98257087463,1.478330445472,
    536.68183335178));
#3493 = CARTESIAN_POINT('',(-52.96688341234,1.97420446494,
    536.31611949542));
#3494 = CARTESIAN_POINT('',(-52.9491490406,2.381987974244,
    535.89146847701));
#3495 = CARTESIAN_POINT('',(-52.93248466622,2.70318912836,
    535.42565300507));
#3496 = CARTESIAN_POINT('',(-52.91889172666,2.940299901616,
    534.93304077686));
#3497 = CARTESIAN_POINT('',(-52.9095386265,3.096246722247,
    534.42506061896));
#3498 = CARTESIAN_POINT('',(-52.90490234361,3.173532418777,
    533.91123614096));
#3499 = CARTESIAN_POINT('',(-52.90490234361,3.173532418777,
    532.88876385903));
#3500 = CARTESIAN_POINT('',(-52.9095386265,3.096246722248,
    532.37493938103));
#3501 = CARTESIAN_POINT('',(-52.91889172666,2.940299901612,
    531.86695922313));
#3502 = CARTESIAN_POINT('',(-52.93248466622,2.703189128366,
    531.37434699492));
#3503 = CARTESIAN_POINT('',(-52.9491490406,2.38198797424,530.90853152298
    ));
#3504 = CARTESIAN_POINT('',(-52.96688341234,1.974204464942,
    530.48388050457));
#3505 = CARTESIAN_POINT('',(-52.98257087463,1.478330445472,
    530.11816664821));
#3506 = CARTESIAN_POINT('',(-53.00040149763,0.424706076964,
    529.60688836716));
#3507 = CARTESIAN_POINT('',(-53.00442679593,-9.724859193723E-02,
    529.43604397702));
#3508 = CARTESIAN_POINT('',(-53.00246115518,-0.654188727257,
    529.33915420968));
#3509 = CARTESIAN_POINT('',(-52.99298966151,-1.226648274898,
    529.32436444579));
#3510 = CARTESIAN_POINT('',(-52.97582965835,-1.793030229787,
    529.39235101118));
#3511 = CARTESIAN_POINT('',(-52.95273348974,-2.331969188789,
    529.53643148829));
#3512 = CARTESIAN_POINT('',(-52.92644503202,-2.825051819914,
    529.74258514506));
#3513 = CARTESIAN_POINT('',(-52.86802969231,-3.773083487,530.28120195727
    ));
#3514 = CARTESIAN_POINT('',(-52.8348998189,-4.217935649158,
    530.63729914065));
#3515 = CARTESIAN_POINT('',(-52.80319317006,-4.590108757396,
    531.04142347956));
#3516 = CARTESIAN_POINT('',(-52.7754279975,-4.888026127185,
    531.48092387135));
#3517 = CARTESIAN_POINT('',(-52.75344314064,-5.111193575404,
    531.94523377472));
#3518 = CARTESIAN_POINT('',(-52.73842152921,-5.259701527564,
    532.42522909669));
#3519 = CARTESIAN_POINT('',(-52.73091807604,-5.333880281496,
    532.91275825913));
#3520 = CARTESIAN_POINT('',(-52.73091807604,-5.333880281496,533.4));
#3521 = PCURVE('',#1515,#3522);
#3522 = DEFINITIONAL_REPRESENTATION('',(#3523),#3568);
#3523 = B_SPLINE_CURVE_WITH_KNOTS('',8,(#3524,#3525,#3526,#3527,#3528,
    #3529,#3530,#3531,#3532,#3533,#3534,#3535,#3536,#3537,#3538,#3539,
    #3540,#3541,#3542,#3543,#3544,#3545,#3546,#3547,#3548,#3549,#3550,
    #3551,#3552,#3553,#3554,#3555,#3556,#3557,#3558,#3559,#3560,#3561,
    #3562,#3563,#3564,#3565,#3566,#3567),.UNSPECIFIED.,.F.,.F.,(9,7,7,7,
    7,7,9),(0.,0.173112327109,0.319579017805,0.500000000079,
    0.680420982354,0.826887672875,1.),.UNSPECIFIED.);
#3524 = CARTESIAN_POINT('',(0.,-4.810111795255));
#3525 = CARTESIAN_POINT('',(0.121810435216,-4.810111795255));
#3526 = CARTESIAN_POINT('',(0.243692973624,-4.779162570374));
#3527 = CARTESIAN_POINT('',(0.366444554333,-4.717201837178));
#3528 = CARTESIAN_POINT('',(0.490801834175,-4.6246488886));
#3529 = CARTESIAN_POINT('',(0.617497771288,-4.502594810102));
#3530 = CARTESIAN_POINT('',(0.747380221506,-4.352939704101));
#3531 = CARTESIAN_POINT('',(0.881417891768,-4.178574987636));
#3532 = CARTESIAN_POINT('',(1.139129993244,-3.818524950073));
#3533 = CARTESIAN_POINT('',(1.263785276594,-3.635135400434));
#3534 = CARTESIAN_POINT('',(1.392316301728,-3.440028691797));
#3535 = CARTESIAN_POINT('',(1.52305020914,-3.241721854781));
#3536 = CARTESIAN_POINT('',(1.6547202523,-3.04874192097));
#3537 = CARTESIAN_POINT('',(1.786109177513,-2.86785805736));
#3538 = CARTESIAN_POINT('',(1.915884161932,-2.70389290416));
#3539 = CARTESIAN_POINT('',(2.197430957306,-2.382100804491));
#3540 = CARTESIAN_POINT('',(2.344657486643,-2.23756225551));
#3541 = CARTESIAN_POINT('',(2.485850835746,-2.123277753253));
#3542 = CARTESIAN_POINT('',(2.622311645151,-2.035811024206));
#3543 = CARTESIAN_POINT('',(2.755153915185,-1.972465828053));
#3544 = CARTESIAN_POINT('',(2.885326887403,-1.931195097762));
#3545 = CARTESIAN_POINT('',(3.013783618348,-1.910742660751));
#3546 = CARTESIAN_POINT('',(3.269401688832,-1.910742660751));
#3547 = CARTESIAN_POINT('',(3.397858419777,-1.931195097761));
#3548 = CARTESIAN_POINT('',(3.528031391995,-1.972465828054));
#3549 = CARTESIAN_POINT('',(3.660873662027,-2.035811024206));
#3550 = CARTESIAN_POINT('',(3.797334471434,-2.123277753254));
#3551 = CARTESIAN_POINT('',(3.938527820536,-2.23756225551));
#3552 = CARTESIAN_POINT('',(4.085754349873,-2.382100804491));
#3553 = CARTESIAN_POINT('',(4.367301145097,-2.703892903988));
#3554 = CARTESIAN_POINT('',(4.497076129763,-2.867858057432));
#3555 = CARTESIAN_POINT('',(4.628465055013,-3.048741921188));
#3556 = CARTESIAN_POINT('',(4.760135098042,-3.241721854816));
#3557 = CARTESIAN_POINT('',(4.890869005324,-3.440028691561));
#3558 = CARTESIAN_POINT('',(5.01940003048,-3.635135400311));
#3559 = CARTESIAN_POINT('',(5.144055314087,-3.818524950284));
#3560 = CARTESIAN_POINT('',(5.401767415411,-4.178574987636));
#3561 = CARTESIAN_POINT('',(5.535805085673,-4.3529397041));
#3562 = CARTESIAN_POINT('',(5.665687535895,-4.502594810103));
#3563 = CARTESIAN_POINT('',(5.792383473,-4.624648888599));
#3564 = CARTESIAN_POINT('',(5.91674075285,-4.717201837179));
#3565 = CARTESIAN_POINT('',(6.039492333554,-4.779162570374));
#3566 = CARTESIAN_POINT('',(6.161374871964,-4.810111795255));
#3567 = CARTESIAN_POINT('',(6.28318530718,-4.810111795255));
#3568 = ( GEOMETRIC_REPRESENTATION_CONTEXT(2) 
PARAMETRIC_REPRESENTATION_CONTEXT() REPRESENTATION_CONTEXT('2D SPACE',''
  ) );
#3569 = PCURVE('',#2192,#3570);
#3570 = DEFINITIONAL_REPRESENTATION('',(#3571),#3616);
#3571 = B_SPLINE_CURVE_WITH_KNOTS('',8,(#3572,#3573,#3574,#3575,#3576,
    #3577,#3578,#3579,#3580,#3581,#3582,#3583,#3584,#3585,#3586,#3587,
    #3588,#3589,#3590,#3591,#3592,#3593,#3594,#3595,#3596,#3597,#3598,
    #3599,#3600,#3601,#3602,#3603,#3604,#3605,#3606,#3607,#3608,#3609,
    #3610,#3611,#3612,#3613,#3614,#3615),.UNSPECIFIED.,.T.,.F.,(9,7,7,7,
    7,7,9),(0.,0.173112327109,0.319579017805,0.500000000079,
    0.680420982354,0.826887672875,1.),.UNSPECIFIED.);
#3572 = CARTESIAN_POINT('',(3.24240256656,438.4));
#3573 = CARTESIAN_POINT('',(3.24240256656,438.88724174086));
#3574 = CARTESIAN_POINT('',(3.240995825582,439.3747709033));
#3575 = CARTESIAN_POINT('',(3.238179489009,439.85476622527));
#3576 = CARTESIAN_POINT('',(3.233948419802,440.31907612864));
#3577 = CARTESIAN_POINT('',(3.228303141992,440.75857652043));
#3578 = CARTESIAN_POINT('',(3.221256112273,441.16270085934));
#3579 = CARTESIAN_POINT('',(3.212840120402,441.51879804272));
#3580 = CARTESIAN_POINT('',(3.194918805945,442.05741485524));
#3581 = CARTESIAN_POINT('',(3.185602469127,442.26356851135));
#3582 = CARTESIAN_POINT('',(3.175425396686,442.40764898875));
#3583 = CARTESIAN_POINT('',(3.164735826466,442.47563555447));
#3584 = CARTESIAN_POINT('',(3.153935140209,442.4608457903));
#3585 = CARTESIAN_POINT('',(3.143427872796,442.36395602265));
#3586 = CARTESIAN_POINT('',(3.133579799273,442.19311163311));
#3587 = CARTESIAN_POINT('',(3.113697247702,441.68183335178));
#3588 = CARTESIAN_POINT('',(3.104337466209,441.31611949542));
#3589 = CARTESIAN_POINT('',(3.096636857434,440.89146847701));
#3590 = CARTESIAN_POINT('',(3.090568473643,440.42565300508));
#3591 = CARTESIAN_POINT('',(3.0860873717,439.93304077686));
#3592 = CARTESIAN_POINT('',(3.083139685971,439.42506061896));
#3593 = CARTESIAN_POINT('',(3.081678844779,438.91123614096));
#3594 = CARTESIAN_POINT('',(3.081678844779,437.88876385903));
#3595 = CARTESIAN_POINT('',(3.083139685971,437.37493938103));
#3596 = CARTESIAN_POINT('',(3.0860873717,436.86695922313));
#3597 = CARTESIAN_POINT('',(3.090568473643,436.37434699492));
#3598 = CARTESIAN_POINT('',(3.096636857434,435.90853152298));
#3599 = CARTESIAN_POINT('',(3.104337466209,435.48388050457));
#3600 = CARTESIAN_POINT('',(3.113697247702,435.11816664821));
#3601 = CARTESIAN_POINT('',(3.133579799262,434.60688836716));
#3602 = CARTESIAN_POINT('',(3.143427872802,434.43604397701));
#3603 = CARTESIAN_POINT('',(3.153935140222,434.33915420968));
#3604 = CARTESIAN_POINT('',(3.164735826466,434.32436444579));
#3605 = CARTESIAN_POINT('',(3.175425396674,434.39235101118));
#3606 = CARTESIAN_POINT('',(3.185602469121,434.53643148829));
#3607 = CARTESIAN_POINT('',(3.194918805956,434.74258514506));
#3608 = CARTESIAN_POINT('',(3.212840120402,435.28120195727));
#3609 = CARTESIAN_POINT('',(3.221256112273,435.63729914065));
#3610 = CARTESIAN_POINT('',(3.228303141992,436.04142347956));
#3611 = CARTESIAN_POINT('',(3.233948419802,436.48092387135));
#3612 = CARTESIAN_POINT('',(3.238179489009,436.94523377472));
#3613 = CARTESIAN_POINT('',(3.240995825582,437.42522909669));
#3614 = CARTESIAN_POINT('',(3.24240256656,437.91275825913));
#3615 = CARTESIAN_POINT('',(3.24240256656,438.4));
#3616 = ( GEOMETRIC_REPRESENTATION_CONTEXT(2) 
PARAMETRIC_REPRESENTATION_CONTEXT() REPRESENTATION_CONTEXT('2D SPACE',''
  ) );
#3617 = ORIENTED_EDGE('',*,*,#3451,.F.);
#3618 = ORIENTED_EDGE('',*,*,#1544,.F.);
#3619 = ORIENTED_EDGE('',*,*,#3620,.F.);
#3620 = EDGE_CURVE('',#1466,#1545,#3621,.T.);
#3621 = SURFACE_CURVE('',#3622,(#3627,#3634),.PCURVE_S1.);
#3622 = CIRCLE('',#3623,4.);
#3623 = AXIS2_PLACEMENT_3D('',#3624,#3625,#3626);
#3624 = CARTESIAN_POINT('',(-56.,6.858022075225E-15,533.4));
#3625 = DIRECTION('',(-0.946930129495,0.321439465303,0.));
#3626 = DIRECTION('',(-0.321439465303,-0.946930129495,0.));
#3627 = PCURVE('',#1515,#3628);
#3628 = DEFINITIONAL_REPRESENTATION('',(#3629),#3633);
#3629 = LINE('',#3630,#3631);
#3630 = CARTESIAN_POINT('',(0.,0.));
#3631 = VECTOR('',#3632,1.);
#3632 = DIRECTION('',(1.,0.));
#3633 = ( GEOMETRIC_REPRESENTATION_CONTEXT(2) 
PARAMETRIC_REPRESENTATION_CONTEXT() REPRESENTATION_CONTEXT('2D SPACE',''
  ) );
#3634 = PCURVE('',#1619,#3635);
#3635 = DEFINITIONAL_REPRESENTATION('',(#3636),#3640);
#3636 = CIRCLE('',#3637,4.);
#3637 = AXIS2_PLACEMENT_2D('',#3638,#3639);
#3638 = CARTESIAN_POINT('',(2.563950248511E-16,-3.49503809816E-16));
#3639 = DIRECTION('',(1.,0.));
#3640 = ( GEOMETRIC_REPRESENTATION_CONTEXT(2) 
PARAMETRIC_REPRESENTATION_CONTEXT() REPRESENTATION_CONTEXT('2D SPACE',''
  ) );
#3641 = ADVANCED_FACE('',(#3642),#1619,.F.);
#3642 = FACE_BOUND('',#3643,.F.);
#3643 = EDGE_LOOP('',(#3644,#3645));
#3644 = ORIENTED_EDGE('',*,*,#1606,.T.);
#3645 = ORIENTED_EDGE('',*,*,#3620,.T.);
#3646 = ADVANCED_FACE('',(#3647),#1708,.F.);
#3647 = FACE_BOUND('',#3648,.F.);
#3648 = EDGE_LOOP('',(#3649,#3673,#3696,#3840,#3841,#3863));
#3649 = ORIENTED_EDGE('',*,*,#3650,.F.);
#3650 = EDGE_CURVE('',#3651,#1633,#3653,.T.);
#3651 = VERTEX_POINT('',#3652);
#3652 = CARTESIAN_POINT('',(-3.78772051798,-54.71424213878,533.4));
#3653 = SURFACE_CURVE('',#3654,(#3659,#3666),.PCURVE_S1.);
#3654 = CIRCLE('',#3655,4.);
#3655 = AXIS2_PLACEMENT_3D('',#3656,#3657,#3658);
#3656 = CARTESIAN_POINT('',(-1.028703311284E-14,-56.,533.4));
#3657 = DIRECTION('',(-0.321439465303,-0.946930129495,-0.));
#3658 = DIRECTION('',(-0.946930129495,0.321439465303,0.));
#3659 = PCURVE('',#1708,#3660);
#3660 = DEFINITIONAL_REPRESENTATION('',(#3661),#3665);
#3661 = LINE('',#3662,#3663);
#3662 = CARTESIAN_POINT('',(0.,0.));
#3663 = VECTOR('',#3664,1.);
#3664 = DIRECTION('',(1.,0.));
#3665 = ( GEOMETRIC_REPRESENTATION_CONTEXT(2) 
PARAMETRIC_REPRESENTATION_CONTEXT() REPRESENTATION_CONTEXT('2D SPACE',''
  ) );
#3666 = PCURVE('',#1762,#3667);
#3667 = DEFINITIONAL_REPRESENTATION('',(#3668),#3672);
#3668 = CIRCLE('',#3669,4.);
#3669 = AXIS2_PLACEMENT_2D('',#3670,#3671);
#3670 = CARTESIAN_POINT('',(2.563950248511E-16,-3.49503809816E-16));
#3671 = DIRECTION('',(1.,0.));
#3672 = ( GEOMETRIC_REPRESENTATION_CONTEXT(2) 
PARAMETRIC_REPRESENTATION_CONTEXT() REPRESENTATION_CONTEXT('2D SPACE',''
  ) );
#3673 = ORIENTED_EDGE('',*,*,#3674,.T.);
#3674 = EDGE_CURVE('',#3651,#3675,#3677,.T.);
#3675 = VERTEX_POINT('',#3676);
#3676 = CARTESIAN_POINT('',(-3.173532418777,-52.90490234361,533.4));
#3677 = SEAM_CURVE('',#3678,(#3682,#3689),.PCURVE_S1.);
#3678 = LINE('',#3679,#3680);
#3679 = CARTESIAN_POINT('',(-3.78772051798,-54.71424213878,533.4));
#3680 = VECTOR('',#3681,1.);
#3681 = DIRECTION('',(0.321439465303,0.946930129495,0.));
#3682 = PCURVE('',#1708,#3683);
#3683 = DEFINITIONAL_REPRESENTATION('',(#3684),#3688);
#3684 = LINE('',#3685,#3686);
#3685 = CARTESIAN_POINT('',(6.28318530718,0.));
#3686 = VECTOR('',#3687,1.);
#3687 = DIRECTION('',(0.,-1.));
#3688 = ( GEOMETRIC_REPRESENTATION_CONTEXT(2) 
PARAMETRIC_REPRESENTATION_CONTEXT() REPRESENTATION_CONTEXT('2D SPACE',''
  ) );
#3689 = PCURVE('',#1708,#3690);
#3690 = DEFINITIONAL_REPRESENTATION('',(#3691),#3695);
#3691 = LINE('',#3692,#3693);
#3692 = CARTESIAN_POINT('',(0.,0.));
#3693 = VECTOR('',#3694,1.);
#3694 = DIRECTION('',(0.,-1.));
#3695 = ( GEOMETRIC_REPRESENTATION_CONTEXT(2) 
PARAMETRIC_REPRESENTATION_CONTEXT() REPRESENTATION_CONTEXT('2D SPACE',''
  ) );
#3696 = ORIENTED_EDGE('',*,*,#3697,.T.);
#3697 = EDGE_CURVE('',#3675,#3675,#3698,.T.);
#3698 = SURFACE_CURVE('',#3699,(#3744,#3792),.PCURVE_S1.);
#3699 = B_SPLINE_CURVE_WITH_KNOTS('',8,(#3700,#3701,#3702,#3703,#3704,
    #3705,#3706,#3707,#3708,#3709,#3710,#3711,#3712,#3713,#3714,#3715,
    #3716,#3717,#3718,#3719,#3720,#3721,#3722,#3723,#3724,#3725,#3726,
    #3727,#3728,#3729,#3730,#3731,#3732,#3733,#3734,#3735,#3736,#3737,
    #3738,#3739,#3740,#3741,#3742,#3743),.UNSPECIFIED.,.T.,.F.,(9,7,7,7,
    7,7,9),(0.,0.180420981405,0.326887672263,0.499999999565,
    0.673112326866,0.819579017537,1.),.UNSPECIFIED.);
#3700 = CARTESIAN_POINT('',(-3.173532418777,-52.90490234361,533.4));
#3701 = CARTESIAN_POINT('',(-3.173532418777,-52.90490234361,
    532.88876385624));
#3702 = CARTESIAN_POINT('',(-3.096246725593,-52.9095386264,
    532.37493939342));
#3703 = CARTESIAN_POINT('',(-2.940299888537,-52.91889172701,
    531.86695919701));
#3704 = CARTESIAN_POINT('',(-2.703189151669,-52.93248466563,
    531.37434702668));
#3705 = CARTESIAN_POINT('',(-2.381987951053,-52.94914904114,
    530.90853149995));
#3706 = CARTESIAN_POINT('',(-1.974204477931,-52.96688341208,
    530.48388051396));
#3707 = CARTESIAN_POINT('',(-1.478330442024,-52.98257087469,
    530.11816664654));
#3708 = CARTESIAN_POINT('',(-0.424706076399,-53.00040149764,
    529.60688836688));
#3709 = CARTESIAN_POINT('',(9.724859166384E-02,-53.00442679591,
    529.43604397735));
#3710 = CARTESIAN_POINT('',(0.654188726581,-53.00246115518,
    529.33915420969));
#3711 = CARTESIAN_POINT('',(1.226648274892,-52.99298966154,
    529.32436444552));
#3712 = CARTESIAN_POINT('',(1.793030230441,-52.97582965833,
    529.39235101124));
#3713 = CARTESIAN_POINT('',(2.331969189087,-52.95273348971,
    529.53643148864));
#3714 = CARTESIAN_POINT('',(2.825051819358,-52.92644503205,
    529.74258514475));
#3715 = CARTESIAN_POINT('',(3.773083487,-52.86802969231,530.28120195727)
  );
#3716 = CARTESIAN_POINT('',(4.217935649158,-52.8348998189,
    530.63729914065));
#3717 = CARTESIAN_POINT('',(4.590108757399,-52.80319317006,
    531.04142347956));
#3718 = CARTESIAN_POINT('',(4.888026127179,-52.7754279975,
    531.48092387135));
#3719 = CARTESIAN_POINT('',(5.111193575407,-52.75344314064,
    531.94523377472));
#3720 = CARTESIAN_POINT('',(5.259701527563,-52.73842152921,
    532.42522909669));
#3721 = CARTESIAN_POINT('',(5.333880281496,-52.73091807604,
    532.91275825913));
#3722 = CARTESIAN_POINT('',(5.333880281496,-52.73091807604,
    533.88724174086));
#3723 = CARTESIAN_POINT('',(5.259701527566,-52.73842152921,
    534.37477090329));
#3724 = CARTESIAN_POINT('',(5.111193575399,-52.75344314064,
    534.85476622528));
#3725 = CARTESIAN_POINT('',(4.888026127193,-52.7754279975,
    535.31907612863));
#3726 = CARTESIAN_POINT('',(4.590108757388,-52.80319317006,
    535.75857652044));
#3727 = CARTESIAN_POINT('',(4.217935649162,-52.8348998189,
    536.16270085933));
#3728 = CARTESIAN_POINT('',(3.773083486999,-52.86802969231,
    536.51879804272));
#3729 = CARTESIAN_POINT('',(2.825051819915,-52.92644503202,
    537.05741485493));
#3730 = CARTESIAN_POINT('',(2.331969188788,-52.95273348974,
    537.26356851171));
#3731 = CARTESIAN_POINT('',(1.793030229786,-52.97582965835,
    537.40764898881));
#3732 = CARTESIAN_POINT('',(1.2266482749,-52.99298966151,537.4756355542)
  );
#3733 = CARTESIAN_POINT('',(0.654188727255,-53.00246115518,
    537.46084579031));
#3734 = CARTESIAN_POINT('',(9.724859193769E-02,-53.00442679593,
    537.36395602298));
#3735 = CARTESIAN_POINT('',(-0.424706076964,-53.00040149763,
    537.19311163283));
#3736 = CARTESIAN_POINT('',(-1.478330445485,-52.98257087463,
    536.68183335177));
#3737 = CARTESIAN_POINT('',(-1.9742044649,-52.96688341234,
    536.31611949543));
#3738 = CARTESIAN_POINT('',(-2.381987974301,-52.9491490406,
    535.89146847701));
#3739 = CARTESIAN_POINT('',(-2.703189128319,-52.93248466622,
    535.42565300503));
#3740 = CARTESIAN_POINT('',(-2.94029990163,-52.91889172666,
    534.93304077692));
#3741 = CARTESIAN_POINT('',(-3.096246722245,-52.9095386265,
    534.42506061892));
#3742 = CARTESIAN_POINT('',(-3.173532418777,-52.90490234361,
    533.91123614098));
#3743 = CARTESIAN_POINT('',(-3.173532418777,-52.90490234361,533.4));
#3744 = PCURVE('',#1708,#3745);
#3745 = DEFINITIONAL_REPRESENTATION('',(#3746),#3791);
#3746 = B_SPLINE_CURVE_WITH_KNOTS('',8,(#3747,#3748,#3749,#3750,#3751,
    #3752,#3753,#3754,#3755,#3756,#3757,#3758,#3759,#3760,#3761,#3762,
    #3763,#3764,#3765,#3766,#3767,#3768,#3769,#3770,#3771,#3772,#3773,
    #3774,#3775,#3776,#3777,#3778,#3779,#3780,#3781,#3782,#3783,#3784,
    #3785,#3786,#3787,#3788,#3789,#3790),.UNSPECIFIED.,.F.,.F.,(9,7,7,7,
    7,7,9),(0.,0.180420981405,0.326887672263,0.499999999565,
    0.673112326866,0.819579017537,1.),.UNSPECIFIED.);
#3747 = CARTESIAN_POINT('',(0.,-1.910742660751));
#3748 = CARTESIAN_POINT('',(0.127809035939,-1.910742660751));
#3749 = CARTESIAN_POINT('',(0.256265762697,-1.931195096774));
#3750 = CARTESIAN_POINT('',(0.386438746511,-1.972465831924));
#3751 = CARTESIAN_POINT('',(0.519280997587,-2.035811017272));
#3752 = CARTESIAN_POINT('',(0.65574182663,-2.1232777602));
#3753 = CARTESIAN_POINT('',(0.796935162815,-2.237562251585));
#3754 = CARTESIAN_POINT('',(0.944161697205,-2.382100805544));
#3755 = CARTESIAN_POINT('',(1.225708491658,-2.70389290416));
#3756 = CARTESIAN_POINT('',(1.355483476077,-2.86785805736));
#3757 = CARTESIAN_POINT('',(1.48687240129,-3.048741920969));
#3758 = CARTESIAN_POINT('',(1.618542444449,-3.241721854781));
#3759 = CARTESIAN_POINT('',(1.749276351863,-3.440028691799));
#3760 = CARTESIAN_POINT('',(1.877807376995,-3.635135400434));
#3761 = CARTESIAN_POINT('',(2.002462660345,-3.818524950073));
#3762 = CARTESIAN_POINT('',(2.260174761821,-4.178574987636));
#3763 = CARTESIAN_POINT('',(2.394212432084,-4.3529397041));
#3764 = CARTESIAN_POINT('',(2.524094882304,-4.502594810103));
#3765 = CARTESIAN_POINT('',(2.650790819413,-4.624648888598));
#3766 = CARTESIAN_POINT('',(2.775148099258,-4.717201837179));
#3767 = CARTESIAN_POINT('',(2.897899679965,-4.779162570374));
#3768 = CARTESIAN_POINT('',(3.019782218374,-4.810111795255));
#3769 = CARTESIAN_POINT('',(3.263403088806,-4.810111795255));
#3770 = CARTESIAN_POINT('',(3.385285627213,-4.779162570375));
#3771 = CARTESIAN_POINT('',(3.508037207925,-4.717201837177));
#3772 = CARTESIAN_POINT('',(3.632394487762,-4.624648888601));
#3773 = CARTESIAN_POINT('',(3.75909042488,-4.5025948101));
#3774 = CARTESIAN_POINT('',(3.888972875095,-4.352939704102));
#3775 = CARTESIAN_POINT('',(4.023010545358,-4.178574987635));
#3776 = CARTESIAN_POINT('',(4.280722646683,-3.818524950285));
#3777 = CARTESIAN_POINT('',(4.40537793029,-3.63513540031));
#3778 = CARTESIAN_POINT('',(4.533908955444,-3.440028691561));
#3779 = CARTESIAN_POINT('',(4.66464286273,-3.241721854816));
#3780 = CARTESIAN_POINT('',(4.796312905755,-3.048741921187));
#3781 = CARTESIAN_POINT('',(4.927701831007,-2.867858057432));
#3782 = CARTESIAN_POINT('',(5.057476815672,-2.703892903988));
#3783 = CARTESIAN_POINT('',(5.339023610899,-2.382100804487));
#3784 = CARTESIAN_POINT('',(5.486250140223,-2.237562255523));
#3785 = CARTESIAN_POINT('',(5.627443489346,-2.123277753235));
#3786 = CARTESIAN_POINT('',(5.763904298743,-2.035811024221));
#3787 = CARTESIAN_POINT('',(5.896746568762,-1.972465828047));
#3788 = CARTESIAN_POINT('',(6.026919541003,-1.931195097763));
#3789 = CARTESIAN_POINT('',(6.155376271934,-1.910742660751));
#3790 = CARTESIAN_POINT('',(6.28318530718,-1.910742660751));
#3791 = ( GEOMETRIC_REPRESENTATION_CONTEXT(2) 
PARAMETRIC_REPRESENTATION_CONTEXT() REPRESENTATION_CONTEXT('2D SPACE',''
  ) );
#3792 = PCURVE('',#2192,#3793);
#3793 = DEFINITIONAL_REPRESENTATION('',(#3794),#3839);
#3794 = B_SPLINE_CURVE_WITH_KNOTS('',8,(#3795,#3796,#3797,#3798,#3799,
    #3800,#3801,#3802,#3803,#3804,#3805,#3806,#3807,#3808,#3809,#3810,
    #3811,#3812,#3813,#3814,#3815,#3816,#3817,#3818,#3819,#3820,#3821,
    #3822,#3823,#3824,#3825,#3826,#3827,#3828,#3829,#3830,#3831,#3832,
    #3833,#3834,#3835,#3836,#3837,#3838),.UNSPECIFIED.,.T.,.F.,(9,7,7,7,
    7,7,9),(0.,0.180420981405,0.326887672263,0.499999999565,
    0.673112326866,0.819579017537,1.),.UNSPECIFIED.);
#3795 = CARTESIAN_POINT('',(4.652475171574,438.4));
#3796 = CARTESIAN_POINT('',(4.652475171574,437.88876385624));
#3797 = CARTESIAN_POINT('',(4.653936012703,437.37493939342));
#3798 = CARTESIAN_POINT('',(4.656883698742,436.86695919701));
#3799 = CARTESIAN_POINT('',(4.661364799998,436.37434702668));
#3800 = CARTESIAN_POINT('',(4.667433184666,435.90853149995));
#3801 = CARTESIAN_POINT('',(4.675133792759,435.48388051396));
#3802 = CARTESIAN_POINT('',(4.684493574562,435.11816664654));
#3803 = CARTESIAN_POINT('',(4.704376126068,434.60688836688));
#3804 = CARTESIAN_POINT('',(4.714224199591,434.43604397735));
#3805 = CARTESIAN_POINT('',(4.724731467004,434.3391542097));
#3806 = CARTESIAN_POINT('',(4.735532153261,434.32436444552));
#3807 = CARTESIAN_POINT('',(4.746221723481,434.39235101124));
#3808 = CARTESIAN_POINT('',(4.756398795922,434.53643148864));
#3809 = CARTESIAN_POINT('',(4.76571513274,434.74258514475));
#3810 = CARTESIAN_POINT('',(4.783636447197,435.28120195727));
#3811 = CARTESIAN_POINT('',(4.792052439068,435.63729914065));
#3812 = CARTESIAN_POINT('',(4.799099468787,436.04142347956));
#3813 = CARTESIAN_POINT('',(4.804744746597,436.48092387135));
#3814 = CARTESIAN_POINT('',(4.808975815804,436.94523377472));
#3815 = CARTESIAN_POINT('',(4.811792152377,437.42522909669));
#3816 = CARTESIAN_POINT('',(4.813198893355,437.91275825913));
#3817 = CARTESIAN_POINT('',(4.813198893355,438.88724174086));
#3818 = CARTESIAN_POINT('',(4.811792152377,439.37477090329));
#3819 = CARTESIAN_POINT('',(4.808975815804,439.85476622528));
#3820 = CARTESIAN_POINT('',(4.804744746597,440.31907612863));
#3821 = CARTESIAN_POINT('',(4.799099468787,440.75857652044));
#3822 = CARTESIAN_POINT('',(4.792052439068,441.16270085933));
#3823 = CARTESIAN_POINT('',(4.783636447197,441.51879804272));
#3824 = CARTESIAN_POINT('',(4.765715132751,442.05741485493));
#3825 = CARTESIAN_POINT('',(4.756398795916,442.26356851171));
#3826 = CARTESIAN_POINT('',(4.746221723469,442.40764898881));
#3827 = CARTESIAN_POINT('',(4.735532153261,442.4756355542));
#3828 = CARTESIAN_POINT('',(4.724731467017,442.46084579031));
#3829 = CARTESIAN_POINT('',(4.714224199596,442.36395602298));
#3830 = CARTESIAN_POINT('',(4.704376126057,442.19311163283));
#3831 = CARTESIAN_POINT('',(4.684493574497,441.68183335177));
#3832 = CARTESIAN_POINT('',(4.675133793005,441.31611949543));
#3833 = CARTESIAN_POINT('',(4.667433184227,440.89146847701));
#3834 = CARTESIAN_POINT('',(4.661364800439,440.42565300503));
#3835 = CARTESIAN_POINT('',(4.656883698495,439.93304077692));
#3836 = CARTESIAN_POINT('',(4.653936012766,439.42506061892));
#3837 = CARTESIAN_POINT('',(4.652475171574,438.91123614098));
#3838 = CARTESIAN_POINT('',(4.652475171574,438.4));
#3839 = ( GEOMETRIC_REPRESENTATION_CONTEXT(2) 
PARAMETRIC_REPRESENTATION_CONTEXT() REPRESENTATION_CONTEXT('2D SPACE',''
  ) );
#3840 = ORIENTED_EDGE('',*,*,#3674,.F.);
#3841 = ORIENTED_EDGE('',*,*,#3842,.F.);
#3842 = EDGE_CURVE('',#1635,#3651,#3843,.T.);
#3843 = SURFACE_CURVE('',#3844,(#3849,#3856),.PCURVE_S1.);
#3844 = CIRCLE('',#3845,4.);
#3845 = AXIS2_PLACEMENT_3D('',#3846,#3847,#3848);
#3846 = CARTESIAN_POINT('',(-1.028703311284E-14,-56.,533.4));
#3847 = DIRECTION('',(-0.321439465303,-0.946930129495,-0.));
#3848 = DIRECTION('',(-0.946930129495,0.321439465303,0.));
#3849 = PCURVE('',#1708,#3850);
#3850 = DEFINITIONAL_REPRESENTATION('',(#3851),#3855);
#3851 = LINE('',#3852,#3853);
#3852 = CARTESIAN_POINT('',(0.,0.));
#3853 = VECTOR('',#3854,1.);
#3854 = DIRECTION('',(1.,0.));
#3855 = ( GEOMETRIC_REPRESENTATION_CONTEXT(2) 
PARAMETRIC_REPRESENTATION_CONTEXT() REPRESENTATION_CONTEXT('2D SPACE',''
  ) );
#3856 = PCURVE('',#1762,#3857);
#3857 = DEFINITIONAL_REPRESENTATION('',(#3858),#3862);
#3858 = CIRCLE('',#3859,4.);
#3859 = AXIS2_PLACEMENT_2D('',#3860,#3861);
#3860 = CARTESIAN_POINT('',(2.563950248511E-16,-3.49503809816E-16));
#3861 = DIRECTION('',(1.,0.));
#3862 = ( GEOMETRIC_REPRESENTATION_CONTEXT(2) 
PARAMETRIC_REPRESENTATION_CONTEXT() REPRESENTATION_CONTEXT('2D SPACE',''
  ) );
#3863 = ORIENTED_EDGE('',*,*,#1632,.F.);
#3864 = ADVANCED_FACE('',(#3865),#1762,.F.);
#3865 = FACE_BOUND('',#3866,.F.);
#3866 = EDGE_LOOP('',(#3867,#3868,#3869));
#3867 = ORIENTED_EDGE('',*,*,#3842,.T.);
#3868 = ORIENTED_EDGE('',*,*,#3650,.T.);
#3869 = ORIENTED_EDGE('',*,*,#1749,.T.);
#3870 = ADVANCED_FACE('',(#3871),#1957,.F.);
#3871 = FACE_BOUND('',#3872,.F.);
#3872 = EDGE_LOOP('',(#3873,#4019,#4040,#4041));
#3873 = ORIENTED_EDGE('',*,*,#3874,.F.);
#3874 = EDGE_CURVE('',#3875,#3875,#3877,.T.);
#3875 = VERTEX_POINT('',#3876);
#3876 = CARTESIAN_POINT('',(38.58718940993,-36.33220077895,533.4));
#3877 = SURFACE_CURVE('',#3878,(#3923,#3971),.PCURVE_S1.);
#3878 = B_SPLINE_CURVE_WITH_KNOTS('',8,(#3879,#3880,#3881,#3882,#3883,
    #3884,#3885,#3886,#3887,#3888,#3889,#3890,#3891,#3892,#3893,#3894,
    #3895,#3896,#3897,#3898,#3899,#3900,#3901,#3902,#3903,#3904,#3905,
    #3906,#3907,#3908,#3909,#3910,#3911,#3912,#3913,#3914,#3915,#3916,
    #3917,#3918,#3919,#3920,#3921,#3922),.UNSPECIFIED.,.T.,.F.,(9,7,7,7,
    7,7,9),(0.,0.173112328322,0.319579019856,0.500000002312,
    0.680420983784,0.82688767365,1.),.UNSPECIFIED.);
#3879 = CARTESIAN_POINT('',(38.58718940993,-36.33220077895,533.4));
#3880 = CARTESIAN_POINT('',(38.58718940993,-36.33220077895,
    533.88724174086));
#3881 = CARTESIAN_POINT('',(38.63829946381,-36.27791862961,
    534.37477090328));
#3882 = CARTESIAN_POINT('',(38.740622822592,-36.16924392735,
    534.85476622529));
#3883 = CARTESIAN_POINT('',(38.893920316907,-36.00557681973,
    535.31907612863));
#3884 = CARTESIAN_POINT('',(39.097308513051,-35.78612544541,
    535.75857652043));
#3885 = CARTESIAN_POINT('',(39.349027722033,-35.51016245167,
    536.16270085934));
#3886 = CARTESIAN_POINT('',(39.646120255699,-35.17740569198,
    536.51879804272));
#3887 = CARTESIAN_POINT('',(40.269589372981,-34.46084260787,
    537.05741485493));
#3888 = CARTESIAN_POINT('',(40.590615095867,-34.08565725451,
    537.2635685117));
#3889 = CARTESIAN_POINT('',(40.93702376922,-33.67214828778,
    537.40764898881));
#3890 = CARTESIAN_POINT('',(41.295429203259,-33.23325362004,
    537.4756355542));
#3891 = CARTESIAN_POINT('',(41.651434736674,-32.78485680575,
    537.46084579031));
#3892 = CARTESIAN_POINT('',(41.99203785698,-32.34420309533,
    537.36395602297));
#3893 = CARTESIAN_POINT('',(42.306590243246,-31.92765816893,
    537.19311163283));
#3894 = CARTESIAN_POINT('',(42.933850133096,-31.08090716398,
    536.68183335344));
#3895 = CARTESIAN_POINT('',(43.223273418908,-30.67795391912,
    536.31611948605));
#3896 = CARTESIAN_POINT('',(43.457446646365,-30.34364153752,
    535.89146850004));
#3897 = CARTESIAN_POINT('',(43.639760810221,-30.07867086315,
    535.42565297327));
#3898 = CARTESIAN_POINT('',(43.773320678007,-29.88228341125,
    534.93304080305));
#3899 = CARTESIAN_POINT('',(43.860834783763,-29.75286866029,
    534.42506060653));
#3900 = CARTESIAN_POINT('',(43.904205122345,-29.6887314073,
    533.91123614376));
#3901 = CARTESIAN_POINT('',(43.904205122345,-29.6887314073,
    532.88876385902));
#3902 = CARTESIAN_POINT('',(43.8608347818,-29.752868663,532.37493938107)
  );
#3903 = CARTESIAN_POINT('',(43.773320685689,-29.88228340066,
    531.86695922307));
#3904 = CARTESIAN_POINT('',(43.639760796501,-30.078670882,
    531.37434699495));
#3905 = CARTESIAN_POINT('',(43.457446660056,-30.3436415188,
    530.90853152298));
#3906 = CARTESIAN_POINT('',(43.223273411212,-30.67795392959,
    530.48388050456));
#3907 = CARTESIAN_POINT('',(42.933850135148,-31.08090716121,
    530.11816664822));
#3908 = CARTESIAN_POINT('',(42.306590243247,-31.92765816893,
    529.60688836716));
#3909 = CARTESIAN_POINT('',(41.992037856977,-32.34420309533,
    529.43604397701));
#3910 = CARTESIAN_POINT('',(41.651434736679,-32.78485680575,
    529.33915420968));
#3911 = CARTESIAN_POINT('',(41.295429203253,-33.23325362004,
    529.32436444579));
#3912 = CARTESIAN_POINT('',(40.937023769223,-33.67214828778,
    529.39235101118));
#3913 = CARTESIAN_POINT('',(40.590615095866,-34.08565725451,
    529.53643148829));
#3914 = CARTESIAN_POINT('',(40.269589372981,-34.46084260787,
    529.74258514506));
#3915 = CARTESIAN_POINT('',(39.6461202557,-35.17740569197,
    530.28120195727));
#3916 = CARTESIAN_POINT('',(39.34902772203,-35.51016245168,
    530.63729914065));
#3917 = CARTESIAN_POINT('',(39.097308513057,-35.78612544541,
    531.04142347956));
#3918 = CARTESIAN_POINT('',(38.893920316903,-36.00557681974,
    531.48092387135));
#3919 = CARTESIAN_POINT('',(38.740622822594,-36.16924392735,
    531.94523377472));
#3920 = CARTESIAN_POINT('',(38.63829946381,-36.27791862961,
    532.42522909669));
#3921 = CARTESIAN_POINT('',(38.58718940993,-36.33220077895,
    532.91275825913));
#3922 = CARTESIAN_POINT('',(38.58718940993,-36.33220077895,533.4));
#3923 = PCURVE('',#1957,#3924);
#3924 = DEFINITIONAL_REPRESENTATION('',(#3925),#3970);
#3925 = B_SPLINE_CURVE_WITH_KNOTS('',8,(#3926,#3927,#3928,#3929,#3930,
    #3931,#3932,#3933,#3934,#3935,#3936,#3937,#3938,#3939,#3940,#3941,
    #3942,#3943,#3944,#3945,#3946,#3947,#3948,#3949,#3950,#3951,#3952,
    #3953,#3954,#3955,#3956,#3957,#3958,#3959,#3960,#3961,#3962,#3963,
    #3964,#3965,#3966,#3967,#3968,#3969),.UNSPECIFIED.,.F.,.F.,(9,7,7,7,
    7,7,9),(0.,0.173112328322,0.319579019856,0.500000002312,
    0.680420983784,0.82688767365,1.),.UNSPECIFIED.);
#3926 = CARTESIAN_POINT('',(0.,-101.2460627081));
#3927 = CARTESIAN_POINT('',(0.121810435217,-101.2460627081));
#3928 = CARTESIAN_POINT('',(0.243692973621,-101.277011933));
#3929 = CARTESIAN_POINT('',(0.366444554337,-101.3389726662));
#3930 = CARTESIAN_POINT('',(0.490801834173,-101.4315256148));
#3931 = CARTESIAN_POINT('',(0.617497771287,-101.5535796933));
#3932 = CARTESIAN_POINT('',(0.747380221507,-101.7032347993));
#3933 = CARTESIAN_POINT('',(0.881417891768,-101.8775995158));
#3934 = CARTESIAN_POINT('',(1.139129993093,-102.2376495531));
#3935 = CARTESIAN_POINT('',(1.263785276699,-102.4210391031));
#3936 = CARTESIAN_POINT('',(1.392316301856,-102.6161458118));
#3937 = CARTESIAN_POINT('',(1.523050209138,-102.8144526486));
#3938 = CARTESIAN_POINT('',(1.654720252166,-103.0074325822));
#3939 = CARTESIAN_POINT('',(1.786109177417,-103.188316446));
#3940 = CARTESIAN_POINT('',(1.915884162082,-103.3522815994));
#3941 = CARTESIAN_POINT('',(2.197430956388,-103.6740736979));
#3942 = CARTESIAN_POINT('',(2.344657490765,-103.8186122518));
#3943 = CARTESIAN_POINT('',(2.485850826969,-103.9328967432));
#3944 = CARTESIAN_POINT('',(2.622311656005,-104.0203634861));
#3945 = CARTESIAN_POINT('',(2.755153907067,-104.0837086715));
#3946 = CARTESIAN_POINT('',(2.885326890903,-104.1249794066));
#3947 = CARTESIAN_POINT('',(3.013783617647,-104.1454318427));
#3948 = CARTESIAN_POINT('',(3.269401688835,-104.1454318427));
#3949 = CARTESIAN_POINT('',(3.397858419767,-104.1249794056));
#3950 = CARTESIAN_POINT('',(3.528031392006,-104.0837086754));
#3951 = CARTESIAN_POINT('',(3.660873662028,-104.0203634792));
#3952 = CARTESIAN_POINT('',(3.797334471423,-103.9328967502));
#3953 = CARTESIAN_POINT('',(3.938527820546,-103.8186122479));
#3954 = CARTESIAN_POINT('',(4.08575434987,-103.6740736989));
#3955 = CARTESIAN_POINT('',(4.367301145097,-103.3522815994));
#3956 = CARTESIAN_POINT('',(4.497076129763,-103.188316446));
#3957 = CARTESIAN_POINT('',(4.628465055013,-103.0074325822));
#3958 = CARTESIAN_POINT('',(4.760135098041,-102.8144526486));
#3959 = CARTESIAN_POINT('',(4.890869005323,-102.6161458118));
#3960 = CARTESIAN_POINT('',(5.01940003048,-102.4210391031));
#3961 = CARTESIAN_POINT('',(5.144055314086,-102.2376495531));
#3962 = CARTESIAN_POINT('',(5.401767415411,-101.8775995158));
#3963 = CARTESIAN_POINT('',(5.535805085673,-101.7032347993));
#3964 = CARTESIAN_POINT('',(5.665687535894,-101.5535796933));
#3965 = CARTESIAN_POINT('',(5.792383473001,-101.4315256148));
#3966 = CARTESIAN_POINT('',(5.91674075285,-101.3389726662));
#3967 = CARTESIAN_POINT('',(6.039492333554,-101.277011933));
#3968 = CARTESIAN_POINT('',(6.161374871964,-101.2460627081));
#3969 = CARTESIAN_POINT('',(6.28318530718,-101.2460627081));
#3970 = ( GEOMETRIC_REPRESENTATION_CONTEXT(2) 
PARAMETRIC_REPRESENTATION_CONTEXT() REPRESENTATION_CONTEXT('2D SPACE',''
  ) );
#3971 = PCURVE('',#2192,#3972);
#3972 = DEFINITIONAL_REPRESENTATION('',(#3973),#4018);
#3973 = B_SPLINE_CURVE_WITH_KNOTS('',8,(#3974,#3975,#3976,#3977,#3978,
    #3979,#3980,#3981,#3982,#3983,#3984,#3985,#3986,#3987,#3988,#3989,
    #3990,#3991,#3992,#3993,#3994,#3995,#3996,#3997,#3998,#3999,#4000,
    #4001,#4002,#4003,#4004,#4005,#4006,#4007,#4008,#4009,#4010,#4011,
    #4012,#4013,#4014,#4015,#4016,#4017),.UNSPECIFIED.,.T.,.F.,(9,7,7,7,
    7,7,9),(0.,0.173112328322,0.319579019856,0.500000002312,
    0.680420983784,0.82688767365,1.),.UNSPECIFIED.);
#3974 = CARTESIAN_POINT('',(5.527876924712,438.4));
#3975 = CARTESIAN_POINT('',(5.527876924712,438.88724174086));
#3976 = CARTESIAN_POINT('',(5.52928366569,439.37477090328));
#3977 = CARTESIAN_POINT('',(5.532100002263,439.85476622529));
#3978 = CARTESIAN_POINT('',(5.53633107147,440.31907612862));
#3979 = CARTESIAN_POINT('',(5.54197634928,440.75857652043));
#3980 = CARTESIAN_POINT('',(5.549023378998,441.16270085934));
#3981 = CARTESIAN_POINT('',(5.55743937087,441.51879804272));
#3982 = CARTESIAN_POINT('',(5.575360685316,442.05741485493));
#3983 = CARTESIAN_POINT('',(5.58467702215,442.2635685117));
#3984 = CARTESIAN_POINT('',(5.594854094598,442.40764898881));
#3985 = CARTESIAN_POINT('',(5.605543664805,442.4756355542));
#3986 = CARTESIAN_POINT('',(5.61634435105,442.46084579031));
#3987 = CARTESIAN_POINT('',(5.62685161847,442.36395602297));
#3988 = CARTESIAN_POINT('',(5.636699692009,442.19311163283));
#3989 = CARTESIAN_POINT('',(5.656582243505,441.68183335344));
#3990 = CARTESIAN_POINT('',(5.665942025306,441.31611948605));
#3991 = CARTESIAN_POINT('',(5.673642633401,440.89146850004));
#3992 = CARTESIAN_POINT('',(5.679711018068,440.42565297328));
#3993 = CARTESIAN_POINT('',(5.684192119325,439.93304080304));
#3994 = CARTESIAN_POINT('',(5.687139805364,439.42506060653));
#3995 = CARTESIAN_POINT('',(5.688600646493,438.91123614376));
#3996 = CARTESIAN_POINT('',(5.688600646493,437.88876385902));
#3997 = CARTESIAN_POINT('',(5.6871398053,437.37493938107));
#3998 = CARTESIAN_POINT('',(5.684192119572,436.86695922307));
#3999 = CARTESIAN_POINT('',(5.679711017628,436.37434699495));
#4000 = CARTESIAN_POINT('',(5.673642633839,435.90853152298));
#4001 = CARTESIAN_POINT('',(5.665942025061,435.48388050456));
#4002 = CARTESIAN_POINT('',(5.65658224357,435.11816664822));
#4003 = CARTESIAN_POINT('',(5.636699692009,434.60688836716));
#4004 = CARTESIAN_POINT('',(5.62685161847,434.43604397701));
#4005 = CARTESIAN_POINT('',(5.61634435105,434.33915420968));
#4006 = CARTESIAN_POINT('',(5.605543664805,434.32436444579));
#4007 = CARTESIAN_POINT('',(5.594854094598,434.39235101118));
#4008 = CARTESIAN_POINT('',(5.58467702215,434.53643148829));
#4009 = CARTESIAN_POINT('',(5.575360685316,434.74258514506));
#4010 = CARTESIAN_POINT('',(5.55743937087,435.28120195727));
#4011 = CARTESIAN_POINT('',(5.549023378998,435.63729914065));
#4012 = CARTESIAN_POINT('',(5.54197634928,436.04142347956));
#4013 = CARTESIAN_POINT('',(5.536331071469,436.48092387135));
#4014 = CARTESIAN_POINT('',(5.532100002263,436.94523377472));
#4015 = CARTESIAN_POINT('',(5.52928366569,437.42522909669));
#4016 = CARTESIAN_POINT('',(5.527876924712,437.91275825913));
#4017 = CARTESIAN_POINT('',(5.527876924712,438.4));
#4018 = ( GEOMETRIC_REPRESENTATION_CONTEXT(2) 
PARAMETRIC_REPRESENTATION_CONTEXT() REPRESENTATION_CONTEXT('2D SPACE',''
  ) );
#4019 = ORIENTED_EDGE('',*,*,#4020,.T.);
#4020 = EDGE_CURVE('',#3875,#1776,#4021,.T.);
#4021 = SEAM_CURVE('',#4022,(#4026,#4033),.PCURVE_S1.);
#4022 = LINE('',#4023,#4024);
#4023 = CARTESIAN_POINT('',(-57.28575786121,-3.78772051798,533.4));
#4024 = VECTOR('',#4025,1.);
#4025 = DIRECTION('',(0.946930129495,-0.321439465303,-0.));
#4026 = PCURVE('',#1957,#4027);
#4027 = DEFINITIONAL_REPRESENTATION('',(#4028),#4032);
#4028 = LINE('',#4029,#4030);
#4029 = CARTESIAN_POINT('',(6.28318530718,0.));
#4030 = VECTOR('',#4031,1.);
#4031 = DIRECTION('',(0.,-1.));
#4032 = ( GEOMETRIC_REPRESENTATION_CONTEXT(2) 
PARAMETRIC_REPRESENTATION_CONTEXT() REPRESENTATION_CONTEXT('2D SPACE',''
  ) );
#4033 = PCURVE('',#1957,#4034);
#4034 = DEFINITIONAL_REPRESENTATION('',(#4035),#4039);
#4035 = LINE('',#4036,#4037);
#4036 = CARTESIAN_POINT('',(0.,0.));
#4037 = VECTOR('',#4038,1.);
#4038 = DIRECTION('',(0.,-1.));
#4039 = ( GEOMETRIC_REPRESENTATION_CONTEXT(2) 
PARAMETRIC_REPRESENTATION_CONTEXT() REPRESENTATION_CONTEXT('2D SPACE',''
  ) );
#4040 = ORIENTED_EDGE('',*,*,#1775,.T.);
#4041 = ORIENTED_EDGE('',*,*,#4020,.F.);
#4042 = ADVANCED_FACE('',(#4043,#4091),#2094,.T.);
#4043 = FACE_BOUND('',#4044,.F.);
#4044 = EDGE_LOOP('',(#4045));
#4045 = ORIENTED_EDGE('',*,*,#4046,.F.);
#4046 = EDGE_CURVE('',#4047,#4047,#4049,.T.);
#4047 = VERTEX_POINT('',#4048);
#4048 = CARTESIAN_POINT('',(39.56,0.,3.));
#4049 = SURFACE_CURVE('',#4050,(#4055,#4062),.PCURVE_S1.);
#4050 = CIRCLE('',#4051,39.56);
#4051 = AXIS2_PLACEMENT_3D('',#4052,#4053,#4054);
#4052 = CARTESIAN_POINT('',(0.,0.,3.));
#4053 = DIRECTION('',(0.,0.,1.));
#4054 = DIRECTION('',(1.,0.,0.));
#4055 = PCURVE('',#2094,#4056);
#4056 = DEFINITIONAL_REPRESENTATION('',(#4057),#4061);
#4057 = CIRCLE('',#4058,39.56);
#4058 = AXIS2_PLACEMENT_2D('',#4059,#4060);
#4059 = CARTESIAN_POINT('',(0.,0.));
#4060 = DIRECTION('',(1.,-0.));
#4061 = ( GEOMETRIC_REPRESENTATION_CONTEXT(2) 
PARAMETRIC_REPRESENTATION_CONTEXT() REPRESENTATION_CONTEXT('2D SPACE',''
  ) );
#4062 = PCURVE('',#4063,#4085);
#4063 = SURFACE_OF_REVOLUTION('',#4064,#4082);
#4064 = B_SPLINE_CURVE_WITH_KNOTS('',3,(#4065,#4066,#4067,#4068,#4069,
    #4070,#4071,#4072,#4073,#4074,#4075,#4076,#4077,#4078,#4079,#4080,
    #4081),.UNSPECIFIED.,.F.,.F.,(4,1,1,1,1,1,1,1,1,1,1,1,1,1,4),(0.,
    3.786657396446,10.577066434516,17.375596194765,24.185778456094,
    31.010544375858,37.8520776939,44.711708648089,51.58985318227,
    58.485999274028,65.398739627981,72.325847727919,79.264392399517,
    86.210884619081,93.1614492802),.UNSPECIFIED.);
#4065 = CARTESIAN_POINT('',(39.56,0.,3.));
#4066 = CARTESIAN_POINT('',(39.582545297967,0.,4.261970738453));
#4067 = CARTESIAN_POINT('',(39.660486922612,0.,7.78690492136));
#4068 = CARTESIAN_POINT('',(39.86742137954,0.,13.575551756037));
#4069 = CARTESIAN_POINT('',(40.288579684833,0.,20.362956720212));
#4070 = CARTESIAN_POINT('',(40.866082514193,0.,27.150141355043));
#4071 = CARTESIAN_POINT('',(41.597153532842,0.,33.93692080193));
#4072 = CARTESIAN_POINT('',(42.471349855279,0.,40.723275126504));
#4073 = CARTESIAN_POINT('',(43.477971801665,0.,47.509170228747));
#4074 = CARTESIAN_POINT('',(44.604246122539,0.,54.294606505654));
#4075 = CARTESIAN_POINT('',(45.836015125906,0.,61.079604278629));
#4076 = CARTESIAN_POINT('',(47.157774700703,0.,67.864205394585));
#4077 = CARTESIAN_POINT('',(48.552908788201,0.,74.648467317479));
#4078 = CARTESIAN_POINT('',(50.003883619762,0.,81.432466994717));
#4079 = CARTESIAN_POINT('',(51.4924835349,0.,88.216270922157));
#4080 = CARTESIAN_POINT('',(52.497385500602,0.,92.738335292266));
#4081 = CARTESIAN_POINT('',(53.,0.,95.));
#4082 = AXIS1_PLACEMENT('',#4083,#4084);
#4083 = CARTESIAN_POINT('',(0.,0.,0.));
#4084 = DIRECTION('',(0.,0.,1.));
#4085 = DEFINITIONAL_REPRESENTATION('',(#4086),#4090);
#4086 = LINE('',#4087,#4088);
#4087 = CARTESIAN_POINT('',(0.,0.));
#4088 = VECTOR('',#4089,1.);
#4089 = DIRECTION('',(1.,0.));
#4090 = ( GEOMETRIC_REPRESENTATION_CONTEXT(2) 
PARAMETRIC_REPRESENTATION_CONTEXT() REPRESENTATION_CONTEXT('2D SPACE',''
  ) );
#4091 = FACE_BOUND('',#4092,.F.);
#4092 = EDGE_LOOP('',(#4093));
#4093 = ORIENTED_EDGE('',*,*,#2079,.F.);
#4094 = ADVANCED_FACE('',(#4095,#4244,#4247,#4250,#4253,#4256,#4259,
    #4262),#2192,.F.);
#4095 = FACE_BOUND('',#4096,.F.);
#4096 = EDGE_LOOP('',(#4097,#4121,#4142,#4143,#4166,#4240,#4241,#4242,
    #4243));
#4097 = ORIENTED_EDGE('',*,*,#4098,.T.);
#4098 = EDGE_CURVE('',#4099,#4099,#4101,.T.);
#4099 = VERTEX_POINT('',#4100);
#4100 = CARTESIAN_POINT('',(53.,0.,95.));
#4101 = SURFACE_CURVE('',#4102,(#4107,#4114),.PCURVE_S1.);
#4102 = CIRCLE('',#4103,53.);
#4103 = AXIS2_PLACEMENT_3D('',#4104,#4105,#4106);
#4104 = CARTESIAN_POINT('',(0.,0.,95.));
#4105 = DIRECTION('',(0.,0.,1.));
#4106 = DIRECTION('',(1.,0.,0.));
#4107 = PCURVE('',#2192,#4108);
#4108 = DEFINITIONAL_REPRESENTATION('',(#4109),#4113);
#4109 = LINE('',#4110,#4111);
#4110 = CARTESIAN_POINT('',(0.,0.));
#4111 = VECTOR('',#4112,1.);
#4112 = DIRECTION('',(1.,0.));
#4113 = ( GEOMETRIC_REPRESENTATION_CONTEXT(2) 
PARAMETRIC_REPRESENTATION_CONTEXT() REPRESENTATION_CONTEXT('2D SPACE',''
  ) );
#4114 = PCURVE('',#4063,#4115);
#4115 = DEFINITIONAL_REPRESENTATION('',(#4116),#4120);
#4116 = LINE('',#4117,#4118);
#4117 = CARTESIAN_POINT('',(0.,93.1614492802));
#4118 = VECTOR('',#4119,1.);
#4119 = DIRECTION('',(1.,0.));
#4120 = ( GEOMETRIC_REPRESENTATION_CONTEXT(2) 
PARAMETRIC_REPRESENTATION_CONTEXT() REPRESENTATION_CONTEXT('2D SPACE',''
  ) );
#4121 = ORIENTED_EDGE('',*,*,#4122,.T.);
#4122 = EDGE_CURVE('',#4099,#2224,#4123,.T.);
#4123 = SEAM_CURVE('',#4124,(#4128,#4135),.PCURVE_S1.);
#4124 = LINE('',#4125,#4126);
#4125 = CARTESIAN_POINT('',(53.,0.,95.));
#4126 = VECTOR('',#4127,1.);
#4127 = DIRECTION('',(0.,0.,1.));
#4128 = PCURVE('',#2192,#4129);
#4129 = DEFINITIONAL_REPRESENTATION('',(#4130),#4134);
#4130 = LINE('',#4131,#4132);
#4131 = CARTESIAN_POINT('',(0.,0.));
#4132 = VECTOR('',#4133,1.);
#4133 = DIRECTION('',(0.,1.));
#4134 = ( GEOMETRIC_REPRESENTATION_CONTEXT(2) 
PARAMETRIC_REPRESENTATION_CONTEXT() REPRESENTATION_CONTEXT('2D SPACE',''
  ) );
#4135 = PCURVE('',#2192,#4136);
#4136 = DEFINITIONAL_REPRESENTATION('',(#4137),#4141);
#4137 = LINE('',#4138,#4139);
#4138 = CARTESIAN_POINT('',(6.28318530718,0.));
#4139 = VECTOR('',#4140,1.);
#4140 = DIRECTION('',(0.,1.));
#4141 = ( GEOMETRIC_REPRESENTATION_CONTEXT(2) 
PARAMETRIC_REPRESENTATION_CONTEXT() REPRESENTATION_CONTEXT('2D SPACE',''
  ) );
#4142 = ORIENTED_EDGE('',*,*,#2223,.F.);
#4143 = ORIENTED_EDGE('',*,*,#4144,.T.);
#4144 = EDGE_CURVE('',#2139,#4145,#4147,.T.);
#4145 = VERTEX_POINT('',#4146);
#4146 = CARTESIAN_POINT('',(53.,0.,552.));
#4147 = SEAM_CURVE('',#4148,(#4152,#4159),.PCURVE_S1.);
#4148 = LINE('',#4149,#4150);
#4149 = CARTESIAN_POINT('',(53.,0.,95.));
#4150 = VECTOR('',#4151,1.);
#4151 = DIRECTION('',(0.,0.,1.));
#4152 = PCURVE('',#2192,#4153);
#4153 = DEFINITIONAL_REPRESENTATION('',(#4154),#4158);
#4154 = LINE('',#4155,#4156);
#4155 = CARTESIAN_POINT('',(0.,0.));
#4156 = VECTOR('',#4157,1.);
#4157 = DIRECTION('',(0.,1.));
#4158 = ( GEOMETRIC_REPRESENTATION_CONTEXT(2) 
PARAMETRIC_REPRESENTATION_CONTEXT() REPRESENTATION_CONTEXT('2D SPACE',''
  ) );
#4159 = PCURVE('',#2192,#4160);
#4160 = DEFINITIONAL_REPRESENTATION('',(#4161),#4165);
#4161 = LINE('',#4162,#4163);
#4162 = CARTESIAN_POINT('',(6.28318530718,0.));
#4163 = VECTOR('',#4164,1.);
#4164 = DIRECTION('',(0.,1.));
#4165 = ( GEOMETRIC_REPRESENTATION_CONTEXT(2) 
PARAMETRIC_REPRESENTATION_CONTEXT() REPRESENTATION_CONTEXT('2D SPACE',''
  ) );
#4166 = ORIENTED_EDGE('',*,*,#4167,.F.);
#4167 = EDGE_CURVE('',#4145,#4145,#4168,.T.);
#4168 = SURFACE_CURVE('',#4169,(#4174,#4181),.PCURVE_S1.);
#4169 = CIRCLE('',#4170,53.);
#4170 = AXIS2_PLACEMENT_3D('',#4171,#4172,#4173);
#4171 = CARTESIAN_POINT('',(0.,0.,552.));
#4172 = DIRECTION('',(0.,0.,1.));
#4173 = DIRECTION('',(1.,0.,0.));
#4174 = PCURVE('',#2192,#4175);
#4175 = DEFINITIONAL_REPRESENTATION('',(#4176),#4180);
#4176 = LINE('',#4177,#4178);
#4177 = CARTESIAN_POINT('',(0.,457.));
#4178 = VECTOR('',#4179,1.);
#4179 = DIRECTION('',(1.,0.));
#4180 = ( GEOMETRIC_REPRESENTATION_CONTEXT(2) 
PARAMETRIC_REPRESENTATION_CONTEXT() REPRESENTATION_CONTEXT('2D SPACE',''
  ) );
#4181 = PCURVE('',#4182,#4234);
#4182 = SURFACE_OF_REVOLUTION('',#4183,#4231);
#4183 = B_SPLINE_CURVE_WITH_KNOTS('',3,(#4184,#4185,#4186,#4187,#4188,
    #4189,#4190,#4191,#4192,#4193,#4194,#4195,#4196,#4197,#4198,#4199,
    #4200,#4201,#4202,#4203,#4204,#4205,#4206,#4207,#4208,#4209,#4210,
    #4211,#4212,#4213,#4214,#4215,#4216,#4217,#4218,#4219,#4220,#4221,
    #4222,#4223,#4224,#4225,#4226,#4227,#4228,#4229,#4230),
  .UNSPECIFIED.,.F.,.F.,(4,1,1,1,1,1,1,1,1,1,1,1,1,1,1,1,1,1,1,1,1,1,1,1
    ,1,1,1,1,1,1,1,1,1,1,1,1,1,1,1,1,1,1,1,1,4),(0.,4.775475321032,
    9.557261031843,14.344996404491,19.138561875967,23.937881402103,
    28.742906534249,33.553610771144,38.369986656284,43.192044085749,
    48.019809315787,52.853324448703,57.692647286555,62.537851495125,
    67.389027050615,72.246280961363,77.109738272103,81.979543371716,
    86.855861638929,91.738881475234,96.628816791898,101.52591003971,
    106.43043589819,111.34270577764,116.26307333723,121.19194128971,
    126.12976985757,131.07708737895,136.03450375342,141.00272770094,
    145.98258923182,150.9750693809,155.98134029544,161.00282046017,
    166.04125270962,171.09881773662,176.17830517861,181.28338277535,
    186.41904293547,191.59239567202,196.81420913017,202.1023043731,
    207.49062105583,213.06341083393,215.20763513335),.UNSPECIFIED.);
#4184 = CARTESIAN_POINT('',(53.,0.,552.));
#4185 = CARTESIAN_POINT('',(52.973276810579,0.,553.59200061973));
#4186 = CARTESIAN_POINT('',(52.860302090093,0.,556.77588179114));
#4187 = CARTESIAN_POINT('',(52.556303649772,0.,561.54841060642));
#4188 = CARTESIAN_POINT('',(52.176144565368,0.,566.32108727874));
#4189 = CARTESIAN_POINT('',(51.727786766439,0.,571.09377049409));
#4190 = CARTESIAN_POINT('',(51.222293692077,0.,575.86647123763));
#4191 = CARTESIAN_POINT('',(50.665315592538,0.,580.63918186252));
#4192 = CARTESIAN_POINT('',(50.061452361492,0.,585.41190222509));
#4193 = CARTESIAN_POINT('',(49.414034312803,0.,590.18463110267));
#4194 = CARTESIAN_POINT('',(48.725687761724,0.,594.95736806463));
#4195 = CARTESIAN_POINT('',(47.998480777503,0.,599.73011279647));
#4196 = CARTESIAN_POINT('',(47.234071316268,0.,604.50286519711));
#4197 = CARTESIAN_POINT('',(46.433791407441,0.,609.2756253087));
#4198 = CARTESIAN_POINT('',(45.598709713784,0.,614.04839331297));
#4199 = CARTESIAN_POINT('',(44.729674824198,0.,618.82116952328));
#4200 = CARTESIAN_POINT('',(43.827346753946,0.,623.59395438787));
#4201 = CARTESIAN_POINT('',(42.892219644778,0.,628.36674849843));
#4202 = CARTESIAN_POINT('',(41.924638041522,0.,633.13955260532));
#4203 = CARTESIAN_POINT('',(40.924808169392,0.,637.9123676396));
#4204 = CARTESIAN_POINT('',(39.892805171722,0.,642.68519474319));
#4205 = CARTESIAN_POINT('',(38.828576903942,0.,647.45803530898));
#4206 = CARTESIAN_POINT('',(37.7319446247,0.,652.23089103362));
#4207 = CARTESIAN_POINT('',(36.602600718196,0.,657.00376398701));
#4208 = CARTESIAN_POINT('',(35.440103400281,0.,661.7766567041));
#4209 = CARTESIAN_POINT('',(34.243868181139,0.,666.54957230704));
#4210 = CARTESIAN_POINT('',(33.01315565939,0.,671.32251466953));
#4211 = CARTESIAN_POINT('',(31.7470549831,0.,676.09548864061));
#4212 = CARTESIAN_POINT('',(30.444462002911,0.,680.86850035385));
#4213 = CARTESIAN_POINT('',(29.104050719193,0.,685.64155766188));
#4214 = CARTESIAN_POINT('',(27.724236022719,0.,690.41467075818));
#4215 = CARTESIAN_POINT('',(26.303124849058,0.,695.18785308744));
#4216 = CARTESIAN_POINT('',(24.838451519554,0.,699.96112270534));
#4217 = CARTESIAN_POINT('',(23.327491007404,0.,704.73450438876));
#4218 = CARTESIAN_POINT('',(21.766940343123,0.,709.5080329309));
#4219 = CARTESIAN_POINT('',(20.1527534327,0.,714.28175880581));
#4220 = CARTESIAN_POINT('',(18.479902385253,0.,719.05575706854));
#4221 = CARTESIAN_POINT('',(16.742029840313,0.,723.83014682085));
#4222 = CARTESIAN_POINT('',(14.930887878316,0.,728.60511625273));
#4223 = CARTESIAN_POINT('',(13.035516870901,0.,733.3810241597));
#4224 = CARTESIAN_POINT('',(11.040465894696,0.,738.15844480895));
#4225 = CARTESIAN_POINT('',(8.923771362626,0.,742.93905413336));
#4226 = CARTESIAN_POINT('',(6.647126725746,0.,747.72538772309));
#4227 = CARTESIAN_POINT('',(4.151513076618,0.,752.53427536445));
#4228 = CARTESIAN_POINT('',(1.908351413802,0.,756.28838427418));
#4229 = CARTESIAN_POINT('',(0.462422755964,0.,758.41604485295));
#4230 = CARTESIAN_POINT('',(5.E-02,0.,759.));
#4231 = AXIS1_PLACEMENT('',#4232,#4233);
#4232 = CARTESIAN_POINT('',(0.,0.,0.));
#4233 = DIRECTION('',(0.,0.,1.));
#4234 = DEFINITIONAL_REPRESENTATION('',(#4235),#4239);
#4235 = LINE('',#4236,#4237);
#4236 = CARTESIAN_POINT('',(0.,0.));
#4237 = VECTOR('',#4238,1.);
#4238 = DIRECTION('',(1.,0.));
#4239 = ( GEOMETRIC_REPRESENTATION_CONTEXT(2) 
PARAMETRIC_REPRESENTATION_CONTEXT() REPRESENTATION_CONTEXT('2D SPACE',''
  ) );
#4240 = ORIENTED_EDGE('',*,*,#4144,.F.);
#4241 = ORIENTED_EDGE('',*,*,#2138,.F.);
#4242 = ORIENTED_EDGE('',*,*,#2363,.F.);
#4243 = ORIENTED_EDGE('',*,*,#4122,.F.);
#4244 = FACE_BOUND('',#4245,.F.);
#4245 = EDGE_LOOP('',(#4246));
#4246 = ORIENTED_EDGE('',*,*,#2738,.T.);
#4247 = FACE_BOUND('',#4248,.F.);
#4248 = EDGE_LOOP('',(#4249));
#4249 = ORIENTED_EDGE('',*,*,#3134,.T.);
#4250 = FACE_BOUND('',#4251,.F.);
#4251 = EDGE_LOOP('',(#4252));
#4252 = ORIENTED_EDGE('',*,*,#2566,.T.);
#4253 = FACE_BOUND('',#4254,.F.);
#4254 = EDGE_LOOP('',(#4255));
#4255 = ORIENTED_EDGE('',*,*,#3697,.F.);
#4256 = FACE_BOUND('',#4257,.F.);
#4257 = EDGE_LOOP('',(#4258));
#4258 = ORIENTED_EDGE('',*,*,#3874,.T.);
#4259 = FACE_BOUND('',#4260,.F.);
#4260 = EDGE_LOOP('',(#4261));
#4261 = ORIENTED_EDGE('',*,*,#2957,.F.);
#4262 = FACE_BOUND('',#4263,.F.);
#4263 = EDGE_LOOP('',(#4264));
#4264 = ORIENTED_EDGE('',*,*,#3474,.F.);
#4265 = ADVANCED_FACE('',(#4266),#2545,.T.);
#4266 = FACE_BOUND('',#4267,.T.);
#4267 = EDGE_LOOP('',(#4268));
#4268 = ORIENTED_EDGE('',*,*,#2530,.T.);
#4269 = ADVANCED_FACE('',(#4270),#4063,.F.);
#4270 = FACE_BOUND('',#4271,.F.);
#4271 = EDGE_LOOP('',(#4272,#4273,#4308,#4309));
#4272 = ORIENTED_EDGE('',*,*,#4046,.T.);
#4273 = ORIENTED_EDGE('',*,*,#4274,.T.);
#4274 = EDGE_CURVE('',#4047,#4099,#4275,.T.);
#4275 = SEAM_CURVE('',#4276,(#4294,#4301),.PCURVE_S1.);
#4276 = B_SPLINE_CURVE_WITH_KNOTS('',3,(#4277,#4278,#4279,#4280,#4281,
    #4282,#4283,#4284,#4285,#4286,#4287,#4288,#4289,#4290,#4291,#4292,
    #4293),.UNSPECIFIED.,.F.,.F.,(4,1,1,1,1,1,1,1,1,1,1,1,1,1,4),(0.,
    3.786657396446,10.577066434516,17.375596194765,24.185778456094,
    31.010544375858,37.8520776939,44.711708648089,51.58985318227,
    58.485999274028,65.398739627981,72.325847727919,79.264392399517,
    86.210884619081,93.1614492802),.UNSPECIFIED.);
#4277 = CARTESIAN_POINT('',(39.56,0.,3.));
#4278 = CARTESIAN_POINT('',(39.582545297967,0.,4.261970738453));
#4279 = CARTESIAN_POINT('',(39.660486922612,0.,7.78690492136));
#4280 = CARTESIAN_POINT('',(39.86742137954,0.,13.575551756037));
#4281 = CARTESIAN_POINT('',(40.288579684833,0.,20.362956720212));
#4282 = CARTESIAN_POINT('',(40.866082514193,0.,27.150141355043));
#4283 = CARTESIAN_POINT('',(41.597153532842,0.,33.93692080193));
#4284 = CARTESIAN_POINT('',(42.471349855279,0.,40.723275126504));
#4285 = CARTESIAN_POINT('',(43.477971801665,0.,47.509170228747));
#4286 = CARTESIAN_POINT('',(44.604246122539,0.,54.294606505654));
#4287 = CARTESIAN_POINT('',(45.836015125906,0.,61.079604278629));
#4288 = CARTESIAN_POINT('',(47.157774700703,0.,67.864205394585));
#4289 = CARTESIAN_POINT('',(48.552908788201,0.,74.648467317479));
#4290 = CARTESIAN_POINT('',(50.003883619762,0.,81.432466994717));
#4291 = CARTESIAN_POINT('',(51.4924835349,0.,88.216270922157));
#4292 = CARTESIAN_POINT('',(52.497385500602,0.,92.738335292266));
#4293 = CARTESIAN_POINT('',(53.,0.,95.));
#4294 = PCURVE('',#4063,#4295);
#4295 = DEFINITIONAL_REPRESENTATION('',(#4296),#4300);
#4296 = LINE('',#4297,#4298);
#4297 = CARTESIAN_POINT('',(0.,0.));
#4298 = VECTOR('',#4299,1.);
#4299 = DIRECTION('',(0.,1.));
#4300 = ( GEOMETRIC_REPRESENTATION_CONTEXT(2) 
PARAMETRIC_REPRESENTATION_CONTEXT() REPRESENTATION_CONTEXT('2D SPACE',''
  ) );
#4301 = PCURVE('',#4063,#4302);
#4302 = DEFINITIONAL_REPRESENTATION('',(#4303),#4307);
#4303 = LINE('',#4304,#4305);
#4304 = CARTESIAN_POINT('',(6.28318530718,0.));
#4305 = VECTOR('',#4306,1.);
#4306 = DIRECTION('',(0.,1.));
#4307 = ( GEOMETRIC_REPRESENTATION_CONTEXT(2) 
PARAMETRIC_REPRESENTATION_CONTEXT() REPRESENTATION_CONTEXT('2D SPACE',''
  ) );
#4308 = ORIENTED_EDGE('',*,*,#4098,.F.);
#4309 = ORIENTED_EDGE('',*,*,#4274,.F.);
#4310 = ADVANCED_FACE('',(#4311),#4182,.F.);
#4311 = FACE_BOUND('',#4312,.F.);
#4312 = EDGE_LOOP('',(#4313,#4314,#4381,#4408));
#4313 = ORIENTED_EDGE('',*,*,#4167,.T.);
#4314 = ORIENTED_EDGE('',*,*,#4315,.T.);
#4315 = EDGE_CURVE('',#4145,#4316,#4318,.T.);
#4316 = VERTEX_POINT('',#4317);
#4317 = CARTESIAN_POINT('',(5.E-02,0.,759.));
#4318 = SEAM_CURVE('',#4319,(#4367,#4374),.PCURVE_S1.);
#4319 = B_SPLINE_CURVE_WITH_KNOTS('',3,(#4320,#4321,#4322,#4323,#4324,
    #4325,#4326,#4327,#4328,#4329,#4330,#4331,#4332,#4333,#4334,#4335,
    #4336,#4337,#4338,#4339,#4340,#4341,#4342,#4343,#4344,#4345,#4346,
    #4347,#4348,#4349,#4350,#4351,#4352,#4353,#4354,#4355,#4356,#4357,
    #4358,#4359,#4360,#4361,#4362,#4363,#4364,#4365,#4366),
  .UNSPECIFIED.,.F.,.F.,(4,1,1,1,1,1,1,1,1,1,1,1,1,1,1,1,1,1,1,1,1,1,1,1
    ,1,1,1,1,1,1,1,1,1,1,1,1,1,1,1,1,1,1,1,1,4),(0.,4.775475321032,
    9.557261031843,14.344996404491,19.138561875967,23.937881402103,
    28.742906534249,33.553610771144,38.369986656284,43.192044085749,
    48.019809315787,52.853324448703,57.692647286555,62.537851495125,
    67.389027050615,72.246280961363,77.109738272103,81.979543371716,
    86.855861638929,91.738881475234,96.628816791898,101.52591003971,
    106.43043589819,111.34270577764,116.26307333723,121.19194128971,
    126.12976985757,131.07708737895,136.03450375342,141.00272770094,
    145.98258923182,150.9750693809,155.98134029544,161.00282046017,
    166.04125270962,171.09881773662,176.17830517861,181.28338277535,
    186.41904293547,191.59239567202,196.81420913017,202.1023043731,
    207.49062105583,213.06341083393,215.20763513335),.UNSPECIFIED.);
#4320 = CARTESIAN_POINT('',(53.,0.,552.));
#4321 = CARTESIAN_POINT('',(52.973276810579,0.,553.59200061973));
#4322 = CARTESIAN_POINT('',(52.860302090093,0.,556.77588179114));
#4323 = CARTESIAN_POINT('',(52.556303649772,0.,561.54841060642));
#4324 = CARTESIAN_POINT('',(52.176144565368,0.,566.32108727874));
#4325 = CARTESIAN_POINT('',(51.727786766439,0.,571.09377049409));
#4326 = CARTESIAN_POINT('',(51.222293692077,0.,575.86647123763));
#4327 = CARTESIAN_POINT('',(50.665315592538,0.,580.63918186252));
#4328 = CARTESIAN_POINT('',(50.061452361492,0.,585.41190222509));
#4329 = CARTESIAN_POINT('',(49.414034312803,0.,590.18463110267));
#4330 = CARTESIAN_POINT('',(48.725687761724,0.,594.95736806463));
#4331 = CARTESIAN_POINT('',(47.998480777503,0.,599.73011279647));
#4332 = CARTESIAN_POINT('',(47.234071316268,0.,604.50286519711));
#4333 = CARTESIAN_POINT('',(46.433791407441,0.,609.2756253087));
#4334 = CARTESIAN_POINT('',(45.598709713784,0.,614.04839331297));
#4335 = CARTESIAN_POINT('',(44.729674824198,0.,618.82116952328));
#4336 = CARTESIAN_POINT('',(43.827346753946,0.,623.59395438787));
#4337 = CARTESIAN_POINT('',(42.892219644778,0.,628.36674849843));
#4338 = CARTESIAN_POINT('',(41.924638041522,0.,633.13955260532));
#4339 = CARTESIAN_POINT('',(40.924808169392,0.,637.9123676396));
#4340 = CARTESIAN_POINT('',(39.892805171722,0.,642.68519474319));
#4341 = CARTESIAN_POINT('',(38.828576903942,0.,647.45803530898));
#4342 = CARTESIAN_POINT('',(37.7319446247,0.,652.23089103362));
#4343 = CARTESIAN_POINT('',(36.602600718196,0.,657.00376398701));
#4344 = CARTESIAN_POINT('',(35.440103400281,0.,661.7766567041));
#4345 = CARTESIAN_POINT('',(34.243868181139,0.,666.54957230704));
#4346 = CARTESIAN_POINT('',(33.01315565939,0.,671.32251466953));
#4347 = CARTESIAN_POINT('',(31.7470549831,0.,676.09548864061));
#4348 = CARTESIAN_POINT('',(30.444462002911,0.,680.86850035385));
#4349 = CARTESIAN_POINT('',(29.104050719193,0.,685.64155766188));
#4350 = CARTESIAN_POINT('',(27.724236022719,0.,690.41467075818));
#4351 = CARTESIAN_POINT('',(26.303124849058,0.,695.18785308744));
#4352 = CARTESIAN_POINT('',(24.838451519554,0.,699.96112270534));
#4353 = CARTESIAN_POINT('',(23.327491007404,0.,704.73450438876));
#4354 = CARTESIAN_POINT('',(21.766940343123,0.,709.5080329309));
#4355 = CARTESIAN_POINT('',(20.1527534327,0.,714.28175880581));
#4356 = CARTESIAN_POINT('',(18.479902385253,0.,719.05575706854));
#4357 = CARTESIAN_POINT('',(16.742029840313,0.,723.83014682085));
#4358 = CARTESIAN_POINT('',(14.930887878316,0.,728.60511625273));
#4359 = CARTESIAN_POINT('',(13.035516870901,0.,733.3810241597));
#4360 = CARTESIAN_POINT('',(11.040465894696,0.,738.15844480895));
#4361 = CARTESIAN_POINT('',(8.923771362626,0.,742.93905413336));
#4362 = CARTESIAN_POINT('',(6.647126725746,0.,747.72538772309));
#4363 = CARTESIAN_POINT('',(4.151513076618,0.,752.53427536445));
#4364 = CARTESIAN_POINT('',(1.908351413802,0.,756.28838427418));
#4365 = CARTESIAN_POINT('',(0.462422755964,0.,758.41604485295));
#4366 = CARTESIAN_POINT('',(5.E-02,0.,759.));
#4367 = PCURVE('',#4182,#4368);
#4368 = DEFINITIONAL_REPRESENTATION('',(#4369),#4373);
#4369 = LINE('',#4370,#4371);
#4370 = CARTESIAN_POINT('',(0.,0.));
#4371 = VECTOR('',#4372,1.);
#4372 = DIRECTION('',(0.,1.));
#4373 = ( GEOMETRIC_REPRESENTATION_CONTEXT(2) 
PARAMETRIC_REPRESENTATION_CONTEXT() REPRESENTATION_CONTEXT('2D SPACE',''
  ) );
#4374 = PCURVE('',#4182,#4375);
#4375 = DEFINITIONAL_REPRESENTATION('',(#4376),#4380);
#4376 = LINE('',#4377,#4378);
#4377 = CARTESIAN_POINT('',(6.28318530718,0.));
#4378 = VECTOR('',#4379,1.);
#4379 = DIRECTION('',(0.,1.));
#4380 = ( GEOMETRIC_REPRESENTATION_CONTEXT(2) 
PARAMETRIC_REPRESENTATION_CONTEXT() REPRESENTATION_CONTEXT('2D SPACE',''
  ) );
#4381 = ORIENTED_EDGE('',*,*,#4382,.F.);
#4382 = EDGE_CURVE('',#4316,#4316,#4383,.T.);
#4383 = SURFACE_CURVE('',#4384,(#4389,#4396),.PCURVE_S1.);
#4384 = CIRCLE('',#4385,5.E-02);
#4385 = AXIS2_PLACEMENT_3D('',#4386,#4387,#4388);
#4386 = CARTESIAN_POINT('',(0.,0.,759.));
#4387 = DIRECTION('',(0.,0.,1.));
#4388 = DIRECTION('',(1.,0.,0.));
#4389 = PCURVE('',#4182,#4390);
#4390 = DEFINITIONAL_REPRESENTATION('',(#4391),#4395);
#4391 = LINE('',#4392,#4393);
#4392 = CARTESIAN_POINT('',(0.,215.20763513335));
#4393 = VECTOR('',#4394,1.);
#4394 = DIRECTION('',(1.,0.));
#4395 = ( GEOMETRIC_REPRESENTATION_CONTEXT(2) 
PARAMETRIC_REPRESENTATION_CONTEXT() REPRESENTATION_CONTEXT('2D SPACE',''
  ) );
#4396 = PCURVE('',#4397,#4402);
#4397 = PLANE('',#4398);
#4398 = AXIS2_PLACEMENT_3D('',#4399,#4400,#4401);
#4399 = CARTESIAN_POINT('',(0.,0.,759.));
#4400 = DIRECTION('',(0.,0.,1.));
#4401 = DIRECTION('',(1.,0.,0.));
#4402 = DEFINITIONAL_REPRESENTATION('',(#4403),#4407);
#4403 = CIRCLE('',#4404,5.E-02);
#4404 = AXIS2_PLACEMENT_2D('',#4405,#4406);
#4405 = CARTESIAN_POINT('',(0.,0.));
#4406 = DIRECTION('',(1.,0.));
#4407 = ( GEOMETRIC_REPRESENTATION_CONTEXT(2) 
PARAMETRIC_REPRESENTATION_CONTEXT() REPRESENTATION_CONTEXT('2D SPACE',''
  ) );
#4408 = ORIENTED_EDGE('',*,*,#4315,.F.);
#4409 = ADVANCED_FACE('',(#4410),#4397,.F.);
#4410 = FACE_BOUND('',#4411,.F.);
#4411 = EDGE_LOOP('',(#4412));
#4412 = ORIENTED_EDGE('',*,*,#4382,.T.);
#4413 = ( GEOMETRIC_REPRESENTATION_CONTEXT(3) 
GLOBAL_UNCERTAINTY_ASSIGNED_CONTEXT((#4417)) 
GLOBAL_UNIT_ASSIGNED_CONTEXT((#4414,#4415,#4416)) REPRESENTATION_CONTEXT
('Context #1','3D Context with UNIT and UNCERTAINTY') );
#4414 = ( LENGTH_UNIT() NAMED_UNIT(*) SI_UNIT(.MILLI.,.METRE.) );
#4415 = ( NAMED_UNIT(*) PLANE_ANGLE_UNIT() SI_UNIT($,.RADIAN.) );
#4416 = ( NAMED_UNIT(*) SI_UNIT($,.STERADIAN.) SOLID_ANGLE_UNIT() );
#4417 = UNCERTAINTY_MEASURE_WITH_UNIT(LENGTH_MEASURE(1.E-07),#4414,
  'distance_accuracy_value','confusion accuracy');
#4418 = CONTEXT_DEPENDENT_SHAPE_REPRESENTATION(#4419,#4421);
#4419 = ( REPRESENTATION_RELATIONSHIP('','',#36,#10) 
REPRESENTATION_RELATIONSHIP_WITH_TRANSFORMATION(#4420) 
SHAPE_REPRESENTATION_RELATIONSHIP() );
#4420 = ITEM_DEFINED_TRANSFORMATION('','',#11,#15);
#4421 = PRODUCT_DEFINITION_SHAPE('Placement','Placement of an item',
  #4422);
#4422 = NEXT_ASSEMBLY_USAGE_OCCURRENCE('1','airframe','',#5,#31,$);
#4423 = PRODUCT_RELATED_PRODUCT_CATEGORY('part',$,(#33));
#4424 = SHAPE_DEFINITION_REPRESENTATION(#4425,#4431);
#4425 = PRODUCT_DEFINITION_SHAPE('','',#4426);
#4426 = PRODUCT_DEFINITION('design','',#4427,#4430);
#4427 = PRODUCT_DEFINITION_FORMATION('','',#4428);
#4428 = PRODUCT('fins','fins','',(#4429));
#4429 = PRODUCT_CONTEXT('',#2,'mechanical');
#4430 = PRODUCT_DEFINITION_CONTEXT('part definition',#2,'design');
#4431 = SHAPE_REPRESENTATION('',(#11,#4432,#4762,#5092,#5422),#5752);
#4432 = MANIFOLD_SOLID_BREP('',#4433);
#4433 = CLOSED_SHELL('',(#4434,#4554,#4630,#4701,#4728,#4755));
#4434 = ADVANCED_FACE('',(#4435),#4449,.F.);
#4435 = FACE_BOUND('',#4436,.F.);
#4436 = EDGE_LOOP('',(#4437,#4472,#4500,#4528));
#4437 = ORIENTED_EDGE('',*,*,#4438,.F.);
#4438 = EDGE_CURVE('',#4439,#4441,#4443,.T.);
#4439 = VERTEX_POINT('',#4440);
#4440 = CARTESIAN_POINT('',(2.5,-40.56,8.));
#4441 = VERTEX_POINT('',#4442);
#4442 = CARTESIAN_POINT('',(-2.5,-40.56,8.));
#4443 = SURFACE_CURVE('',#4444,(#4448,#4460),.PCURVE_S1.);
#4444 = LINE('',#4445,#4446);
#4445 = CARTESIAN_POINT('',(2.5,-40.56,8.));
#4446 = VECTOR('',#4447,1.);
#4447 = DIRECTION('',(-1.,0.,0.));
#4448 = PCURVE('',#4449,#4454);
#4449 = PLANE('',#4450);
#4450 = AXIS2_PLACEMENT_3D('',#4451,#4452,#4453);
#4451 = CARTESIAN_POINT('',(-9.006129175759E-15,-40.56,8.));
#4452 = DIRECTION('',(-0.,-1.,0.));
#4453 = DIRECTION('',(0.,0.,1.));
#4454 = DEFINITIONAL_REPRESENTATION('',(#4455),#4459);
#4455 = LINE('',#4456,#4457);
#4456 = CARTESIAN_POINT('',(0.,-2.5));
#4457 = VECTOR('',#4458,1.);
#4458 = DIRECTION('',(0.,1.));
#4459 = ( GEOMETRIC_REPRESENTATION_CONTEXT(2) 
PARAMETRIC_REPRESENTATION_CONTEXT() REPRESENTATION_CONTEXT('2D SPACE',''
  ) );
#4460 = PCURVE('',#4461,#4466);
#4461 = PLANE('',#4462);
#4462 = AXIS2_PLACEMENT_3D('',#4463,#4464,#4465);
#4463 = CARTESIAN_POINT('',(-3.831601702586E-14,-172.56,133.));
#4464 = DIRECTION('',(0.,0.687592057549,0.726097212772));
#4465 = DIRECTION('',(1.612259687471E-16,0.726097212772,-0.687592057549)
  );
#4466 = DEFINITIONAL_REPRESENTATION('',(#4467),#4471);
#4467 = LINE('',#4468,#4469);
#4468 = CARTESIAN_POINT('',(181.79383927955,-2.5));
#4469 = VECTOR('',#4470,1.);
#4470 = DIRECTION('',(-1.612259687471E-16,1.));
#4471 = ( GEOMETRIC_REPRESENTATION_CONTEXT(2) 
PARAMETRIC_REPRESENTATION_CONTEXT() REPRESENTATION_CONTEXT('2D SPACE',''
  ) );
#4472 = ORIENTED_EDGE('',*,*,#4473,.T.);
#4473 = EDGE_CURVE('',#4439,#4474,#4476,.T.);
#4474 = VERTEX_POINT('',#4475);
#4475 = CARTESIAN_POINT('',(2.5,-40.56,238.));
#4476 = SURFACE_CURVE('',#4477,(#4481,#4488),.PCURVE_S1.);
#4477 = LINE('',#4478,#4479);
#4478 = CARTESIAN_POINT('',(2.5,-40.56,8.));
#4479 = VECTOR('',#4480,1.);
#4480 = DIRECTION('',(0.,0.,1.));
#4481 = PCURVE('',#4449,#4482);
#4482 = DEFINITIONAL_REPRESENTATION('',(#4483),#4487);
#4483 = LINE('',#4484,#4485);
#4484 = CARTESIAN_POINT('',(0.,-2.5));
#4485 = VECTOR('',#4486,1.);
#4486 = DIRECTION('',(1.,0.));
#4487 = ( GEOMETRIC_REPRESENTATION_CONTEXT(2) 
PARAMETRIC_REPRESENTATION_CONTEXT() REPRESENTATION_CONTEXT('2D SPACE',''
  ) );
#4488 = PCURVE('',#4489,#4494);
#4489 = PLANE('',#4490);
#4490 = AXIS2_PLACEMENT_3D('',#4491,#4492,#4493);
#4491 = CARTESIAN_POINT('',(2.5,-92.62009210048,139.39610166685));
#4492 = DIRECTION('',(1.,-2.22044604925E-16,-0.));
#4493 = DIRECTION('',(2.22044604925E-16,1.,0.));
#4494 = DEFINITIONAL_REPRESENTATION('',(#4495),#4499);
#4495 = LINE('',#4496,#4497);
#4496 = CARTESIAN_POINT('',(52.060092100483,-131.3961016668));
#4497 = VECTOR('',#4498,1.);
#4498 = DIRECTION('',(0.,1.));
#4499 = ( GEOMETRIC_REPRESENTATION_CONTEXT(2) 
PARAMETRIC_REPRESENTATION_CONTEXT() REPRESENTATION_CONTEXT('2D SPACE',''
  ) );
#4500 = ORIENTED_EDGE('',*,*,#4501,.F.);
#4501 = EDGE_CURVE('',#4502,#4474,#4504,.T.);
#4502 = VERTEX_POINT('',#4503);
#4503 = CARTESIAN_POINT('',(-2.5,-40.56,238.));
#4504 = SURFACE_CURVE('',#4505,(#4509,#4516),.PCURVE_S1.);
#4505 = LINE('',#4506,#4507);
#4506 = CARTESIAN_POINT('',(-2.5,-40.56,238.));
#4507 = VECTOR('',#4508,1.);
#4508 = DIRECTION('',(1.,0.,0.));
#4509 = PCURVE('',#4449,#4510);
#4510 = DEFINITIONAL_REPRESENTATION('',(#4511),#4515);
#4511 = LINE('',#4512,#4513);
#4512 = CARTESIAN_POINT('',(230.,2.5));
#4513 = VECTOR('',#4514,1.);
#4514 = DIRECTION('',(0.,-1.));
#4515 = ( GEOMETRIC_REPRESENTATION_CONTEXT(2) 
PARAMETRIC_REPRESENTATION_CONTEXT() REPRESENTATION_CONTEXT('2D SPACE',''
  ) );
#4516 = PCURVE('',#4517,#4522);
#4517 = PLANE('',#4518);
#4518 = AXIS2_PLACEMENT_3D('',#4519,#4520,#4521);
#4519 = CARTESIAN_POINT('',(-9.006129175759E-15,-40.56,238.));
#4520 = DIRECTION('',(0.,7.554111272939E-02,-0.997142688028));
#4521 = DIRECTION('',(-2.21410154217E-16,-0.997142688028,
    -7.554111272939E-02));
#4522 = DEFINITIONAL_REPRESENTATION('',(#4523),#4527);
#4523 = LINE('',#4524,#4525);
#4524 = CARTESIAN_POINT('',(5.535253855426E-16,2.5));
#4525 = VECTOR('',#4526,1.);
#4526 = DIRECTION('',(-2.21410154217E-16,-1.));
#4527 = ( GEOMETRIC_REPRESENTATION_CONTEXT(2) 
PARAMETRIC_REPRESENTATION_CONTEXT() REPRESENTATION_CONTEXT('2D SPACE',''
  ) );
#4528 = ORIENTED_EDGE('',*,*,#4529,.F.);
#4529 = EDGE_CURVE('',#4441,#4502,#4530,.T.);
#4530 = SURFACE_CURVE('',#4531,(#4535,#4542),.PCURVE_S1.);
#4531 = LINE('',#4532,#4533);
#4532 = CARTESIAN_POINT('',(-2.5,-40.56,8.));
#4533 = VECTOR('',#4534,1.);
#4534 = DIRECTION('',(0.,0.,1.));
#4535 = PCURVE('',#4449,#4536);
#4536 = DEFINITIONAL_REPRESENTATION('',(#4537),#4541);
#4537 = LINE('',#4538,#4539);
#4538 = CARTESIAN_POINT('',(0.,2.5));
#4539 = VECTOR('',#4540,1.);
#4540 = DIRECTION('',(1.,0.));
#4541 = ( GEOMETRIC_REPRESENTATION_CONTEXT(2) 
PARAMETRIC_REPRESENTATION_CONTEXT() REPRESENTATION_CONTEXT('2D SPACE',''
  ) );
#4542 = PCURVE('',#4543,#4548);
#4543 = PLANE('',#4544);
#4544 = AXIS2_PLACEMENT_3D('',#4545,#4546,#4547);
#4545 = CARTESIAN_POINT('',(-2.5,-92.62009210048,139.39610166685));
#4546 = DIRECTION('',(1.,-2.22044604925E-16,-0.));
#4547 = DIRECTION('',(2.22044604925E-16,1.,0.));
#4548 = DEFINITIONAL_REPRESENTATION('',(#4549),#4553);
#4549 = LINE('',#4550,#4551);
#4550 = CARTESIAN_POINT('',(52.060092100483,-131.3961016668));
#4551 = VECTOR('',#4552,1.);
#4552 = DIRECTION('',(0.,1.));
#4553 = ( GEOMETRIC_REPRESENTATION_CONTEXT(2) 
PARAMETRIC_REPRESENTATION_CONTEXT() REPRESENTATION_CONTEXT('2D SPACE',''
  ) );
#4554 = ADVANCED_FACE('',(#4555),#4543,.F.);
#4555 = FACE_BOUND('',#4556,.F.);
#4556 = EDGE_LOOP('',(#4557,#4558,#4581,#4609));
#4557 = ORIENTED_EDGE('',*,*,#4529,.T.);
#4558 = ORIENTED_EDGE('',*,*,#4559,.T.);
#4559 = EDGE_CURVE('',#4502,#4560,#4562,.T.);
#4560 = VERTEX_POINT('',#4561);
#4561 = CARTESIAN_POINT('',(-2.5,-172.56,228.));
#4562 = SURFACE_CURVE('',#4563,(#4567,#4574),.PCURVE_S1.);
#4563 = LINE('',#4564,#4565);
#4564 = CARTESIAN_POINT('',(-2.5,-40.56,238.));
#4565 = VECTOR('',#4566,1.);
#4566 = DIRECTION('',(-2.21410154217E-16,-0.997142688028,
    -7.554111272939E-02));
#4567 = PCURVE('',#4543,#4568);
#4568 = DEFINITIONAL_REPRESENTATION('',(#4569),#4573);
#4569 = LINE('',#4570,#4571);
#4570 = CARTESIAN_POINT('',(52.060092100483,98.603898333142));
#4571 = VECTOR('',#4572,1.);
#4572 = DIRECTION('',(-0.997142688028,-7.554111272939E-02));
#4573 = ( GEOMETRIC_REPRESENTATION_CONTEXT(2) 
PARAMETRIC_REPRESENTATION_CONTEXT() REPRESENTATION_CONTEXT('2D SPACE',''
  ) );
#4574 = PCURVE('',#4517,#4575);
#4575 = DEFINITIONAL_REPRESENTATION('',(#4576),#4580);
#4576 = LINE('',#4577,#4578);
#4577 = CARTESIAN_POINT('',(5.535253855426E-16,2.5));
#4578 = VECTOR('',#4579,1.);
#4579 = DIRECTION('',(1.,4.299260704282E-32));
#4580 = ( GEOMETRIC_REPRESENTATION_CONTEXT(2) 
PARAMETRIC_REPRESENTATION_CONTEXT() REPRESENTATION_CONTEXT('2D SPACE',''
  ) );
#4581 = ORIENTED_EDGE('',*,*,#4582,.T.);
#4582 = EDGE_CURVE('',#4560,#4583,#4585,.T.);
#4583 = VERTEX_POINT('',#4584);
#4584 = CARTESIAN_POINT('',(-2.5,-172.56,133.));
#4585 = SURFACE_CURVE('',#4586,(#4590,#4597),.PCURVE_S1.);
#4586 = LINE('',#4587,#4588);
#4587 = CARTESIAN_POINT('',(-2.5,-172.56,228.));
#4588 = VECTOR('',#4589,1.);
#4589 = DIRECTION('',(-0.,0.,-1.));
#4590 = PCURVE('',#4543,#4591);
#4591 = DEFINITIONAL_REPRESENTATION('',(#4592),#4596);
#4592 = LINE('',#4593,#4594);
#4593 = CARTESIAN_POINT('',(-79.93990789951,88.603898333142));
#4594 = VECTOR('',#4595,1.);
#4595 = DIRECTION('',(0.,-1.));
#4596 = ( GEOMETRIC_REPRESENTATION_CONTEXT(2) 
PARAMETRIC_REPRESENTATION_CONTEXT() REPRESENTATION_CONTEXT('2D SPACE',''
  ) );
#4597 = PCURVE('',#4598,#4603);
#4598 = PLANE('',#4599);
#4599 = AXIS2_PLACEMENT_3D('',#4600,#4601,#4602);
#4600 = CARTESIAN_POINT('',(-3.831601702586E-14,-172.56,228.));
#4601 = DIRECTION('',(0.,1.,0.));
#4602 = DIRECTION('',(-0.,0.,-1.));
#4603 = DEFINITIONAL_REPRESENTATION('',(#4604),#4608);
#4604 = LINE('',#4605,#4606);
#4605 = CARTESIAN_POINT('',(0.,2.5));
#4606 = VECTOR('',#4607,1.);
#4607 = DIRECTION('',(1.,0.));
#4608 = ( GEOMETRIC_REPRESENTATION_CONTEXT(2) 
PARAMETRIC_REPRESENTATION_CONTEXT() REPRESENTATION_CONTEXT('2D SPACE',''
  ) );
#4609 = ORIENTED_EDGE('',*,*,#4610,.T.);
#4610 = EDGE_CURVE('',#4583,#4441,#4611,.T.);
#4611 = SURFACE_CURVE('',#4612,(#4616,#4623),.PCURVE_S1.);
#4612 = LINE('',#4613,#4614);
#4613 = CARTESIAN_POINT('',(-2.5,-172.56,133.));
#4614 = VECTOR('',#4615,1.);
#4615 = DIRECTION('',(1.612259687471E-16,0.726097212772,-0.687592057549)
  );
#4616 = PCURVE('',#4543,#4617);
#4617 = DEFINITIONAL_REPRESENTATION('',(#4618),#4622);
#4618 = LINE('',#4619,#4620);
#4619 = CARTESIAN_POINT('',(-79.93990789951,-6.396101666858));
#4620 = VECTOR('',#4621,1.);
#4621 = DIRECTION('',(0.726097212772,-0.687592057549));
#4622 = ( GEOMETRIC_REPRESENTATION_CONTEXT(2) 
PARAMETRIC_REPRESENTATION_CONTEXT() REPRESENTATION_CONTEXT('2D SPACE',''
  ) );
#4623 = PCURVE('',#4461,#4624);
#4624 = DEFINITIONAL_REPRESENTATION('',(#4625),#4629);
#4625 = LINE('',#4626,#4627);
#4626 = CARTESIAN_POINT('',(-4.030649218678E-16,2.5));
#4627 = VECTOR('',#4628,1.);
#4628 = DIRECTION('',(1.,-1.403160060138E-32));
#4629 = ( GEOMETRIC_REPRESENTATION_CONTEXT(2) 
PARAMETRIC_REPRESENTATION_CONTEXT() REPRESENTATION_CONTEXT('2D SPACE',''
  ) );
#4630 = ADVANCED_FACE('',(#4631),#4598,.F.);
#4631 = FACE_BOUND('',#4632,.F.);
#4632 = EDGE_LOOP('',(#4633,#4658,#4679,#4680));
#4633 = ORIENTED_EDGE('',*,*,#4634,.T.);
#4634 = EDGE_CURVE('',#4635,#4637,#4639,.T.);
#4635 = VERTEX_POINT('',#4636);
#4636 = CARTESIAN_POINT('',(2.5,-172.56,228.));
#4637 = VERTEX_POINT('',#4638);
#4638 = CARTESIAN_POINT('',(2.5,-172.56,133.));
#4639 = SURFACE_CURVE('',#4640,(#4644,#4651),.PCURVE_S1.);
#4640 = LINE('',#4641,#4642);
#4641 = CARTESIAN_POINT('',(2.5,-172.56,228.));
#4642 = VECTOR('',#4643,1.);
#4643 = DIRECTION('',(-0.,0.,-1.));
#4644 = PCURVE('',#4598,#4645);
#4645 = DEFINITIONAL_REPRESENTATION('',(#4646),#4650);
#4646 = LINE('',#4647,#4648);
#4647 = CARTESIAN_POINT('',(0.,-2.5));
#4648 = VECTOR('',#4649,1.);
#4649 = DIRECTION('',(1.,0.));
#4650 = ( GEOMETRIC_REPRESENTATION_CONTEXT(2) 
PARAMETRIC_REPRESENTATION_CONTEXT() REPRESENTATION_CONTEXT('2D SPACE',''
  ) );
#4651 = PCURVE('',#4489,#4652);
#4652 = DEFINITIONAL_REPRESENTATION('',(#4653),#4657);
#4653 = LINE('',#4654,#4655);
#4654 = CARTESIAN_POINT('',(-79.93990789951,88.603898333142));
#4655 = VECTOR('',#4656,1.);
#4656 = DIRECTION('',(0.,-1.));
#4657 = ( GEOMETRIC_REPRESENTATION_CONTEXT(2) 
PARAMETRIC_REPRESENTATION_CONTEXT() REPRESENTATION_CONTEXT('2D SPACE',''
  ) );
#4658 = ORIENTED_EDGE('',*,*,#4659,.T.);
#4659 = EDGE_CURVE('',#4637,#4583,#4660,.T.);
#4660 = SURFACE_CURVE('',#4661,(#4665,#4672),.PCURVE_S1.);
#4661 = LINE('',#4662,#4663);
#4662 = CARTESIAN_POINT('',(2.5,-172.56,133.));
#4663 = VECTOR('',#4664,1.);
#4664 = DIRECTION('',(-1.,0.,0.));
#4665 = PCURVE('',#4598,#4666);
#4666 = DEFINITIONAL_REPRESENTATION('',(#4667),#4671);
#4667 = LINE('',#4668,#4669);
#4668 = CARTESIAN_POINT('',(95.,-2.5));
#4669 = VECTOR('',#4670,1.);
#4670 = DIRECTION('',(0.,1.));
#4671 = ( GEOMETRIC_REPRESENTATION_CONTEXT(2) 
PARAMETRIC_REPRESENTATION_CONTEXT() REPRESENTATION_CONTEXT('2D SPACE',''
  ) );
#4672 = PCURVE('',#4461,#4673);
#4673 = DEFINITIONAL_REPRESENTATION('',(#4674),#4678);
#4674 = LINE('',#4675,#4676);
#4675 = CARTESIAN_POINT('',(4.030649218678E-16,-2.5));
#4676 = VECTOR('',#4677,1.);
#4677 = DIRECTION('',(-1.612259687471E-16,1.));
#4678 = ( GEOMETRIC_REPRESENTATION_CONTEXT(2) 
PARAMETRIC_REPRESENTATION_CONTEXT() REPRESENTATION_CONTEXT('2D SPACE',''
  ) );
#4679 = ORIENTED_EDGE('',*,*,#4582,.F.);
#4680 = ORIENTED_EDGE('',*,*,#4681,.T.);
#4681 = EDGE_CURVE('',#4560,#4635,#4682,.T.);
#4682 = SURFACE_CURVE('',#4683,(#4687,#4694),.PCURVE_S1.);
#4683 = LINE('',#4684,#4685);
#4684 = CARTESIAN_POINT('',(-2.5,-172.56,228.));
#4685 = VECTOR('',#4686,1.);
#4686 = DIRECTION('',(1.,0.,0.));
#4687 = PCURVE('',#4598,#4688);
#4688 = DEFINITIONAL_REPRESENTATION('',(#4689),#4693);
#4689 = LINE('',#4690,#4691);
#4690 = CARTESIAN_POINT('',(0.,2.5));
#4691 = VECTOR('',#4692,1.);
#4692 = DIRECTION('',(0.,-1.));
#4693 = ( GEOMETRIC_REPRESENTATION_CONTEXT(2) 
PARAMETRIC_REPRESENTATION_CONTEXT() REPRESENTATION_CONTEXT('2D SPACE',''
  ) );
#4694 = PCURVE('',#4517,#4695);
#4695 = DEFINITIONAL_REPRESENTATION('',(#4696),#4700);
#4696 = LINE('',#4697,#4698);
#4697 = CARTESIAN_POINT('',(132.37824594698,2.5));
#4698 = VECTOR('',#4699,1.);
#4699 = DIRECTION('',(-2.21410154217E-16,-1.));
#4700 = ( GEOMETRIC_REPRESENTATION_CONTEXT(2) 
PARAMETRIC_REPRESENTATION_CONTEXT() REPRESENTATION_CONTEXT('2D SPACE',''
  ) );
#4701 = ADVANCED_FACE('',(#4702),#4517,.F.);
#4702 = FACE_BOUND('',#4703,.F.);
#4703 = EDGE_LOOP('',(#4704,#4725,#4726,#4727));
#4704 = ORIENTED_EDGE('',*,*,#4705,.T.);
#4705 = EDGE_CURVE('',#4474,#4635,#4706,.T.);
#4706 = SURFACE_CURVE('',#4707,(#4711,#4718),.PCURVE_S1.);
#4707 = LINE('',#4708,#4709);
#4708 = CARTESIAN_POINT('',(2.5,-40.56,238.));
#4709 = VECTOR('',#4710,1.);
#4710 = DIRECTION('',(-2.21410154217E-16,-0.997142688028,
    -7.554111272939E-02));
#4711 = PCURVE('',#4517,#4712);
#4712 = DEFINITIONAL_REPRESENTATION('',(#4713),#4717);
#4713 = LINE('',#4714,#4715);
#4714 = CARTESIAN_POINT('',(-5.535253855426E-16,-2.5));
#4715 = VECTOR('',#4716,1.);
#4716 = DIRECTION('',(1.,4.299260704282E-32));
#4717 = ( GEOMETRIC_REPRESENTATION_CONTEXT(2) 
PARAMETRIC_REPRESENTATION_CONTEXT() REPRESENTATION_CONTEXT('2D SPACE',''
  ) );
#4718 = PCURVE('',#4489,#4719);
#4719 = DEFINITIONAL_REPRESENTATION('',(#4720),#4724);
#4720 = LINE('',#4721,#4722);
#4721 = CARTESIAN_POINT('',(52.060092100483,98.603898333142));
#4722 = VECTOR('',#4723,1.);
#4723 = DIRECTION('',(-0.997142688028,-7.554111272939E-02));
#4724 = ( GEOMETRIC_REPRESENTATION_CONTEXT(2) 
PARAMETRIC_REPRESENTATION_CONTEXT() REPRESENTATION_CONTEXT('2D SPACE',''
  ) );
#4725 = ORIENTED_EDGE('',*,*,#4681,.F.);
#4726 = ORIENTED_EDGE('',*,*,#4559,.F.);
#4727 = ORIENTED_EDGE('',*,*,#4501,.T.);
#4728 = ADVANCED_FACE('',(#4729),#4489,.T.);
#4729 = FACE_BOUND('',#4730,.T.);
#4730 = EDGE_LOOP('',(#4731,#4732,#4733,#4734));
#4731 = ORIENTED_EDGE('',*,*,#4473,.T.);
#4732 = ORIENTED_EDGE('',*,*,#4705,.T.);
#4733 = ORIENTED_EDGE('',*,*,#4634,.T.);
#4734 = ORIENTED_EDGE('',*,*,#4735,.T.);
#4735 = EDGE_CURVE('',#4637,#4439,#4736,.T.);
#4736 = SURFACE_CURVE('',#4737,(#4741,#4748),.PCURVE_S1.);
#4737 = LINE('',#4738,#4739);
#4738 = CARTESIAN_POINT('',(2.5,-172.56,133.));
#4739 = VECTOR('',#4740,1.);
#4740 = DIRECTION('',(1.612259687471E-16,0.726097212772,-0.687592057549)
  );
#4741 = PCURVE('',#4489,#4742);
#4742 = DEFINITIONAL_REPRESENTATION('',(#4743),#4747);
#4743 = LINE('',#4744,#4745);
#4744 = CARTESIAN_POINT('',(-79.93990789951,-6.396101666858));
#4745 = VECTOR('',#4746,1.);
#4746 = DIRECTION('',(0.726097212772,-0.687592057549));
#4747 = ( GEOMETRIC_REPRESENTATION_CONTEXT(2) 
PARAMETRIC_REPRESENTATION_CONTEXT() REPRESENTATION_CONTEXT('2D SPACE',''
  ) );
#4748 = PCURVE('',#4461,#4749);
#4749 = DEFINITIONAL_REPRESENTATION('',(#4750),#4754);
#4750 = LINE('',#4751,#4752);
#4751 = CARTESIAN_POINT('',(4.030649218678E-16,-2.5));
#4752 = VECTOR('',#4753,1.);
#4753 = DIRECTION('',(1.,-1.403160060138E-32));
#4754 = ( GEOMETRIC_REPRESENTATION_CONTEXT(2) 
PARAMETRIC_REPRESENTATION_CONTEXT() REPRESENTATION_CONTEXT('2D SPACE',''
  ) );
#4755 = ADVANCED_FACE('',(#4756),#4461,.F.);
#4756 = FACE_BOUND('',#4757,.F.);
#4757 = EDGE_LOOP('',(#4758,#4759,#4760,#4761));
#4758 = ORIENTED_EDGE('',*,*,#4659,.F.);
#4759 = ORIENTED_EDGE('',*,*,#4735,.T.);
#4760 = ORIENTED_EDGE('',*,*,#4438,.T.);
#4761 = ORIENTED_EDGE('',*,*,#4610,.F.);
#4762 = MANIFOLD_SOLID_BREP('',#4763);
#4763 = CLOSED_SHELL('',(#4764,#4884,#4960,#5031,#5058,#5085));
#4764 = ADVANCED_FACE('',(#4765),#4779,.F.);
#4765 = FACE_BOUND('',#4766,.F.);
#4766 = EDGE_LOOP('',(#4767,#4802,#4830,#4858));
#4767 = ORIENTED_EDGE('',*,*,#4768,.F.);
#4768 = EDGE_CURVE('',#4769,#4771,#4773,.T.);
#4769 = VERTEX_POINT('',#4770);
#4770 = CARTESIAN_POINT('',(-40.56,-2.5,8.));
#4771 = VERTEX_POINT('',#4772);
#4772 = CARTESIAN_POINT('',(-40.56,2.5,8.));
#4773 = SURFACE_CURVE('',#4774,(#4778,#4790),.PCURVE_S1.);
#4774 = LINE('',#4775,#4776);
#4775 = CARTESIAN_POINT('',(-40.56,-2.5,8.));
#4776 = VECTOR('',#4777,1.);
#4777 = DIRECTION('',(0.,1.,0.));
#4778 = PCURVE('',#4779,#4784);
#4779 = PLANE('',#4780);
#4780 = AXIS2_PLACEMENT_3D('',#4781,#4782,#4783);
#4781 = CARTESIAN_POINT('',(-40.56,4.967167417342E-15,8.));
#4782 = DIRECTION('',(-1.,0.,0.));
#4783 = DIRECTION('',(0.,0.,1.));
#4784 = DEFINITIONAL_REPRESENTATION('',(#4785),#4789);
#4785 = LINE('',#4786,#4787);
#4786 = CARTESIAN_POINT('',(0.,-2.5));
#4787 = VECTOR('',#4788,1.);
#4788 = DIRECTION('',(0.,1.));
#4789 = ( GEOMETRIC_REPRESENTATION_CONTEXT(2) 
PARAMETRIC_REPRESENTATION_CONTEXT() REPRESENTATION_CONTEXT('2D SPACE',''
  ) );
#4790 = PCURVE('',#4791,#4796);
#4791 = PLANE('',#4792);
#4792 = AXIS2_PLACEMENT_3D('',#4793,#4794,#4795);
#4793 = CARTESIAN_POINT('',(-172.56,2.113250516609E-14,133.));
#4794 = DIRECTION('',(0.687592057549,0.,0.726097212772));
#4795 = DIRECTION('',(0.726097212772,-8.89212627491E-17,-0.687592057549)
  );
#4796 = DEFINITIONAL_REPRESENTATION('',(#4797),#4801);
#4797 = LINE('',#4798,#4799);
#4798 = CARTESIAN_POINT('',(181.79383927955,-2.5));
#4799 = VECTOR('',#4800,1.);
#4800 = DIRECTION('',(-8.89212627491E-17,1.));
#4801 = ( GEOMETRIC_REPRESENTATION_CONTEXT(2) 
PARAMETRIC_REPRESENTATION_CONTEXT() REPRESENTATION_CONTEXT('2D SPACE',''
  ) );
#4802 = ORIENTED_EDGE('',*,*,#4803,.T.);
#4803 = EDGE_CURVE('',#4769,#4804,#4806,.T.);
#4804 = VERTEX_POINT('',#4805);
#4805 = CARTESIAN_POINT('',(-40.56,-2.5,238.));
#4806 = SURFACE_CURVE('',#4807,(#4811,#4818),.PCURVE_S1.);
#4807 = LINE('',#4808,#4809);
#4808 = CARTESIAN_POINT('',(-40.56,-2.5,8.));
#4809 = VECTOR('',#4810,1.);
#4810 = DIRECTION('',(0.,0.,1.));
#4811 = PCURVE('',#4779,#4812);
#4812 = DEFINITIONAL_REPRESENTATION('',(#4813),#4817);
#4813 = LINE('',#4814,#4815);
#4814 = CARTESIAN_POINT('',(0.,-2.5));
#4815 = VECTOR('',#4816,1.);
#4816 = DIRECTION('',(1.,0.));
#4817 = ( GEOMETRIC_REPRESENTATION_CONTEXT(2) 
PARAMETRIC_REPRESENTATION_CONTEXT() REPRESENTATION_CONTEXT('2D SPACE',''
  ) );
#4818 = PCURVE('',#4819,#4824);
#4819 = PLANE('',#4820);
#4820 = AXIS2_PLACEMENT_3D('',#4821,#4822,#4823);
#4821 = CARTESIAN_POINT('',(-92.62009210048,-2.5,139.39610166685));
#4822 = DIRECTION('',(-1.224646799147E-16,-1.,-0.));
#4823 = DIRECTION('',(1.,-1.224646799147E-16,0.));
#4824 = DEFINITIONAL_REPRESENTATION('',(#4825),#4829);
#4825 = LINE('',#4826,#4827);
#4826 = CARTESIAN_POINT('',(52.060092100483,-131.3961016668));
#4827 = VECTOR('',#4828,1.);
#4828 = DIRECTION('',(0.,1.));
#4829 = ( GEOMETRIC_REPRESENTATION_CONTEXT(2) 
PARAMETRIC_REPRESENTATION_CONTEXT() REPRESENTATION_CONTEXT('2D SPACE',''
  ) );
#4830 = ORIENTED_EDGE('',*,*,#4831,.F.);
#4831 = EDGE_CURVE('',#4832,#4804,#4834,.T.);
#4832 = VERTEX_POINT('',#4833);
#4833 = CARTESIAN_POINT('',(-40.56,2.5,238.));
#4834 = SURFACE_CURVE('',#4835,(#4839,#4846),.PCURVE_S1.);
#4835 = LINE('',#4836,#4837);
#4836 = CARTESIAN_POINT('',(-40.56,2.5,238.));
#4837 = VECTOR('',#4838,1.);
#4838 = DIRECTION('',(0.,-1.,0.));
#4839 = PCURVE('',#4779,#4840);
#4840 = DEFINITIONAL_REPRESENTATION('',(#4841),#4845);
#4841 = LINE('',#4842,#4843);
#4842 = CARTESIAN_POINT('',(230.,2.5));
#4843 = VECTOR('',#4844,1.);
#4844 = DIRECTION('',(0.,-1.));
#4845 = ( GEOMETRIC_REPRESENTATION_CONTEXT(2) 
PARAMETRIC_REPRESENTATION_CONTEXT() REPRESENTATION_CONTEXT('2D SPACE',''
  ) );
#4846 = PCURVE('',#4847,#4852);
#4847 = PLANE('',#4848);
#4848 = AXIS2_PLACEMENT_3D('',#4849,#4850,#4851);
#4849 = CARTESIAN_POINT('',(-40.56,4.967167417342E-15,238.));
#4850 = DIRECTION('',(7.554111272939E-02,-0.,-0.997142688028));
#4851 = DIRECTION('',(-0.997142688028,1.221147601187E-16,
    -7.554111272939E-02));
#4852 = DEFINITIONAL_REPRESENTATION('',(#4853),#4857);
#4853 = LINE('',#4854,#4855);
#4854 = CARTESIAN_POINT('',(3.052869002967E-16,2.5));
#4855 = VECTOR('',#4856,1.);
#4856 = DIRECTION('',(-1.221147601187E-16,-1.));
#4857 = ( GEOMETRIC_REPRESENTATION_CONTEXT(2) 
PARAMETRIC_REPRESENTATION_CONTEXT() REPRESENTATION_CONTEXT('2D SPACE',''
  ) );
#4858 = ORIENTED_EDGE('',*,*,#4859,.F.);
#4859 = EDGE_CURVE('',#4771,#4832,#4860,.T.);
#4860 = SURFACE_CURVE('',#4861,(#4865,#4872),.PCURVE_S1.);
#4861 = LINE('',#4862,#4863);
#4862 = CARTESIAN_POINT('',(-40.56,2.5,8.));
#4863 = VECTOR('',#4864,1.);
#4864 = DIRECTION('',(0.,0.,1.));
#4865 = PCURVE('',#4779,#4866);
#4866 = DEFINITIONAL_REPRESENTATION('',(#4867),#4871);
#4867 = LINE('',#4868,#4869);
#4868 = CARTESIAN_POINT('',(0.,2.5));
#4869 = VECTOR('',#4870,1.);
#4870 = DIRECTION('',(1.,0.));
#4871 = ( GEOMETRIC_REPRESENTATION_CONTEXT(2) 
PARAMETRIC_REPRESENTATION_CONTEXT() REPRESENTATION_CONTEXT('2D SPACE',''
  ) );
#4872 = PCURVE('',#4873,#4878);
#4873 = PLANE('',#4874);
#4874 = AXIS2_PLACEMENT_3D('',#4875,#4876,#4877);
#4875 = CARTESIAN_POINT('',(-92.62009210048,2.5,139.39610166685));
#4876 = DIRECTION('',(-1.224646799147E-16,-1.,-0.));
#4877 = DIRECTION('',(1.,-1.224646799147E-16,0.));
#4878 = DEFINITIONAL_REPRESENTATION('',(#4879),#4883);
#4879 = LINE('',#4880,#4881);
#4880 = CARTESIAN_POINT('',(52.060092100483,-131.3961016668));
#4881 = VECTOR('',#4882,1.);
#4882 = DIRECTION('',(0.,1.));
#4883 = ( GEOMETRIC_REPRESENTATION_CONTEXT(2) 
PARAMETRIC_REPRESENTATION_CONTEXT() REPRESENTATION_CONTEXT('2D SPACE',''
  ) );
#4884 = ADVANCED_FACE('',(#4885),#4873,.F.);
#4885 = FACE_BOUND('',#4886,.F.);
#4886 = EDGE_LOOP('',(#4887,#4888,#4911,#4939));
#4887 = ORIENTED_EDGE('',*,*,#4859,.T.);
#4888 = ORIENTED_EDGE('',*,*,#4889,.T.);
#4889 = EDGE_CURVE('',#4832,#4890,#4892,.T.);
#4890 = VERTEX_POINT('',#4891);
#4891 = CARTESIAN_POINT('',(-172.56,2.5,228.));
#4892 = SURFACE_CURVE('',#4893,(#4897,#4904),.PCURVE_S1.);
#4893 = LINE('',#4894,#4895);
#4894 = CARTESIAN_POINT('',(-40.56,2.5,238.));
#4895 = VECTOR('',#4896,1.);
#4896 = DIRECTION('',(-0.997142688028,1.221147601187E-16,
    -7.554111272939E-02));
#4897 = PCURVE('',#4873,#4898);
#4898 = DEFINITIONAL_REPRESENTATION('',(#4899),#4903);
#4899 = LINE('',#4900,#4901);
#4900 = CARTESIAN_POINT('',(52.060092100483,98.603898333142));
#4901 = VECTOR('',#4902,1.);
#4902 = DIRECTION('',(-0.997142688028,-7.554111272939E-02));
#4903 = ( GEOMETRIC_REPRESENTATION_CONTEXT(2) 
PARAMETRIC_REPRESENTATION_CONTEXT() REPRESENTATION_CONTEXT('2D SPACE',''
  ) );
#4904 = PCURVE('',#4847,#4905);
#4905 = DEFINITIONAL_REPRESENTATION('',(#4906),#4910);
#4906 = LINE('',#4907,#4908);
#4907 = CARTESIAN_POINT('',(3.052869002967E-16,2.5));
#4908 = VECTOR('',#4909,1.);
#4909 = DIRECTION('',(1.,1.672897834557E-32));
#4910 = ( GEOMETRIC_REPRESENTATION_CONTEXT(2) 
PARAMETRIC_REPRESENTATION_CONTEXT() REPRESENTATION_CONTEXT('2D SPACE',''
  ) );
#4911 = ORIENTED_EDGE('',*,*,#4912,.T.);
#4912 = EDGE_CURVE('',#4890,#4913,#4915,.T.);
#4913 = VERTEX_POINT('',#4914);
#4914 = CARTESIAN_POINT('',(-172.56,2.5,133.));
#4915 = SURFACE_CURVE('',#4916,(#4920,#4927),.PCURVE_S1.);
#4916 = LINE('',#4917,#4918);
#4917 = CARTESIAN_POINT('',(-172.56,2.5,228.));
#4918 = VECTOR('',#4919,1.);
#4919 = DIRECTION('',(0.,0.,-1.));
#4920 = PCURVE('',#4873,#4921);
#4921 = DEFINITIONAL_REPRESENTATION('',(#4922),#4926);
#4922 = LINE('',#4923,#4924);
#4923 = CARTESIAN_POINT('',(-79.93990789951,88.603898333142));
#4924 = VECTOR('',#4925,1.);
#4925 = DIRECTION('',(0.,-1.));
#4926 = ( GEOMETRIC_REPRESENTATION_CONTEXT(2) 
PARAMETRIC_REPRESENTATION_CONTEXT() REPRESENTATION_CONTEXT('2D SPACE',''
  ) );
#4927 = PCURVE('',#4928,#4933);
#4928 = PLANE('',#4929);
#4929 = AXIS2_PLACEMENT_3D('',#4930,#4931,#4932);
#4930 = CARTESIAN_POINT('',(-172.56,2.113250516609E-14,228.));
#4931 = DIRECTION('',(1.,0.,0.));
#4932 = DIRECTION('',(0.,0.,-1.));
#4933 = DEFINITIONAL_REPRESENTATION('',(#4934),#4938);
#4934 = LINE('',#4935,#4936);
#4935 = CARTESIAN_POINT('',(0.,2.5));
#4936 = VECTOR('',#4937,1.);
#4937 = DIRECTION('',(1.,0.));
#4938 = ( GEOMETRIC_REPRESENTATION_CONTEXT(2) 
PARAMETRIC_REPRESENTATION_CONTEXT() REPRESENTATION_CONTEXT('2D SPACE',''
  ) );
#4939 = ORIENTED_EDGE('',*,*,#4940,.T.);
#4940 = EDGE_CURVE('',#4913,#4771,#4941,.T.);
#4941 = SURFACE_CURVE('',#4942,(#4946,#4953),.PCURVE_S1.);
#4942 = LINE('',#4943,#4944);
#4943 = CARTESIAN_POINT('',(-172.56,2.5,133.));
#4944 = VECTOR('',#4945,1.);
#4945 = DIRECTION('',(0.726097212772,-8.89212627491E-17,-0.687592057549)
  );
#4946 = PCURVE('',#4873,#4947);
#4947 = DEFINITIONAL_REPRESENTATION('',(#4948),#4952);
#4948 = LINE('',#4949,#4950);
#4949 = CARTESIAN_POINT('',(-79.93990789951,-6.396101666858));
#4950 = VECTOR('',#4951,1.);
#4951 = DIRECTION('',(0.726097212772,-0.687592057549));
#4952 = ( GEOMETRIC_REPRESENTATION_CONTEXT(2) 
PARAMETRIC_REPRESENTATION_CONTEXT() REPRESENTATION_CONTEXT('2D SPACE',''
  ) );
#4953 = PCURVE('',#4791,#4954);
#4954 = DEFINITIONAL_REPRESENTATION('',(#4955),#4959);
#4955 = LINE('',#4956,#4957);
#4956 = CARTESIAN_POINT('',(-2.223031568728E-16,2.5));
#4957 = VECTOR('',#4958,1.);
#4958 = DIRECTION('',(1.,-2.691914919329E-32));
#4959 = ( GEOMETRIC_REPRESENTATION_CONTEXT(2) 
PARAMETRIC_REPRESENTATION_CONTEXT() REPRESENTATION_CONTEXT('2D SPACE',''
  ) );
#4960 = ADVANCED_FACE('',(#4961),#4928,.F.);
#4961 = FACE_BOUND('',#4962,.F.);
#4962 = EDGE_LOOP('',(#4963,#4988,#5009,#5010));
#4963 = ORIENTED_EDGE('',*,*,#4964,.T.);
#4964 = EDGE_CURVE('',#4965,#4967,#4969,.T.);
#4965 = VERTEX_POINT('',#4966);
#4966 = CARTESIAN_POINT('',(-172.56,-2.5,228.));
#4967 = VERTEX_POINT('',#4968);
#4968 = CARTESIAN_POINT('',(-172.56,-2.5,133.));
#4969 = SURFACE_CURVE('',#4970,(#4974,#4981),.PCURVE_S1.);
#4970 = LINE('',#4971,#4972);
#4971 = CARTESIAN_POINT('',(-172.56,-2.5,228.));
#4972 = VECTOR('',#4973,1.);
#4973 = DIRECTION('',(0.,0.,-1.));
#4974 = PCURVE('',#4928,#4975);
#4975 = DEFINITIONAL_REPRESENTATION('',(#4976),#4980);
#4976 = LINE('',#4977,#4978);
#4977 = CARTESIAN_POINT('',(0.,-2.5));
#4978 = VECTOR('',#4979,1.);
#4979 = DIRECTION('',(1.,0.));
#4980 = ( GEOMETRIC_REPRESENTATION_CONTEXT(2) 
PARAMETRIC_REPRESENTATION_CONTEXT() REPRESENTATION_CONTEXT('2D SPACE',''
  ) );
#4981 = PCURVE('',#4819,#4982);
#4982 = DEFINITIONAL_REPRESENTATION('',(#4983),#4987);
#4983 = LINE('',#4984,#4985);
#4984 = CARTESIAN_POINT('',(-79.93990789951,88.603898333142));
#4985 = VECTOR('',#4986,1.);
#4986 = DIRECTION('',(0.,-1.));
#4987 = ( GEOMETRIC_REPRESENTATION_CONTEXT(2) 
PARAMETRIC_REPRESENTATION_CONTEXT() REPRESENTATION_CONTEXT('2D SPACE',''
  ) );
#4988 = ORIENTED_EDGE('',*,*,#4989,.T.);
#4989 = EDGE_CURVE('',#4967,#4913,#4990,.T.);
#4990 = SURFACE_CURVE('',#4991,(#4995,#5002),.PCURVE_S1.);
#4991 = LINE('',#4992,#4993);
#4992 = CARTESIAN_POINT('',(-172.56,-2.5,133.));
#4993 = VECTOR('',#4994,1.);
#4994 = DIRECTION('',(0.,1.,0.));
#4995 = PCURVE('',#4928,#4996);
#4996 = DEFINITIONAL_REPRESENTATION('',(#4997),#5001);
#4997 = LINE('',#4998,#4999);
#4998 = CARTESIAN_POINT('',(95.,-2.5));
#4999 = VECTOR('',#5000,1.);
#5000 = DIRECTION('',(0.,1.));
#5001 = ( GEOMETRIC_REPRESENTATION_CONTEXT(2) 
PARAMETRIC_REPRESENTATION_CONTEXT() REPRESENTATION_CONTEXT('2D SPACE',''
  ) );
#5002 = PCURVE('',#4791,#5003);
#5003 = DEFINITIONAL_REPRESENTATION('',(#5004),#5008);
#5004 = LINE('',#5005,#5006);
#5005 = CARTESIAN_POINT('',(2.223031568728E-16,-2.5));
#5006 = VECTOR('',#5007,1.);
#5007 = DIRECTION('',(-8.89212627491E-17,1.));
#5008 = ( GEOMETRIC_REPRESENTATION_CONTEXT(2) 
PARAMETRIC_REPRESENTATION_CONTEXT() REPRESENTATION_CONTEXT('2D SPACE',''
  ) );
#5009 = ORIENTED_EDGE('',*,*,#4912,.F.);
#5010 = ORIENTED_EDGE('',*,*,#5011,.T.);
#5011 = EDGE_CURVE('',#4890,#4965,#5012,.T.);
#5012 = SURFACE_CURVE('',#5013,(#5017,#5024),.PCURVE_S1.);
#5013 = LINE('',#5014,#5015);
#5014 = CARTESIAN_POINT('',(-172.56,2.5,228.));
#5015 = VECTOR('',#5016,1.);
#5016 = DIRECTION('',(0.,-1.,0.));
#5017 = PCURVE('',#4928,#5018);
#5018 = DEFINITIONAL_REPRESENTATION('',(#5019),#5023);
#5019 = LINE('',#5020,#5021);
#5020 = CARTESIAN_POINT('',(0.,2.5));
#5021 = VECTOR('',#5022,1.);
#5022 = DIRECTION('',(0.,-1.));
#5023 = ( GEOMETRIC_REPRESENTATION_CONTEXT(2) 
PARAMETRIC_REPRESENTATION_CONTEXT() REPRESENTATION_CONTEXT('2D SPACE',''
  ) );
#5024 = PCURVE('',#4847,#5025);
#5025 = DEFINITIONAL_REPRESENTATION('',(#5026),#5030);
#5026 = LINE('',#5027,#5028);
#5027 = CARTESIAN_POINT('',(132.37824594698,2.5));
#5028 = VECTOR('',#5029,1.);
#5029 = DIRECTION('',(-1.221147601187E-16,-1.));
#5030 = ( GEOMETRIC_REPRESENTATION_CONTEXT(2) 
PARAMETRIC_REPRESENTATION_CONTEXT() REPRESENTATION_CONTEXT('2D SPACE',''
  ) );
#5031 = ADVANCED_FACE('',(#5032),#4847,.F.);
#5032 = FACE_BOUND('',#5033,.F.);
#5033 = EDGE_LOOP('',(#5034,#5055,#5056,#5057));
#5034 = ORIENTED_EDGE('',*,*,#5035,.T.);
#5035 = EDGE_CURVE('',#4804,#4965,#5036,.T.);
#5036 = SURFACE_CURVE('',#5037,(#5041,#5048),.PCURVE_S1.);
#5037 = LINE('',#5038,#5039);
#5038 = CARTESIAN_POINT('',(-40.56,-2.5,238.));
#5039 = VECTOR('',#5040,1.);
#5040 = DIRECTION('',(-0.997142688028,1.221147601187E-16,
    -7.554111272939E-02));
#5041 = PCURVE('',#4847,#5042);
#5042 = DEFINITIONAL_REPRESENTATION('',(#5043),#5047);
#5043 = LINE('',#5044,#5045);
#5044 = CARTESIAN_POINT('',(-3.052869002967E-16,-2.5));
#5045 = VECTOR('',#5046,1.);
#5046 = DIRECTION('',(1.,1.672897834557E-32));
#5047 = ( GEOMETRIC_REPRESENTATION_CONTEXT(2) 
PARAMETRIC_REPRESENTATION_CONTEXT() REPRESENTATION_CONTEXT('2D SPACE',''
  ) );
#5048 = PCURVE('',#4819,#5049);
#5049 = DEFINITIONAL_REPRESENTATION('',(#5050),#5054);
#5050 = LINE('',#5051,#5052);
#5051 = CARTESIAN_POINT('',(52.060092100483,98.603898333142));
#5052 = VECTOR('',#5053,1.);
#5053 = DIRECTION('',(-0.997142688028,-7.554111272939E-02));
#5054 = ( GEOMETRIC_REPRESENTATION_CONTEXT(2) 
PARAMETRIC_REPRESENTATION_CONTEXT() REPRESENTATION_CONTEXT('2D SPACE',''
  ) );
#5055 = ORIENTED_EDGE('',*,*,#5011,.F.);
#5056 = ORIENTED_EDGE('',*,*,#4889,.F.);
#5057 = ORIENTED_EDGE('',*,*,#4831,.T.);
#5058 = ADVANCED_FACE('',(#5059),#4819,.T.);
#5059 = FACE_BOUND('',#5060,.T.);
#5060 = EDGE_LOOP('',(#5061,#5062,#5063,#5064));
#5061 = ORIENTED_EDGE('',*,*,#4803,.T.);
#5062 = ORIENTED_EDGE('',*,*,#5035,.T.);
#5063 = ORIENTED_EDGE('',*,*,#4964,.T.);
#5064 = ORIENTED_EDGE('',*,*,#5065,.T.);
#5065 = EDGE_CURVE('',#4967,#4769,#5066,.T.);
#5066 = SURFACE_CURVE('',#5067,(#5071,#5078),.PCURVE_S1.);
#5067 = LINE('',#5068,#5069);
#5068 = CARTESIAN_POINT('',(-172.56,-2.5,133.));
#5069 = VECTOR('',#5070,1.);
#5070 = DIRECTION('',(0.726097212772,-8.89212627491E-17,-0.687592057549)
  );
#5071 = PCURVE('',#4819,#5072);
#5072 = DEFINITIONAL_REPRESENTATION('',(#5073),#5077);
#5073 = LINE('',#5074,#5075);
#5074 = CARTESIAN_POINT('',(-79.93990789951,-6.396101666858));
#5075 = VECTOR('',#5076,1.);
#5076 = DIRECTION('',(0.726097212772,-0.687592057549));
#5077 = ( GEOMETRIC_REPRESENTATION_CONTEXT(2) 
PARAMETRIC_REPRESENTATION_CONTEXT() REPRESENTATION_CONTEXT('2D SPACE',''
  ) );
#5078 = PCURVE('',#4791,#5079);
#5079 = DEFINITIONAL_REPRESENTATION('',(#5080),#5084);
#5080 = LINE('',#5081,#5082);
#5081 = CARTESIAN_POINT('',(2.223031568728E-16,-2.5));
#5082 = VECTOR('',#5083,1.);
#5083 = DIRECTION('',(1.,-2.691914919329E-32));
#5084 = ( GEOMETRIC_REPRESENTATION_CONTEXT(2) 
PARAMETRIC_REPRESENTATION_CONTEXT() REPRESENTATION_CONTEXT('2D SPACE',''
  ) );
#5085 = ADVANCED_FACE('',(#5086),#4791,.F.);
#5086 = FACE_BOUND('',#5087,.F.);
#5087 = EDGE_LOOP('',(#5088,#5089,#5090,#5091));
#5088 = ORIENTED_EDGE('',*,*,#4989,.F.);
#5089 = ORIENTED_EDGE('',*,*,#5065,.T.);
#5090 = ORIENTED_EDGE('',*,*,#4768,.T.);
#5091 = ORIENTED_EDGE('',*,*,#4940,.F.);
#5092 = MANIFOLD_SOLID_BREP('',#5093);
#5093 = CLOSED_SHELL('',(#5094,#5214,#5290,#5361,#5388,#5415));
#5094 = ADVANCED_FACE('',(#5095),#5109,.F.);
#5095 = FACE_BOUND('',#5096,.F.);
#5096 = EDGE_LOOP('',(#5097,#5132,#5160,#5188));
#5097 = ORIENTED_EDGE('',*,*,#5098,.F.);
#5098 = EDGE_CURVE('',#5099,#5101,#5103,.T.);
#5099 = VERTEX_POINT('',#5100);
#5100 = CARTESIAN_POINT('',(-2.5,40.56,8.));
#5101 = VERTEX_POINT('',#5102);
#5102 = CARTESIAN_POINT('',(2.5,40.56,8.));
#5103 = SURFACE_CURVE('',#5104,(#5108,#5120),.PCURVE_S1.);
#5104 = LINE('',#5105,#5106);
#5105 = CARTESIAN_POINT('',(-2.5,40.56,8.));
#5106 = VECTOR('',#5107,1.);
#5107 = DIRECTION('',(1.,0.,0.));
#5108 = PCURVE('',#5109,#5114);
#5109 = PLANE('',#5110);
#5110 = AXIS2_PLACEMENT_3D('',#5111,#5112,#5113);
#5111 = CARTESIAN_POINT('',(9.006129175759E-15,40.56,8.));
#5112 = DIRECTION('',(0.,1.,-0.));
#5113 = DIRECTION('',(0.,0.,1.));
#5114 = DEFINITIONAL_REPRESENTATION('',(#5115),#5119);
#5115 = LINE('',#5116,#5117);
#5116 = CARTESIAN_POINT('',(0.,-2.5));
#5117 = VECTOR('',#5118,1.);
#5118 = DIRECTION('',(0.,1.));
#5119 = ( GEOMETRIC_REPRESENTATION_CONTEXT(2) 
PARAMETRIC_REPRESENTATION_CONTEXT() REPRESENTATION_CONTEXT('2D SPACE',''
  ) );
#5120 = PCURVE('',#5121,#5126);
#5121 = PLANE('',#5122);
#5122 = AXIS2_PLACEMENT_3D('',#5123,#5124,#5125);
#5123 = CARTESIAN_POINT('',(3.831601702586E-14,172.56,133.));
#5124 = DIRECTION('',(0.,-0.687592057549,0.726097212772));
#5125 = DIRECTION('',(-1.612259687471E-16,-0.726097212772,
    -0.687592057549));
#5126 = DEFINITIONAL_REPRESENTATION('',(#5127),#5131);
#5127 = LINE('',#5128,#5129);
#5128 = CARTESIAN_POINT('',(181.79383927955,-2.5));
#5129 = VECTOR('',#5130,1.);
#5130 = DIRECTION('',(-1.612259687471E-16,1.));
#5131 = ( GEOMETRIC_REPRESENTATION_CONTEXT(2) 
PARAMETRIC_REPRESENTATION_CONTEXT() REPRESENTATION_CONTEXT('2D SPACE',''
  ) );
#5132 = ORIENTED_EDGE('',*,*,#5133,.T.);
#5133 = EDGE_CURVE('',#5099,#5134,#5136,.T.);
#5134 = VERTEX_POINT('',#5135);
#5135 = CARTESIAN_POINT('',(-2.5,40.56,238.));
#5136 = SURFACE_CURVE('',#5137,(#5141,#5148),.PCURVE_S1.);
#5137 = LINE('',#5138,#5139);
#5138 = CARTESIAN_POINT('',(-2.5,40.56,8.));
#5139 = VECTOR('',#5140,1.);
#5140 = DIRECTION('',(0.,0.,1.));
#5141 = PCURVE('',#5109,#5142);
#5142 = DEFINITIONAL_REPRESENTATION('',(#5143),#5147);
#5143 = LINE('',#5144,#5145);
#5144 = CARTESIAN_POINT('',(0.,-2.5));
#5145 = VECTOR('',#5146,1.);
#5146 = DIRECTION('',(1.,0.));
#5147 = ( GEOMETRIC_REPRESENTATION_CONTEXT(2) 
PARAMETRIC_REPRESENTATION_CONTEXT() REPRESENTATION_CONTEXT('2D SPACE',''
  ) );
#5148 = PCURVE('',#5149,#5154);
#5149 = PLANE('',#5150);
#5150 = AXIS2_PLACEMENT_3D('',#5151,#5152,#5153);
#5151 = CARTESIAN_POINT('',(-2.5,92.620092100483,139.39610166685));
#5152 = DIRECTION('',(-1.,2.22044604925E-16,-0.));
#5153 = DIRECTION('',(-2.22044604925E-16,-1.,0.));
#5154 = DEFINITIONAL_REPRESENTATION('',(#5155),#5159);
#5155 = LINE('',#5156,#5157);
#5156 = CARTESIAN_POINT('',(52.060092100483,-131.3961016668));
#5157 = VECTOR('',#5158,1.);
#5158 = DIRECTION('',(0.,1.));
#5159 = ( GEOMETRIC_REPRESENTATION_CONTEXT(2) 
PARAMETRIC_REPRESENTATION_CONTEXT() REPRESENTATION_CONTEXT('2D SPACE',''
  ) );
#5160 = ORIENTED_EDGE('',*,*,#5161,.F.);
#5161 = EDGE_CURVE('',#5162,#5134,#5164,.T.);
#5162 = VERTEX_POINT('',#5163);
#5163 = CARTESIAN_POINT('',(2.5,40.56,238.));
#5164 = SURFACE_CURVE('',#5165,(#5169,#5176),.PCURVE_S1.);
#5165 = LINE('',#5166,#5167);
#5166 = CARTESIAN_POINT('',(2.5,40.56,238.));
#5167 = VECTOR('',#5168,1.);
#5168 = DIRECTION('',(-1.,0.,0.));
#5169 = PCURVE('',#5109,#5170);
#5170 = DEFINITIONAL_REPRESENTATION('',(#5171),#5175);
#5171 = LINE('',#5172,#5173);
#5172 = CARTESIAN_POINT('',(230.,2.5));
#5173 = VECTOR('',#5174,1.);
#5174 = DIRECTION('',(0.,-1.));
#5175 = ( GEOMETRIC_REPRESENTATION_CONTEXT(2) 
PARAMETRIC_REPRESENTATION_CONTEXT() REPRESENTATION_CONTEXT('2D SPACE',''
  ) );
#5176 = PCURVE('',#5177,#5182);
#5177 = PLANE('',#5178);
#5178 = AXIS2_PLACEMENT_3D('',#5179,#5180,#5181);
#5179 = CARTESIAN_POINT('',(9.006129175759E-15,40.56,238.));
#5180 = DIRECTION('',(-0.,-7.554111272939E-02,-0.997142688028));
#5181 = DIRECTION('',(2.21410154217E-16,0.997142688028,
    -7.554111272939E-02));
#5182 = DEFINITIONAL_REPRESENTATION('',(#5183),#5187);
#5183 = LINE('',#5184,#5185);
#5184 = CARTESIAN_POINT('',(5.535253855426E-16,2.5));
#5185 = VECTOR('',#5186,1.);
#5186 = DIRECTION('',(-2.21410154217E-16,-1.));
#5187 = ( GEOMETRIC_REPRESENTATION_CONTEXT(2) 
PARAMETRIC_REPRESENTATION_CONTEXT() REPRESENTATION_CONTEXT('2D SPACE',''
  ) );
#5188 = ORIENTED_EDGE('',*,*,#5189,.F.);
#5189 = EDGE_CURVE('',#5101,#5162,#5190,.T.);
#5190 = SURFACE_CURVE('',#5191,(#5195,#5202),.PCURVE_S1.);
#5191 = LINE('',#5192,#5193);
#5192 = CARTESIAN_POINT('',(2.5,40.56,8.));
#5193 = VECTOR('',#5194,1.);
#5194 = DIRECTION('',(0.,0.,1.));
#5195 = PCURVE('',#5109,#5196);
#5196 = DEFINITIONAL_REPRESENTATION('',(#5197),#5201);
#5197 = LINE('',#5198,#5199);
#5198 = CARTESIAN_POINT('',(0.,2.5));
#5199 = VECTOR('',#5200,1.);
#5200 = DIRECTION('',(1.,0.));
#5201 = ( GEOMETRIC_REPRESENTATION_CONTEXT(2) 
PARAMETRIC_REPRESENTATION_CONTEXT() REPRESENTATION_CONTEXT('2D SPACE',''
  ) );
#5202 = PCURVE('',#5203,#5208);
#5203 = PLANE('',#5204);
#5204 = AXIS2_PLACEMENT_3D('',#5205,#5206,#5207);
#5205 = CARTESIAN_POINT('',(2.5,92.620092100483,139.39610166685));
#5206 = DIRECTION('',(-1.,2.22044604925E-16,-0.));
#5207 = DIRECTION('',(-2.22044604925E-16,-1.,0.));
#5208 = DEFINITIONAL_REPRESENTATION('',(#5209),#5213);
#5209 = LINE('',#5210,#5211);
#5210 = CARTESIAN_POINT('',(52.060092100483,-131.3961016668));
#5211 = VECTOR('',#5212,1.);
#5212 = DIRECTION('',(0.,1.));
#5213 = ( GEOMETRIC_REPRESENTATION_CONTEXT(2) 
PARAMETRIC_REPRESENTATION_CONTEXT() REPRESENTATION_CONTEXT('2D SPACE',''
  ) );
#5214 = ADVANCED_FACE('',(#5215),#5203,.F.);
#5215 = FACE_BOUND('',#5216,.F.);
#5216 = EDGE_LOOP('',(#5217,#5218,#5241,#5269));
#5217 = ORIENTED_EDGE('',*,*,#5189,.T.);
#5218 = ORIENTED_EDGE('',*,*,#5219,.T.);
#5219 = EDGE_CURVE('',#5162,#5220,#5222,.T.);
#5220 = VERTEX_POINT('',#5221);
#5221 = CARTESIAN_POINT('',(2.5,172.56,228.));
#5222 = SURFACE_CURVE('',#5223,(#5227,#5234),.PCURVE_S1.);
#5223 = LINE('',#5224,#5225);
#5224 = CARTESIAN_POINT('',(2.5,40.56,238.));
#5225 = VECTOR('',#5226,1.);
#5226 = DIRECTION('',(2.21410154217E-16,0.997142688028,
    -7.554111272939E-02));
#5227 = PCURVE('',#5203,#5228);
#5228 = DEFINITIONAL_REPRESENTATION('',(#5229),#5233);
#5229 = LINE('',#5230,#5231);
#5230 = CARTESIAN_POINT('',(52.060092100483,98.603898333142));
#5231 = VECTOR('',#5232,1.);
#5232 = DIRECTION('',(-0.997142688028,-7.554111272939E-02));
#5233 = ( GEOMETRIC_REPRESENTATION_CONTEXT(2) 
PARAMETRIC_REPRESENTATION_CONTEXT() REPRESENTATION_CONTEXT('2D SPACE',''
  ) );
#5234 = PCURVE('',#5177,#5235);
#5235 = DEFINITIONAL_REPRESENTATION('',(#5236),#5240);
#5236 = LINE('',#5237,#5238);
#5237 = CARTESIAN_POINT('',(5.535253855426E-16,2.5));
#5238 = VECTOR('',#5239,1.);
#5239 = DIRECTION('',(1.,4.299260704282E-32));
#5240 = ( GEOMETRIC_REPRESENTATION_CONTEXT(2) 
PARAMETRIC_REPRESENTATION_CONTEXT() REPRESENTATION_CONTEXT('2D SPACE',''
  ) );
#5241 = ORIENTED_EDGE('',*,*,#5242,.T.);
#5242 = EDGE_CURVE('',#5220,#5243,#5245,.T.);
#5243 = VERTEX_POINT('',#5244);
#5244 = CARTESIAN_POINT('',(2.5,172.56,133.));
#5245 = SURFACE_CURVE('',#5246,(#5250,#5257),.PCURVE_S1.);
#5246 = LINE('',#5247,#5248);
#5247 = CARTESIAN_POINT('',(2.5,172.56,228.));
#5248 = VECTOR('',#5249,1.);
#5249 = DIRECTION('',(0.,0.,-1.));
#5250 = PCURVE('',#5203,#5251);
#5251 = DEFINITIONAL_REPRESENTATION('',(#5252),#5256);
#5252 = LINE('',#5253,#5254);
#5253 = CARTESIAN_POINT('',(-79.93990789951,88.603898333142));
#5254 = VECTOR('',#5255,1.);
#5255 = DIRECTION('',(0.,-1.));
#5256 = ( GEOMETRIC_REPRESENTATION_CONTEXT(2) 
PARAMETRIC_REPRESENTATION_CONTEXT() REPRESENTATION_CONTEXT('2D SPACE',''
  ) );
#5257 = PCURVE('',#5258,#5263);
#5258 = PLANE('',#5259);
#5259 = AXIS2_PLACEMENT_3D('',#5260,#5261,#5262);
#5260 = CARTESIAN_POINT('',(3.831601702586E-14,172.56,228.));
#5261 = DIRECTION('',(-0.,-1.,-0.));
#5262 = DIRECTION('',(0.,0.,-1.));
#5263 = DEFINITIONAL_REPRESENTATION('',(#5264),#5268);
#5264 = LINE('',#5265,#5266);
#5265 = CARTESIAN_POINT('',(0.,2.5));
#5266 = VECTOR('',#5267,1.);
#5267 = DIRECTION('',(1.,0.));
#5268 = ( GEOMETRIC_REPRESENTATION_CONTEXT(2) 
PARAMETRIC_REPRESENTATION_CONTEXT() REPRESENTATION_CONTEXT('2D SPACE',''
  ) );
#5269 = ORIENTED_EDGE('',*,*,#5270,.T.);
#5270 = EDGE_CURVE('',#5243,#5101,#5271,.T.);
#5271 = SURFACE_CURVE('',#5272,(#5276,#5283),.PCURVE_S1.);
#5272 = LINE('',#5273,#5274);
#5273 = CARTESIAN_POINT('',(2.5,172.56,133.));
#5274 = VECTOR('',#5275,1.);
#5275 = DIRECTION('',(-1.612259687471E-16,-0.726097212772,
    -0.687592057549));
#5276 = PCURVE('',#5203,#5277);
#5277 = DEFINITIONAL_REPRESENTATION('',(#5278),#5282);
#5278 = LINE('',#5279,#5280);
#5279 = CARTESIAN_POINT('',(-79.93990789951,-6.396101666858));
#5280 = VECTOR('',#5281,1.);
#5281 = DIRECTION('',(0.726097212772,-0.687592057549));
#5282 = ( GEOMETRIC_REPRESENTATION_CONTEXT(2) 
PARAMETRIC_REPRESENTATION_CONTEXT() REPRESENTATION_CONTEXT('2D SPACE',''
  ) );
#5283 = PCURVE('',#5121,#5284);
#5284 = DEFINITIONAL_REPRESENTATION('',(#5285),#5289);
#5285 = LINE('',#5286,#5287);
#5286 = CARTESIAN_POINT('',(-4.030649218678E-16,2.5));
#5287 = VECTOR('',#5288,1.);
#5288 = DIRECTION('',(1.,-1.403160060138E-32));
#5289 = ( GEOMETRIC_REPRESENTATION_CONTEXT(2) 
PARAMETRIC_REPRESENTATION_CONTEXT() REPRESENTATION_CONTEXT('2D SPACE',''
  ) );
#5290 = ADVANCED_FACE('',(#5291),#5258,.F.);
#5291 = FACE_BOUND('',#5292,.F.);
#5292 = EDGE_LOOP('',(#5293,#5318,#5339,#5340));
#5293 = ORIENTED_EDGE('',*,*,#5294,.T.);
#5294 = EDGE_CURVE('',#5295,#5297,#5299,.T.);
#5295 = VERTEX_POINT('',#5296);
#5296 = CARTESIAN_POINT('',(-2.5,172.56,228.));
#5297 = VERTEX_POINT('',#5298);
#5298 = CARTESIAN_POINT('',(-2.5,172.56,133.));
#5299 = SURFACE_CURVE('',#5300,(#5304,#5311),.PCURVE_S1.);
#5300 = LINE('',#5301,#5302);
#5301 = CARTESIAN_POINT('',(-2.5,172.56,228.));
#5302 = VECTOR('',#5303,1.);
#5303 = DIRECTION('',(0.,0.,-1.));
#5304 = PCURVE('',#5258,#5305);
#5305 = DEFINITIONAL_REPRESENTATION('',(#5306),#5310);
#5306 = LINE('',#5307,#5308);
#5307 = CARTESIAN_POINT('',(0.,-2.5));
#5308 = VECTOR('',#5309,1.);
#5309 = DIRECTION('',(1.,0.));
#5310 = ( GEOMETRIC_REPRESENTATION_CONTEXT(2) 
PARAMETRIC_REPRESENTATION_CONTEXT() REPRESENTATION_CONTEXT('2D SPACE',''
  ) );
#5311 = PCURVE('',#5149,#5312);
#5312 = DEFINITIONAL_REPRESENTATION('',(#5313),#5317);
#5313 = LINE('',#5314,#5315);
#5314 = CARTESIAN_POINT('',(-79.93990789951,88.603898333142));
#5315 = VECTOR('',#5316,1.);
#5316 = DIRECTION('',(0.,-1.));
#5317 = ( GEOMETRIC_REPRESENTATION_CONTEXT(2) 
PARAMETRIC_REPRESENTATION_CONTEXT() REPRESENTATION_CONTEXT('2D SPACE',''
  ) );
#5318 = ORIENTED_EDGE('',*,*,#5319,.T.);
#5319 = EDGE_CURVE('',#5297,#5243,#5320,.T.);
#5320 = SURFACE_CURVE('',#5321,(#5325,#5332),.PCURVE_S1.);
#5321 = LINE('',#5322,#5323);
#5322 = CARTESIAN_POINT('',(-2.5,172.56,133.));
#5323 = VECTOR('',#5324,1.);
#5324 = DIRECTION('',(1.,0.,0.));
#5325 = PCURVE('',#5258,#5326);
#5326 = DEFINITIONAL_REPRESENTATION('',(#5327),#5331);
#5327 = LINE('',#5328,#5329);
#5328 = CARTESIAN_POINT('',(95.,-2.5));
#5329 = VECTOR('',#5330,1.);
#5330 = DIRECTION('',(0.,1.));
#5331 = ( GEOMETRIC_REPRESENTATION_CONTEXT(2) 
PARAMETRIC_REPRESENTATION_CONTEXT() REPRESENTATION_CONTEXT('2D SPACE',''
  ) );
#5332 = PCURVE('',#5121,#5333);
#5333 = DEFINITIONAL_REPRESENTATION('',(#5334),#5338);
#5334 = LINE('',#5335,#5336);
#5335 = CARTESIAN_POINT('',(4.030649218678E-16,-2.5));
#5336 = VECTOR('',#5337,1.);
#5337 = DIRECTION('',(-1.612259687471E-16,1.));
#5338 = ( GEOMETRIC_REPRESENTATION_CONTEXT(2) 
PARAMETRIC_REPRESENTATION_CONTEXT() REPRESENTATION_CONTEXT('2D SPACE',''
  ) );
#5339 = ORIENTED_EDGE('',*,*,#5242,.F.);
#5340 = ORIENTED_EDGE('',*,*,#5341,.T.);
#5341 = EDGE_CURVE('',#5220,#5295,#5342,.T.);
#5342 = SURFACE_CURVE('',#5343,(#5347,#5354),.PCURVE_S1.);
#5343 = LINE('',#5344,#5345);
#5344 = CARTESIAN_POINT('',(2.5,172.56,228.));
#5345 = VECTOR('',#5346,1.);
#5346 = DIRECTION('',(-1.,0.,0.));
#5347 = PCURVE('',#5258,#5348);
#5348 = DEFINITIONAL_REPRESENTATION('',(#5349),#5353);
#5349 = LINE('',#5350,#5351);
#5350 = CARTESIAN_POINT('',(0.,2.5));
#5351 = VECTOR('',#5352,1.);
#5352 = DIRECTION('',(0.,-1.));
#5353 = ( GEOMETRIC_REPRESENTATION_CONTEXT(2) 
PARAMETRIC_REPRESENTATION_CONTEXT() REPRESENTATION_CONTEXT('2D SPACE',''
  ) );
#5354 = PCURVE('',#5177,#5355);
#5355 = DEFINITIONAL_REPRESENTATION('',(#5356),#5360);
#5356 = LINE('',#5357,#5358);
#5357 = CARTESIAN_POINT('',(132.37824594698,2.5));
#5358 = VECTOR('',#5359,1.);
#5359 = DIRECTION('',(-2.21410154217E-16,-1.));
#5360 = ( GEOMETRIC_REPRESENTATION_CONTEXT(2) 
PARAMETRIC_REPRESENTATION_CONTEXT() REPRESENTATION_CONTEXT('2D SPACE',''
  ) );
#5361 = ADVANCED_FACE('',(#5362),#5177,.F.);
#5362 = FACE_BOUND('',#5363,.F.);
#5363 = EDGE_LOOP('',(#5364,#5385,#5386,#5387));
#5364 = ORIENTED_EDGE('',*,*,#5365,.T.);
#5365 = EDGE_CURVE('',#5134,#5295,#5366,.T.);
#5366 = SURFACE_CURVE('',#5367,(#5371,#5378),.PCURVE_S1.);
#5367 = LINE('',#5368,#5369);
#5368 = CARTESIAN_POINT('',(-2.5,40.56,238.));
#5369 = VECTOR('',#5370,1.);
#5370 = DIRECTION('',(2.21410154217E-16,0.997142688028,
    -7.554111272939E-02));
#5371 = PCURVE('',#5177,#5372);
#5372 = DEFINITIONAL_REPRESENTATION('',(#5373),#5377);
#5373 = LINE('',#5374,#5375);
#5374 = CARTESIAN_POINT('',(-5.535253855426E-16,-2.5));
#5375 = VECTOR('',#5376,1.);
#5376 = DIRECTION('',(1.,4.299260704282E-32));
#5377 = ( GEOMETRIC_REPRESENTATION_CONTEXT(2) 
PARAMETRIC_REPRESENTATION_CONTEXT() REPRESENTATION_CONTEXT('2D SPACE',''
  ) );
#5378 = PCURVE('',#5149,#5379);
#5379 = DEFINITIONAL_REPRESENTATION('',(#5380),#5384);
#5380 = LINE('',#5381,#5382);
#5381 = CARTESIAN_POINT('',(52.060092100483,98.603898333142));
#5382 = VECTOR('',#5383,1.);
#5383 = DIRECTION('',(-0.997142688028,-7.554111272939E-02));
#5384 = ( GEOMETRIC_REPRESENTATION_CONTEXT(2) 
PARAMETRIC_REPRESENTATION_CONTEXT() REPRESENTATION_CONTEXT('2D SPACE',''
  ) );
#5385 = ORIENTED_EDGE('',*,*,#5341,.F.);
#5386 = ORIENTED_EDGE('',*,*,#5219,.F.);
#5387 = ORIENTED_EDGE('',*,*,#5161,.T.);
#5388 = ADVANCED_FACE('',(#5389),#5149,.T.);
#5389 = FACE_BOUND('',#5390,.T.);
#5390 = EDGE_LOOP('',(#5391,#5392,#5393,#5394));
#5391 = ORIENTED_EDGE('',*,*,#5133,.T.);
#5392 = ORIENTED_EDGE('',*,*,#5365,.T.);
#5393 = ORIENTED_EDGE('',*,*,#5294,.T.);
#5394 = ORIENTED_EDGE('',*,*,#5395,.T.);
#5395 = EDGE_CURVE('',#5297,#5099,#5396,.T.);
#5396 = SURFACE_CURVE('',#5397,(#5401,#5408),.PCURVE_S1.);
#5397 = LINE('',#5398,#5399);
#5398 = CARTESIAN_POINT('',(-2.5,172.56,133.));
#5399 = VECTOR('',#5400,1.);
#5400 = DIRECTION('',(-1.612259687471E-16,-0.726097212772,
    -0.687592057549));
#5401 = PCURVE('',#5149,#5402);
#5402 = DEFINITIONAL_REPRESENTATION('',(#5403),#5407);
#5403 = LINE('',#5404,#5405);
#5404 = CARTESIAN_POINT('',(-79.93990789951,-6.396101666858));
#5405 = VECTOR('',#5406,1.);
#5406 = DIRECTION('',(0.726097212772,-0.687592057549));
#5407 = ( GEOMETRIC_REPRESENTATION_CONTEXT(2) 
PARAMETRIC_REPRESENTATION_CONTEXT() REPRESENTATION_CONTEXT('2D SPACE',''
  ) );
#5408 = PCURVE('',#5121,#5409);
#5409 = DEFINITIONAL_REPRESENTATION('',(#5410),#5414);
#5410 = LINE('',#5411,#5412);
#5411 = CARTESIAN_POINT('',(4.030649218678E-16,-2.5));
#5412 = VECTOR('',#5413,1.);
#5413 = DIRECTION('',(1.,-1.403160060138E-32));
#5414 = ( GEOMETRIC_REPRESENTATION_CONTEXT(2) 
PARAMETRIC_REPRESENTATION_CONTEXT() REPRESENTATION_CONTEXT('2D SPACE',''
  ) );
#5415 = ADVANCED_FACE('',(#5416),#5121,.F.);
#5416 = FACE_BOUND('',#5417,.F.);
#5417 = EDGE_LOOP('',(#5418,#5419,#5420,#5421));
#5418 = ORIENTED_EDGE('',*,*,#5319,.F.);
#5419 = ORIENTED_EDGE('',*,*,#5395,.T.);
#5420 = ORIENTED_EDGE('',*,*,#5098,.T.);
#5421 = ORIENTED_EDGE('',*,*,#5270,.F.);
#5422 = MANIFOLD_SOLID_BREP('',#5423);
#5423 = CLOSED_SHELL('',(#5424,#5544,#5620,#5691,#5718,#5745));
#5424 = ADVANCED_FACE('',(#5425),#5439,.F.);
#5425 = FACE_BOUND('',#5426,.F.);
#5426 = EDGE_LOOP('',(#5427,#5462,#5490,#5518));
#5427 = ORIENTED_EDGE('',*,*,#5428,.F.);
#5428 = EDGE_CURVE('',#5429,#5431,#5433,.T.);
#5429 = VERTEX_POINT('',#5430);
#5430 = CARTESIAN_POINT('',(40.56,2.5,8.));
#5431 = VERTEX_POINT('',#5432);
#5432 = CARTESIAN_POINT('',(40.56,-2.5,8.));
#5433 = SURFACE_CURVE('',#5434,(#5438,#5450),.PCURVE_S1.);
#5434 = LINE('',#5435,#5436);
#5435 = CARTESIAN_POINT('',(40.56,2.5,8.));
#5436 = VECTOR('',#5437,1.);
#5437 = DIRECTION('',(0.,-1.,0.));
#5438 = PCURVE('',#5439,#5444);
#5439 = PLANE('',#5440);
#5440 = AXIS2_PLACEMENT_3D('',#5441,#5442,#5443);
#5441 = CARTESIAN_POINT('',(40.56,0.,8.));
#5442 = DIRECTION('',(1.,-0.,0.));
#5443 = DIRECTION('',(0.,0.,1.));
#5444 = DEFINITIONAL_REPRESENTATION('',(#5445),#5449);
#5445 = LINE('',#5446,#5447);
#5446 = CARTESIAN_POINT('',(0.,-2.5));
#5447 = VECTOR('',#5448,1.);
#5448 = DIRECTION('',(0.,1.));
#5449 = ( GEOMETRIC_REPRESENTATION_CONTEXT(2) 
PARAMETRIC_REPRESENTATION_CONTEXT() REPRESENTATION_CONTEXT('2D SPACE',''
  ) );
#5450 = PCURVE('',#5451,#5456);
#5451 = PLANE('',#5452);
#5452 = AXIS2_PLACEMENT_3D('',#5453,#5454,#5455);
#5453 = CARTESIAN_POINT('',(172.56,0.,133.));
#5454 = DIRECTION('',(-0.687592057549,0.,0.726097212772));
#5455 = DIRECTION('',(-0.726097212772,0.,-0.687592057549));
#5456 = DEFINITIONAL_REPRESENTATION('',(#5457),#5461);
#5457 = LINE('',#5458,#5459);
#5458 = CARTESIAN_POINT('',(181.79383927955,-2.5));
#5459 = VECTOR('',#5460,1.);
#5460 = DIRECTION('',(-0.,1.));
#5461 = ( GEOMETRIC_REPRESENTATION_CONTEXT(2) 
PARAMETRIC_REPRESENTATION_CONTEXT() REPRESENTATION_CONTEXT('2D SPACE',''
  ) );
#5462 = ORIENTED_EDGE('',*,*,#5463,.T.);
#5463 = EDGE_CURVE('',#5429,#5464,#5466,.T.);
#5464 = VERTEX_POINT('',#5465);
#5465 = CARTESIAN_POINT('',(40.56,2.5,238.));
#5466 = SURFACE_CURVE('',#5467,(#5471,#5478),.PCURVE_S1.);
#5467 = LINE('',#5468,#5469);
#5468 = CARTESIAN_POINT('',(40.56,2.5,8.));
#5469 = VECTOR('',#5470,1.);
#5470 = DIRECTION('',(0.,0.,1.));
#5471 = PCURVE('',#5439,#5472);
#5472 = DEFINITIONAL_REPRESENTATION('',(#5473),#5477);
#5473 = LINE('',#5474,#5475);
#5474 = CARTESIAN_POINT('',(0.,-2.5));
#5475 = VECTOR('',#5476,1.);
#5476 = DIRECTION('',(1.,0.));
#5477 = ( GEOMETRIC_REPRESENTATION_CONTEXT(2) 
PARAMETRIC_REPRESENTATION_CONTEXT() REPRESENTATION_CONTEXT('2D SPACE',''
  ) );
#5478 = PCURVE('',#5479,#5484);
#5479 = PLANE('',#5480);
#5480 = AXIS2_PLACEMENT_3D('',#5481,#5482,#5483);
#5481 = CARTESIAN_POINT('',(92.620092100483,2.5,139.39610166685));
#5482 = DIRECTION('',(-0.,1.,-0.));
#5483 = DIRECTION('',(-1.,0.,0.));
#5484 = DEFINITIONAL_REPRESENTATION('',(#5485),#5489);
#5485 = LINE('',#5486,#5487);
#5486 = CARTESIAN_POINT('',(52.060092100483,-131.3961016668));
#5487 = VECTOR('',#5488,1.);
#5488 = DIRECTION('',(0.,1.));
#5489 = ( GEOMETRIC_REPRESENTATION_CONTEXT(2) 
PARAMETRIC_REPRESENTATION_CONTEXT() REPRESENTATION_CONTEXT('2D SPACE',''
  ) );
#5490 = ORIENTED_EDGE('',*,*,#5491,.F.);
#5491 = EDGE_CURVE('',#5492,#5464,#5494,.T.);
#5492 = VERTEX_POINT('',#5493);
#5493 = CARTESIAN_POINT('',(40.56,-2.5,238.));
#5494 = SURFACE_CURVE('',#5495,(#5499,#5506),.PCURVE_S1.);
#5495 = LINE('',#5496,#5497);
#5496 = CARTESIAN_POINT('',(40.56,-2.5,238.));
#5497 = VECTOR('',#5498,1.);
#5498 = DIRECTION('',(0.,1.,0.));
#5499 = PCURVE('',#5439,#5500);
#5500 = DEFINITIONAL_REPRESENTATION('',(#5501),#5505);
#5501 = LINE('',#5502,#5503);
#5502 = CARTESIAN_POINT('',(230.,2.5));
#5503 = VECTOR('',#5504,1.);
#5504 = DIRECTION('',(0.,-1.));
#5505 = ( GEOMETRIC_REPRESENTATION_CONTEXT(2) 
PARAMETRIC_REPRESENTATION_CONTEXT() REPRESENTATION_CONTEXT('2D SPACE',''
  ) );
#5506 = PCURVE('',#5507,#5512);
#5507 = PLANE('',#5508);
#5508 = AXIS2_PLACEMENT_3D('',#5509,#5510,#5511);
#5509 = CARTESIAN_POINT('',(40.56,0.,238.));
#5510 = DIRECTION('',(-7.554111272939E-02,0.,-0.997142688028));
#5511 = DIRECTION('',(0.997142688028,0.,-7.554111272939E-02));
#5512 = DEFINITIONAL_REPRESENTATION('',(#5513),#5517);
#5513 = LINE('',#5514,#5515);
#5514 = CARTESIAN_POINT('',(0.,2.5));
#5515 = VECTOR('',#5516,1.);
#5516 = DIRECTION('',(0.,-1.));
#5517 = ( GEOMETRIC_REPRESENTATION_CONTEXT(2) 
PARAMETRIC_REPRESENTATION_CONTEXT() REPRESENTATION_CONTEXT('2D SPACE',''
  ) );
#5518 = ORIENTED_EDGE('',*,*,#5519,.F.);
#5519 = EDGE_CURVE('',#5431,#5492,#5520,.T.);
#5520 = SURFACE_CURVE('',#5521,(#5525,#5532),.PCURVE_S1.);
#5521 = LINE('',#5522,#5523);
#5522 = CARTESIAN_POINT('',(40.56,-2.5,8.));
#5523 = VECTOR('',#5524,1.);
#5524 = DIRECTION('',(0.,0.,1.));
#5525 = PCURVE('',#5439,#5526);
#5526 = DEFINITIONAL_REPRESENTATION('',(#5527),#5531);
#5527 = LINE('',#5528,#5529);
#5528 = CARTESIAN_POINT('',(0.,2.5));
#5529 = VECTOR('',#5530,1.);
#5530 = DIRECTION('',(1.,0.));
#5531 = ( GEOMETRIC_REPRESENTATION_CONTEXT(2) 
PARAMETRIC_REPRESENTATION_CONTEXT() REPRESENTATION_CONTEXT('2D SPACE',''
  ) );
#5532 = PCURVE('',#5533,#5538);
#5533 = PLANE('',#5534);
#5534 = AXIS2_PLACEMENT_3D('',#5535,#5536,#5537);
#5535 = CARTESIAN_POINT('',(92.620092100483,-2.5,139.39610166685));
#5536 = DIRECTION('',(-0.,1.,-0.));
#5537 = DIRECTION('',(-1.,0.,0.));
#5538 = DEFINITIONAL_REPRESENTATION('',(#5539),#5543);
#5539 = LINE('',#5540,#5541);
#5540 = CARTESIAN_POINT('',(52.060092100483,-131.3961016668));
#5541 = VECTOR('',#5542,1.);
#5542 = DIRECTION('',(0.,1.));
#5543 = ( GEOMETRIC_REPRESENTATION_CONTEXT(2) 
PARAMETRIC_REPRESENTATION_CONTEXT() REPRESENTATION_CONTEXT('2D SPACE',''
  ) );
#5544 = ADVANCED_FACE('',(#5545),#5533,.F.);
#5545 = FACE_BOUND('',#5546,.F.);
#5546 = EDGE_LOOP('',(#5547,#5548,#5571,#5599));
#5547 = ORIENTED_EDGE('',*,*,#5519,.T.);
#5548 = ORIENTED_EDGE('',*,*,#5549,.T.);
#5549 = EDGE_CURVE('',#5492,#5550,#5552,.T.);
#5550 = VERTEX_POINT('',#5551);
#5551 = CARTESIAN_POINT('',(172.56,-2.5,228.));
#5552 = SURFACE_CURVE('',#5553,(#5557,#5564),.PCURVE_S1.);
#5553 = LINE('',#5554,#5555);
#5554 = CARTESIAN_POINT('',(40.56,-2.5,238.));
#5555 = VECTOR('',#5556,1.);
#5556 = DIRECTION('',(0.997142688028,0.,-7.554111272939E-02));
#5557 = PCURVE('',#5533,#5558);
#5558 = DEFINITIONAL_REPRESENTATION('',(#5559),#5563);
#5559 = LINE('',#5560,#5561);
#5560 = CARTESIAN_POINT('',(52.060092100483,98.603898333142));
#5561 = VECTOR('',#5562,1.);
#5562 = DIRECTION('',(-0.997142688028,-7.554111272939E-02));
#5563 = ( GEOMETRIC_REPRESENTATION_CONTEXT(2) 
PARAMETRIC_REPRESENTATION_CONTEXT() REPRESENTATION_CONTEXT('2D SPACE',''
  ) );
#5564 = PCURVE('',#5507,#5565);
#5565 = DEFINITIONAL_REPRESENTATION('',(#5566),#5570);
#5566 = LINE('',#5567,#5568);
#5567 = CARTESIAN_POINT('',(0.,2.5));
#5568 = VECTOR('',#5569,1.);
#5569 = DIRECTION('',(1.,0.));
#5570 = ( GEOMETRIC_REPRESENTATION_CONTEXT(2) 
PARAMETRIC_REPRESENTATION_CONTEXT() REPRESENTATION_CONTEXT('2D SPACE',''
  ) );
#5571 = ORIENTED_EDGE('',*,*,#5572,.T.);
#5572 = EDGE_CURVE('',#5550,#5573,#5575,.T.);
#5573 = VERTEX_POINT('',#5574);
#5574 = CARTESIAN_POINT('',(172.56,-2.5,133.));
#5575 = SURFACE_CURVE('',#5576,(#5580,#5587),.PCURVE_S1.);
#5576 = LINE('',#5577,#5578);
#5577 = CARTESIAN_POINT('',(172.56,-2.5,228.));
#5578 = VECTOR('',#5579,1.);
#5579 = DIRECTION('',(0.,0.,-1.));
#5580 = PCURVE('',#5533,#5581);
#5581 = DEFINITIONAL_REPRESENTATION('',(#5582),#5586);
#5582 = LINE('',#5583,#5584);
#5583 = CARTESIAN_POINT('',(-79.93990789951,88.603898333142));
#5584 = VECTOR('',#5585,1.);
#5585 = DIRECTION('',(0.,-1.));
#5586 = ( GEOMETRIC_REPRESENTATION_CONTEXT(2) 
PARAMETRIC_REPRESENTATION_CONTEXT() REPRESENTATION_CONTEXT('2D SPACE',''
  ) );
#5587 = PCURVE('',#5588,#5593);
#5588 = PLANE('',#5589);
#5589 = AXIS2_PLACEMENT_3D('',#5590,#5591,#5592);
#5590 = CARTESIAN_POINT('',(172.56,0.,228.));
#5591 = DIRECTION('',(-1.,0.,0.));
#5592 = DIRECTION('',(0.,0.,-1.));
#5593 = DEFINITIONAL_REPRESENTATION('',(#5594),#5598);
#5594 = LINE('',#5595,#5596);
#5595 = CARTESIAN_POINT('',(0.,2.5));
#5596 = VECTOR('',#5597,1.);
#5597 = DIRECTION('',(1.,0.));
#5598 = ( GEOMETRIC_REPRESENTATION_CONTEXT(2) 
PARAMETRIC_REPRESENTATION_CONTEXT() REPRESENTATION_CONTEXT('2D SPACE',''
  ) );
#5599 = ORIENTED_EDGE('',*,*,#5600,.T.);
#5600 = EDGE_CURVE('',#5573,#5431,#5601,.T.);
#5601 = SURFACE_CURVE('',#5602,(#5606,#5613),.PCURVE_S1.);
#5602 = LINE('',#5603,#5604);
#5603 = CARTESIAN_POINT('',(172.56,-2.5,133.));
#5604 = VECTOR('',#5605,1.);
#5605 = DIRECTION('',(-0.726097212772,-0.,-0.687592057549));
#5606 = PCURVE('',#5533,#5607);
#5607 = DEFINITIONAL_REPRESENTATION('',(#5608),#5612);
#5608 = LINE('',#5609,#5610);
#5609 = CARTESIAN_POINT('',(-79.93990789951,-6.396101666858));
#5610 = VECTOR('',#5611,1.);
#5611 = DIRECTION('',(0.726097212772,-0.687592057549));
#5612 = ( GEOMETRIC_REPRESENTATION_CONTEXT(2) 
PARAMETRIC_REPRESENTATION_CONTEXT() REPRESENTATION_CONTEXT('2D SPACE',''
  ) );
#5613 = PCURVE('',#5451,#5614);
#5614 = DEFINITIONAL_REPRESENTATION('',(#5615),#5619);
#5615 = LINE('',#5616,#5617);
#5616 = CARTESIAN_POINT('',(-0.,2.5));
#5617 = VECTOR('',#5618,1.);
#5618 = DIRECTION('',(1.,0.));
#5619 = ( GEOMETRIC_REPRESENTATION_CONTEXT(2) 
PARAMETRIC_REPRESENTATION_CONTEXT() REPRESENTATION_CONTEXT('2D SPACE',''
  ) );
#5620 = ADVANCED_FACE('',(#5621),#5588,.F.);
#5621 = FACE_BOUND('',#5622,.F.);
#5622 = EDGE_LOOP('',(#5623,#5648,#5669,#5670));
#5623 = ORIENTED_EDGE('',*,*,#5624,.T.);
#5624 = EDGE_CURVE('',#5625,#5627,#5629,.T.);
#5625 = VERTEX_POINT('',#5626);
#5626 = CARTESIAN_POINT('',(172.56,2.5,228.));
#5627 = VERTEX_POINT('',#5628);
#5628 = CARTESIAN_POINT('',(172.56,2.5,133.));
#5629 = SURFACE_CURVE('',#5630,(#5634,#5641),.PCURVE_S1.);
#5630 = LINE('',#5631,#5632);
#5631 = CARTESIAN_POINT('',(172.56,2.5,228.));
#5632 = VECTOR('',#5633,1.);
#5633 = DIRECTION('',(0.,0.,-1.));
#5634 = PCURVE('',#5588,#5635);
#5635 = DEFINITIONAL_REPRESENTATION('',(#5636),#5640);
#5636 = LINE('',#5637,#5638);
#5637 = CARTESIAN_POINT('',(0.,-2.5));
#5638 = VECTOR('',#5639,1.);
#5639 = DIRECTION('',(1.,0.));
#5640 = ( GEOMETRIC_REPRESENTATION_CONTEXT(2) 
PARAMETRIC_REPRESENTATION_CONTEXT() REPRESENTATION_CONTEXT('2D SPACE',''
  ) );
#5641 = PCURVE('',#5479,#5642);
#5642 = DEFINITIONAL_REPRESENTATION('',(#5643),#5647);
#5643 = LINE('',#5644,#5645);
#5644 = CARTESIAN_POINT('',(-79.93990789951,88.603898333142));
#5645 = VECTOR('',#5646,1.);
#5646 = DIRECTION('',(0.,-1.));
#5647 = ( GEOMETRIC_REPRESENTATION_CONTEXT(2) 
PARAMETRIC_REPRESENTATION_CONTEXT() REPRESENTATION_CONTEXT('2D SPACE',''
  ) );
#5648 = ORIENTED_EDGE('',*,*,#5649,.T.);
#5649 = EDGE_CURVE('',#5627,#5573,#5650,.T.);
#5650 = SURFACE_CURVE('',#5651,(#5655,#5662),.PCURVE_S1.);
#5651 = LINE('',#5652,#5653);
#5652 = CARTESIAN_POINT('',(172.56,2.5,133.));
#5653 = VECTOR('',#5654,1.);
#5654 = DIRECTION('',(0.,-1.,0.));
#5655 = PCURVE('',#5588,#5656);
#5656 = DEFINITIONAL_REPRESENTATION('',(#5657),#5661);
#5657 = LINE('',#5658,#5659);
#5658 = CARTESIAN_POINT('',(95.,-2.5));
#5659 = VECTOR('',#5660,1.);
#5660 = DIRECTION('',(0.,1.));
#5661 = ( GEOMETRIC_REPRESENTATION_CONTEXT(2) 
PARAMETRIC_REPRESENTATION_CONTEXT() REPRESENTATION_CONTEXT('2D SPACE',''
  ) );
#5662 = PCURVE('',#5451,#5663);
#5663 = DEFINITIONAL_REPRESENTATION('',(#5664),#5668);
#5664 = LINE('',#5665,#5666);
#5665 = CARTESIAN_POINT('',(0.,-2.5));
#5666 = VECTOR('',#5667,1.);
#5667 = DIRECTION('',(-0.,1.));
#5668 = ( GEOMETRIC_REPRESENTATION_CONTEXT(2) 
PARAMETRIC_REPRESENTATION_CONTEXT() REPRESENTATION_CONTEXT('2D SPACE',''
  ) );
#5669 = ORIENTED_EDGE('',*,*,#5572,.F.);
#5670 = ORIENTED_EDGE('',*,*,#5671,.T.);
#5671 = EDGE_CURVE('',#5550,#5625,#5672,.T.);
#5672 = SURFACE_CURVE('',#5673,(#5677,#5684),.PCURVE_S1.);
#5673 = LINE('',#5674,#5675);
#5674 = CARTESIAN_POINT('',(172.56,-2.5,228.));
#5675 = VECTOR('',#5676,1.);
#5676 = DIRECTION('',(0.,1.,0.));
#5677 = PCURVE('',#5588,#5678);
#5678 = DEFINITIONAL_REPRESENTATION('',(#5679),#5683);
#5679 = LINE('',#5680,#5681);
#5680 = CARTESIAN_POINT('',(0.,2.5));
#5681 = VECTOR('',#5682,1.);
#5682 = DIRECTION('',(0.,-1.));
#5683 = ( GEOMETRIC_REPRESENTATION_CONTEXT(2) 
PARAMETRIC_REPRESENTATION_CONTEXT() REPRESENTATION_CONTEXT('2D SPACE',''
  ) );
#5684 = PCURVE('',#5507,#5685);
#5685 = DEFINITIONAL_REPRESENTATION('',(#5686),#5690);
#5686 = LINE('',#5687,#5688);
#5687 = CARTESIAN_POINT('',(132.37824594698,2.5));
#5688 = VECTOR('',#5689,1.);
#5689 = DIRECTION('',(0.,-1.));
#5690 = ( GEOMETRIC_REPRESENTATION_CONTEXT(2) 
PARAMETRIC_REPRESENTATION_CONTEXT() REPRESENTATION_CONTEXT('2D SPACE',''
  ) );
#5691 = ADVANCED_FACE('',(#5692),#5507,.F.);
#5692 = FACE_BOUND('',#5693,.F.);
#5693 = EDGE_LOOP('',(#5694,#5715,#5716,#5717));
#5694 = ORIENTED_EDGE('',*,*,#5695,.T.);
#5695 = EDGE_CURVE('',#5464,#5625,#5696,.T.);
#5696 = SURFACE_CURVE('',#5697,(#5701,#5708),.PCURVE_S1.);
#5697 = LINE('',#5698,#5699);
#5698 = CARTESIAN_POINT('',(40.56,2.5,238.));
#5699 = VECTOR('',#5700,1.);
#5700 = DIRECTION('',(0.997142688028,0.,-7.554111272939E-02));
#5701 = PCURVE('',#5507,#5702);
#5702 = DEFINITIONAL_REPRESENTATION('',(#5703),#5707);
#5703 = LINE('',#5704,#5705);
#5704 = CARTESIAN_POINT('',(0.,-2.5));
#5705 = VECTOR('',#5706,1.);
#5706 = DIRECTION('',(1.,0.));
#5707 = ( GEOMETRIC_REPRESENTATION_CONTEXT(2) 
PARAMETRIC_REPRESENTATION_CONTEXT() REPRESENTATION_CONTEXT('2D SPACE',''
  ) );
#5708 = PCURVE('',#5479,#5709);
#5709 = DEFINITIONAL_REPRESENTATION('',(#5710),#5714);
#5710 = LINE('',#5711,#5712);
#5711 = CARTESIAN_POINT('',(52.060092100483,98.603898333142));
#5712 = VECTOR('',#5713,1.);
#5713 = DIRECTION('',(-0.997142688028,-7.554111272939E-02));
#5714 = ( GEOMETRIC_REPRESENTATION_CONTEXT(2) 
PARAMETRIC_REPRESENTATION_CONTEXT() REPRESENTATION_CONTEXT('2D SPACE',''
  ) );
#5715 = ORIENTED_EDGE('',*,*,#5671,.F.);
#5716 = ORIENTED_EDGE('',*,*,#5549,.F.);
#5717 = ORIENTED_EDGE('',*,*,#5491,.T.);
#5718 = ADVANCED_FACE('',(#5719),#5479,.T.);
#5719 = FACE_BOUND('',#5720,.T.);
#5720 = EDGE_LOOP('',(#5721,#5722,#5723,#5724));
#5721 = ORIENTED_EDGE('',*,*,#5463,.T.);
#5722 = ORIENTED_EDGE('',*,*,#5695,.T.);
#5723 = ORIENTED_EDGE('',*,*,#5624,.T.);
#5724 = ORIENTED_EDGE('',*,*,#5725,.T.);
#5725 = EDGE_CURVE('',#5627,#5429,#5726,.T.);
#5726 = SURFACE_CURVE('',#5727,(#5731,#5738),.PCURVE_S1.);
#5727 = LINE('',#5728,#5729);
#5728 = CARTESIAN_POINT('',(172.56,2.5,133.));
#5729 = VECTOR('',#5730,1.);
#5730 = DIRECTION('',(-0.726097212772,-0.,-0.687592057549));
#5731 = PCURVE('',#5479,#5732);
#5732 = DEFINITIONAL_REPRESENTATION('',(#5733),#5737);
#5733 = LINE('',#5734,#5735);
#5734 = CARTESIAN_POINT('',(-79.93990789951,-6.396101666858));
#5735 = VECTOR('',#5736,1.);
#5736 = DIRECTION('',(0.726097212772,-0.687592057549));
#5737 = ( GEOMETRIC_REPRESENTATION_CONTEXT(2) 
PARAMETRIC_REPRESENTATION_CONTEXT() REPRESENTATION_CONTEXT('2D SPACE',''
  ) );
#5738 = PCURVE('',#5451,#5739);
#5739 = DEFINITIONAL_REPRESENTATION('',(#5740),#5744);
#5740 = LINE('',#5741,#5742);
#5741 = CARTESIAN_POINT('',(0.,-2.5));
#5742 = VECTOR('',#5743,1.);
#5743 = DIRECTION('',(1.,0.));
#5744 = ( GEOMETRIC_REPRESENTATION_CONTEXT(2) 
PARAMETRIC_REPRESENTATION_CONTEXT() REPRESENTATION_CONTEXT('2D SPACE',''
  ) );
#5745 = ADVANCED_FACE('',(#5746),#5451,.F.);
#5746 = FACE_BOUND('',#5747,.F.);
#5747 = EDGE_LOOP('',(#5748,#5749,#5750,#5751));
#5748 = ORIENTED_EDGE('',*,*,#5649,.F.);
#5749 = ORIENTED_EDGE('',*,*,#5725,.T.);
#5750 = ORIENTED_EDGE('',*,*,#5428,.T.);
#5751 = ORIENTED_EDGE('',*,*,#5600,.F.);
#5752 = ( GEOMETRIC_REPRESENTATION_CONTEXT(3) 
GLOBAL_UNCERTAINTY_ASSIGNED_CONTEXT((#5756)) 
GLOBAL_UNIT_ASSIGNED_CONTEXT((#5753,#5754,#5755)) REPRESENTATION_CONTEXT
('Context #1','3D Context with UNIT and UNCERTAINTY') );
#5753 = ( LENGTH_UNIT() NAMED_UNIT(*) SI_UNIT(.MILLI.,.METRE.) );
#5754 = ( NAMED_UNIT(*) PLANE_ANGLE_UNIT() SI_UNIT($,.RADIAN.) );
#5755 = ( NAMED_UNIT(*) SI_UNIT($,.STERADIAN.) SOLID_ANGLE_UNIT() );
#5756 = UNCERTAINTY_MEASURE_WITH_UNIT(LENGTH_MEASURE(1.E-07),#5753,
  'distance_accuracy_value','confusion accuracy');
#5757 = CONTEXT_DEPENDENT_SHAPE_REPRESENTATION(#5758,#5760);
#5758 = ( REPRESENTATION_RELATIONSHIP('','',#4431,#10) 
REPRESENTATION_RELATIONSHIP_WITH_TRANSFORMATION(#5759) 
SHAPE_REPRESENTATION_RELATIONSHIP() );
#5759 = ITEM_DEFINED_TRANSFORMATION('','',#11,#19);
#5760 = PRODUCT_DEFINITION_SHAPE('Placement','Placement of an item',
  #5761);
#5761 = NEXT_ASSEMBLY_USAGE_OCCURRENCE('2','fins','',#5,#4426,$);
#5762 = PRODUCT_RELATED_PRODUCT_CATEGORY('part',$,(#4428));
ENDSEC;
END-ISO-10303-21;
