ISO-10303-21;
HEADER;
FILE_DESCRIPTION(('Open CASCADE Model'),'2;1');
FILE_NAME('pinion_12T','2026-08-12T09:41:09',('Author'),('Open CASCADE')
  ,'Open CASCADE STEP processor 7.9','build123d','Unknown');
FILE_SCHEMA(('AUTOMOTIVE_DESIGN { 1 0 10303 214 1 1 1 1 }'));
ENDSEC;
DATA;
#1 = APPLICATION_PROTOCOL_DEFINITION('international standard',
  'automotive_design',2000,#2);
#2 = APPLICATION_CONTEXT(
  'core data for automotive mechanical design processes');
#3 = SHAPE_DEFINITION_REPRESENTATION(#4,#10);
#4 = PRODUCT_DEFINITION_SHAPE('','',#5);
#5 = PRODUCT_DEFINITION('design','',#6,#9);
#6 = PRODUCT_DEFINITION_FORMATION('','',#7);
#7 = PRODUCT('pinion_12T','pinion_12T','',(#8));
#8 = PRODUCT_CONTEXT('',#2,'mechanical');
#9 = PRODUCT_DEFINITION_CONTEXT('part definition',#2,'design');
#10 = ADVANCED_BREP_SHAPE_REPRESENTATION('',(#11,#15),#9487);
#11 = AXIS2_PLACEMENT_3D('',#12,#13,#14);
#12 = CARTESIAN_POINT('',(0.,0.,0.));
#13 = DIRECTION('',(0.,0.,1.));
#14 = DIRECTION('',(1.,0.,-0.));
#15 = MANIFOLD_SOLID_BREP('',#16);
#16 = CLOSED_SHELL('',(#17,#143,#2914,#3003,#5637,#5687,#5744,#5814,
    #5872,#5920,#5947,#5997,#6054,#6124,#6182,#6230,#6257,#6307,#6364,
    #6434,#6492,#6540,#6567,#6617,#6674,#6744,#6802,#6850,#6877,#6927,
    #6984,#7054,#7112,#7160,#7187,#7237,#7294,#7364,#7422,#7470,#7497,
    #7547,#7604,#7674,#7732,#7780,#7807,#7857,#7914,#7984,#8042,#8090,
    #8117,#8167,#8224,#8294,#8352,#8400,#8427,#8477,#8534,#8604,#8662,
    #8710,#8737,#8787,#8844,#8914,#8972,#9020,#9047,#9097,#9154,#9224,
    #9260,#9267,#9274,#9281,#9288,#9295,#9302,#9309,#9316,#9323,#9330,
    #9337,#9344,#9351,#9358,#9365,#9372,#9379,#9386,#9393,#9400,#9407,
    #9414,#9421,#9428,#9483));
#17 = ADVANCED_FACE('',(#18),#33,.T.);
#18 = FACE_BOUND('',#19,.T.);
#19 = EDGE_LOOP('',(#20,#56,#84,#117));
#20 = ORIENTED_EDGE('',*,*,#21,.T.);
#21 = EDGE_CURVE('',#22,#24,#26,.T.);
#22 = VERTEX_POINT('',#23);
#23 = CARTESIAN_POINT('',(6.622547624963,-2.628210028727,-3.));
#24 = VERTEX_POINT('',#25);
#25 = CARTESIAN_POINT('',(7.049399495353,-1.035177161123,-3.));
#26 = SURFACE_CURVE('',#27,(#32,#44),.PCURVE_S1.);
#27 = CIRCLE('',#28,7.125);
#28 = AXIS2_PLACEMENT_3D('',#29,#30,#31);
#29 = CARTESIAN_POINT('',(-3.499849689103E-13,1.176329433913E-13,-3.));
#30 = DIRECTION('',(0.,0.,1.));
#31 = DIRECTION('',(0.929480368416,-0.368871582979,0.));
#32 = PCURVE('',#33,#38);
#33 = CYLINDRICAL_SURFACE('',#34,7.125);
#34 = AXIS2_PLACEMENT_3D('',#35,#36,#37);
#35 = CARTESIAN_POINT('',(-3.619123457146E-13,7.311936715634E-14,-3.));
#36 = DIRECTION('',(0.,0.,-1.));
#37 = DIRECTION('',(0.989389402857,-0.145288022614,0.));
#38 = DEFINITIONAL_REPRESENTATION('',(#39),#43);
#39 = LINE('',#40,#41);
#40 = CARTESIAN_POINT('',(0.231990620064,0.));
#41 = VECTOR('',#42,1.);
#42 = DIRECTION('',(-1.,0.));
#43 = ( GEOMETRIC_REPRESENTATION_CONTEXT(2) 
PARAMETRIC_REPRESENTATION_CONTEXT() REPRESENTATION_CONTEXT('2D SPACE',''
  ) );
#44 = PCURVE('',#45,#50);
#45 = PLANE('',#46);
#46 = AXIS2_PLACEMENT_3D('',#47,#48,#49);
#47 = CARTESIAN_POINT('',(7.437422109197E-17,1.280366337786E-16,-3.));
#48 = DIRECTION('',(0.,0.,1.));
#49 = DIRECTION('',(1.,0.,-0.));
#50 = DEFINITIONAL_REPRESENTATION('',(#51),#55);
#51 = CIRCLE('',#52,7.125);
#52 = AXIS2_PLACEMENT_2D('',#53,#54);
#53 = CARTESIAN_POINT('',(-3.500593431313E-13,1.175049067575E-13));
#54 = DIRECTION('',(0.929480368416,-0.368871582979));
#55 = ( GEOMETRIC_REPRESENTATION_CONTEXT(2) 
PARAMETRIC_REPRESENTATION_CONTEXT() REPRESENTATION_CONTEXT('2D SPACE',''
  ) );
#56 = ORIENTED_EDGE('',*,*,#57,.T.);
#57 = EDGE_CURVE('',#24,#58,#60,.T.);
#58 = VERTEX_POINT('',#59);
#59 = CARTESIAN_POINT('',(7.049399495353,-1.035177161123,6.));
#60 = SURFACE_CURVE('',#61,(#65,#72),.PCURVE_S1.);
#61 = LINE('',#62,#63);
#62 = CARTESIAN_POINT('',(7.049399495353,-1.035177161123,-3.));
#63 = VECTOR('',#64,1.);
#64 = DIRECTION('',(0.,9.868649107779E-17,1.));
#65 = PCURVE('',#33,#66);
#66 = DEFINITIONAL_REPRESENTATION('',(#67),#71);
#67 = LINE('',#68,#69);
#68 = CARTESIAN_POINT('',(0.,0.));
#69 = VECTOR('',#70,1.);
#70 = DIRECTION('',(0.,-1.));
#71 = ( GEOMETRIC_REPRESENTATION_CONTEXT(2) 
PARAMETRIC_REPRESENTATION_CONTEXT() REPRESENTATION_CONTEXT('2D SPACE',''
  ) );
#72 = PCURVE('',#73,#78);
#73 = PLANE('',#74);
#74 = AXIS2_PLACEMENT_3D('',#75,#76,#77);
#75 = CARTESIAN_POINT('',(8.367497288533,-1.228734744649,-3.));
#76 = DIRECTION('',(-0.145288022614,-0.989389402857,0.));
#77 = DIRECTION('',(-0.989389402857,0.145288022614,0.));
#78 = DEFINITIONAL_REPRESENTATION('',(#79),#83);
#79 = LINE('',#80,#81);
#80 = CARTESIAN_POINT('',(1.332233587073,0.));
#81 = VECTOR('',#82,1.);
#82 = DIRECTION('',(1.433796514739E-17,-1.));
#83 = ( GEOMETRIC_REPRESENTATION_CONTEXT(2) 
PARAMETRIC_REPRESENTATION_CONTEXT() REPRESENTATION_CONTEXT('2D SPACE',''
  ) );
#84 = ORIENTED_EDGE('',*,*,#85,.T.);
#85 = EDGE_CURVE('',#58,#86,#88,.T.);
#86 = VERTEX_POINT('',#87);
#87 = CARTESIAN_POINT('',(6.622547624963,-2.628210028727,6.));
#88 = SURFACE_CURVE('',#89,(#94,#101),.PCURVE_S1.);
#89 = CIRCLE('',#90,7.125);
#90 = AXIS2_PLACEMENT_3D('',#91,#92,#93);
#91 = CARTESIAN_POINT('',(-3.619123457146E-13,7.400754557604E-14,6.));
#92 = DIRECTION('',(0.,0.,-1.));
#93 = DIRECTION('',(0.989389402857,-0.145288022614,0.));
#94 = PCURVE('',#33,#95);
#95 = DEFINITIONAL_REPRESENTATION('',(#96),#100);
#96 = LINE('',#97,#98);
#97 = CARTESIAN_POINT('',(0.,-9.));
#98 = VECTOR('',#99,1.);
#99 = DIRECTION('',(1.,0.));
#100 = ( GEOMETRIC_REPRESENTATION_CONTEXT(2) 
PARAMETRIC_REPRESENTATION_CONTEXT() REPRESENTATION_CONTEXT('2D SPACE',''
  ) );
#101 = PCURVE('',#102,#107);
#102 = PLANE('',#103);
#103 = AXIS2_PLACEMENT_3D('',#104,#105,#106);
#104 = CARTESIAN_POINT('',(7.437422109197E-17,1.016215053479E-15,6.));
#105 = DIRECTION('',(0.,0.,1.));
#106 = DIRECTION('',(1.,0.,-0.));
#107 = DEFINITIONAL_REPRESENTATION('',(#108),#116);
#108 = ( BOUNDED_CURVE() B_SPLINE_CURVE(2,(#109,#110,#111,#112,#113,#114
,#115),.UNSPECIFIED.,.T.,.F.) B_SPLINE_CURVE_WITH_KNOTS((1,2,2,2,2,1),(
    -2.094395102393,0.,2.094395102393,4.188790204786,6.28318530718,
8.377580409573),.UNSPECIFIED.) CURVE() GEOMETRIC_REPRESENTATION_ITEM() 
RATIONAL_B_SPLINE_CURVE((1.,0.5,1.,0.5,1.,0.5,1.)) REPRESENTATION_ITEM(
  '') );
#109 = CARTESIAN_POINT('',(7.049399495353,-1.035177161123));
#110 = CARTESIAN_POINT('',(5.256420057453,-13.24509524992));
#111 = CARTESIAN_POINT('',(-4.421189466627,-5.58737046384));
#112 = CARTESIAN_POINT('',(-14.0987989907,2.070354322247));
#113 = CARTESIAN_POINT('',(-2.628210028727,6.622547624963));
#114 = CARTESIAN_POINT('',(8.842378933254,11.17474092768));
#115 = CARTESIAN_POINT('',(7.049399495353,-1.035177161123));
#116 = ( GEOMETRIC_REPRESENTATION_CONTEXT(2) 
PARAMETRIC_REPRESENTATION_CONTEXT() REPRESENTATION_CONTEXT('2D SPACE',''
  ) );
#117 = ORIENTED_EDGE('',*,*,#118,.T.);
#118 = EDGE_CURVE('',#86,#22,#119,.T.);
#119 = SURFACE_CURVE('',#120,(#124,#131),.PCURVE_S1.);
#120 = LINE('',#121,#122);
#121 = CARTESIAN_POINT('',(6.622547624963,-2.628210028727,6.));
#122 = VECTOR('',#123,1.);
#123 = DIRECTION('',(0.,-9.868649107779E-17,-1.));
#124 = PCURVE('',#33,#125);
#125 = DEFINITIONAL_REPRESENTATION('',(#126),#130);
#126 = LINE('',#127,#128);
#127 = CARTESIAN_POINT('',(0.231990620064,-9.));
#128 = VECTOR('',#129,1.);
#129 = DIRECTION('',(0.,1.));
#130 = ( GEOMETRIC_REPRESENTATION_CONTEXT(2) 
PARAMETRIC_REPRESENTATION_CONTEXT() REPRESENTATION_CONTEXT('2D SPACE',''
  ) );
#131 = PCURVE('',#132,#137);
#132 = PLANE('',#133);
#133 = AXIS2_PLACEMENT_3D('',#134,#135,#136);
#134 = CARTESIAN_POINT('',(7.860832590292,-3.119633140888,-3.));
#135 = DIRECTION('',(-0.368871582979,-0.929480368416,0.));
#136 = DIRECTION('',(-0.929480368416,0.368871582979,0.));
#137 = DEFINITIONAL_REPRESENTATION('',(#138),#142);
#138 = LINE('',#139,#140);
#139 = CARTESIAN_POINT('',(1.332233587073,-9.));
#140 = VECTOR('',#141,1.);
#141 = DIRECTION('',(-3.640264218252E-17,1.));
#142 = ( GEOMETRIC_REPRESENTATION_CONTEXT(2) 
PARAMETRIC_REPRESENTATION_CONTEXT() REPRESENTATION_CONTEXT('2D SPACE',''
  ) );
#143 = ADVANCED_FACE('',(#144),#45,.F.);
#144 = FACE_BOUND('',#145,.F.);
#145 = EDGE_LOOP('',(#146,#169,#229,#258,#318,#346,#375,#403,#463,#492,
    #552,#580,#609,#637,#697,#726,#786,#814,#843,#871,#931,#960,#1020,
    #1048,#1077,#1105,#1165,#1194,#1254,#1282,#1311,#1339,#1399,#1428,
    #1488,#1516,#1545,#1573,#1633,#1662,#1722,#1750,#1779,#1807,#1867,
    #1896,#1956,#1984,#2013,#2041,#2101,#2130,#2190,#2218,#2247,#2275,
    #2335,#2364,#2424,#2452,#2481,#2509,#2569,#2598,#2658,#2686,#2715,
    #2743,#2803,#2832,#2892,#2913));
#146 = ORIENTED_EDGE('',*,*,#147,.F.);
#147 = EDGE_CURVE('',#148,#24,#150,.T.);
#148 = VERTEX_POINT('',#149);
#149 = CARTESIAN_POINT('',(8.367497288533,-1.228734744649,-3.));
#150 = SURFACE_CURVE('',#151,(#155,#162),.PCURVE_S1.);
#151 = LINE('',#152,#153);
#152 = CARTESIAN_POINT('',(8.367497288533,-1.228734744649,-3.));
#153 = VECTOR('',#154,1.);
#154 = DIRECTION('',(-0.989389402857,0.145288022614,0.));
#155 = PCURVE('',#45,#156);
#156 = DEFINITIONAL_REPRESENTATION('',(#157),#161);
#157 = LINE('',#158,#159);
#158 = CARTESIAN_POINT('',(8.367497288533,-1.228734744649));
#159 = VECTOR('',#160,1.);
#160 = DIRECTION('',(-0.989389402857,0.145288022614));
#161 = ( GEOMETRIC_REPRESENTATION_CONTEXT(2) 
PARAMETRIC_REPRESENTATION_CONTEXT() REPRESENTATION_CONTEXT('2D SPACE',''
  ) );
#162 = PCURVE('',#73,#163);
#163 = DEFINITIONAL_REPRESENTATION('',(#164),#168);
#164 = LINE('',#165,#166);
#165 = CARTESIAN_POINT('',(0.,0.));
#166 = VECTOR('',#167,1.);
#167 = DIRECTION('',(1.,0.));
#168 = ( GEOMETRIC_REPRESENTATION_CONTEXT(2) 
PARAMETRIC_REPRESENTATION_CONTEXT() REPRESENTATION_CONTEXT('2D SPACE',''
  ) );
#169 = ORIENTED_EDGE('',*,*,#170,.T.);
#170 = EDGE_CURVE('',#148,#171,#173,.T.);
#171 = VERTEX_POINT('',#172);
#172 = CARTESIAN_POINT('',(10.489675405029,-0.465521102773,-3.));
#173 = SURFACE_CURVE('',#174,(#188,#205),.PCURVE_S1.);
#174 = B_SPLINE_CURVE_WITH_KNOTS('',3,(#175,#176,#177,#178,#179,#180,
    #181,#182,#183,#184,#185,#186,#187),.UNSPECIFIED.,.F.,.F.,(4,1,1,1,1
    ,1,1,1,1,1,4),(0.,0.206463071868,0.418064650956,0.634628704967,
    0.856138693673,1.082589269896,1.31397802753,1.550303676965,
    1.79156544634,2.037762836919,2.288895507745),.UNSPECIFIED.);
#175 = CARTESIAN_POINT('',(8.367497288533,-1.228734744649,-3.));
#176 = CARTESIAN_POINT('',(8.4364617051,-1.233784748619,-3.));
#177 = CARTESIAN_POINT('',(8.575927849706,-1.232649990461,-3.));
#178 = CARTESIAN_POINT('',(8.786061479109,-1.204391297421,-3.));
#179 = CARTESIAN_POINT('',(8.998064072713,-1.159676010092,-3.));
#180 = CARTESIAN_POINT('',(9.211374161161,-1.09935641794,-3.));
#181 = CARTESIAN_POINT('',(9.425425332678,-1.025120943167,-3.));
#182 = CARTESIAN_POINT('',(9.639773929941,-0.937695333848,-3.));
#183 = CARTESIAN_POINT('',(9.853997135674,-0.837693486654,-3.));
#184 = CARTESIAN_POINT('',(10.067698081039,-0.725535172392,-3.));
#185 = CARTESIAN_POINT('',(10.280490339242,-0.601566594517,-3.));
#186 = CARTESIAN_POINT('',(10.420113938659,-0.51208709976,-3.));
#187 = CARTESIAN_POINT('',(10.489675405029,-0.465521102773,-3.));
#188 = PCURVE('',#45,#189);
#189 = DEFINITIONAL_REPRESENTATION('',(#190),#204);
#190 = B_SPLINE_CURVE_WITH_KNOTS('',3,(#191,#192,#193,#194,#195,#196,
    #197,#198,#199,#200,#201,#202,#203),.UNSPECIFIED.,.F.,.F.,(4,1,1,1,1
    ,1,1,1,1,1,4),(0.,0.206463071868,0.418064650956,0.634628704967,
    0.856138693673,1.082589269896,1.31397802753,1.550303676965,
    1.79156544634,2.037762836919,2.288895507745),.UNSPECIFIED.);
#191 = CARTESIAN_POINT('',(8.367497288533,-1.228734744649));
#192 = CARTESIAN_POINT('',(8.4364617051,-1.233784748619));
#193 = CARTESIAN_POINT('',(8.575927849706,-1.232649990461));
#194 = CARTESIAN_POINT('',(8.786061479109,-1.204391297421));
#195 = CARTESIAN_POINT('',(8.998064072713,-1.159676010092));
#196 = CARTESIAN_POINT('',(9.211374161161,-1.09935641794));
#197 = CARTESIAN_POINT('',(9.425425332678,-1.025120943167));
#198 = CARTESIAN_POINT('',(9.639773929941,-0.937695333848));
#199 = CARTESIAN_POINT('',(9.853997135674,-0.837693486654));
#200 = CARTESIAN_POINT('',(10.067698081039,-0.725535172392));
#201 = CARTESIAN_POINT('',(10.280490339242,-0.601566594517));
#202 = CARTESIAN_POINT('',(10.420113938659,-0.51208709976));
#203 = CARTESIAN_POINT('',(10.489675405029,-0.465521102773));
#204 = ( GEOMETRIC_REPRESENTATION_CONTEXT(2) 
PARAMETRIC_REPRESENTATION_CONTEXT() REPRESENTATION_CONTEXT('2D SPACE',''
  ) );
#205 = PCURVE('',#206,#223);
#206 = SURFACE_OF_LINEAR_EXTRUSION('',#207,#221);
#207 = B_SPLINE_CURVE_WITH_KNOTS('',3,(#208,#209,#210,#211,#212,#213,
    #214,#215,#216,#217,#218,#219,#220),.UNSPECIFIED.,.F.,.F.,(4,1,1,1,1
    ,1,1,1,1,1,4),(0.,0.206463071868,0.418064650956,0.634628704967,
    0.856138693673,1.082589269896,1.31397802753,1.550303676965,
    1.79156544634,2.037762836919,2.288895507745),.UNSPECIFIED.);
#208 = CARTESIAN_POINT('',(8.367497288533,-1.228734744649,-3.));
#209 = CARTESIAN_POINT('',(8.4364617051,-1.233784748619,-3.));
#210 = CARTESIAN_POINT('',(8.575927849706,-1.232649990461,-3.));
#211 = CARTESIAN_POINT('',(8.786061479109,-1.204391297421,-3.));
#212 = CARTESIAN_POINT('',(8.998064072713,-1.159676010092,-3.));
#213 = CARTESIAN_POINT('',(9.211374161161,-1.09935641794,-3.));
#214 = CARTESIAN_POINT('',(9.425425332678,-1.025120943167,-3.));
#215 = CARTESIAN_POINT('',(9.639773929941,-0.937695333848,-3.));
#216 = CARTESIAN_POINT('',(9.853997135674,-0.837693486654,-3.));
#217 = CARTESIAN_POINT('',(10.067698081039,-0.725535172392,-3.));
#218 = CARTESIAN_POINT('',(10.280490339242,-0.601566594517,-3.));
#219 = CARTESIAN_POINT('',(10.420113938659,-0.51208709976,-3.));
#220 = CARTESIAN_POINT('',(10.489675405029,-0.465521102773,-3.));
#221 = VECTOR('',#222,1.);
#222 = DIRECTION('',(-0.,-0.,-1.));
#223 = DEFINITIONAL_REPRESENTATION('',(#224),#228);
#224 = LINE('',#225,#226);
#225 = CARTESIAN_POINT('',(0.,0.));
#226 = VECTOR('',#227,1.);
#227 = DIRECTION('',(1.,0.));
#228 = ( GEOMETRIC_REPRESENTATION_CONTEXT(2) 
PARAMETRIC_REPRESENTATION_CONTEXT() REPRESENTATION_CONTEXT('2D SPACE',''
  ) );
#229 = ORIENTED_EDGE('',*,*,#230,.T.);
#230 = EDGE_CURVE('',#171,#231,#233,.T.);
#231 = VERTEX_POINT('',#232);
#232 = CARTESIAN_POINT('',(10.489675405029,0.465521102773,-3.));
#233 = SURFACE_CURVE('',#234,(#239,#246),.PCURVE_S1.);
#234 = CIRCLE('',#235,10.5);
#235 = AXIS2_PLACEMENT_3D('',#236,#237,#238);
#236 = CARTESIAN_POINT('',(-3.94890329165E-14,4.280141344194E-14,-3.));
#237 = DIRECTION('',(0.,0.,1.));
#238 = DIRECTION('',(0.999016705241,-4.433534312129E-02,0.));
#239 = PCURVE('',#45,#240);
#240 = DEFINITIONAL_REPRESENTATION('',(#241),#245);
#241 = CIRCLE('',#242,10.5);
#242 = AXIS2_PLACEMENT_2D('',#243,#244);
#243 = CARTESIAN_POINT('',(-3.956340713759E-14,4.267337680816E-14));
#244 = DIRECTION('',(0.999016705241,-4.433534312129E-02));
#245 = ( GEOMETRIC_REPRESENTATION_CONTEXT(2) 
PARAMETRIC_REPRESENTATION_CONTEXT() REPRESENTATION_CONTEXT('2D SPACE',''
  ) );
#246 = PCURVE('',#247,#252);
#247 = CYLINDRICAL_SURFACE('',#248,10.5);
#248 = AXIS2_PLACEMENT_3D('',#249,#250,#251);
#249 = CARTESIAN_POINT('',(-3.94890329165E-14,4.280141344194E-14,-3.));
#250 = DIRECTION('',(0.,-0.,-1.));
#251 = DIRECTION('',(0.999016705241,-4.433534312129E-02,0.));
#252 = DEFINITIONAL_REPRESENTATION('',(#253),#257);
#253 = LINE('',#254,#255);
#254 = CARTESIAN_POINT('',(-0.,0.));
#255 = VECTOR('',#256,1.);
#256 = DIRECTION('',(-1.,0.));
#257 = ( GEOMETRIC_REPRESENTATION_CONTEXT(2) 
PARAMETRIC_REPRESENTATION_CONTEXT() REPRESENTATION_CONTEXT('2D SPACE',''
  ) );
#258 = ORIENTED_EDGE('',*,*,#259,.F.);
#259 = EDGE_CURVE('',#260,#231,#262,.T.);
#260 = VERTEX_POINT('',#261);
#261 = CARTESIAN_POINT('',(8.367497288533,1.228734744649,-3.));
#262 = SURFACE_CURVE('',#263,(#277,#294),.PCURVE_S1.);
#263 = B_SPLINE_CURVE_WITH_KNOTS('',3,(#264,#265,#266,#267,#268,#269,
    #270,#271,#272,#273,#274,#275,#276),.UNSPECIFIED.,.F.,.F.,(4,1,1,1,1
    ,1,1,1,1,1,4),(0.,0.206463071868,0.418064650956,0.634628704967,
    0.856138693673,1.082589269896,1.31397802753,1.550303676965,
    1.79156544634,2.037762836919,2.288895507745),.UNSPECIFIED.);
#264 = CARTESIAN_POINT('',(8.367497288533,1.228734744649,-3.));
#265 = CARTESIAN_POINT('',(8.4364617051,1.233784748619,-3.));
#266 = CARTESIAN_POINT('',(8.575927849706,1.232649990461,-3.));
#267 = CARTESIAN_POINT('',(8.786061479109,1.204391297421,-3.));
#268 = CARTESIAN_POINT('',(8.998064072713,1.159676010092,-3.));
#269 = CARTESIAN_POINT('',(9.211374161161,1.09935641794,-3.));
#270 = CARTESIAN_POINT('',(9.425425332678,1.025120943167,-3.));
#271 = CARTESIAN_POINT('',(9.639773929941,0.937695333848,-3.));
#272 = CARTESIAN_POINT('',(9.853997135674,0.837693486654,-3.));
#273 = CARTESIAN_POINT('',(10.067698081039,0.725535172392,-3.));
#274 = CARTESIAN_POINT('',(10.280490339242,0.601566594517,-3.));
#275 = CARTESIAN_POINT('',(10.420113938659,0.51208709976,-3.));
#276 = CARTESIAN_POINT('',(10.489675405029,0.465521102773,-3.));
#277 = PCURVE('',#45,#278);
#278 = DEFINITIONAL_REPRESENTATION('',(#279),#293);
#279 = B_SPLINE_CURVE_WITH_KNOTS('',3,(#280,#281,#282,#283,#284,#285,
    #286,#287,#288,#289,#290,#291,#292),.UNSPECIFIED.,.F.,.F.,(4,1,1,1,1
    ,1,1,1,1,1,4),(0.,0.206463071868,0.418064650956,0.634628704967,
    0.856138693673,1.082589269896,1.31397802753,1.550303676965,
    1.79156544634,2.037762836919,2.288895507745),.UNSPECIFIED.);
#280 = CARTESIAN_POINT('',(8.367497288533,1.228734744649));
#281 = CARTESIAN_POINT('',(8.4364617051,1.233784748619));
#282 = CARTESIAN_POINT('',(8.575927849706,1.232649990461));
#283 = CARTESIAN_POINT('',(8.786061479109,1.204391297421));
#284 = CARTESIAN_POINT('',(8.998064072713,1.159676010092));
#285 = CARTESIAN_POINT('',(9.211374161161,1.09935641794));
#286 = CARTESIAN_POINT('',(9.425425332678,1.025120943167));
#287 = CARTESIAN_POINT('',(9.639773929941,0.937695333848));
#288 = CARTESIAN_POINT('',(9.853997135674,0.837693486654));
#289 = CARTESIAN_POINT('',(10.067698081039,0.725535172392));
#290 = CARTESIAN_POINT('',(10.280490339242,0.601566594517));
#291 = CARTESIAN_POINT('',(10.420113938659,0.51208709976));
#292 = CARTESIAN_POINT('',(10.489675405029,0.465521102773));
#293 = ( GEOMETRIC_REPRESENTATION_CONTEXT(2) 
PARAMETRIC_REPRESENTATION_CONTEXT() REPRESENTATION_CONTEXT('2D SPACE',''
  ) );
#294 = PCURVE('',#295,#312);
#295 = SURFACE_OF_LINEAR_EXTRUSION('',#296,#310);
#296 = B_SPLINE_CURVE_WITH_KNOTS('',3,(#297,#298,#299,#300,#301,#302,
    #303,#304,#305,#306,#307,#308,#309),.UNSPECIFIED.,.F.,.F.,(4,1,1,1,1
    ,1,1,1,1,1,4),(0.,0.206463071868,0.418064650956,0.634628704967,
    0.856138693673,1.082589269896,1.31397802753,1.550303676965,
    1.79156544634,2.037762836919,2.288895507745),.UNSPECIFIED.);
#297 = CARTESIAN_POINT('',(8.367497288533,1.228734744649,-3.));
#298 = CARTESIAN_POINT('',(8.4364617051,1.233784748619,-3.));
#299 = CARTESIAN_POINT('',(8.575927849706,1.232649990461,-3.));
#300 = CARTESIAN_POINT('',(8.786061479109,1.204391297421,-3.));
#301 = CARTESIAN_POINT('',(8.998064072713,1.159676010092,-3.));
#302 = CARTESIAN_POINT('',(9.211374161161,1.09935641794,-3.));
#303 = CARTESIAN_POINT('',(9.425425332678,1.025120943167,-3.));
#304 = CARTESIAN_POINT('',(9.639773929941,0.937695333848,-3.));
#305 = CARTESIAN_POINT('',(9.853997135674,0.837693486654,-3.));
#306 = CARTESIAN_POINT('',(10.067698081039,0.725535172392,-3.));
#307 = CARTESIAN_POINT('',(10.280490339242,0.601566594517,-3.));
#308 = CARTESIAN_POINT('',(10.420113938659,0.51208709976,-3.));
#309 = CARTESIAN_POINT('',(10.489675405029,0.465521102773,-3.));
#310 = VECTOR('',#311,1.);
#311 = DIRECTION('',(-0.,-0.,-1.));
#312 = DEFINITIONAL_REPRESENTATION('',(#313),#317);
#313 = LINE('',#314,#315);
#314 = CARTESIAN_POINT('',(0.,0.));
#315 = VECTOR('',#316,1.);
#316 = DIRECTION('',(1.,0.));
#317 = ( GEOMETRIC_REPRESENTATION_CONTEXT(2) 
PARAMETRIC_REPRESENTATION_CONTEXT() REPRESENTATION_CONTEXT('2D SPACE',''
  ) );
#318 = ORIENTED_EDGE('',*,*,#319,.T.);
#319 = EDGE_CURVE('',#260,#320,#322,.T.);
#320 = VERTEX_POINT('',#321);
#321 = CARTESIAN_POINT('',(7.049399495353,1.035177161123,-3.));
#322 = SURFACE_CURVE('',#323,(#327,#334),.PCURVE_S1.);
#323 = LINE('',#324,#325);
#324 = CARTESIAN_POINT('',(8.367497288533,1.228734744649,-3.));
#325 = VECTOR('',#326,1.);
#326 = DIRECTION('',(-0.989389402857,-0.145288022614,0.));
#327 = PCURVE('',#45,#328);
#328 = DEFINITIONAL_REPRESENTATION('',(#329),#333);
#329 = LINE('',#330,#331);
#330 = CARTESIAN_POINT('',(8.367497288533,1.228734744649));
#331 = VECTOR('',#332,1.);
#332 = DIRECTION('',(-0.989389402857,-0.145288022614));
#333 = ( GEOMETRIC_REPRESENTATION_CONTEXT(2) 
PARAMETRIC_REPRESENTATION_CONTEXT() REPRESENTATION_CONTEXT('2D SPACE',''
  ) );
#334 = PCURVE('',#335,#340);
#335 = PLANE('',#336);
#336 = AXIS2_PLACEMENT_3D('',#337,#338,#339);
#337 = CARTESIAN_POINT('',(8.367497288533,1.228734744649,-3.));
#338 = DIRECTION('',(0.145288022614,-0.989389402857,0.));
#339 = DIRECTION('',(-0.989389402857,-0.145288022614,0.));
#340 = DEFINITIONAL_REPRESENTATION('',(#341),#345);
#341 = LINE('',#342,#343);
#342 = CARTESIAN_POINT('',(0.,0.));
#343 = VECTOR('',#344,1.);
#344 = DIRECTION('',(1.,0.));
#345 = ( GEOMETRIC_REPRESENTATION_CONTEXT(2) 
PARAMETRIC_REPRESENTATION_CONTEXT() REPRESENTATION_CONTEXT('2D SPACE',''
  ) );
#346 = ORIENTED_EDGE('',*,*,#347,.T.);
#347 = EDGE_CURVE('',#320,#348,#350,.T.);
#348 = VERTEX_POINT('',#349);
#349 = CARTESIAN_POINT('',(6.622547624963,2.628210028727,-3.));
#350 = SURFACE_CURVE('',#351,(#356,#363),.PCURVE_S1.);
#351 = CIRCLE('',#352,7.125);
#352 = AXIS2_PLACEMENT_3D('',#353,#354,#355);
#353 = CARTESIAN_POINT('',(-3.619123457146E-13,-7.311936715634E-14,-3.)
  );
#354 = DIRECTION('',(0.,0.,1.));
#355 = DIRECTION('',(0.989389402857,0.145288022614,-0.));
#356 = PCURVE('',#45,#357);
#357 = DEFINITIONAL_REPRESENTATION('',(#358),#362);
#358 = CIRCLE('',#359,7.125);
#359 = AXIS2_PLACEMENT_2D('',#360,#361);
#360 = CARTESIAN_POINT('',(-3.619867199357E-13,-7.324740379012E-14));
#361 = DIRECTION('',(0.989389402857,0.145288022614));
#362 = ( GEOMETRIC_REPRESENTATION_CONTEXT(2) 
PARAMETRIC_REPRESENTATION_CONTEXT() REPRESENTATION_CONTEXT('2D SPACE',''
  ) );
#363 = PCURVE('',#364,#369);
#364 = CYLINDRICAL_SURFACE('',#365,7.125);
#365 = AXIS2_PLACEMENT_3D('',#366,#367,#368);
#366 = CARTESIAN_POINT('',(-3.619123457146E-13,-7.311936715634E-14,-3.)
  );
#367 = DIRECTION('',(-0.,0.,-1.));
#368 = DIRECTION('',(0.989389402857,0.145288022614,0.));
#369 = DEFINITIONAL_REPRESENTATION('',(#370),#374);
#370 = LINE('',#371,#372);
#371 = CARTESIAN_POINT('',(-0.,0.));
#372 = VECTOR('',#373,1.);
#373 = DIRECTION('',(-1.,0.));
#374 = ( GEOMETRIC_REPRESENTATION_CONTEXT(2) 
PARAMETRIC_REPRESENTATION_CONTEXT() REPRESENTATION_CONTEXT('2D SPACE',''
  ) );
#375 = ORIENTED_EDGE('',*,*,#376,.F.);
#376 = EDGE_CURVE('',#377,#348,#379,.T.);
#377 = VERTEX_POINT('',#378);
#378 = CARTESIAN_POINT('',(7.860832590292,3.119633140888,-3.));
#379 = SURFACE_CURVE('',#380,(#384,#391),.PCURVE_S1.);
#380 = LINE('',#381,#382);
#381 = CARTESIAN_POINT('',(7.860832590292,3.119633140888,-3.));
#382 = VECTOR('',#383,1.);
#383 = DIRECTION('',(-0.929480368416,-0.368871582979,0.));
#384 = PCURVE('',#45,#385);
#385 = DEFINITIONAL_REPRESENTATION('',(#386),#390);
#386 = LINE('',#387,#388);
#387 = CARTESIAN_POINT('',(7.860832590292,3.119633140888));
#388 = VECTOR('',#389,1.);
#389 = DIRECTION('',(-0.929480368416,-0.368871582979));
#390 = ( GEOMETRIC_REPRESENTATION_CONTEXT(2) 
PARAMETRIC_REPRESENTATION_CONTEXT() REPRESENTATION_CONTEXT('2D SPACE',''
  ) );
#391 = PCURVE('',#392,#397);
#392 = PLANE('',#393);
#393 = AXIS2_PLACEMENT_3D('',#394,#395,#396);
#394 = CARTESIAN_POINT('',(7.860832590292,3.119633140888,-3.));
#395 = DIRECTION('',(0.368871582979,-0.929480368416,0.));
#396 = DIRECTION('',(-0.929480368416,-0.368871582979,0.));
#397 = DEFINITIONAL_REPRESENTATION('',(#398),#402);
#398 = LINE('',#399,#400);
#399 = CARTESIAN_POINT('',(0.,0.));
#400 = VECTOR('',#401,1.);
#401 = DIRECTION('',(1.,0.));
#402 = ( GEOMETRIC_REPRESENTATION_CONTEXT(2) 
PARAMETRIC_REPRESENTATION_CONTEXT() REPRESENTATION_CONTEXT('2D SPACE',''
  ) );
#403 = ORIENTED_EDGE('',*,*,#404,.T.);
#404 = EDGE_CURVE('',#377,#405,#407,.T.);
#405 = VERTEX_POINT('',#406);
#406 = CARTESIAN_POINT('',(9.317085929595,4.841684601515,-3.));
#407 = SURFACE_CURVE('',#408,(#422,#439),.PCURVE_S1.);
#408 = B_SPLINE_CURVE_WITH_KNOTS('',3,(#409,#410,#411,#412,#413,#414,
    #415,#416,#417,#418,#419,#420,#421),.UNSPECIFIED.,.F.,.F.,(4,1,1,1,1
    ,1,1,1,1,1,4),(0.,0.206463071868,0.418064650956,0.634628704967,
    0.856138693673,1.082589269896,1.31397802753,1.550303676965,
    1.79156544634,2.037762836919,2.288895507745),.UNSPECIFIED.);
#409 = CARTESIAN_POINT('',(7.860832590292,3.119633140888,-3.));
#410 = CARTESIAN_POINT('',(7.92308252898,3.149741917444,-3.));
#411 = CARTESIAN_POINT('',(8.043296374098,3.220457719139,-3.));
#412 = CARTESIAN_POINT('',(8.211148088831,3.349997279891,-3.));
#413 = CARTESIAN_POINT('',(8.372390076896,3.494723151458,-3.));
#414 = CARTESIAN_POINT('',(8.526962236299,3.653616494831,-3.));
#415 = CARTESIAN_POINT('',(8.675218251156,3.824931887605,-3.));
#416 = CARTESIAN_POINT('',(8.817136776992,4.007818984848,-3.));
#417 = CARTESIAN_POINT('',(8.95265859164,4.20153472781,-3.));
#418 = CARTESIAN_POINT('',(9.081649882007,4.405517149889,-3.));
#419 = CARTESIAN_POINT('',(9.203949094402,4.619273216701,-3.));
#420 = CARTESIAN_POINT('',(9.280126931087,4.766576531987,-3.));
#421 = CARTESIAN_POINT('',(9.317085929595,4.841684601515,-3.));
#422 = PCURVE('',#45,#423);
#423 = DEFINITIONAL_REPRESENTATION('',(#424),#438);
#424 = B_SPLINE_CURVE_WITH_KNOTS('',3,(#425,#426,#427,#428,#429,#430,
    #431,#432,#433,#434,#435,#436,#437),.UNSPECIFIED.,.F.,.F.,(4,1,1,1,1
    ,1,1,1,1,1,4),(0.,0.206463071868,0.418064650956,0.634628704967,
    0.856138693673,1.082589269896,1.31397802753,1.550303676965,
    1.79156544634,2.037762836919,2.288895507745),.UNSPECIFIED.);
#425 = CARTESIAN_POINT('',(7.860832590292,3.119633140888));
#426 = CARTESIAN_POINT('',(7.92308252898,3.149741917444));
#427 = CARTESIAN_POINT('',(8.043296374098,3.220457719139));
#428 = CARTESIAN_POINT('',(8.211148088831,3.349997279891));
#429 = CARTESIAN_POINT('',(8.372390076896,3.494723151458));
#430 = CARTESIAN_POINT('',(8.526962236299,3.653616494831));
#431 = CARTESIAN_POINT('',(8.675218251156,3.824931887605));
#432 = CARTESIAN_POINT('',(8.817136776992,4.007818984848));
#433 = CARTESIAN_POINT('',(8.95265859164,4.20153472781));
#434 = CARTESIAN_POINT('',(9.081649882007,4.405517149889));
#435 = CARTESIAN_POINT('',(9.203949094402,4.619273216701));
#436 = CARTESIAN_POINT('',(9.280126931087,4.766576531987));
#437 = CARTESIAN_POINT('',(9.317085929595,4.841684601515));
#438 = ( GEOMETRIC_REPRESENTATION_CONTEXT(2) 
PARAMETRIC_REPRESENTATION_CONTEXT() REPRESENTATION_CONTEXT('2D SPACE',''
  ) );
#439 = PCURVE('',#440,#457);
#440 = SURFACE_OF_LINEAR_EXTRUSION('',#441,#455);
#441 = B_SPLINE_CURVE_WITH_KNOTS('',3,(#442,#443,#444,#445,#446,#447,
    #448,#449,#450,#451,#452,#453,#454),.UNSPECIFIED.,.F.,.F.,(4,1,1,1,1
    ,1,1,1,1,1,4),(0.,0.206463071868,0.418064650956,0.634628704967,
    0.856138693673,1.082589269896,1.31397802753,1.550303676965,
    1.79156544634,2.037762836919,2.288895507745),.UNSPECIFIED.);
#442 = CARTESIAN_POINT('',(7.860832590292,3.119633140888,-3.));
#443 = CARTESIAN_POINT('',(7.92308252898,3.149741917444,-3.));
#444 = CARTESIAN_POINT('',(8.043296374098,3.220457719139,-3.));
#445 = CARTESIAN_POINT('',(8.211148088831,3.349997279891,-3.));
#446 = CARTESIAN_POINT('',(8.372390076896,3.494723151458,-3.));
#447 = CARTESIAN_POINT('',(8.526962236299,3.653616494831,-3.));
#448 = CARTESIAN_POINT('',(8.675218251156,3.824931887605,-3.));
#449 = CARTESIAN_POINT('',(8.817136776992,4.007818984848,-3.));
#450 = CARTESIAN_POINT('',(8.95265859164,4.20153472781,-3.));
#451 = CARTESIAN_POINT('',(9.081649882007,4.405517149889,-3.));
#452 = CARTESIAN_POINT('',(9.203949094402,4.619273216701,-3.));
#453 = CARTESIAN_POINT('',(9.280126931087,4.766576531987,-3.));
#454 = CARTESIAN_POINT('',(9.317085929595,4.841684601515,-3.));
#455 = VECTOR('',#456,1.);
#456 = DIRECTION('',(-0.,-0.,-1.));
#457 = DEFINITIONAL_REPRESENTATION('',(#458),#462);
#458 = LINE('',#459,#460);
#459 = CARTESIAN_POINT('',(0.,0.));
#460 = VECTOR('',#461,1.);
#461 = DIRECTION('',(1.,0.));
#462 = ( GEOMETRIC_REPRESENTATION_CONTEXT(2) 
PARAMETRIC_REPRESENTATION_CONTEXT() REPRESENTATION_CONTEXT('2D SPACE',''
  ) );
#463 = ORIENTED_EDGE('',*,*,#464,.T.);
#464 = EDGE_CURVE('',#405,#465,#467,.T.);
#465 = VERTEX_POINT('',#466);
#466 = CARTESIAN_POINT('',(8.851564826821,5.647990803514,-3.));
#467 = SURFACE_CURVE('',#468,(#473,#480),.PCURVE_S1.);
#468 = CIRCLE('',#469,10.5);
#469 = AXIS2_PLACEMENT_3D('',#470,#471,#472);
#470 = CARTESIAN_POINT('',(-5.559921239754E-14,1.732259490035E-14,-3.));
#471 = DIRECTION('',(0.,0.,1.));
#472 = DIRECTION('',(0.887341517104,0.461112819192,-0.));
#473 = PCURVE('',#45,#474);
#474 = DEFINITIONAL_REPRESENTATION('',(#475),#479);
#475 = CIRCLE('',#476,10.5);
#476 = AXIS2_PLACEMENT_2D('',#477,#478);
#477 = CARTESIAN_POINT('',(-5.567358661863E-14,1.719455826657E-14));
#478 = DIRECTION('',(0.887341517104,0.461112819192));
#479 = ( GEOMETRIC_REPRESENTATION_CONTEXT(2) 
PARAMETRIC_REPRESENTATION_CONTEXT() REPRESENTATION_CONTEXT('2D SPACE',''
  ) );
#480 = PCURVE('',#481,#486);
#481 = CYLINDRICAL_SURFACE('',#482,10.5);
#482 = AXIS2_PLACEMENT_3D('',#483,#484,#485);
#483 = CARTESIAN_POINT('',(-5.559921239754E-14,1.732259490035E-14,-3.));
#484 = DIRECTION('',(-0.,0.,-1.));
#485 = DIRECTION('',(0.887341517104,0.461112819192,0.));
#486 = DEFINITIONAL_REPRESENTATION('',(#487),#491);
#487 = LINE('',#488,#489);
#488 = CARTESIAN_POINT('',(-0.,0.));
#489 = VECTOR('',#490,1.);
#490 = DIRECTION('',(-1.,0.));
#491 = ( GEOMETRIC_REPRESENTATION_CONTEXT(2) 
PARAMETRIC_REPRESENTATION_CONTEXT() REPRESENTATION_CONTEXT('2D SPACE',''
  ) );
#492 = ORIENTED_EDGE('',*,*,#493,.F.);
#493 = EDGE_CURVE('',#494,#465,#496,.T.);
#494 = VERTEX_POINT('',#495);
#495 = CARTESIAN_POINT('',(6.632097845643,5.247864147645,-3.));
#496 = SURFACE_CURVE('',#497,(#511,#528),.PCURVE_S1.);
#497 = B_SPLINE_CURVE_WITH_KNOTS('',3,(#498,#499,#500,#501,#502,#503,
    #504,#505,#506,#507,#508,#509,#510),.UNSPECIFIED.,.F.,.F.,(4,1,1,1,1
    ,1,1,1,1,1,4),(0.,0.206463071868,0.418064650956,0.634628704967,
    0.856138693673,1.082589269896,1.31397802753,1.550303676965,
    1.79156544634,2.037762836919,2.288895507745),.UNSPECIFIED.);
#498 = CARTESIAN_POINT('',(6.632097845643,5.247864147645,-3.));
#499 = CARTESIAN_POINT('',(6.689297780361,5.286719787656,-3.));
#500 = CARTESIAN_POINT('',(6.810646383637,5.355470130567,-3.));
#501 = CARTESIAN_POINT('',(7.00675679141,5.436064199218,-3.));
#502 = CARTESIAN_POINT('',(7.212714066804,5.503340921255,-3.));
#503 = CARTESIAN_POINT('',(7.427605818359,5.55775766633,-3.));
#504 = CARTESIAN_POINT('',(7.650097307989,5.600493445073,-3.));
#505 = CARTESIAN_POINT('',(7.879441443144,5.631954945093,-3.));
#506 = CARTESIAN_POINT('',(8.114965104986,5.652462407864,-3.));
#507 = CARTESIAN_POINT('',(8.356114709616,5.66218093115,-3.));
#508 = CARTESIAN_POINT('',(8.602382499885,5.66121712254,-3.));
#509 = CARTESIAN_POINT('',(8.768039831327,5.653537406672,-3.));
#510 = CARTESIAN_POINT('',(8.851564826821,5.647990803514,-3.));
#511 = PCURVE('',#45,#512);
#512 = DEFINITIONAL_REPRESENTATION('',(#513),#527);
#513 = B_SPLINE_CURVE_WITH_KNOTS('',3,(#514,#515,#516,#517,#518,#519,
    #520,#521,#522,#523,#524,#525,#526),.UNSPECIFIED.,.F.,.F.,(4,1,1,1,1
    ,1,1,1,1,1,4),(0.,0.206463071868,0.418064650956,0.634628704967,
    0.856138693673,1.082589269896,1.31397802753,1.550303676965,
    1.79156544634,2.037762836919,2.288895507745),.UNSPECIFIED.);
#514 = CARTESIAN_POINT('',(6.632097845643,5.247864147645));
#515 = CARTESIAN_POINT('',(6.689297780361,5.286719787656));
#516 = CARTESIAN_POINT('',(6.810646383637,5.355470130567));
#517 = CARTESIAN_POINT('',(7.00675679141,5.436064199218));
#518 = CARTESIAN_POINT('',(7.212714066804,5.503340921255));
#519 = CARTESIAN_POINT('',(7.427605818359,5.55775766633));
#520 = CARTESIAN_POINT('',(7.650097307989,5.600493445073));
#521 = CARTESIAN_POINT('',(7.879441443144,5.631954945093));
#522 = CARTESIAN_POINT('',(8.114965104986,5.652462407864));
#523 = CARTESIAN_POINT('',(8.356114709616,5.66218093115));
#524 = CARTESIAN_POINT('',(8.602382499885,5.66121712254));
#525 = CARTESIAN_POINT('',(8.768039831327,5.653537406672));
#526 = CARTESIAN_POINT('',(8.851564826821,5.647990803514));
#527 = ( GEOMETRIC_REPRESENTATION_CONTEXT(2) 
PARAMETRIC_REPRESENTATION_CONTEXT() REPRESENTATION_CONTEXT('2D SPACE',''
  ) );
#528 = PCURVE('',#529,#546);
#529 = SURFACE_OF_LINEAR_EXTRUSION('',#530,#544);
#530 = B_SPLINE_CURVE_WITH_KNOTS('',3,(#531,#532,#533,#534,#535,#536,
    #537,#538,#539,#540,#541,#542,#543),.UNSPECIFIED.,.F.,.F.,(4,1,1,1,1
    ,1,1,1,1,1,4),(0.,0.206463071868,0.418064650956,0.634628704967,
    0.856138693673,1.082589269896,1.31397802753,1.550303676965,
    1.79156544634,2.037762836919,2.288895507745),.UNSPECIFIED.);
#531 = CARTESIAN_POINT('',(6.632097845643,5.247864147645,-3.));
#532 = CARTESIAN_POINT('',(6.689297780361,5.286719787656,-3.));
#533 = CARTESIAN_POINT('',(6.810646383637,5.355470130567,-3.));
#534 = CARTESIAN_POINT('',(7.00675679141,5.436064199218,-3.));
#535 = CARTESIAN_POINT('',(7.212714066804,5.503340921255,-3.));
#536 = CARTESIAN_POINT('',(7.427605818359,5.55775766633,-3.));
#537 = CARTESIAN_POINT('',(7.650097307989,5.600493445073,-3.));
#538 = CARTESIAN_POINT('',(7.879441443144,5.631954945093,-3.));
#539 = CARTESIAN_POINT('',(8.114965104986,5.652462407864,-3.));
#540 = CARTESIAN_POINT('',(8.356114709616,5.66218093115,-3.));
#541 = CARTESIAN_POINT('',(8.602382499885,5.66121712254,-3.));
#542 = CARTESIAN_POINT('',(8.768039831327,5.653537406672,-3.));
#543 = CARTESIAN_POINT('',(8.851564826821,5.647990803514,-3.));
#544 = VECTOR('',#545,1.);
#545 = DIRECTION('',(-0.,-0.,-1.));
#546 = DEFINITIONAL_REPRESENTATION('',(#547),#551);
#547 = LINE('',#548,#549);
#548 = CARTESIAN_POINT('',(0.,0.));
#549 = VECTOR('',#550,1.);
#550 = DIRECTION('',(1.,0.));
#551 = ( GEOMETRIC_REPRESENTATION_CONTEXT(2) 
PARAMETRIC_REPRESENTATION_CONTEXT() REPRESENTATION_CONTEXT('2D SPACE',''
  ) );
#552 = ORIENTED_EDGE('',*,*,#553,.T.);
#553 = EDGE_CURVE('',#494,#554,#556,.T.);
#554 = VERTEX_POINT('',#555);
#555 = CARTESIAN_POINT('',(5.58737046384,4.421189466627,-3.));
#556 = SURFACE_CURVE('',#557,(#561,#568),.PCURVE_S1.);
#557 = LINE('',#558,#559);
#558 = CARTESIAN_POINT('',(6.632097845643,5.247864147645,-3.));
#559 = VECTOR('',#560,1.);
#560 = DIRECTION('',(-0.784192345802,-0.620517819877,0.));
#561 = PCURVE('',#45,#562);
#562 = DEFINITIONAL_REPRESENTATION('',(#563),#567);
#563 = LINE('',#564,#565);
#564 = CARTESIAN_POINT('',(6.632097845643,5.247864147645));
#565 = VECTOR('',#566,1.);
#566 = DIRECTION('',(-0.784192345802,-0.620517819877));
#567 = ( GEOMETRIC_REPRESENTATION_CONTEXT(2) 
PARAMETRIC_REPRESENTATION_CONTEXT() REPRESENTATION_CONTEXT('2D SPACE',''
  ) );
#568 = PCURVE('',#569,#574);
#569 = PLANE('',#570);
#570 = AXIS2_PLACEMENT_3D('',#571,#572,#573);
#571 = CARTESIAN_POINT('',(6.632097845643,5.247864147645,-3.));
#572 = DIRECTION('',(0.620517819877,-0.784192345802,0.));
#573 = DIRECTION('',(-0.784192345802,-0.620517819877,0.));
#574 = DEFINITIONAL_REPRESENTATION('',(#575),#579);
#575 = LINE('',#576,#577);
#576 = CARTESIAN_POINT('',(0.,0.));
#577 = VECTOR('',#578,1.);
#578 = DIRECTION('',(1.,0.));
#579 = ( GEOMETRIC_REPRESENTATION_CONTEXT(2) 
PARAMETRIC_REPRESENTATION_CONTEXT() REPRESENTATION_CONTEXT('2D SPACE',''
  ) );
#580 = ORIENTED_EDGE('',*,*,#581,.T.);
#581 = EDGE_CURVE('',#554,#582,#584,.T.);
#582 = VERTEX_POINT('',#583);
#583 = CARTESIAN_POINT('',(4.421189466627,5.58737046384,-3.));
#584 = SURFACE_CURVE('',#585,(#590,#597),.PCURVE_S1.);
#585 = CIRCLE('',#586,7.125);
#586 = AXIS2_PLACEMENT_3D('',#587,#588,#589);
#587 = CARTESIAN_POINT('',(-2.768656017539E-13,-2.442794023233E-13,-3.)
  );
#588 = DIRECTION('',(0.,0.,1.));
#589 = DIRECTION('',(0.784192345802,0.620517819877,-0.));
#590 = PCURVE('',#45,#591);
#591 = DEFINITIONAL_REPRESENTATION('',(#592),#596);
#592 = CIRCLE('',#593,7.125);
#593 = AXIS2_PLACEMENT_2D('',#594,#595);
#594 = CARTESIAN_POINT('',(-2.76939975975E-13,-2.444074389571E-13));
#595 = DIRECTION('',(0.784192345802,0.620517819877));
#596 = ( GEOMETRIC_REPRESENTATION_CONTEXT(2) 
PARAMETRIC_REPRESENTATION_CONTEXT() REPRESENTATION_CONTEXT('2D SPACE',''
  ) );
#597 = PCURVE('',#598,#603);
#598 = CYLINDRICAL_SURFACE('',#599,7.125);
#599 = AXIS2_PLACEMENT_3D('',#600,#601,#602);
#600 = CARTESIAN_POINT('',(-2.768656017539E-13,-2.442794023233E-13,-3.)
  );
#601 = DIRECTION('',(-0.,0.,-1.));
#602 = DIRECTION('',(0.784192345802,0.620517819877,0.));
#603 = DEFINITIONAL_REPRESENTATION('',(#604),#608);
#604 = LINE('',#605,#606);
#605 = CARTESIAN_POINT('',(-0.,0.));
#606 = VECTOR('',#607,1.);
#607 = DIRECTION('',(-1.,0.));
#608 = ( GEOMETRIC_REPRESENTATION_CONTEXT(2) 
PARAMETRIC_REPRESENTATION_CONTEXT() REPRESENTATION_CONTEXT('2D SPACE',''
  ) );
#609 = ORIENTED_EDGE('',*,*,#610,.F.);
#610 = EDGE_CURVE('',#611,#582,#613,.T.);
#611 = VERTEX_POINT('',#612);
#612 = CARTESIAN_POINT('',(5.247864147645,6.632097845643,-3.));
#613 = SURFACE_CURVE('',#614,(#618,#625),.PCURVE_S1.);
#614 = LINE('',#615,#616);
#615 = CARTESIAN_POINT('',(5.247864147645,6.632097845643,-3.));
#616 = VECTOR('',#617,1.);
#617 = DIRECTION('',(-0.620517819877,-0.784192345802,0.));
#618 = PCURVE('',#45,#619);
#619 = DEFINITIONAL_REPRESENTATION('',(#620),#624);
#620 = LINE('',#621,#622);
#621 = CARTESIAN_POINT('',(5.247864147645,6.632097845643));
#622 = VECTOR('',#623,1.);
#623 = DIRECTION('',(-0.620517819877,-0.784192345802));
#624 = ( GEOMETRIC_REPRESENTATION_CONTEXT(2) 
PARAMETRIC_REPRESENTATION_CONTEXT() REPRESENTATION_CONTEXT('2D SPACE',''
  ) );
#625 = PCURVE('',#626,#631);
#626 = PLANE('',#627);
#627 = AXIS2_PLACEMENT_3D('',#628,#629,#630);
#628 = CARTESIAN_POINT('',(5.247864147645,6.632097845643,-3.));
#629 = DIRECTION('',(0.784192345802,-0.620517819877,0.));
#630 = DIRECTION('',(-0.620517819877,-0.784192345802,0.));
#631 = DEFINITIONAL_REPRESENTATION('',(#632),#636);
#632 = LINE('',#633,#634);
#633 = CARTESIAN_POINT('',(0.,0.));
#634 = VECTOR('',#635,1.);
#635 = DIRECTION('',(1.,0.));
#636 = ( GEOMETRIC_REPRESENTATION_CONTEXT(2) 
PARAMETRIC_REPRESENTATION_CONTEXT() REPRESENTATION_CONTEXT('2D SPACE',''
  ) );
#637 = ORIENTED_EDGE('',*,*,#638,.T.);
#638 = EDGE_CURVE('',#611,#639,#641,.T.);
#639 = VERTEX_POINT('',#640);
#640 = CARTESIAN_POINT('',(5.647990803514,8.851564826821,-3.));
#641 = SURFACE_CURVE('',#642,(#656,#673),.PCURVE_S1.);
#642 = B_SPLINE_CURVE_WITH_KNOTS('',3,(#643,#644,#645,#646,#647,#648,
    #649,#650,#651,#652,#653,#654,#655),.UNSPECIFIED.,.F.,.F.,(4,1,1,1,1
    ,1,1,1,1,1,4),(0.,0.206463071868,0.418064650956,0.634628704967,
    0.856138693673,1.082589269896,1.31397802753,1.550303676965,
    1.79156544634,2.037762836919,2.288895507745),.UNSPECIFIED.);
#643 = CARTESIAN_POINT('',(5.247864147645,6.632097845643,-3.));
#644 = CARTESIAN_POINT('',(5.286719787656,6.689297780361,-3.));
#645 = CARTESIAN_POINT('',(5.355470130567,6.810646383637,-3.));
#646 = CARTESIAN_POINT('',(5.436064199218,7.00675679141,-3.));
#647 = CARTESIAN_POINT('',(5.503340921255,7.212714066804,-3.));
#648 = CARTESIAN_POINT('',(5.55775766633,7.427605818359,-3.));
#649 = CARTESIAN_POINT('',(5.600493445073,7.650097307989,-3.));
#650 = CARTESIAN_POINT('',(5.631954945093,7.879441443144,-3.));
#651 = CARTESIAN_POINT('',(5.652462407864,8.114965104986,-3.));
#652 = CARTESIAN_POINT('',(5.66218093115,8.356114709616,-3.));
#653 = CARTESIAN_POINT('',(5.66121712254,8.602382499885,-3.));
#654 = CARTESIAN_POINT('',(5.653537406672,8.768039831327,-3.));
#655 = CARTESIAN_POINT('',(5.647990803514,8.851564826821,-3.));
#656 = PCURVE('',#45,#657);
#657 = DEFINITIONAL_REPRESENTATION('',(#658),#672);
#658 = B_SPLINE_CURVE_WITH_KNOTS('',3,(#659,#660,#661,#662,#663,#664,
    #665,#666,#667,#668,#669,#670,#671),.UNSPECIFIED.,.F.,.F.,(4,1,1,1,1
    ,1,1,1,1,1,4),(0.,0.206463071868,0.418064650956,0.634628704967,
    0.856138693673,1.082589269896,1.31397802753,1.550303676965,
    1.79156544634,2.037762836919,2.288895507745),.UNSPECIFIED.);
#659 = CARTESIAN_POINT('',(5.247864147645,6.632097845643));
#660 = CARTESIAN_POINT('',(5.286719787656,6.689297780361));
#661 = CARTESIAN_POINT('',(5.355470130567,6.810646383637));
#662 = CARTESIAN_POINT('',(5.436064199218,7.00675679141));
#663 = CARTESIAN_POINT('',(5.503340921255,7.212714066804));
#664 = CARTESIAN_POINT('',(5.55775766633,7.427605818359));
#665 = CARTESIAN_POINT('',(5.600493445073,7.650097307989));
#666 = CARTESIAN_POINT('',(5.631954945093,7.879441443144));
#667 = CARTESIAN_POINT('',(5.652462407864,8.114965104986));
#668 = CARTESIAN_POINT('',(5.66218093115,8.356114709616));
#669 = CARTESIAN_POINT('',(5.66121712254,8.602382499885));
#670 = CARTESIAN_POINT('',(5.653537406672,8.768039831327));
#671 = CARTESIAN_POINT('',(5.647990803514,8.851564826821));
#672 = ( GEOMETRIC_REPRESENTATION_CONTEXT(2) 
PARAMETRIC_REPRESENTATION_CONTEXT() REPRESENTATION_CONTEXT('2D SPACE',''
  ) );
#673 = PCURVE('',#674,#691);
#674 = SURFACE_OF_LINEAR_EXTRUSION('',#675,#689);
#675 = B_SPLINE_CURVE_WITH_KNOTS('',3,(#676,#677,#678,#679,#680,#681,
    #682,#683,#684,#685,#686,#687,#688),.UNSPECIFIED.,.F.,.F.,(4,1,1,1,1
    ,1,1,1,1,1,4),(0.,0.206463071868,0.418064650956,0.634628704967,
    0.856138693673,1.082589269896,1.31397802753,1.550303676965,
    1.79156544634,2.037762836919,2.288895507745),.UNSPECIFIED.);
#676 = CARTESIAN_POINT('',(5.247864147645,6.632097845643,-3.));
#677 = CARTESIAN_POINT('',(5.286719787656,6.689297780361,-3.));
#678 = CARTESIAN_POINT('',(5.355470130567,6.810646383637,-3.));
#679 = CARTESIAN_POINT('',(5.436064199218,7.00675679141,-3.));
#680 = CARTESIAN_POINT('',(5.503340921255,7.212714066804,-3.));
#681 = CARTESIAN_POINT('',(5.55775766633,7.427605818359,-3.));
#682 = CARTESIAN_POINT('',(5.600493445073,7.650097307989,-3.));
#683 = CARTESIAN_POINT('',(5.631954945093,7.879441443144,-3.));
#684 = CARTESIAN_POINT('',(5.652462407864,8.114965104986,-3.));
#685 = CARTESIAN_POINT('',(5.66218093115,8.356114709616,-3.));
#686 = CARTESIAN_POINT('',(5.66121712254,8.602382499885,-3.));
#687 = CARTESIAN_POINT('',(5.653537406672,8.768039831327,-3.));
#688 = CARTESIAN_POINT('',(5.647990803514,8.851564826821,-3.));
#689 = VECTOR('',#690,1.);
#690 = DIRECTION('',(-0.,-0.,-1.));
#691 = DEFINITIONAL_REPRESENTATION('',(#692),#696);
#692 = LINE('',#693,#694);
#693 = CARTESIAN_POINT('',(0.,0.));
#694 = VECTOR('',#695,1.);
#695 = DIRECTION('',(1.,0.));
#696 = ( GEOMETRIC_REPRESENTATION_CONTEXT(2) 
PARAMETRIC_REPRESENTATION_CONTEXT() REPRESENTATION_CONTEXT('2D SPACE',''
  ) );
#697 = ORIENTED_EDGE('',*,*,#698,.T.);
#698 = EDGE_CURVE('',#639,#699,#701,.T.);
#699 = VERTEX_POINT('',#700);
#700 = CARTESIAN_POINT('',(4.841684601515,9.317085929595,-3.));
#701 = SURFACE_CURVE('',#702,(#707,#714),.PCURVE_S1.);
#702 = CIRCLE('',#703,10.5);
#703 = AXIS2_PLACEMENT_3D('',#704,#705,#706);
#704 = CARTESIAN_POINT('',(-5.681162781685E-14,-1.27977989556E-14,-3.));
#705 = DIRECTION('',(0.,0.,1.));
#706 = DIRECTION('',(0.537903886049,0.843006173983,-0.));
#707 = PCURVE('',#45,#708);
#708 = DEFINITIONAL_REPRESENTATION('',(#709),#713);
#709 = CIRCLE('',#710,10.5);
#710 = AXIS2_PLACEMENT_2D('',#711,#712);
#711 = CARTESIAN_POINT('',(-5.688600203794E-14,-1.292583558938E-14));
#712 = DIRECTION('',(0.537903886049,0.843006173983));
#713 = ( GEOMETRIC_REPRESENTATION_CONTEXT(2) 
PARAMETRIC_REPRESENTATION_CONTEXT() REPRESENTATION_CONTEXT('2D SPACE',''
  ) );
#714 = PCURVE('',#715,#720);
#715 = CYLINDRICAL_SURFACE('',#716,10.5);
#716 = AXIS2_PLACEMENT_3D('',#717,#718,#719);
#717 = CARTESIAN_POINT('',(-5.681162781685E-14,-1.27977989556E-14,-3.));
#718 = DIRECTION('',(-0.,0.,-1.));
#719 = DIRECTION('',(0.537903886049,0.843006173983,0.));
#720 = DEFINITIONAL_REPRESENTATION('',(#721),#725);
#721 = LINE('',#722,#723);
#722 = CARTESIAN_POINT('',(-0.,0.));
#723 = VECTOR('',#724,1.);
#724 = DIRECTION('',(-1.,0.));
#725 = ( GEOMETRIC_REPRESENTATION_CONTEXT(2) 
PARAMETRIC_REPRESENTATION_CONTEXT() REPRESENTATION_CONTEXT('2D SPACE',''
  ) );
#726 = ORIENTED_EDGE('',*,*,#727,.F.);
#727 = EDGE_CURVE('',#728,#699,#730,.T.);
#728 = VERTEX_POINT('',#729);
#729 = CARTESIAN_POINT('',(3.119633140888,7.860832590292,-3.));
#730 = SURFACE_CURVE('',#731,(#745,#762),.PCURVE_S1.);
#731 = B_SPLINE_CURVE_WITH_KNOTS('',3,(#732,#733,#734,#735,#736,#737,
    #738,#739,#740,#741,#742,#743,#744),.UNSPECIFIED.,.F.,.F.,(4,1,1,1,1
    ,1,1,1,1,1,4),(0.,0.206463071868,0.418064650956,0.634628704967,
    0.856138693673,1.082589269896,1.31397802753,1.550303676965,
    1.79156544634,2.037762836919,2.288895507745),.UNSPECIFIED.);
#732 = CARTESIAN_POINT('',(3.119633140888,7.860832590292,-3.));
#733 = CARTESIAN_POINT('',(3.149741917444,7.92308252898,-3.));
#734 = CARTESIAN_POINT('',(3.220457719139,8.043296374098,-3.));
#735 = CARTESIAN_POINT('',(3.349997279891,8.211148088831,-3.));
#736 = CARTESIAN_POINT('',(3.494723151458,8.372390076896,-3.));
#737 = CARTESIAN_POINT('',(3.653616494831,8.526962236299,-3.));
#738 = CARTESIAN_POINT('',(3.824931887605,8.675218251156,-3.));
#739 = CARTESIAN_POINT('',(4.007818984848,8.817136776992,-3.));
#740 = CARTESIAN_POINT('',(4.20153472781,8.95265859164,-3.));
#741 = CARTESIAN_POINT('',(4.405517149889,9.081649882007,-3.));
#742 = CARTESIAN_POINT('',(4.619273216701,9.203949094402,-3.));
#743 = CARTESIAN_POINT('',(4.766576531987,9.280126931087,-3.));
#744 = CARTESIAN_POINT('',(4.841684601515,9.317085929595,-3.));
#745 = PCURVE('',#45,#746);
#746 = DEFINITIONAL_REPRESENTATION('',(#747),#761);
#747 = B_SPLINE_CURVE_WITH_KNOTS('',3,(#748,#749,#750,#751,#752,#753,
    #754,#755,#756,#757,#758,#759,#760),.UNSPECIFIED.,.F.,.F.,(4,1,1,1,1
    ,1,1,1,1,1,4),(0.,0.206463071868,0.418064650956,0.634628704967,
    0.856138693673,1.082589269896,1.31397802753,1.550303676965,
    1.79156544634,2.037762836919,2.288895507745),.UNSPECIFIED.);
#748 = CARTESIAN_POINT('',(3.119633140888,7.860832590292));
#749 = CARTESIAN_POINT('',(3.149741917444,7.92308252898));
#750 = CARTESIAN_POINT('',(3.220457719139,8.043296374098));
#751 = CARTESIAN_POINT('',(3.349997279891,8.211148088831));
#752 = CARTESIAN_POINT('',(3.494723151458,8.372390076896));
#753 = CARTESIAN_POINT('',(3.653616494831,8.526962236299));
#754 = CARTESIAN_POINT('',(3.824931887605,8.675218251156));
#755 = CARTESIAN_POINT('',(4.007818984848,8.817136776992));
#756 = CARTESIAN_POINT('',(4.20153472781,8.95265859164));
#757 = CARTESIAN_POINT('',(4.405517149889,9.081649882007));
#758 = CARTESIAN_POINT('',(4.619273216701,9.203949094402));
#759 = CARTESIAN_POINT('',(4.766576531987,9.280126931087));
#760 = CARTESIAN_POINT('',(4.841684601515,9.317085929595));
#761 = ( GEOMETRIC_REPRESENTATION_CONTEXT(2) 
PARAMETRIC_REPRESENTATION_CONTEXT() REPRESENTATION_CONTEXT('2D SPACE',''
  ) );
#762 = PCURVE('',#763,#780);
#763 = SURFACE_OF_LINEAR_EXTRUSION('',#764,#778);
#764 = B_SPLINE_CURVE_WITH_KNOTS('',3,(#765,#766,#767,#768,#769,#770,
    #771,#772,#773,#774,#775,#776,#777),.UNSPECIFIED.,.F.,.F.,(4,1,1,1,1
    ,1,1,1,1,1,4),(0.,0.206463071868,0.418064650956,0.634628704967,
    0.856138693673,1.082589269896,1.31397802753,1.550303676965,
    1.79156544634,2.037762836919,2.288895507745),.UNSPECIFIED.);
#765 = CARTESIAN_POINT('',(3.119633140888,7.860832590292,-3.));
#766 = CARTESIAN_POINT('',(3.149741917444,7.92308252898,-3.));
#767 = CARTESIAN_POINT('',(3.220457719139,8.043296374098,-3.));
#768 = CARTESIAN_POINT('',(3.349997279891,8.211148088831,-3.));
#769 = CARTESIAN_POINT('',(3.494723151458,8.372390076896,-3.));
#770 = CARTESIAN_POINT('',(3.653616494831,8.526962236299,-3.));
#771 = CARTESIAN_POINT('',(3.824931887605,8.675218251156,-3.));
#772 = CARTESIAN_POINT('',(4.007818984848,8.817136776992,-3.));
#773 = CARTESIAN_POINT('',(4.20153472781,8.95265859164,-3.));
#774 = CARTESIAN_POINT('',(4.405517149889,9.081649882007,-3.));
#775 = CARTESIAN_POINT('',(4.619273216701,9.203949094402,-3.));
#776 = CARTESIAN_POINT('',(4.766576531987,9.280126931087,-3.));
#777 = CARTESIAN_POINT('',(4.841684601515,9.317085929595,-3.));
#778 = VECTOR('',#779,1.);
#779 = DIRECTION('',(-0.,-0.,-1.));
#780 = DEFINITIONAL_REPRESENTATION('',(#781),#785);
#781 = LINE('',#782,#783);
#782 = CARTESIAN_POINT('',(0.,0.));
#783 = VECTOR('',#784,1.);
#784 = DIRECTION('',(1.,0.));
#785 = ( GEOMETRIC_REPRESENTATION_CONTEXT(2) 
PARAMETRIC_REPRESENTATION_CONTEXT() REPRESENTATION_CONTEXT('2D SPACE',''
  ) );
#786 = ORIENTED_EDGE('',*,*,#787,.T.);
#787 = EDGE_CURVE('',#728,#788,#790,.T.);
#788 = VERTEX_POINT('',#789);
#789 = CARTESIAN_POINT('',(2.628210028727,6.622547624963,-3.));
#790 = SURFACE_CURVE('',#791,(#795,#802),.PCURVE_S1.);
#791 = LINE('',#792,#793);
#792 = CARTESIAN_POINT('',(3.119633140888,7.860832590292,-3.));
#793 = VECTOR('',#794,1.);
#794 = DIRECTION('',(-0.368871582979,-0.929480368416,0.));
#795 = PCURVE('',#45,#796);
#796 = DEFINITIONAL_REPRESENTATION('',(#797),#801);
#797 = LINE('',#798,#799);
#798 = CARTESIAN_POINT('',(3.119633140888,7.860832590292));
#799 = VECTOR('',#800,1.);
#800 = DIRECTION('',(-0.368871582979,-0.929480368416));
#801 = ( GEOMETRIC_REPRESENTATION_CONTEXT(2) 
PARAMETRIC_REPRESENTATION_CONTEXT() REPRESENTATION_CONTEXT('2D SPACE',''
  ) );
#802 = PCURVE('',#803,#808);
#803 = PLANE('',#804);
#804 = AXIS2_PLACEMENT_3D('',#805,#806,#807);
#805 = CARTESIAN_POINT('',(3.119633140888,7.860832590292,-3.));
#806 = DIRECTION('',(0.929480368416,-0.368871582979,0.));
#807 = DIRECTION('',(-0.368871582979,-0.929480368416,0.));
#808 = DEFINITIONAL_REPRESENTATION('',(#809),#813);
#809 = LINE('',#810,#811);
#810 = CARTESIAN_POINT('',(0.,0.));
#811 = VECTOR('',#812,1.);
#812 = DIRECTION('',(1.,0.));
#813 = ( GEOMETRIC_REPRESENTATION_CONTEXT(2) 
PARAMETRIC_REPRESENTATION_CONTEXT() REPRESENTATION_CONTEXT('2D SPACE',''
  ) );
#814 = ORIENTED_EDGE('',*,*,#815,.T.);
#815 = EDGE_CURVE('',#788,#816,#818,.T.);
#816 = VERTEX_POINT('',#817);
#817 = CARTESIAN_POINT('',(1.035177161123,7.049399495353,-3.));
#818 = SURFACE_CURVE('',#819,(#824,#831),.PCURVE_S1.);
#819 = CIRCLE('',#820,7.125);
#820 = AXIS2_PLACEMENT_3D('',#821,#822,#823);
#821 = CARTESIAN_POINT('',(-1.176329433913E-13,-3.499849689103E-13,-3.)
  );
#822 = DIRECTION('',(0.,0.,1.));
#823 = DIRECTION('',(0.368871582979,0.929480368416,-0.));
#824 = PCURVE('',#45,#825);
#825 = DEFINITIONAL_REPRESENTATION('',(#826),#830);
#826 = CIRCLE('',#827,7.125);
#827 = AXIS2_PLACEMENT_2D('',#828,#829);
#828 = CARTESIAN_POINT('',(-1.177073176124E-13,-3.50113005544E-13));
#829 = DIRECTION('',(0.368871582979,0.929480368416));
#830 = ( GEOMETRIC_REPRESENTATION_CONTEXT(2) 
PARAMETRIC_REPRESENTATION_CONTEXT() REPRESENTATION_CONTEXT('2D SPACE',''
  ) );
#831 = PCURVE('',#832,#837);
#832 = CYLINDRICAL_SURFACE('',#833,7.125);
#833 = AXIS2_PLACEMENT_3D('',#834,#835,#836);
#834 = CARTESIAN_POINT('',(-1.176329433913E-13,-3.499849689103E-13,-3.)
  );
#835 = DIRECTION('',(-0.,0.,-1.));
#836 = DIRECTION('',(0.368871582979,0.929480368416,0.));
#837 = DEFINITIONAL_REPRESENTATION('',(#838),#842);
#838 = LINE('',#839,#840);
#839 = CARTESIAN_POINT('',(-0.,0.));
#840 = VECTOR('',#841,1.);
#841 = DIRECTION('',(-1.,0.));
#842 = ( GEOMETRIC_REPRESENTATION_CONTEXT(2) 
PARAMETRIC_REPRESENTATION_CONTEXT() REPRESENTATION_CONTEXT('2D SPACE',''
  ) );
#843 = ORIENTED_EDGE('',*,*,#844,.F.);
#844 = EDGE_CURVE('',#845,#816,#847,.T.);
#845 = VERTEX_POINT('',#846);
#846 = CARTESIAN_POINT('',(1.228734744649,8.367497288533,-3.));
#847 = SURFACE_CURVE('',#848,(#852,#859),.PCURVE_S1.);
#848 = LINE('',#849,#850);
#849 = CARTESIAN_POINT('',(1.228734744649,8.367497288533,-3.));
#850 = VECTOR('',#851,1.);
#851 = DIRECTION('',(-0.145288022614,-0.989389402857,0.));
#852 = PCURVE('',#45,#853);
#853 = DEFINITIONAL_REPRESENTATION('',(#854),#858);
#854 = LINE('',#855,#856);
#855 = CARTESIAN_POINT('',(1.228734744649,8.367497288533));
#856 = VECTOR('',#857,1.);
#857 = DIRECTION('',(-0.145288022614,-0.989389402857));
#858 = ( GEOMETRIC_REPRESENTATION_CONTEXT(2) 
PARAMETRIC_REPRESENTATION_CONTEXT() REPRESENTATION_CONTEXT('2D SPACE',''
  ) );
#859 = PCURVE('',#860,#865);
#860 = PLANE('',#861);
#861 = AXIS2_PLACEMENT_3D('',#862,#863,#864);
#862 = CARTESIAN_POINT('',(1.228734744649,8.367497288533,-3.));
#863 = DIRECTION('',(0.989389402857,-0.145288022614,0.));
#864 = DIRECTION('',(-0.145288022614,-0.989389402857,0.));
#865 = DEFINITIONAL_REPRESENTATION('',(#866),#870);
#866 = LINE('',#867,#868);
#867 = CARTESIAN_POINT('',(1.789769054176E-15,0.));
#868 = VECTOR('',#869,1.);
#869 = DIRECTION('',(1.,0.));
#870 = ( GEOMETRIC_REPRESENTATION_CONTEXT(2) 
PARAMETRIC_REPRESENTATION_CONTEXT() REPRESENTATION_CONTEXT('2D SPACE',''
  ) );
#871 = ORIENTED_EDGE('',*,*,#872,.T.);
#872 = EDGE_CURVE('',#845,#873,#875,.T.);
#873 = VERTEX_POINT('',#874);
#874 = CARTESIAN_POINT('',(0.465521102773,10.489675405029,-3.));
#875 = SURFACE_CURVE('',#876,(#890,#907),.PCURVE_S1.);
#876 = B_SPLINE_CURVE_WITH_KNOTS('',3,(#877,#878,#879,#880,#881,#882,
    #883,#884,#885,#886,#887,#888,#889),.UNSPECIFIED.,.F.,.F.,(4,1,1,1,1
    ,1,1,1,1,1,4),(0.,0.206463071868,0.418064650956,0.634628704967,
    0.856138693673,1.082589269896,1.31397802753,1.550303676965,
    1.79156544634,2.037762836919,2.288895507745),.UNSPECIFIED.);
#877 = CARTESIAN_POINT('',(1.228734744649,8.367497288533,-3.));
#878 = CARTESIAN_POINT('',(1.233784748619,8.4364617051,-3.));
#879 = CARTESIAN_POINT('',(1.232649990461,8.575927849706,-3.));
#880 = CARTESIAN_POINT('',(1.204391297421,8.786061479109,-3.));
#881 = CARTESIAN_POINT('',(1.159676010092,8.998064072713,-3.));
#882 = CARTESIAN_POINT('',(1.09935641794,9.211374161161,-3.));
#883 = CARTESIAN_POINT('',(1.025120943167,9.425425332678,-3.));
#884 = CARTESIAN_POINT('',(0.937695333848,9.639773929941,-3.));
#885 = CARTESIAN_POINT('',(0.837693486654,9.853997135674,-3.));
#886 = CARTESIAN_POINT('',(0.725535172392,10.067698081039,-3.));
#887 = CARTESIAN_POINT('',(0.601566594517,10.280490339242,-3.));
#888 = CARTESIAN_POINT('',(0.51208709976,10.420113938659,-3.));
#889 = CARTESIAN_POINT('',(0.465521102773,10.489675405029,-3.));
#890 = PCURVE('',#45,#891);
#891 = DEFINITIONAL_REPRESENTATION('',(#892),#906);
#892 = B_SPLINE_CURVE_WITH_KNOTS('',3,(#893,#894,#895,#896,#897,#898,
    #899,#900,#901,#902,#903,#904,#905),.UNSPECIFIED.,.F.,.F.,(4,1,1,1,1
    ,1,1,1,1,1,4),(0.,0.206463071868,0.418064650956,0.634628704967,
    0.856138693673,1.082589269896,1.31397802753,1.550303676965,
    1.79156544634,2.037762836919,2.288895507745),.UNSPECIFIED.);
#893 = CARTESIAN_POINT('',(1.228734744649,8.367497288533));
#894 = CARTESIAN_POINT('',(1.233784748619,8.4364617051));
#895 = CARTESIAN_POINT('',(1.232649990461,8.575927849706));
#896 = CARTESIAN_POINT('',(1.204391297421,8.786061479109));
#897 = CARTESIAN_POINT('',(1.159676010092,8.998064072713));
#898 = CARTESIAN_POINT('',(1.09935641794,9.211374161161));
#899 = CARTESIAN_POINT('',(1.025120943167,9.425425332678));
#900 = CARTESIAN_POINT('',(0.937695333848,9.639773929941));
#901 = CARTESIAN_POINT('',(0.837693486654,9.853997135674));
#902 = CARTESIAN_POINT('',(0.725535172392,10.067698081039));
#903 = CARTESIAN_POINT('',(0.601566594517,10.280490339242));
#904 = CARTESIAN_POINT('',(0.51208709976,10.420113938659));
#905 = CARTESIAN_POINT('',(0.465521102773,10.489675405029));
#906 = ( GEOMETRIC_REPRESENTATION_CONTEXT(2) 
PARAMETRIC_REPRESENTATION_CONTEXT() REPRESENTATION_CONTEXT('2D SPACE',''
  ) );
#907 = PCURVE('',#908,#925);
#908 = SURFACE_OF_LINEAR_EXTRUSION('',#909,#923);
#909 = B_SPLINE_CURVE_WITH_KNOTS('',3,(#910,#911,#912,#913,#914,#915,
    #916,#917,#918,#919,#920,#921,#922),.UNSPECIFIED.,.F.,.F.,(4,1,1,1,1
    ,1,1,1,1,1,4),(0.,0.206463071868,0.418064650956,0.634628704967,
    0.856138693673,1.082589269896,1.31397802753,1.550303676965,
    1.79156544634,2.037762836919,2.288895507745),.UNSPECIFIED.);
#910 = CARTESIAN_POINT('',(1.228734744649,8.367497288533,-3.));
#911 = CARTESIAN_POINT('',(1.233784748619,8.4364617051,-3.));
#912 = CARTESIAN_POINT('',(1.232649990461,8.575927849706,-3.));
#913 = CARTESIAN_POINT('',(1.204391297421,8.786061479109,-3.));
#914 = CARTESIAN_POINT('',(1.159676010092,8.998064072713,-3.));
#915 = CARTESIAN_POINT('',(1.09935641794,9.211374161161,-3.));
#916 = CARTESIAN_POINT('',(1.025120943167,9.425425332678,-3.));
#917 = CARTESIAN_POINT('',(0.937695333848,9.639773929941,-3.));
#918 = CARTESIAN_POINT('',(0.837693486654,9.853997135674,-3.));
#919 = CARTESIAN_POINT('',(0.725535172392,10.067698081039,-3.));
#920 = CARTESIAN_POINT('',(0.601566594517,10.280490339242,-3.));
#921 = CARTESIAN_POINT('',(0.51208709976,10.420113938659,-3.));
#922 = CARTESIAN_POINT('',(0.465521102773,10.489675405029,-3.));
#923 = VECTOR('',#924,1.);
#924 = DIRECTION('',(-0.,-0.,-1.));
#925 = DEFINITIONAL_REPRESENTATION('',(#926),#930);
#926 = LINE('',#927,#928);
#927 = CARTESIAN_POINT('',(0.,0.));
#928 = VECTOR('',#929,1.);
#929 = DIRECTION('',(1.,0.));
#930 = ( GEOMETRIC_REPRESENTATION_CONTEXT(2) 
PARAMETRIC_REPRESENTATION_CONTEXT() REPRESENTATION_CONTEXT('2D SPACE',''
  ) );
#931 = ORIENTED_EDGE('',*,*,#932,.T.);
#932 = EDGE_CURVE('',#873,#933,#935,.T.);
#933 = VERTEX_POINT('',#934);
#934 = CARTESIAN_POINT('',(-0.465521102773,10.489675405029,-3.));
#935 = SURFACE_CURVE('',#936,(#941,#948),.PCURVE_S1.);
#936 = CIRCLE('',#937,10.5);
#937 = AXIS2_PLACEMENT_3D('',#938,#939,#940);
#938 = CARTESIAN_POINT('',(-4.280141344194E-14,-3.94890329165E-14,-3.));
#939 = DIRECTION('',(0.,0.,1.));
#940 = DIRECTION('',(4.433534312129E-02,0.999016705241,-0.));
#941 = PCURVE('',#45,#942);
#942 = DEFINITIONAL_REPRESENTATION('',(#943),#947);
#943 = CIRCLE('',#944,10.5);
#944 = AXIS2_PLACEMENT_2D('',#945,#946);
#945 = CARTESIAN_POINT('',(-4.287578766303E-14,-3.961706955028E-14));
#946 = DIRECTION('',(4.433534312129E-02,0.999016705241));
#947 = ( GEOMETRIC_REPRESENTATION_CONTEXT(2) 
PARAMETRIC_REPRESENTATION_CONTEXT() REPRESENTATION_CONTEXT('2D SPACE',''
  ) );
#948 = PCURVE('',#949,#954);
#949 = CYLINDRICAL_SURFACE('',#950,10.5);
#950 = AXIS2_PLACEMENT_3D('',#951,#952,#953);
#951 = CARTESIAN_POINT('',(-4.280141344194E-14,-3.94890329165E-14,-3.));
#952 = DIRECTION('',(-0.,0.,-1.));
#953 = DIRECTION('',(4.433534312129E-02,0.999016705241,0.));
#954 = DEFINITIONAL_REPRESENTATION('',(#955),#959);
#955 = LINE('',#956,#957);
#956 = CARTESIAN_POINT('',(-0.,0.));
#957 = VECTOR('',#958,1.);
#958 = DIRECTION('',(-1.,0.));
#959 = ( GEOMETRIC_REPRESENTATION_CONTEXT(2) 
PARAMETRIC_REPRESENTATION_CONTEXT() REPRESENTATION_CONTEXT('2D SPACE',''
  ) );
#960 = ORIENTED_EDGE('',*,*,#961,.F.);
#961 = EDGE_CURVE('',#962,#933,#964,.T.);
#962 = VERTEX_POINT('',#963);
#963 = CARTESIAN_POINT('',(-1.228734744649,8.367497288533,-3.));
#964 = SURFACE_CURVE('',#965,(#979,#996),.PCURVE_S1.);
#965 = B_SPLINE_CURVE_WITH_KNOTS('',3,(#966,#967,#968,#969,#970,#971,
    #972,#973,#974,#975,#976,#977,#978),.UNSPECIFIED.,.F.,.F.,(4,1,1,1,1
    ,1,1,1,1,1,4),(0.,0.206463071868,0.418064650956,0.634628704967,
    0.856138693673,1.082589269896,1.31397802753,1.550303676965,
    1.79156544634,2.037762836919,2.288895507745),.UNSPECIFIED.);
#966 = CARTESIAN_POINT('',(-1.228734744649,8.367497288533,-3.));
#967 = CARTESIAN_POINT('',(-1.233784748619,8.4364617051,-3.));
#968 = CARTESIAN_POINT('',(-1.232649990461,8.575927849706,-3.));
#969 = CARTESIAN_POINT('',(-1.204391297421,8.786061479109,-3.));
#970 = CARTESIAN_POINT('',(-1.159676010092,8.998064072713,-3.));
#971 = CARTESIAN_POINT('',(-1.09935641794,9.211374161161,-3.));
#972 = CARTESIAN_POINT('',(-1.025120943167,9.425425332678,-3.));
#973 = CARTESIAN_POINT('',(-0.937695333848,9.639773929941,-3.));
#974 = CARTESIAN_POINT('',(-0.837693486654,9.853997135674,-3.));
#975 = CARTESIAN_POINT('',(-0.725535172392,10.067698081039,-3.));
#976 = CARTESIAN_POINT('',(-0.601566594517,10.280490339242,-3.));
#977 = CARTESIAN_POINT('',(-0.51208709976,10.420113938659,-3.));
#978 = CARTESIAN_POINT('',(-0.465521102773,10.489675405029,-3.));
#979 = PCURVE('',#45,#980);
#980 = DEFINITIONAL_REPRESENTATION('',(#981),#995);
#981 = B_SPLINE_CURVE_WITH_KNOTS('',3,(#982,#983,#984,#985,#986,#987,
    #988,#989,#990,#991,#992,#993,#994),.UNSPECIFIED.,.F.,.F.,(4,1,1,1,1
    ,1,1,1,1,1,4),(0.,0.206463071868,0.418064650956,0.634628704967,
    0.856138693673,1.082589269896,1.31397802753,1.550303676965,
    1.79156544634,2.037762836919,2.288895507745),.UNSPECIFIED.);
#982 = CARTESIAN_POINT('',(-1.228734744649,8.367497288533));
#983 = CARTESIAN_POINT('',(-1.233784748619,8.4364617051));
#984 = CARTESIAN_POINT('',(-1.232649990461,8.575927849706));
#985 = CARTESIAN_POINT('',(-1.204391297421,8.786061479109));
#986 = CARTESIAN_POINT('',(-1.159676010092,8.998064072713));
#987 = CARTESIAN_POINT('',(-1.09935641794,9.211374161161));
#988 = CARTESIAN_POINT('',(-1.025120943167,9.425425332678));
#989 = CARTESIAN_POINT('',(-0.937695333848,9.639773929941));
#990 = CARTESIAN_POINT('',(-0.837693486654,9.853997135674));
#991 = CARTESIAN_POINT('',(-0.725535172392,10.067698081039));
#992 = CARTESIAN_POINT('',(-0.601566594517,10.280490339242));
#993 = CARTESIAN_POINT('',(-0.51208709976,10.420113938659));
#994 = CARTESIAN_POINT('',(-0.465521102773,10.489675405029));
#995 = ( GEOMETRIC_REPRESENTATION_CONTEXT(2) 
PARAMETRIC_REPRESENTATION_CONTEXT() REPRESENTATION_CONTEXT('2D SPACE',''
  ) );
#996 = PCURVE('',#997,#1014);
#997 = SURFACE_OF_LINEAR_EXTRUSION('',#998,#1012);
#998 = B_SPLINE_CURVE_WITH_KNOTS('',3,(#999,#1000,#1001,#1002,#1003,
    #1004,#1005,#1006,#1007,#1008,#1009,#1010,#1011),.UNSPECIFIED.,.F.,
  .F.,(4,1,1,1,1,1,1,1,1,1,4),(0.,0.206463071868,0.418064650956,
    0.634628704967,0.856138693673,1.082589269896,1.31397802753,
    1.550303676965,1.79156544634,2.037762836919,2.288895507745),
  .UNSPECIFIED.);
#999 = CARTESIAN_POINT('',(-1.228734744649,8.367497288533,-3.));
#1000 = CARTESIAN_POINT('',(-1.233784748619,8.4364617051,-3.));
#1001 = CARTESIAN_POINT('',(-1.232649990461,8.575927849706,-3.));
#1002 = CARTESIAN_POINT('',(-1.204391297421,8.786061479109,-3.));
#1003 = CARTESIAN_POINT('',(-1.159676010092,8.998064072713,-3.));
#1004 = CARTESIAN_POINT('',(-1.09935641794,9.211374161161,-3.));
#1005 = CARTESIAN_POINT('',(-1.025120943167,9.425425332678,-3.));
#1006 = CARTESIAN_POINT('',(-0.937695333848,9.639773929941,-3.));
#1007 = CARTESIAN_POINT('',(-0.837693486654,9.853997135674,-3.));
#1008 = CARTESIAN_POINT('',(-0.725535172392,10.067698081039,-3.));
#1009 = CARTESIAN_POINT('',(-0.601566594517,10.280490339242,-3.));
#1010 = CARTESIAN_POINT('',(-0.51208709976,10.420113938659,-3.));
#1011 = CARTESIAN_POINT('',(-0.465521102773,10.489675405029,-3.));
#1012 = VECTOR('',#1013,1.);
#1013 = DIRECTION('',(-0.,-0.,-1.));
#1014 = DEFINITIONAL_REPRESENTATION('',(#1015),#1019);
#1015 = LINE('',#1016,#1017);
#1016 = CARTESIAN_POINT('',(0.,0.));
#1017 = VECTOR('',#1018,1.);
#1018 = DIRECTION('',(1.,0.));
#1019 = ( GEOMETRIC_REPRESENTATION_CONTEXT(2) 
PARAMETRIC_REPRESENTATION_CONTEXT() REPRESENTATION_CONTEXT('2D SPACE',''
  ) );
#1020 = ORIENTED_EDGE('',*,*,#1021,.T.);
#1021 = EDGE_CURVE('',#962,#1022,#1024,.T.);
#1022 = VERTEX_POINT('',#1023);
#1023 = CARTESIAN_POINT('',(-1.035177161123,7.049399495353,-3.));
#1024 = SURFACE_CURVE('',#1025,(#1029,#1036),.PCURVE_S1.);
#1025 = LINE('',#1026,#1027);
#1026 = CARTESIAN_POINT('',(-1.228734744649,8.367497288533,-3.));
#1027 = VECTOR('',#1028,1.);
#1028 = DIRECTION('',(0.145288022614,-0.989389402857,0.));
#1029 = PCURVE('',#45,#1030);
#1030 = DEFINITIONAL_REPRESENTATION('',(#1031),#1035);
#1031 = LINE('',#1032,#1033);
#1032 = CARTESIAN_POINT('',(-1.228734744649,8.367497288533));
#1033 = VECTOR('',#1034,1.);
#1034 = DIRECTION('',(0.145288022614,-0.989389402857));
#1035 = ( GEOMETRIC_REPRESENTATION_CONTEXT(2) 
PARAMETRIC_REPRESENTATION_CONTEXT() REPRESENTATION_CONTEXT('2D SPACE',''
  ) );
#1036 = PCURVE('',#1037,#1042);
#1037 = PLANE('',#1038);
#1038 = AXIS2_PLACEMENT_3D('',#1039,#1040,#1041);
#1039 = CARTESIAN_POINT('',(-1.228734744649,8.367497288533,-3.));
#1040 = DIRECTION('',(0.989389402857,0.145288022614,-0.));
#1041 = DIRECTION('',(0.145288022614,-0.989389402857,0.));
#1042 = DEFINITIONAL_REPRESENTATION('',(#1043),#1047);
#1043 = LINE('',#1044,#1045);
#1044 = CARTESIAN_POINT('',(1.789769054176E-15,0.));
#1045 = VECTOR('',#1046,1.);
#1046 = DIRECTION('',(1.,0.));
#1047 = ( GEOMETRIC_REPRESENTATION_CONTEXT(2) 
PARAMETRIC_REPRESENTATION_CONTEXT() REPRESENTATION_CONTEXT('2D SPACE',''
  ) );
#1048 = ORIENTED_EDGE('',*,*,#1049,.T.);
#1049 = EDGE_CURVE('',#1022,#1050,#1052,.T.);
#1050 = VERTEX_POINT('',#1051);
#1051 = CARTESIAN_POINT('',(-2.628210028727,6.622547624963,-3.));
#1052 = SURFACE_CURVE('',#1053,(#1058,#1065),.PCURVE_S1.);
#1053 = CIRCLE('',#1054,7.125);
#1054 = AXIS2_PLACEMENT_3D('',#1055,#1056,#1057);
#1055 = CARTESIAN_POINT('',(7.311936715634E-14,-3.619123457146E-13,-3.)
  );
#1056 = DIRECTION('',(0.,0.,1.));
#1057 = DIRECTION('',(-0.145288022614,0.989389402857,0.));
#1058 = PCURVE('',#45,#1059);
#1059 = DEFINITIONAL_REPRESENTATION('',(#1060),#1064);
#1060 = CIRCLE('',#1061,7.125);
#1061 = AXIS2_PLACEMENT_2D('',#1062,#1063);
#1062 = CARTESIAN_POINT('',(7.304499293525E-14,-3.620403823484E-13));
#1063 = DIRECTION('',(-0.145288022614,0.989389402857));
#1064 = ( GEOMETRIC_REPRESENTATION_CONTEXT(2) 
PARAMETRIC_REPRESENTATION_CONTEXT() REPRESENTATION_CONTEXT('2D SPACE',''
  ) );
#1065 = PCURVE('',#1066,#1071);
#1066 = CYLINDRICAL_SURFACE('',#1067,7.125);
#1067 = AXIS2_PLACEMENT_3D('',#1068,#1069,#1070);
#1068 = CARTESIAN_POINT('',(7.311936715634E-14,-3.619123457146E-13,-3.)
  );
#1069 = DIRECTION('',(-0.,-0.,-1.));
#1070 = DIRECTION('',(-0.145288022614,0.989389402857,0.));
#1071 = DEFINITIONAL_REPRESENTATION('',(#1072),#1076);
#1072 = LINE('',#1073,#1074);
#1073 = CARTESIAN_POINT('',(-0.,0.));
#1074 = VECTOR('',#1075,1.);
#1075 = DIRECTION('',(-1.,0.));
#1076 = ( GEOMETRIC_REPRESENTATION_CONTEXT(2) 
PARAMETRIC_REPRESENTATION_CONTEXT() REPRESENTATION_CONTEXT('2D SPACE',''
  ) );
#1077 = ORIENTED_EDGE('',*,*,#1078,.F.);
#1078 = EDGE_CURVE('',#1079,#1050,#1081,.T.);
#1079 = VERTEX_POINT('',#1080);
#1080 = CARTESIAN_POINT('',(-3.119633140888,7.860832590292,-3.));
#1081 = SURFACE_CURVE('',#1082,(#1086,#1093),.PCURVE_S1.);
#1082 = LINE('',#1083,#1084);
#1083 = CARTESIAN_POINT('',(-3.119633140888,7.860832590292,-3.));
#1084 = VECTOR('',#1085,1.);
#1085 = DIRECTION('',(0.368871582979,-0.929480368416,0.));
#1086 = PCURVE('',#45,#1087);
#1087 = DEFINITIONAL_REPRESENTATION('',(#1088),#1092);
#1088 = LINE('',#1089,#1090);
#1089 = CARTESIAN_POINT('',(-3.119633140888,7.860832590292));
#1090 = VECTOR('',#1091,1.);
#1091 = DIRECTION('',(0.368871582979,-0.929480368416));
#1092 = ( GEOMETRIC_REPRESENTATION_CONTEXT(2) 
PARAMETRIC_REPRESENTATION_CONTEXT() REPRESENTATION_CONTEXT('2D SPACE',''
  ) );
#1093 = PCURVE('',#1094,#1099);
#1094 = PLANE('',#1095);
#1095 = AXIS2_PLACEMENT_3D('',#1096,#1097,#1098);
#1096 = CARTESIAN_POINT('',(-3.119633140888,7.860832590292,-3.));
#1097 = DIRECTION('',(0.929480368416,0.368871582979,-0.));
#1098 = DIRECTION('',(0.368871582979,-0.929480368416,0.));
#1099 = DEFINITIONAL_REPRESENTATION('',(#1100),#1104);
#1100 = LINE('',#1101,#1102);
#1101 = CARTESIAN_POINT('',(0.,0.));
#1102 = VECTOR('',#1103,1.);
#1103 = DIRECTION('',(1.,0.));
#1104 = ( GEOMETRIC_REPRESENTATION_CONTEXT(2) 
PARAMETRIC_REPRESENTATION_CONTEXT() REPRESENTATION_CONTEXT('2D SPACE',''
  ) );
#1105 = ORIENTED_EDGE('',*,*,#1106,.T.);
#1106 = EDGE_CURVE('',#1079,#1107,#1109,.T.);
#1107 = VERTEX_POINT('',#1108);
#1108 = CARTESIAN_POINT('',(-4.841684601515,9.317085929595,-3.));
#1109 = SURFACE_CURVE('',#1110,(#1124,#1141),.PCURVE_S1.);
#1110 = B_SPLINE_CURVE_WITH_KNOTS('',3,(#1111,#1112,#1113,#1114,#1115,
    #1116,#1117,#1118,#1119,#1120,#1121,#1122,#1123),.UNSPECIFIED.,.F.,
  .F.,(4,1,1,1,1,1,1,1,1,1,4),(0.,0.206463071868,0.418064650956,
    0.634628704967,0.856138693673,1.082589269896,1.31397802753,
    1.550303676965,1.79156544634,2.037762836919,2.288895507745),
  .UNSPECIFIED.);
#1111 = CARTESIAN_POINT('',(-3.119633140888,7.860832590292,-3.));
#1112 = CARTESIAN_POINT('',(-3.149741917444,7.92308252898,-3.));
#1113 = CARTESIAN_POINT('',(-3.220457719139,8.043296374098,-3.));
#1114 = CARTESIAN_POINT('',(-3.349997279891,8.211148088831,-3.));
#1115 = CARTESIAN_POINT('',(-3.494723151458,8.372390076896,-3.));
#1116 = CARTESIAN_POINT('',(-3.653616494831,8.526962236299,-3.));
#1117 = CARTESIAN_POINT('',(-3.824931887605,8.675218251156,-3.));
#1118 = CARTESIAN_POINT('',(-4.007818984848,8.817136776992,-3.));
#1119 = CARTESIAN_POINT('',(-4.20153472781,8.95265859164,-3.));
#1120 = CARTESIAN_POINT('',(-4.405517149889,9.081649882007,-3.));
#1121 = CARTESIAN_POINT('',(-4.619273216701,9.203949094402,-3.));
#1122 = CARTESIAN_POINT('',(-4.766576531987,9.280126931087,-3.));
#1123 = CARTESIAN_POINT('',(-4.841684601515,9.317085929595,-3.));
#1124 = PCURVE('',#45,#1125);
#1125 = DEFINITIONAL_REPRESENTATION('',(#1126),#1140);
#1126 = B_SPLINE_CURVE_WITH_KNOTS('',3,(#1127,#1128,#1129,#1130,#1131,
    #1132,#1133,#1134,#1135,#1136,#1137,#1138,#1139),.UNSPECIFIED.,.F.,
  .F.,(4,1,1,1,1,1,1,1,1,1,4),(0.,0.206463071868,0.418064650956,
    0.634628704967,0.856138693673,1.082589269896,1.31397802753,
    1.550303676965,1.79156544634,2.037762836919,2.288895507745),
  .UNSPECIFIED.);
#1127 = CARTESIAN_POINT('',(-3.119633140888,7.860832590292));
#1128 = CARTESIAN_POINT('',(-3.149741917444,7.92308252898));
#1129 = CARTESIAN_POINT('',(-3.220457719139,8.043296374098));
#1130 = CARTESIAN_POINT('',(-3.349997279891,8.211148088831));
#1131 = CARTESIAN_POINT('',(-3.494723151458,8.372390076896));
#1132 = CARTESIAN_POINT('',(-3.653616494831,8.526962236299));
#1133 = CARTESIAN_POINT('',(-3.824931887605,8.675218251156));
#1134 = CARTESIAN_POINT('',(-4.007818984848,8.817136776992));
#1135 = CARTESIAN_POINT('',(-4.20153472781,8.95265859164));
#1136 = CARTESIAN_POINT('',(-4.405517149889,9.081649882007));
#1137 = CARTESIAN_POINT('',(-4.619273216701,9.203949094402));
#1138 = CARTESIAN_POINT('',(-4.766576531987,9.280126931087));
#1139 = CARTESIAN_POINT('',(-4.841684601515,9.317085929595));
#1140 = ( GEOMETRIC_REPRESENTATION_CONTEXT(2) 
PARAMETRIC_REPRESENTATION_CONTEXT() REPRESENTATION_CONTEXT('2D SPACE',''
  ) );
#1141 = PCURVE('',#1142,#1159);
#1142 = SURFACE_OF_LINEAR_EXTRUSION('',#1143,#1157);
#1143 = B_SPLINE_CURVE_WITH_KNOTS('',3,(#1144,#1145,#1146,#1147,#1148,
    #1149,#1150,#1151,#1152,#1153,#1154,#1155,#1156),.UNSPECIFIED.,.F.,
  .F.,(4,1,1,1,1,1,1,1,1,1,4),(0.,0.206463071868,0.418064650956,
    0.634628704967,0.856138693673,1.082589269896,1.31397802753,
    1.550303676965,1.79156544634,2.037762836919,2.288895507745),
  .UNSPECIFIED.);
#1144 = CARTESIAN_POINT('',(-3.119633140888,7.860832590292,-3.));
#1145 = CARTESIAN_POINT('',(-3.149741917444,7.92308252898,-3.));
#1146 = CARTESIAN_POINT('',(-3.220457719139,8.043296374098,-3.));
#1147 = CARTESIAN_POINT('',(-3.349997279891,8.211148088831,-3.));
#1148 = CARTESIAN_POINT('',(-3.494723151458,8.372390076896,-3.));
#1149 = CARTESIAN_POINT('',(-3.653616494831,8.526962236299,-3.));
#1150 = CARTESIAN_POINT('',(-3.824931887605,8.675218251156,-3.));
#1151 = CARTESIAN_POINT('',(-4.007818984848,8.817136776992,-3.));
#1152 = CARTESIAN_POINT('',(-4.20153472781,8.95265859164,-3.));
#1153 = CARTESIAN_POINT('',(-4.405517149889,9.081649882007,-3.));
#1154 = CARTESIAN_POINT('',(-4.619273216701,9.203949094402,-3.));
#1155 = CARTESIAN_POINT('',(-4.766576531987,9.280126931087,-3.));
#1156 = CARTESIAN_POINT('',(-4.841684601515,9.317085929595,-3.));
#1157 = VECTOR('',#1158,1.);
#1158 = DIRECTION('',(-0.,-0.,-1.));
#1159 = DEFINITIONAL_REPRESENTATION('',(#1160),#1164);
#1160 = LINE('',#1161,#1162);
#1161 = CARTESIAN_POINT('',(0.,0.));
#1162 = VECTOR('',#1163,1.);
#1163 = DIRECTION('',(1.,0.));
#1164 = ( GEOMETRIC_REPRESENTATION_CONTEXT(2) 
PARAMETRIC_REPRESENTATION_CONTEXT() REPRESENTATION_CONTEXT('2D SPACE',''
  ) );
#1165 = ORIENTED_EDGE('',*,*,#1166,.T.);
#1166 = EDGE_CURVE('',#1107,#1167,#1169,.T.);
#1167 = VERTEX_POINT('',#1168);
#1168 = CARTESIAN_POINT('',(-5.647990803514,8.851564826821,-3.));
#1169 = SURFACE_CURVE('',#1170,(#1175,#1182),.PCURVE_S1.);
#1170 = CIRCLE('',#1171,10.5);
#1171 = AXIS2_PLACEMENT_3D('',#1172,#1173,#1174);
#1172 = CARTESIAN_POINT('',(-1.732259490035E-14,-5.559921239754E-14,-3.)
  );
#1173 = DIRECTION('',(0.,0.,1.));
#1174 = DIRECTION('',(-0.461112819192,0.887341517104,0.));
#1175 = PCURVE('',#45,#1176);
#1176 = DEFINITIONAL_REPRESENTATION('',(#1177),#1181);
#1177 = CIRCLE('',#1178,10.5);
#1178 = AXIS2_PLACEMENT_2D('',#1179,#1180);
#1179 = CARTESIAN_POINT('',(-1.739696912144E-14,-5.572724903132E-14));
#1180 = DIRECTION('',(-0.461112819192,0.887341517104));
#1181 = ( GEOMETRIC_REPRESENTATION_CONTEXT(2) 
PARAMETRIC_REPRESENTATION_CONTEXT() REPRESENTATION_CONTEXT('2D SPACE',''
  ) );
#1182 = PCURVE('',#1183,#1188);
#1183 = CYLINDRICAL_SURFACE('',#1184,10.5);
#1184 = AXIS2_PLACEMENT_3D('',#1185,#1186,#1187);
#1185 = CARTESIAN_POINT('',(-1.732259490035E-14,-5.559921239754E-14,-3.)
  );
#1186 = DIRECTION('',(-0.,-0.,-1.));
#1187 = DIRECTION('',(-0.461112819192,0.887341517104,0.));
#1188 = DEFINITIONAL_REPRESENTATION('',(#1189),#1193);
#1189 = LINE('',#1190,#1191);
#1190 = CARTESIAN_POINT('',(-0.,0.));
#1191 = VECTOR('',#1192,1.);
#1192 = DIRECTION('',(-1.,0.));
#1193 = ( GEOMETRIC_REPRESENTATION_CONTEXT(2) 
PARAMETRIC_REPRESENTATION_CONTEXT() REPRESENTATION_CONTEXT('2D SPACE',''
  ) );
#1194 = ORIENTED_EDGE('',*,*,#1195,.F.);
#1195 = EDGE_CURVE('',#1196,#1167,#1198,.T.);
#1196 = VERTEX_POINT('',#1197);
#1197 = CARTESIAN_POINT('',(-5.247864147645,6.632097845643,-3.));
#1198 = SURFACE_CURVE('',#1199,(#1213,#1230),.PCURVE_S1.);
#1199 = B_SPLINE_CURVE_WITH_KNOTS('',3,(#1200,#1201,#1202,#1203,#1204,
    #1205,#1206,#1207,#1208,#1209,#1210,#1211,#1212),.UNSPECIFIED.,.F.,
  .F.,(4,1,1,1,1,1,1,1,1,1,4),(0.,0.206463071868,0.418064650956,
    0.634628704967,0.856138693673,1.082589269896,1.31397802753,
    1.550303676965,1.79156544634,2.037762836919,2.288895507745),
  .UNSPECIFIED.);
#1200 = CARTESIAN_POINT('',(-5.247864147645,6.632097845643,-3.));
#1201 = CARTESIAN_POINT('',(-5.286719787656,6.689297780361,-3.));
#1202 = CARTESIAN_POINT('',(-5.355470130567,6.810646383637,-3.));
#1203 = CARTESIAN_POINT('',(-5.436064199218,7.00675679141,-3.));
#1204 = CARTESIAN_POINT('',(-5.503340921255,7.212714066804,-3.));
#1205 = CARTESIAN_POINT('',(-5.55775766633,7.427605818359,-3.));
#1206 = CARTESIAN_POINT('',(-5.600493445073,7.650097307989,-3.));
#1207 = CARTESIAN_POINT('',(-5.631954945093,7.879441443144,-3.));
#1208 = CARTESIAN_POINT('',(-5.652462407864,8.114965104986,-3.));
#1209 = CARTESIAN_POINT('',(-5.66218093115,8.356114709616,-3.));
#1210 = CARTESIAN_POINT('',(-5.66121712254,8.602382499885,-3.));
#1211 = CARTESIAN_POINT('',(-5.653537406672,8.768039831327,-3.));
#1212 = CARTESIAN_POINT('',(-5.647990803514,8.851564826821,-3.));
#1213 = PCURVE('',#45,#1214);
#1214 = DEFINITIONAL_REPRESENTATION('',(#1215),#1229);
#1215 = B_SPLINE_CURVE_WITH_KNOTS('',3,(#1216,#1217,#1218,#1219,#1220,
    #1221,#1222,#1223,#1224,#1225,#1226,#1227,#1228),.UNSPECIFIED.,.F.,
  .F.,(4,1,1,1,1,1,1,1,1,1,4),(0.,0.206463071868,0.418064650956,
    0.634628704967,0.856138693673,1.082589269896,1.31397802753,
    1.550303676965,1.79156544634,2.037762836919,2.288895507745),
  .UNSPECIFIED.);
#1216 = CARTESIAN_POINT('',(-5.247864147645,6.632097845643));
#1217 = CARTESIAN_POINT('',(-5.286719787656,6.689297780361));
#1218 = CARTESIAN_POINT('',(-5.355470130567,6.810646383637));
#1219 = CARTESIAN_POINT('',(-5.436064199218,7.00675679141));
#1220 = CARTESIAN_POINT('',(-5.503340921255,7.212714066804));
#1221 = CARTESIAN_POINT('',(-5.55775766633,7.427605818359));
#1222 = CARTESIAN_POINT('',(-5.600493445073,7.650097307989));
#1223 = CARTESIAN_POINT('',(-5.631954945093,7.879441443144));
#1224 = CARTESIAN_POINT('',(-5.652462407864,8.114965104986));
#1225 = CARTESIAN_POINT('',(-5.66218093115,8.356114709616));
#1226 = CARTESIAN_POINT('',(-5.66121712254,8.602382499885));
#1227 = CARTESIAN_POINT('',(-5.653537406672,8.768039831327));
#1228 = CARTESIAN_POINT('',(-5.647990803514,8.851564826821));
#1229 = ( GEOMETRIC_REPRESENTATION_CONTEXT(2) 
PARAMETRIC_REPRESENTATION_CONTEXT() REPRESENTATION_CONTEXT('2D SPACE',''
  ) );
#1230 = PCURVE('',#1231,#1248);
#1231 = SURFACE_OF_LINEAR_EXTRUSION('',#1232,#1246);
#1232 = B_SPLINE_CURVE_WITH_KNOTS('',3,(#1233,#1234,#1235,#1236,#1237,
    #1238,#1239,#1240,#1241,#1242,#1243,#1244,#1245),.UNSPECIFIED.,.F.,
  .F.,(4,1,1,1,1,1,1,1,1,1,4),(0.,0.206463071868,0.418064650956,
    0.634628704967,0.856138693673,1.082589269896,1.31397802753,
    1.550303676965,1.79156544634,2.037762836919,2.288895507745),
  .UNSPECIFIED.);
#1233 = CARTESIAN_POINT('',(-5.247864147645,6.632097845643,-3.));
#1234 = CARTESIAN_POINT('',(-5.286719787656,6.689297780361,-3.));
#1235 = CARTESIAN_POINT('',(-5.355470130567,6.810646383637,-3.));
#1236 = CARTESIAN_POINT('',(-5.436064199218,7.00675679141,-3.));
#1237 = CARTESIAN_POINT('',(-5.503340921255,7.212714066804,-3.));
#1238 = CARTESIAN_POINT('',(-5.55775766633,7.427605818359,-3.));
#1239 = CARTESIAN_POINT('',(-5.600493445073,7.650097307989,-3.));
#1240 = CARTESIAN_POINT('',(-5.631954945093,7.879441443144,-3.));
#1241 = CARTESIAN_POINT('',(-5.652462407864,8.114965104986,-3.));
#1242 = CARTESIAN_POINT('',(-5.66218093115,8.356114709616,-3.));
#1243 = CARTESIAN_POINT('',(-5.66121712254,8.602382499885,-3.));
#1244 = CARTESIAN_POINT('',(-5.653537406672,8.768039831327,-3.));
#1245 = CARTESIAN_POINT('',(-5.647990803514,8.851564826821,-3.));
#1246 = VECTOR('',#1247,1.);
#1247 = DIRECTION('',(-0.,-0.,-1.));
#1248 = DEFINITIONAL_REPRESENTATION('',(#1249),#1253);
#1249 = LINE('',#1250,#1251);
#1250 = CARTESIAN_POINT('',(0.,0.));
#1251 = VECTOR('',#1252,1.);
#1252 = DIRECTION('',(1.,0.));
#1253 = ( GEOMETRIC_REPRESENTATION_CONTEXT(2) 
PARAMETRIC_REPRESENTATION_CONTEXT() REPRESENTATION_CONTEXT('2D SPACE',''
  ) );
#1254 = ORIENTED_EDGE('',*,*,#1255,.T.);
#1255 = EDGE_CURVE('',#1196,#1256,#1258,.T.);
#1256 = VERTEX_POINT('',#1257);
#1257 = CARTESIAN_POINT('',(-4.421189466627,5.58737046384,-3.));
#1258 = SURFACE_CURVE('',#1259,(#1263,#1270),.PCURVE_S1.);
#1259 = LINE('',#1260,#1261);
#1260 = CARTESIAN_POINT('',(-5.247864147645,6.632097845643,-3.));
#1261 = VECTOR('',#1262,1.);
#1262 = DIRECTION('',(0.620517819877,-0.784192345802,0.));
#1263 = PCURVE('',#45,#1264);
#1264 = DEFINITIONAL_REPRESENTATION('',(#1265),#1269);
#1265 = LINE('',#1266,#1267);
#1266 = CARTESIAN_POINT('',(-5.247864147645,6.632097845643));
#1267 = VECTOR('',#1268,1.);
#1268 = DIRECTION('',(0.620517819877,-0.784192345802));
#1269 = ( GEOMETRIC_REPRESENTATION_CONTEXT(2) 
PARAMETRIC_REPRESENTATION_CONTEXT() REPRESENTATION_CONTEXT('2D SPACE',''
  ) );
#1270 = PCURVE('',#1271,#1276);
#1271 = PLANE('',#1272);
#1272 = AXIS2_PLACEMENT_3D('',#1273,#1274,#1275);
#1273 = CARTESIAN_POINT('',(-5.247864147645,6.632097845643,-3.));
#1274 = DIRECTION('',(0.784192345802,0.620517819877,-0.));
#1275 = DIRECTION('',(0.620517819877,-0.784192345802,0.));
#1276 = DEFINITIONAL_REPRESENTATION('',(#1277),#1281);
#1277 = LINE('',#1278,#1279);
#1278 = CARTESIAN_POINT('',(0.,0.));
#1279 = VECTOR('',#1280,1.);
#1280 = DIRECTION('',(1.,0.));
#1281 = ( GEOMETRIC_REPRESENTATION_CONTEXT(2) 
PARAMETRIC_REPRESENTATION_CONTEXT() REPRESENTATION_CONTEXT('2D SPACE',''
  ) );
#1282 = ORIENTED_EDGE('',*,*,#1283,.T.);
#1283 = EDGE_CURVE('',#1256,#1284,#1286,.T.);
#1284 = VERTEX_POINT('',#1285);
#1285 = CARTESIAN_POINT('',(-5.58737046384,4.421189466627,-3.));
#1286 = SURFACE_CURVE('',#1287,(#1292,#1299),.PCURVE_S1.);
#1287 = CIRCLE('',#1288,7.125);
#1288 = AXIS2_PLACEMENT_3D('',#1289,#1290,#1291);
#1289 = CARTESIAN_POINT('',(2.442794023233E-13,-2.768656017539E-13,-3.)
  );
#1290 = DIRECTION('',(0.,0.,1.));
#1291 = DIRECTION('',(-0.620517819877,0.784192345802,0.));
#1292 = PCURVE('',#45,#1293);
#1293 = DEFINITIONAL_REPRESENTATION('',(#1294),#1298);
#1294 = CIRCLE('',#1295,7.125);
#1295 = AXIS2_PLACEMENT_2D('',#1296,#1297);
#1296 = CARTESIAN_POINT('',(2.442050281023E-13,-2.769936383877E-13));
#1297 = DIRECTION('',(-0.620517819877,0.784192345802));
#1298 = ( GEOMETRIC_REPRESENTATION_CONTEXT(2) 
PARAMETRIC_REPRESENTATION_CONTEXT() REPRESENTATION_CONTEXT('2D SPACE',''
  ) );
#1299 = PCURVE('',#1300,#1305);
#1300 = CYLINDRICAL_SURFACE('',#1301,7.125);
#1301 = AXIS2_PLACEMENT_3D('',#1302,#1303,#1304);
#1302 = CARTESIAN_POINT('',(2.442794023233E-13,-2.768656017539E-13,-3.)
  );
#1303 = DIRECTION('',(-0.,-0.,-1.));
#1304 = DIRECTION('',(-0.620517819877,0.784192345802,0.));
#1305 = DEFINITIONAL_REPRESENTATION('',(#1306),#1310);
#1306 = LINE('',#1307,#1308);
#1307 = CARTESIAN_POINT('',(-0.,0.));
#1308 = VECTOR('',#1309,1.);
#1309 = DIRECTION('',(-1.,0.));
#1310 = ( GEOMETRIC_REPRESENTATION_CONTEXT(2) 
PARAMETRIC_REPRESENTATION_CONTEXT() REPRESENTATION_CONTEXT('2D SPACE',''
  ) );
#1311 = ORIENTED_EDGE('',*,*,#1312,.F.);
#1312 = EDGE_CURVE('',#1313,#1284,#1315,.T.);
#1313 = VERTEX_POINT('',#1314);
#1314 = CARTESIAN_POINT('',(-6.632097845643,5.247864147645,-3.));
#1315 = SURFACE_CURVE('',#1316,(#1320,#1327),.PCURVE_S1.);
#1316 = LINE('',#1317,#1318);
#1317 = CARTESIAN_POINT('',(-6.632097845643,5.247864147645,-3.));
#1318 = VECTOR('',#1319,1.);
#1319 = DIRECTION('',(0.784192345802,-0.620517819877,0.));
#1320 = PCURVE('',#45,#1321);
#1321 = DEFINITIONAL_REPRESENTATION('',(#1322),#1326);
#1322 = LINE('',#1323,#1324);
#1323 = CARTESIAN_POINT('',(-6.632097845643,5.247864147645));
#1324 = VECTOR('',#1325,1.);
#1325 = DIRECTION('',(0.784192345802,-0.620517819877));
#1326 = ( GEOMETRIC_REPRESENTATION_CONTEXT(2) 
PARAMETRIC_REPRESENTATION_CONTEXT() REPRESENTATION_CONTEXT('2D SPACE',''
  ) );
#1327 = PCURVE('',#1328,#1333);
#1328 = PLANE('',#1329);
#1329 = AXIS2_PLACEMENT_3D('',#1330,#1331,#1332);
#1330 = CARTESIAN_POINT('',(-6.632097845643,5.247864147645,-3.));
#1331 = DIRECTION('',(0.620517819877,0.784192345802,-0.));
#1332 = DIRECTION('',(0.784192345802,-0.620517819877,0.));
#1333 = DEFINITIONAL_REPRESENTATION('',(#1334),#1338);
#1334 = LINE('',#1335,#1336);
#1335 = CARTESIAN_POINT('',(0.,0.));
#1336 = VECTOR('',#1337,1.);
#1337 = DIRECTION('',(1.,0.));
#1338 = ( GEOMETRIC_REPRESENTATION_CONTEXT(2) 
PARAMETRIC_REPRESENTATION_CONTEXT() REPRESENTATION_CONTEXT('2D SPACE',''
  ) );
#1339 = ORIENTED_EDGE('',*,*,#1340,.T.);
#1340 = EDGE_CURVE('',#1313,#1341,#1343,.T.);
#1341 = VERTEX_POINT('',#1342);
#1342 = CARTESIAN_POINT('',(-8.851564826821,5.647990803514,-3.));
#1343 = SURFACE_CURVE('',#1344,(#1358,#1375),.PCURVE_S1.);
#1344 = B_SPLINE_CURVE_WITH_KNOTS('',3,(#1345,#1346,#1347,#1348,#1349,
    #1350,#1351,#1352,#1353,#1354,#1355,#1356,#1357),.UNSPECIFIED.,.F.,
  .F.,(4,1,1,1,1,1,1,1,1,1,4),(0.,0.206463071868,0.418064650956,
    0.634628704967,0.856138693673,1.082589269896,1.31397802753,
    1.550303676965,1.79156544634,2.037762836919,2.288895507745),
  .UNSPECIFIED.);
#1345 = CARTESIAN_POINT('',(-6.632097845643,5.247864147645,-3.));
#1346 = CARTESIAN_POINT('',(-6.689297780361,5.286719787656,-3.));
#1347 = CARTESIAN_POINT('',(-6.810646383637,5.355470130567,-3.));
#1348 = CARTESIAN_POINT('',(-7.00675679141,5.436064199218,-3.));
#1349 = CARTESIAN_POINT('',(-7.212714066804,5.503340921255,-3.));
#1350 = CARTESIAN_POINT('',(-7.427605818359,5.55775766633,-3.));
#1351 = CARTESIAN_POINT('',(-7.650097307989,5.600493445073,-3.));
#1352 = CARTESIAN_POINT('',(-7.879441443144,5.631954945093,-3.));
#1353 = CARTESIAN_POINT('',(-8.114965104986,5.652462407864,-3.));
#1354 = CARTESIAN_POINT('',(-8.356114709616,5.66218093115,-3.));
#1355 = CARTESIAN_POINT('',(-8.602382499885,5.66121712254,-3.));
#1356 = CARTESIAN_POINT('',(-8.768039831327,5.653537406672,-3.));
#1357 = CARTESIAN_POINT('',(-8.851564826821,5.647990803514,-3.));
#1358 = PCURVE('',#45,#1359);
#1359 = DEFINITIONAL_REPRESENTATION('',(#1360),#1374);
#1360 = B_SPLINE_CURVE_WITH_KNOTS('',3,(#1361,#1362,#1363,#1364,#1365,
    #1366,#1367,#1368,#1369,#1370,#1371,#1372,#1373),.UNSPECIFIED.,.F.,
  .F.,(4,1,1,1,1,1,1,1,1,1,4),(0.,0.206463071868,0.418064650956,
    0.634628704967,0.856138693673,1.082589269896,1.31397802753,
    1.550303676965,1.79156544634,2.037762836919,2.288895507745),
  .UNSPECIFIED.);
#1361 = CARTESIAN_POINT('',(-6.632097845643,5.247864147645));
#1362 = CARTESIAN_POINT('',(-6.689297780361,5.286719787656));
#1363 = CARTESIAN_POINT('',(-6.810646383637,5.355470130567));
#1364 = CARTESIAN_POINT('',(-7.00675679141,5.436064199218));
#1365 = CARTESIAN_POINT('',(-7.212714066804,5.503340921255));
#1366 = CARTESIAN_POINT('',(-7.427605818359,5.55775766633));
#1367 = CARTESIAN_POINT('',(-7.650097307989,5.600493445073));
#1368 = CARTESIAN_POINT('',(-7.879441443144,5.631954945093));
#1369 = CARTESIAN_POINT('',(-8.114965104986,5.652462407864));
#1370 = CARTESIAN_POINT('',(-8.356114709616,5.66218093115));
#1371 = CARTESIAN_POINT('',(-8.602382499885,5.66121712254));
#1372 = CARTESIAN_POINT('',(-8.768039831327,5.653537406672));
#1373 = CARTESIAN_POINT('',(-8.851564826821,5.647990803514));
#1374 = ( GEOMETRIC_REPRESENTATION_CONTEXT(2) 
PARAMETRIC_REPRESENTATION_CONTEXT() REPRESENTATION_CONTEXT('2D SPACE',''
  ) );
#1375 = PCURVE('',#1376,#1393);
#1376 = SURFACE_OF_LINEAR_EXTRUSION('',#1377,#1391);
#1377 = B_SPLINE_CURVE_WITH_KNOTS('',3,(#1378,#1379,#1380,#1381,#1382,
    #1383,#1384,#1385,#1386,#1387,#1388,#1389,#1390),.UNSPECIFIED.,.F.,
  .F.,(4,1,1,1,1,1,1,1,1,1,4),(0.,0.206463071868,0.418064650956,
    0.634628704967,0.856138693673,1.082589269896,1.31397802753,
    1.550303676965,1.79156544634,2.037762836919,2.288895507745),
  .UNSPECIFIED.);
#1378 = CARTESIAN_POINT('',(-6.632097845643,5.247864147645,-3.));
#1379 = CARTESIAN_POINT('',(-6.689297780361,5.286719787656,-3.));
#1380 = CARTESIAN_POINT('',(-6.810646383637,5.355470130567,-3.));
#1381 = CARTESIAN_POINT('',(-7.00675679141,5.436064199218,-3.));
#1382 = CARTESIAN_POINT('',(-7.212714066804,5.503340921255,-3.));
#1383 = CARTESIAN_POINT('',(-7.427605818359,5.55775766633,-3.));
#1384 = CARTESIAN_POINT('',(-7.650097307989,5.600493445073,-3.));
#1385 = CARTESIAN_POINT('',(-7.879441443144,5.631954945093,-3.));
#1386 = CARTESIAN_POINT('',(-8.114965104986,5.652462407864,-3.));
#1387 = CARTESIAN_POINT('',(-8.356114709616,5.66218093115,-3.));
#1388 = CARTESIAN_POINT('',(-8.602382499885,5.66121712254,-3.));
#1389 = CARTESIAN_POINT('',(-8.768039831327,5.653537406672,-3.));
#1390 = CARTESIAN_POINT('',(-8.851564826821,5.647990803514,-3.));
#1391 = VECTOR('',#1392,1.);
#1392 = DIRECTION('',(-0.,-0.,-1.));
#1393 = DEFINITIONAL_REPRESENTATION('',(#1394),#1398);
#1394 = LINE('',#1395,#1396);
#1395 = CARTESIAN_POINT('',(0.,0.));
#1396 = VECTOR('',#1397,1.);
#1397 = DIRECTION('',(1.,0.));
#1398 = ( GEOMETRIC_REPRESENTATION_CONTEXT(2) 
PARAMETRIC_REPRESENTATION_CONTEXT() REPRESENTATION_CONTEXT('2D SPACE',''
  ) );
#1399 = ORIENTED_EDGE('',*,*,#1400,.T.);
#1400 = EDGE_CURVE('',#1341,#1401,#1403,.T.);
#1401 = VERTEX_POINT('',#1402);
#1402 = CARTESIAN_POINT('',(-9.317085929595,4.841684601515,-3.));
#1403 = SURFACE_CURVE('',#1404,(#1409,#1416),.PCURVE_S1.);
#1404 = CIRCLE('',#1405,10.5);
#1405 = AXIS2_PLACEMENT_3D('',#1406,#1407,#1408);
#1406 = CARTESIAN_POINT('',(1.27977989556E-14,-5.681162781685E-14,-3.));
#1407 = DIRECTION('',(0.,0.,1.));
#1408 = DIRECTION('',(-0.843006173983,0.537903886049,0.));
#1409 = PCURVE('',#45,#1410);
#1410 = DEFINITIONAL_REPRESENTATION('',(#1411),#1415);
#1411 = CIRCLE('',#1412,10.5);
#1412 = AXIS2_PLACEMENT_2D('',#1413,#1414);
#1413 = CARTESIAN_POINT('',(1.272342473451E-14,-5.693966445063E-14));
#1414 = DIRECTION('',(-0.843006173983,0.537903886049));
#1415 = ( GEOMETRIC_REPRESENTATION_CONTEXT(2) 
PARAMETRIC_REPRESENTATION_CONTEXT() REPRESENTATION_CONTEXT('2D SPACE',''
  ) );
#1416 = PCURVE('',#1417,#1422);
#1417 = CYLINDRICAL_SURFACE('',#1418,10.5);
#1418 = AXIS2_PLACEMENT_3D('',#1419,#1420,#1421);
#1419 = CARTESIAN_POINT('',(1.27977989556E-14,-5.681162781685E-14,-3.));
#1420 = DIRECTION('',(-0.,-0.,-1.));
#1421 = DIRECTION('',(-0.843006173983,0.537903886049,0.));
#1422 = DEFINITIONAL_REPRESENTATION('',(#1423),#1427);
#1423 = LINE('',#1424,#1425);
#1424 = CARTESIAN_POINT('',(-0.,0.));
#1425 = VECTOR('',#1426,1.);
#1426 = DIRECTION('',(-1.,0.));
#1427 = ( GEOMETRIC_REPRESENTATION_CONTEXT(2) 
PARAMETRIC_REPRESENTATION_CONTEXT() REPRESENTATION_CONTEXT('2D SPACE',''
  ) );
#1428 = ORIENTED_EDGE('',*,*,#1429,.F.);
#1429 = EDGE_CURVE('',#1430,#1401,#1432,.T.);
#1430 = VERTEX_POINT('',#1431);
#1431 = CARTESIAN_POINT('',(-7.860832590292,3.119633140888,-3.));
#1432 = SURFACE_CURVE('',#1433,(#1447,#1464),.PCURVE_S1.);
#1433 = B_SPLINE_CURVE_WITH_KNOTS('',3,(#1434,#1435,#1436,#1437,#1438,
    #1439,#1440,#1441,#1442,#1443,#1444,#1445,#1446),.UNSPECIFIED.,.F.,
  .F.,(4,1,1,1,1,1,1,1,1,1,4),(0.,0.206463071868,0.418064650956,
    0.634628704967,0.856138693673,1.082589269896,1.31397802753,
    1.550303676965,1.79156544634,2.037762836919,2.288895507745),
  .UNSPECIFIED.);
#1434 = CARTESIAN_POINT('',(-7.860832590292,3.119633140888,-3.));
#1435 = CARTESIAN_POINT('',(-7.92308252898,3.149741917444,-3.));
#1436 = CARTESIAN_POINT('',(-8.043296374098,3.220457719139,-3.));
#1437 = CARTESIAN_POINT('',(-8.211148088831,3.349997279891,-3.));
#1438 = CARTESIAN_POINT('',(-8.372390076896,3.494723151458,-3.));
#1439 = CARTESIAN_POINT('',(-8.526962236299,3.653616494831,-3.));
#1440 = CARTESIAN_POINT('',(-8.675218251156,3.824931887605,-3.));
#1441 = CARTESIAN_POINT('',(-8.817136776992,4.007818984848,-3.));
#1442 = CARTESIAN_POINT('',(-8.95265859164,4.20153472781,-3.));
#1443 = CARTESIAN_POINT('',(-9.081649882007,4.405517149889,-3.));
#1444 = CARTESIAN_POINT('',(-9.203949094402,4.619273216701,-3.));
#1445 = CARTESIAN_POINT('',(-9.280126931087,4.766576531987,-3.));
#1446 = CARTESIAN_POINT('',(-9.317085929595,4.841684601515,-3.));
#1447 = PCURVE('',#45,#1448);
#1448 = DEFINITIONAL_REPRESENTATION('',(#1449),#1463);
#1449 = B_SPLINE_CURVE_WITH_KNOTS('',3,(#1450,#1451,#1452,#1453,#1454,
    #1455,#1456,#1457,#1458,#1459,#1460,#1461,#1462),.UNSPECIFIED.,.F.,
  .F.,(4,1,1,1,1,1,1,1,1,1,4),(0.,0.206463071868,0.418064650956,
    0.634628704967,0.856138693673,1.082589269896,1.31397802753,
    1.550303676965,1.79156544634,2.037762836919,2.288895507745),
  .UNSPECIFIED.);
#1450 = CARTESIAN_POINT('',(-7.860832590292,3.119633140888));
#1451 = CARTESIAN_POINT('',(-7.92308252898,3.149741917444));
#1452 = CARTESIAN_POINT('',(-8.043296374098,3.220457719139));
#1453 = CARTESIAN_POINT('',(-8.211148088831,3.349997279891));
#1454 = CARTESIAN_POINT('',(-8.372390076896,3.494723151458));
#1455 = CARTESIAN_POINT('',(-8.526962236299,3.653616494831));
#1456 = CARTESIAN_POINT('',(-8.675218251156,3.824931887605));
#1457 = CARTESIAN_POINT('',(-8.817136776992,4.007818984848));
#1458 = CARTESIAN_POINT('',(-8.95265859164,4.20153472781));
#1459 = CARTESIAN_POINT('',(-9.081649882007,4.405517149889));
#1460 = CARTESIAN_POINT('',(-9.203949094402,4.619273216701));
#1461 = CARTESIAN_POINT('',(-9.280126931087,4.766576531987));
#1462 = CARTESIAN_POINT('',(-9.317085929595,4.841684601515));
#1463 = ( GEOMETRIC_REPRESENTATION_CONTEXT(2) 
PARAMETRIC_REPRESENTATION_CONTEXT() REPRESENTATION_CONTEXT('2D SPACE',''
  ) );
#1464 = PCURVE('',#1465,#1482);
#1465 = SURFACE_OF_LINEAR_EXTRUSION('',#1466,#1480);
#1466 = B_SPLINE_CURVE_WITH_KNOTS('',3,(#1467,#1468,#1469,#1470,#1471,
    #1472,#1473,#1474,#1475,#1476,#1477,#1478,#1479),.UNSPECIFIED.,.F.,
  .F.,(4,1,1,1,1,1,1,1,1,1,4),(0.,0.206463071868,0.418064650956,
    0.634628704967,0.856138693673,1.082589269896,1.31397802753,
    1.550303676965,1.79156544634,2.037762836919,2.288895507745),
  .UNSPECIFIED.);
#1467 = CARTESIAN_POINT('',(-7.860832590292,3.119633140888,-3.));
#1468 = CARTESIAN_POINT('',(-7.92308252898,3.149741917444,-3.));
#1469 = CARTESIAN_POINT('',(-8.043296374098,3.220457719139,-3.));
#1470 = CARTESIAN_POINT('',(-8.211148088831,3.349997279891,-3.));
#1471 = CARTESIAN_POINT('',(-8.372390076896,3.494723151458,-3.));
#1472 = CARTESIAN_POINT('',(-8.526962236299,3.653616494831,-3.));
#1473 = CARTESIAN_POINT('',(-8.675218251156,3.824931887605,-3.));
#1474 = CARTESIAN_POINT('',(-8.817136776992,4.007818984848,-3.));
#1475 = CARTESIAN_POINT('',(-8.95265859164,4.20153472781,-3.));
#1476 = CARTESIAN_POINT('',(-9.081649882007,4.405517149889,-3.));
#1477 = CARTESIAN_POINT('',(-9.203949094402,4.619273216701,-3.));
#1478 = CARTESIAN_POINT('',(-9.280126931087,4.766576531987,-3.));
#1479 = CARTESIAN_POINT('',(-9.317085929595,4.841684601515,-3.));
#1480 = VECTOR('',#1481,1.);
#1481 = DIRECTION('',(-0.,-0.,-1.));
#1482 = DEFINITIONAL_REPRESENTATION('',(#1483),#1487);
#1483 = LINE('',#1484,#1485);
#1484 = CARTESIAN_POINT('',(0.,0.));
#1485 = VECTOR('',#1486,1.);
#1486 = DIRECTION('',(1.,0.));
#1487 = ( GEOMETRIC_REPRESENTATION_CONTEXT(2) 
PARAMETRIC_REPRESENTATION_CONTEXT() REPRESENTATION_CONTEXT('2D SPACE',''
  ) );
#1488 = ORIENTED_EDGE('',*,*,#1489,.T.);
#1489 = EDGE_CURVE('',#1430,#1490,#1492,.T.);
#1490 = VERTEX_POINT('',#1491);
#1491 = CARTESIAN_POINT('',(-6.622547624963,2.628210028727,-3.));
#1492 = SURFACE_CURVE('',#1493,(#1497,#1504),.PCURVE_S1.);
#1493 = LINE('',#1494,#1495);
#1494 = CARTESIAN_POINT('',(-7.860832590292,3.119633140888,-3.));
#1495 = VECTOR('',#1496,1.);
#1496 = DIRECTION('',(0.929480368416,-0.368871582979,0.));
#1497 = PCURVE('',#45,#1498);
#1498 = DEFINITIONAL_REPRESENTATION('',(#1499),#1503);
#1499 = LINE('',#1500,#1501);
#1500 = CARTESIAN_POINT('',(-7.860832590292,3.119633140888));
#1501 = VECTOR('',#1502,1.);
#1502 = DIRECTION('',(0.929480368416,-0.368871582979));
#1503 = ( GEOMETRIC_REPRESENTATION_CONTEXT(2) 
PARAMETRIC_REPRESENTATION_CONTEXT() REPRESENTATION_CONTEXT('2D SPACE',''
  ) );
#1504 = PCURVE('',#1505,#1510);
#1505 = PLANE('',#1506);
#1506 = AXIS2_PLACEMENT_3D('',#1507,#1508,#1509);
#1507 = CARTESIAN_POINT('',(-7.860832590292,3.119633140888,-3.));
#1508 = DIRECTION('',(0.368871582979,0.929480368416,-0.));
#1509 = DIRECTION('',(0.929480368416,-0.368871582979,0.));
#1510 = DEFINITIONAL_REPRESENTATION('',(#1511),#1515);
#1511 = LINE('',#1512,#1513);
#1512 = CARTESIAN_POINT('',(0.,0.));
#1513 = VECTOR('',#1514,1.);
#1514 = DIRECTION('',(1.,0.));
#1515 = ( GEOMETRIC_REPRESENTATION_CONTEXT(2) 
PARAMETRIC_REPRESENTATION_CONTEXT() REPRESENTATION_CONTEXT('2D SPACE',''
  ) );
#1516 = ORIENTED_EDGE('',*,*,#1517,.T.);
#1517 = EDGE_CURVE('',#1490,#1518,#1520,.T.);
#1518 = VERTEX_POINT('',#1519);
#1519 = CARTESIAN_POINT('',(-7.049399495353,1.035177161123,-3.));
#1520 = SURFACE_CURVE('',#1521,(#1526,#1533),.PCURVE_S1.);
#1521 = CIRCLE('',#1522,7.125);
#1522 = AXIS2_PLACEMENT_3D('',#1523,#1524,#1525);
#1523 = CARTESIAN_POINT('',(3.499849689103E-13,-1.176329433913E-13,-3.)
  );
#1524 = DIRECTION('',(0.,0.,1.));
#1525 = DIRECTION('',(-0.929480368416,0.368871582979,0.));
#1526 = PCURVE('',#45,#1527);
#1527 = DEFINITIONAL_REPRESENTATION('',(#1528),#1532);
#1528 = CIRCLE('',#1529,7.125);
#1529 = AXIS2_PLACEMENT_2D('',#1530,#1531);
#1530 = CARTESIAN_POINT('',(3.499105946892E-13,-1.177609800251E-13));
#1531 = DIRECTION('',(-0.929480368416,0.368871582979));
#1532 = ( GEOMETRIC_REPRESENTATION_CONTEXT(2) 
PARAMETRIC_REPRESENTATION_CONTEXT() REPRESENTATION_CONTEXT('2D SPACE',''
  ) );
#1533 = PCURVE('',#1534,#1539);
#1534 = CYLINDRICAL_SURFACE('',#1535,7.125);
#1535 = AXIS2_PLACEMENT_3D('',#1536,#1537,#1538);
#1536 = CARTESIAN_POINT('',(3.499849689103E-13,-1.176329433913E-13,-3.)
  );
#1537 = DIRECTION('',(-0.,-0.,-1.));
#1538 = DIRECTION('',(-0.929480368416,0.368871582979,0.));
#1539 = DEFINITIONAL_REPRESENTATION('',(#1540),#1544);
#1540 = LINE('',#1541,#1542);
#1541 = CARTESIAN_POINT('',(-0.,0.));
#1542 = VECTOR('',#1543,1.);
#1543 = DIRECTION('',(-1.,0.));
#1544 = ( GEOMETRIC_REPRESENTATION_CONTEXT(2) 
PARAMETRIC_REPRESENTATION_CONTEXT() REPRESENTATION_CONTEXT('2D SPACE',''
  ) );
#1545 = ORIENTED_EDGE('',*,*,#1546,.F.);
#1546 = EDGE_CURVE('',#1547,#1518,#1549,.T.);
#1547 = VERTEX_POINT('',#1548);
#1548 = CARTESIAN_POINT('',(-8.367497288533,1.228734744649,-3.));
#1549 = SURFACE_CURVE('',#1550,(#1554,#1561),.PCURVE_S1.);
#1550 = LINE('',#1551,#1552);
#1551 = CARTESIAN_POINT('',(-8.367497288533,1.228734744649,-3.));
#1552 = VECTOR('',#1553,1.);
#1553 = DIRECTION('',(0.989389402857,-0.145288022614,0.));
#1554 = PCURVE('',#45,#1555);
#1555 = DEFINITIONAL_REPRESENTATION('',(#1556),#1560);
#1556 = LINE('',#1557,#1558);
#1557 = CARTESIAN_POINT('',(-8.367497288533,1.228734744649));
#1558 = VECTOR('',#1559,1.);
#1559 = DIRECTION('',(0.989389402857,-0.145288022614));
#1560 = ( GEOMETRIC_REPRESENTATION_CONTEXT(2) 
PARAMETRIC_REPRESENTATION_CONTEXT() REPRESENTATION_CONTEXT('2D SPACE',''
  ) );
#1561 = PCURVE('',#1562,#1567);
#1562 = PLANE('',#1563);
#1563 = AXIS2_PLACEMENT_3D('',#1564,#1565,#1566);
#1564 = CARTESIAN_POINT('',(-8.367497288533,1.228734744649,-3.));
#1565 = DIRECTION('',(0.145288022614,0.989389402857,-0.));
#1566 = DIRECTION('',(0.989389402857,-0.145288022614,0.));
#1567 = DEFINITIONAL_REPRESENTATION('',(#1568),#1572);
#1568 = LINE('',#1569,#1570);
#1569 = CARTESIAN_POINT('',(0.,0.));
#1570 = VECTOR('',#1571,1.);
#1571 = DIRECTION('',(1.,0.));
#1572 = ( GEOMETRIC_REPRESENTATION_CONTEXT(2) 
PARAMETRIC_REPRESENTATION_CONTEXT() REPRESENTATION_CONTEXT('2D SPACE',''
  ) );
#1573 = ORIENTED_EDGE('',*,*,#1574,.T.);
#1574 = EDGE_CURVE('',#1547,#1575,#1577,.T.);
#1575 = VERTEX_POINT('',#1576);
#1576 = CARTESIAN_POINT('',(-10.48967540502,0.465521102773,-3.));
#1577 = SURFACE_CURVE('',#1578,(#1592,#1609),.PCURVE_S1.);
#1578 = B_SPLINE_CURVE_WITH_KNOTS('',3,(#1579,#1580,#1581,#1582,#1583,
    #1584,#1585,#1586,#1587,#1588,#1589,#1590,#1591),.UNSPECIFIED.,.F.,
  .F.,(4,1,1,1,1,1,1,1,1,1,4),(0.,0.206463071868,0.418064650956,
    0.634628704967,0.856138693673,1.082589269896,1.31397802753,
    1.550303676965,1.79156544634,2.037762836919,2.288895507745),
  .UNSPECIFIED.);
#1579 = CARTESIAN_POINT('',(-8.367497288533,1.228734744649,-3.));
#1580 = CARTESIAN_POINT('',(-8.4364617051,1.233784748619,-3.));
#1581 = CARTESIAN_POINT('',(-8.575927849706,1.232649990461,-3.));
#1582 = CARTESIAN_POINT('',(-8.786061479109,1.204391297421,-3.));
#1583 = CARTESIAN_POINT('',(-8.998064072713,1.159676010092,-3.));
#1584 = CARTESIAN_POINT('',(-9.211374161161,1.09935641794,-3.));
#1585 = CARTESIAN_POINT('',(-9.425425332678,1.025120943167,-3.));
#1586 = CARTESIAN_POINT('',(-9.639773929941,0.937695333848,-3.));
#1587 = CARTESIAN_POINT('',(-9.853997135674,0.837693486654,-3.));
#1588 = CARTESIAN_POINT('',(-10.06769808103,0.725535172392,-3.));
#1589 = CARTESIAN_POINT('',(-10.28049033924,0.601566594517,-3.));
#1590 = CARTESIAN_POINT('',(-10.42011393865,0.51208709976,-3.));
#1591 = CARTESIAN_POINT('',(-10.48967540502,0.465521102773,-3.));
#1592 = PCURVE('',#45,#1593);
#1593 = DEFINITIONAL_REPRESENTATION('',(#1594),#1608);
#1594 = B_SPLINE_CURVE_WITH_KNOTS('',3,(#1595,#1596,#1597,#1598,#1599,
    #1600,#1601,#1602,#1603,#1604,#1605,#1606,#1607),.UNSPECIFIED.,.F.,
  .F.,(4,1,1,1,1,1,1,1,1,1,4),(0.,0.206463071868,0.418064650956,
    0.634628704967,0.856138693673,1.082589269896,1.31397802753,
    1.550303676965,1.79156544634,2.037762836919,2.288895507745),
  .UNSPECIFIED.);
#1595 = CARTESIAN_POINT('',(-8.367497288533,1.228734744649));
#1596 = CARTESIAN_POINT('',(-8.4364617051,1.233784748619));
#1597 = CARTESIAN_POINT('',(-8.575927849706,1.232649990461));
#1598 = CARTESIAN_POINT('',(-8.786061479109,1.204391297421));
#1599 = CARTESIAN_POINT('',(-8.998064072713,1.159676010092));
#1600 = CARTESIAN_POINT('',(-9.211374161161,1.09935641794));
#1601 = CARTESIAN_POINT('',(-9.425425332678,1.025120943167));
#1602 = CARTESIAN_POINT('',(-9.639773929941,0.937695333848));
#1603 = CARTESIAN_POINT('',(-9.853997135674,0.837693486654));
#1604 = CARTESIAN_POINT('',(-10.06769808103,0.725535172392));
#1605 = CARTESIAN_POINT('',(-10.28049033924,0.601566594517));
#1606 = CARTESIAN_POINT('',(-10.42011393865,0.51208709976));
#1607 = CARTESIAN_POINT('',(-10.48967540502,0.465521102773));
#1608 = ( GEOMETRIC_REPRESENTATION_CONTEXT(2) 
PARAMETRIC_REPRESENTATION_CONTEXT() REPRESENTATION_CONTEXT('2D SPACE',''
  ) );
#1609 = PCURVE('',#1610,#1627);
#1610 = SURFACE_OF_LINEAR_EXTRUSION('',#1611,#1625);
#1611 = B_SPLINE_CURVE_WITH_KNOTS('',3,(#1612,#1613,#1614,#1615,#1616,
    #1617,#1618,#1619,#1620,#1621,#1622,#1623,#1624),.UNSPECIFIED.,.F.,
  .F.,(4,1,1,1,1,1,1,1,1,1,4),(0.,0.206463071868,0.418064650956,
    0.634628704967,0.856138693673,1.082589269896,1.31397802753,
    1.550303676965,1.79156544634,2.037762836919,2.288895507745),
  .UNSPECIFIED.);
#1612 = CARTESIAN_POINT('',(-8.367497288533,1.228734744649,-3.));
#1613 = CARTESIAN_POINT('',(-8.4364617051,1.233784748619,-3.));
#1614 = CARTESIAN_POINT('',(-8.575927849706,1.232649990461,-3.));
#1615 = CARTESIAN_POINT('',(-8.786061479109,1.204391297421,-3.));
#1616 = CARTESIAN_POINT('',(-8.998064072713,1.159676010092,-3.));
#1617 = CARTESIAN_POINT('',(-9.211374161161,1.09935641794,-3.));
#1618 = CARTESIAN_POINT('',(-9.425425332678,1.025120943167,-3.));
#1619 = CARTESIAN_POINT('',(-9.639773929941,0.937695333848,-3.));
#1620 = CARTESIAN_POINT('',(-9.853997135674,0.837693486654,-3.));
#1621 = CARTESIAN_POINT('',(-10.06769808103,0.725535172392,-3.));
#1622 = CARTESIAN_POINT('',(-10.28049033924,0.601566594517,-3.));
#1623 = CARTESIAN_POINT('',(-10.42011393865,0.51208709976,-3.));
#1624 = CARTESIAN_POINT('',(-10.48967540502,0.465521102773,-3.));
#1625 = VECTOR('',#1626,1.);
#1626 = DIRECTION('',(-0.,-0.,-1.));
#1627 = DEFINITIONAL_REPRESENTATION('',(#1628),#1632);
#1628 = LINE('',#1629,#1630);
#1629 = CARTESIAN_POINT('',(0.,0.));
#1630 = VECTOR('',#1631,1.);
#1631 = DIRECTION('',(1.,0.));
#1632 = ( GEOMETRIC_REPRESENTATION_CONTEXT(2) 
PARAMETRIC_REPRESENTATION_CONTEXT() REPRESENTATION_CONTEXT('2D SPACE',''
  ) );
#1633 = ORIENTED_EDGE('',*,*,#1634,.T.);
#1634 = EDGE_CURVE('',#1575,#1635,#1637,.T.);
#1635 = VERTEX_POINT('',#1636);
#1636 = CARTESIAN_POINT('',(-10.48967540502,-0.465521102773,-3.));
#1637 = SURFACE_CURVE('',#1638,(#1643,#1650),.PCURVE_S1.);
#1638 = CIRCLE('',#1639,10.5);
#1639 = AXIS2_PLACEMENT_3D('',#1640,#1641,#1642);
#1640 = CARTESIAN_POINT('',(3.94890329165E-14,-4.280141344194E-14,-3.));
#1641 = DIRECTION('',(0.,0.,1.));
#1642 = DIRECTION('',(-0.999016705241,4.433534312129E-02,0.));
#1643 = PCURVE('',#45,#1644);
#1644 = DEFINITIONAL_REPRESENTATION('',(#1645),#1649);
#1645 = CIRCLE('',#1646,10.5);
#1646 = AXIS2_PLACEMENT_2D('',#1647,#1648);
#1647 = CARTESIAN_POINT('',(3.941465869541E-14,-4.292945007572E-14));
#1648 = DIRECTION('',(-0.999016705241,4.433534312129E-02));
#1649 = ( GEOMETRIC_REPRESENTATION_CONTEXT(2) 
PARAMETRIC_REPRESENTATION_CONTEXT() REPRESENTATION_CONTEXT('2D SPACE',''
  ) );
#1650 = PCURVE('',#1651,#1656);
#1651 = CYLINDRICAL_SURFACE('',#1652,10.5);
#1652 = AXIS2_PLACEMENT_3D('',#1653,#1654,#1655);
#1653 = CARTESIAN_POINT('',(3.94890329165E-14,-4.280141344194E-14,-3.));
#1654 = DIRECTION('',(-0.,-0.,-1.));
#1655 = DIRECTION('',(-0.999016705241,4.433534312129E-02,0.));
#1656 = DEFINITIONAL_REPRESENTATION('',(#1657),#1661);
#1657 = LINE('',#1658,#1659);
#1658 = CARTESIAN_POINT('',(-0.,0.));
#1659 = VECTOR('',#1660,1.);
#1660 = DIRECTION('',(-1.,0.));
#1661 = ( GEOMETRIC_REPRESENTATION_CONTEXT(2) 
PARAMETRIC_REPRESENTATION_CONTEXT() REPRESENTATION_CONTEXT('2D SPACE',''
  ) );
#1662 = ORIENTED_EDGE('',*,*,#1663,.F.);
#1663 = EDGE_CURVE('',#1664,#1635,#1666,.T.);
#1664 = VERTEX_POINT('',#1665);
#1665 = CARTESIAN_POINT('',(-8.367497288533,-1.228734744649,-3.));
#1666 = SURFACE_CURVE('',#1667,(#1681,#1698),.PCURVE_S1.);
#1667 = B_SPLINE_CURVE_WITH_KNOTS('',3,(#1668,#1669,#1670,#1671,#1672,
    #1673,#1674,#1675,#1676,#1677,#1678,#1679,#1680),.UNSPECIFIED.,.F.,
  .F.,(4,1,1,1,1,1,1,1,1,1,4),(0.,0.206463071868,0.418064650956,
    0.634628704967,0.856138693673,1.082589269896,1.31397802753,
    1.550303676965,1.79156544634,2.037762836919,2.288895507745),
  .UNSPECIFIED.);
#1668 = CARTESIAN_POINT('',(-8.367497288533,-1.228734744649,-3.));
#1669 = CARTESIAN_POINT('',(-8.4364617051,-1.233784748619,-3.));
#1670 = CARTESIAN_POINT('',(-8.575927849706,-1.232649990461,-3.));
#1671 = CARTESIAN_POINT('',(-8.786061479109,-1.204391297421,-3.));
#1672 = CARTESIAN_POINT('',(-8.998064072713,-1.159676010092,-3.));
#1673 = CARTESIAN_POINT('',(-9.211374161161,-1.09935641794,-3.));
#1674 = CARTESIAN_POINT('',(-9.425425332678,-1.025120943167,-3.));
#1675 = CARTESIAN_POINT('',(-9.639773929941,-0.937695333848,-3.));
#1676 = CARTESIAN_POINT('',(-9.853997135674,-0.837693486654,-3.));
#1677 = CARTESIAN_POINT('',(-10.06769808103,-0.725535172392,-3.));
#1678 = CARTESIAN_POINT('',(-10.28049033924,-0.601566594517,-3.));
#1679 = CARTESIAN_POINT('',(-10.42011393865,-0.51208709976,-3.));
#1680 = CARTESIAN_POINT('',(-10.48967540502,-0.465521102773,-3.));
#1681 = PCURVE('',#45,#1682);
#1682 = DEFINITIONAL_REPRESENTATION('',(#1683),#1697);
#1683 = B_SPLINE_CURVE_WITH_KNOTS('',3,(#1684,#1685,#1686,#1687,#1688,
    #1689,#1690,#1691,#1692,#1693,#1694,#1695,#1696),.UNSPECIFIED.,.F.,
  .F.,(4,1,1,1,1,1,1,1,1,1,4),(0.,0.206463071868,0.418064650956,
    0.634628704967,0.856138693673,1.082589269896,1.31397802753,
    1.550303676965,1.79156544634,2.037762836919,2.288895507745),
  .UNSPECIFIED.);
#1684 = CARTESIAN_POINT('',(-8.367497288533,-1.228734744649));
#1685 = CARTESIAN_POINT('',(-8.4364617051,-1.233784748619));
#1686 = CARTESIAN_POINT('',(-8.575927849706,-1.232649990461));
#1687 = CARTESIAN_POINT('',(-8.786061479109,-1.204391297421));
#1688 = CARTESIAN_POINT('',(-8.998064072713,-1.159676010092));
#1689 = CARTESIAN_POINT('',(-9.211374161161,-1.09935641794));
#1690 = CARTESIAN_POINT('',(-9.425425332678,-1.025120943167));
#1691 = CARTESIAN_POINT('',(-9.639773929941,-0.937695333848));
#1692 = CARTESIAN_POINT('',(-9.853997135674,-0.837693486654));
#1693 = CARTESIAN_POINT('',(-10.06769808103,-0.725535172392));
#1694 = CARTESIAN_POINT('',(-10.28049033924,-0.601566594517));
#1695 = CARTESIAN_POINT('',(-10.42011393865,-0.51208709976));
#1696 = CARTESIAN_POINT('',(-10.48967540502,-0.465521102773));
#1697 = ( GEOMETRIC_REPRESENTATION_CONTEXT(2) 
PARAMETRIC_REPRESENTATION_CONTEXT() REPRESENTATION_CONTEXT('2D SPACE',''
  ) );
#1698 = PCURVE('',#1699,#1716);
#1699 = SURFACE_OF_LINEAR_EXTRUSION('',#1700,#1714);
#1700 = B_SPLINE_CURVE_WITH_KNOTS('',3,(#1701,#1702,#1703,#1704,#1705,
    #1706,#1707,#1708,#1709,#1710,#1711,#1712,#1713),.UNSPECIFIED.,.F.,
  .F.,(4,1,1,1,1,1,1,1,1,1,4),(0.,0.206463071868,0.418064650956,
    0.634628704967,0.856138693673,1.082589269896,1.31397802753,
    1.550303676965,1.79156544634,2.037762836919,2.288895507745),
  .UNSPECIFIED.);
#1701 = CARTESIAN_POINT('',(-8.367497288533,-1.228734744649,-3.));
#1702 = CARTESIAN_POINT('',(-8.4364617051,-1.233784748619,-3.));
#1703 = CARTESIAN_POINT('',(-8.575927849706,-1.232649990461,-3.));
#1704 = CARTESIAN_POINT('',(-8.786061479109,-1.204391297421,-3.));
#1705 = CARTESIAN_POINT('',(-8.998064072713,-1.159676010092,-3.));
#1706 = CARTESIAN_POINT('',(-9.211374161161,-1.09935641794,-3.));
#1707 = CARTESIAN_POINT('',(-9.425425332678,-1.025120943167,-3.));
#1708 = CARTESIAN_POINT('',(-9.639773929941,-0.937695333848,-3.));
#1709 = CARTESIAN_POINT('',(-9.853997135674,-0.837693486654,-3.));
#1710 = CARTESIAN_POINT('',(-10.06769808103,-0.725535172392,-3.));
#1711 = CARTESIAN_POINT('',(-10.28049033924,-0.601566594517,-3.));
#1712 = CARTESIAN_POINT('',(-10.42011393865,-0.51208709976,-3.));
#1713 = CARTESIAN_POINT('',(-10.48967540502,-0.465521102773,-3.));
#1714 = VECTOR('',#1715,1.);
#1715 = DIRECTION('',(-0.,-0.,-1.));
#1716 = DEFINITIONAL_REPRESENTATION('',(#1717),#1721);
#1717 = LINE('',#1718,#1719);
#1718 = CARTESIAN_POINT('',(0.,0.));
#1719 = VECTOR('',#1720,1.);
#1720 = DIRECTION('',(1.,0.));
#1721 = ( GEOMETRIC_REPRESENTATION_CONTEXT(2) 
PARAMETRIC_REPRESENTATION_CONTEXT() REPRESENTATION_CONTEXT('2D SPACE',''
  ) );
#1722 = ORIENTED_EDGE('',*,*,#1723,.T.);
#1723 = EDGE_CURVE('',#1664,#1724,#1726,.T.);
#1724 = VERTEX_POINT('',#1725);
#1725 = CARTESIAN_POINT('',(-7.049399495353,-1.035177161123,-3.));
#1726 = SURFACE_CURVE('',#1727,(#1731,#1738),.PCURVE_S1.);
#1727 = LINE('',#1728,#1729);
#1728 = CARTESIAN_POINT('',(-8.367497288533,-1.228734744649,-3.));
#1729 = VECTOR('',#1730,1.);
#1730 = DIRECTION('',(0.989389402857,0.145288022614,0.));
#1731 = PCURVE('',#45,#1732);
#1732 = DEFINITIONAL_REPRESENTATION('',(#1733),#1737);
#1733 = LINE('',#1734,#1735);
#1734 = CARTESIAN_POINT('',(-8.367497288533,-1.228734744649));
#1735 = VECTOR('',#1736,1.);
#1736 = DIRECTION('',(0.989389402857,0.145288022614));
#1737 = ( GEOMETRIC_REPRESENTATION_CONTEXT(2) 
PARAMETRIC_REPRESENTATION_CONTEXT() REPRESENTATION_CONTEXT('2D SPACE',''
  ) );
#1738 = PCURVE('',#1739,#1744);
#1739 = PLANE('',#1740);
#1740 = AXIS2_PLACEMENT_3D('',#1741,#1742,#1743);
#1741 = CARTESIAN_POINT('',(-8.367497288533,-1.228734744649,-3.));
#1742 = DIRECTION('',(-0.145288022614,0.989389402857,0.));
#1743 = DIRECTION('',(0.989389402857,0.145288022614,0.));
#1744 = DEFINITIONAL_REPRESENTATION('',(#1745),#1749);
#1745 = LINE('',#1746,#1747);
#1746 = CARTESIAN_POINT('',(0.,0.));
#1747 = VECTOR('',#1748,1.);
#1748 = DIRECTION('',(1.,0.));
#1749 = ( GEOMETRIC_REPRESENTATION_CONTEXT(2) 
PARAMETRIC_REPRESENTATION_CONTEXT() REPRESENTATION_CONTEXT('2D SPACE',''
  ) );
#1750 = ORIENTED_EDGE('',*,*,#1751,.T.);
#1751 = EDGE_CURVE('',#1724,#1752,#1754,.T.);
#1752 = VERTEX_POINT('',#1753);
#1753 = CARTESIAN_POINT('',(-6.622547624963,-2.628210028727,-3.));
#1754 = SURFACE_CURVE('',#1755,(#1760,#1767),.PCURVE_S1.);
#1755 = CIRCLE('',#1756,7.125);
#1756 = AXIS2_PLACEMENT_3D('',#1757,#1758,#1759);
#1757 = CARTESIAN_POINT('',(3.619123457146E-13,7.311936715634E-14,-3.));
#1758 = DIRECTION('',(0.,0.,1.));
#1759 = DIRECTION('',(-0.989389402857,-0.145288022614,0.));
#1760 = PCURVE('',#45,#1761);
#1761 = DEFINITIONAL_REPRESENTATION('',(#1762),#1766);
#1762 = CIRCLE('',#1763,7.125);
#1763 = AXIS2_PLACEMENT_2D('',#1764,#1765);
#1764 = CARTESIAN_POINT('',(3.618379714935E-13,7.299133052256E-14));
#1765 = DIRECTION('',(-0.989389402857,-0.145288022614));
#1766 = ( GEOMETRIC_REPRESENTATION_CONTEXT(2) 
PARAMETRIC_REPRESENTATION_CONTEXT() REPRESENTATION_CONTEXT('2D SPACE',''
  ) );
#1767 = PCURVE('',#1768,#1773);
#1768 = CYLINDRICAL_SURFACE('',#1769,7.125);
#1769 = AXIS2_PLACEMENT_3D('',#1770,#1771,#1772);
#1770 = CARTESIAN_POINT('',(3.619123457146E-13,7.311936715634E-14,-3.));
#1771 = DIRECTION('',(-0.,-0.,-1.));
#1772 = DIRECTION('',(-0.989389402857,-0.145288022614,0.));
#1773 = DEFINITIONAL_REPRESENTATION('',(#1774),#1778);
#1774 = LINE('',#1775,#1776);
#1775 = CARTESIAN_POINT('',(-0.,0.));
#1776 = VECTOR('',#1777,1.);
#1777 = DIRECTION('',(-1.,0.));
#1778 = ( GEOMETRIC_REPRESENTATION_CONTEXT(2) 
PARAMETRIC_REPRESENTATION_CONTEXT() REPRESENTATION_CONTEXT('2D SPACE',''
  ) );
#1779 = ORIENTED_EDGE('',*,*,#1780,.F.);
#1780 = EDGE_CURVE('',#1781,#1752,#1783,.T.);
#1781 = VERTEX_POINT('',#1782);
#1782 = CARTESIAN_POINT('',(-7.860832590292,-3.119633140888,-3.));
#1783 = SURFACE_CURVE('',#1784,(#1788,#1795),.PCURVE_S1.);
#1784 = LINE('',#1785,#1786);
#1785 = CARTESIAN_POINT('',(-7.860832590292,-3.119633140888,-3.));
#1786 = VECTOR('',#1787,1.);
#1787 = DIRECTION('',(0.929480368416,0.368871582979,0.));
#1788 = PCURVE('',#45,#1789);
#1789 = DEFINITIONAL_REPRESENTATION('',(#1790),#1794);
#1790 = LINE('',#1791,#1792);
#1791 = CARTESIAN_POINT('',(-7.860832590292,-3.119633140888));
#1792 = VECTOR('',#1793,1.);
#1793 = DIRECTION('',(0.929480368416,0.368871582979));
#1794 = ( GEOMETRIC_REPRESENTATION_CONTEXT(2) 
PARAMETRIC_REPRESENTATION_CONTEXT() REPRESENTATION_CONTEXT('2D SPACE',''
  ) );
#1795 = PCURVE('',#1796,#1801);
#1796 = PLANE('',#1797);
#1797 = AXIS2_PLACEMENT_3D('',#1798,#1799,#1800);
#1798 = CARTESIAN_POINT('',(-7.860832590292,-3.119633140888,-3.));
#1799 = DIRECTION('',(-0.368871582979,0.929480368416,0.));
#1800 = DIRECTION('',(0.929480368416,0.368871582979,0.));
#1801 = DEFINITIONAL_REPRESENTATION('',(#1802),#1806);
#1802 = LINE('',#1803,#1804);
#1803 = CARTESIAN_POINT('',(0.,0.));
#1804 = VECTOR('',#1805,1.);
#1805 = DIRECTION('',(1.,0.));
#1806 = ( GEOMETRIC_REPRESENTATION_CONTEXT(2) 
PARAMETRIC_REPRESENTATION_CONTEXT() REPRESENTATION_CONTEXT('2D SPACE',''
  ) );
#1807 = ORIENTED_EDGE('',*,*,#1808,.T.);
#1808 = EDGE_CURVE('',#1781,#1809,#1811,.T.);
#1809 = VERTEX_POINT('',#1810);
#1810 = CARTESIAN_POINT('',(-9.317085929595,-4.841684601515,-3.));
#1811 = SURFACE_CURVE('',#1812,(#1826,#1843),.PCURVE_S1.);
#1812 = B_SPLINE_CURVE_WITH_KNOTS('',3,(#1813,#1814,#1815,#1816,#1817,
    #1818,#1819,#1820,#1821,#1822,#1823,#1824,#1825),.UNSPECIFIED.,.F.,
  .F.,(4,1,1,1,1,1,1,1,1,1,4),(0.,0.206463071868,0.418064650956,
    0.634628704967,0.856138693673,1.082589269896,1.31397802753,
    1.550303676965,1.79156544634,2.037762836919,2.288895507745),
  .UNSPECIFIED.);
#1813 = CARTESIAN_POINT('',(-7.860832590292,-3.119633140888,-3.));
#1814 = CARTESIAN_POINT('',(-7.92308252898,-3.149741917444,-3.));
#1815 = CARTESIAN_POINT('',(-8.043296374098,-3.220457719139,-3.));
#1816 = CARTESIAN_POINT('',(-8.211148088831,-3.349997279891,-3.));
#1817 = CARTESIAN_POINT('',(-8.372390076896,-3.494723151458,-3.));
#1818 = CARTESIAN_POINT('',(-8.526962236299,-3.653616494831,-3.));
#1819 = CARTESIAN_POINT('',(-8.675218251156,-3.824931887605,-3.));
#1820 = CARTESIAN_POINT('',(-8.817136776992,-4.007818984848,-3.));
#1821 = CARTESIAN_POINT('',(-8.95265859164,-4.20153472781,-3.));
#1822 = CARTESIAN_POINT('',(-9.081649882007,-4.405517149889,-3.));
#1823 = CARTESIAN_POINT('',(-9.203949094402,-4.619273216701,-3.));
#1824 = CARTESIAN_POINT('',(-9.280126931087,-4.766576531987,-3.));
#1825 = CARTESIAN_POINT('',(-9.317085929595,-4.841684601515,-3.));
#1826 = PCURVE('',#45,#1827);
#1827 = DEFINITIONAL_REPRESENTATION('',(#1828),#1842);
#1828 = B_SPLINE_CURVE_WITH_KNOTS('',3,(#1829,#1830,#1831,#1832,#1833,
    #1834,#1835,#1836,#1837,#1838,#1839,#1840,#1841),.UNSPECIFIED.,.F.,
  .F.,(4,1,1,1,1,1,1,1,1,1,4),(0.,0.206463071868,0.418064650956,
    0.634628704967,0.856138693673,1.082589269896,1.31397802753,
    1.550303676965,1.79156544634,2.037762836919,2.288895507745),
  .UNSPECIFIED.);
#1829 = CARTESIAN_POINT('',(-7.860832590292,-3.119633140888));
#1830 = CARTESIAN_POINT('',(-7.92308252898,-3.149741917444));
#1831 = CARTESIAN_POINT('',(-8.043296374098,-3.220457719139));
#1832 = CARTESIAN_POINT('',(-8.211148088831,-3.349997279891));
#1833 = CARTESIAN_POINT('',(-8.372390076896,-3.494723151458));
#1834 = CARTESIAN_POINT('',(-8.526962236299,-3.653616494831));
#1835 = CARTESIAN_POINT('',(-8.675218251156,-3.824931887605));
#1836 = CARTESIAN_POINT('',(-8.817136776992,-4.007818984848));
#1837 = CARTESIAN_POINT('',(-8.95265859164,-4.20153472781));
#1838 = CARTESIAN_POINT('',(-9.081649882007,-4.405517149889));
#1839 = CARTESIAN_POINT('',(-9.203949094402,-4.619273216701));
#1840 = CARTESIAN_POINT('',(-9.280126931087,-4.766576531987));
#1841 = CARTESIAN_POINT('',(-9.317085929595,-4.841684601515));
#1842 = ( GEOMETRIC_REPRESENTATION_CONTEXT(2) 
PARAMETRIC_REPRESENTATION_CONTEXT() REPRESENTATION_CONTEXT('2D SPACE',''
  ) );
#1843 = PCURVE('',#1844,#1861);
#1844 = SURFACE_OF_LINEAR_EXTRUSION('',#1845,#1859);
#1845 = B_SPLINE_CURVE_WITH_KNOTS('',3,(#1846,#1847,#1848,#1849,#1850,
    #1851,#1852,#1853,#1854,#1855,#1856,#1857,#1858),.UNSPECIFIED.,.F.,
  .F.,(4,1,1,1,1,1,1,1,1,1,4),(0.,0.206463071868,0.418064650956,
    0.634628704967,0.856138693673,1.082589269896,1.31397802753,
    1.550303676965,1.79156544634,2.037762836919,2.288895507745),
  .UNSPECIFIED.);
#1846 = CARTESIAN_POINT('',(-7.860832590292,-3.119633140888,-3.));
#1847 = CARTESIAN_POINT('',(-7.92308252898,-3.149741917444,-3.));
#1848 = CARTESIAN_POINT('',(-8.043296374098,-3.220457719139,-3.));
#1849 = CARTESIAN_POINT('',(-8.211148088831,-3.349997279891,-3.));
#1850 = CARTESIAN_POINT('',(-8.372390076896,-3.494723151458,-3.));
#1851 = CARTESIAN_POINT('',(-8.526962236299,-3.653616494831,-3.));
#1852 = CARTESIAN_POINT('',(-8.675218251156,-3.824931887605,-3.));
#1853 = CARTESIAN_POINT('',(-8.817136776992,-4.007818984848,-3.));
#1854 = CARTESIAN_POINT('',(-8.95265859164,-4.20153472781,-3.));
#1855 = CARTESIAN_POINT('',(-9.081649882007,-4.405517149889,-3.));
#1856 = CARTESIAN_POINT('',(-9.203949094402,-4.619273216701,-3.));
#1857 = CARTESIAN_POINT('',(-9.280126931087,-4.766576531987,-3.));
#1858 = CARTESIAN_POINT('',(-9.317085929595,-4.841684601515,-3.));
#1859 = VECTOR('',#1860,1.);
#1860 = DIRECTION('',(-0.,-0.,-1.));
#1861 = DEFINITIONAL_REPRESENTATION('',(#1862),#1866);
#1862 = LINE('',#1863,#1864);
#1863 = CARTESIAN_POINT('',(0.,0.));
#1864 = VECTOR('',#1865,1.);
#1865 = DIRECTION('',(1.,0.));
#1866 = ( GEOMETRIC_REPRESENTATION_CONTEXT(2) 
PARAMETRIC_REPRESENTATION_CONTEXT() REPRESENTATION_CONTEXT('2D SPACE',''
  ) );
#1867 = ORIENTED_EDGE('',*,*,#1868,.T.);
#1868 = EDGE_CURVE('',#1809,#1869,#1871,.T.);
#1869 = VERTEX_POINT('',#1870);
#1870 = CARTESIAN_POINT('',(-8.851564826821,-5.647990803514,-3.));
#1871 = SURFACE_CURVE('',#1872,(#1877,#1884),.PCURVE_S1.);
#1872 = CIRCLE('',#1873,10.5);
#1873 = AXIS2_PLACEMENT_3D('',#1874,#1875,#1876);
#1874 = CARTESIAN_POINT('',(5.559921239754E-14,-1.732259490035E-14,-3.)
  );
#1875 = DIRECTION('',(0.,0.,1.));
#1876 = DIRECTION('',(-0.887341517104,-0.461112819192,0.));
#1877 = PCURVE('',#45,#1878);
#1878 = DEFINITIONAL_REPRESENTATION('',(#1879),#1883);
#1879 = CIRCLE('',#1880,10.5);
#1880 = AXIS2_PLACEMENT_2D('',#1881,#1882);
#1881 = CARTESIAN_POINT('',(5.552483817645E-14,-1.745063153413E-14));
#1882 = DIRECTION('',(-0.887341517104,-0.461112819192));
#1883 = ( GEOMETRIC_REPRESENTATION_CONTEXT(2) 
PARAMETRIC_REPRESENTATION_CONTEXT() REPRESENTATION_CONTEXT('2D SPACE',''
  ) );
#1884 = PCURVE('',#1885,#1890);
#1885 = CYLINDRICAL_SURFACE('',#1886,10.5);
#1886 = AXIS2_PLACEMENT_3D('',#1887,#1888,#1889);
#1887 = CARTESIAN_POINT('',(5.559921239754E-14,-1.732259490035E-14,-3.)
  );
#1888 = DIRECTION('',(-0.,-0.,-1.));
#1889 = DIRECTION('',(-0.887341517104,-0.461112819192,0.));
#1890 = DEFINITIONAL_REPRESENTATION('',(#1891),#1895);
#1891 = LINE('',#1892,#1893);
#1892 = CARTESIAN_POINT('',(-0.,0.));
#1893 = VECTOR('',#1894,1.);
#1894 = DIRECTION('',(-1.,0.));
#1895 = ( GEOMETRIC_REPRESENTATION_CONTEXT(2) 
PARAMETRIC_REPRESENTATION_CONTEXT() REPRESENTATION_CONTEXT('2D SPACE',''
  ) );
#1896 = ORIENTED_EDGE('',*,*,#1897,.F.);
#1897 = EDGE_CURVE('',#1898,#1869,#1900,.T.);
#1898 = VERTEX_POINT('',#1899);
#1899 = CARTESIAN_POINT('',(-6.632097845643,-5.247864147645,-3.));
#1900 = SURFACE_CURVE('',#1901,(#1915,#1932),.PCURVE_S1.);
#1901 = B_SPLINE_CURVE_WITH_KNOTS('',3,(#1902,#1903,#1904,#1905,#1906,
    #1907,#1908,#1909,#1910,#1911,#1912,#1913,#1914),.UNSPECIFIED.,.F.,
  .F.,(4,1,1,1,1,1,1,1,1,1,4),(0.,0.206463071868,0.418064650956,
    0.634628704967,0.856138693673,1.082589269896,1.31397802753,
    1.550303676965,1.79156544634,2.037762836919,2.288895507745),
  .UNSPECIFIED.);
#1902 = CARTESIAN_POINT('',(-6.632097845643,-5.247864147645,-3.));
#1903 = CARTESIAN_POINT('',(-6.689297780361,-5.286719787656,-3.));
#1904 = CARTESIAN_POINT('',(-6.810646383637,-5.355470130567,-3.));
#1905 = CARTESIAN_POINT('',(-7.00675679141,-5.436064199218,-3.));
#1906 = CARTESIAN_POINT('',(-7.212714066804,-5.503340921255,-3.));
#1907 = CARTESIAN_POINT('',(-7.427605818359,-5.55775766633,-3.));
#1908 = CARTESIAN_POINT('',(-7.650097307989,-5.600493445073,-3.));
#1909 = CARTESIAN_POINT('',(-7.879441443144,-5.631954945093,-3.));
#1910 = CARTESIAN_POINT('',(-8.114965104986,-5.652462407864,-3.));
#1911 = CARTESIAN_POINT('',(-8.356114709616,-5.66218093115,-3.));
#1912 = CARTESIAN_POINT('',(-8.602382499885,-5.66121712254,-3.));
#1913 = CARTESIAN_POINT('',(-8.768039831327,-5.653537406672,-3.));
#1914 = CARTESIAN_POINT('',(-8.851564826821,-5.647990803514,-3.));
#1915 = PCURVE('',#45,#1916);
#1916 = DEFINITIONAL_REPRESENTATION('',(#1917),#1931);
#1917 = B_SPLINE_CURVE_WITH_KNOTS('',3,(#1918,#1919,#1920,#1921,#1922,
    #1923,#1924,#1925,#1926,#1927,#1928,#1929,#1930),.UNSPECIFIED.,.F.,
  .F.,(4,1,1,1,1,1,1,1,1,1,4),(0.,0.206463071868,0.418064650956,
    0.634628704967,0.856138693673,1.082589269896,1.31397802753,
    1.550303676965,1.79156544634,2.037762836919,2.288895507745),
  .UNSPECIFIED.);
#1918 = CARTESIAN_POINT('',(-6.632097845643,-5.247864147645));
#1919 = CARTESIAN_POINT('',(-6.689297780361,-5.286719787656));
#1920 = CARTESIAN_POINT('',(-6.810646383637,-5.355470130567));
#1921 = CARTESIAN_POINT('',(-7.00675679141,-5.436064199218));
#1922 = CARTESIAN_POINT('',(-7.212714066804,-5.503340921255));
#1923 = CARTESIAN_POINT('',(-7.427605818359,-5.55775766633));
#1924 = CARTESIAN_POINT('',(-7.650097307989,-5.600493445073));
#1925 = CARTESIAN_POINT('',(-7.879441443144,-5.631954945093));
#1926 = CARTESIAN_POINT('',(-8.114965104986,-5.652462407864));
#1927 = CARTESIAN_POINT('',(-8.356114709616,-5.66218093115));
#1928 = CARTESIAN_POINT('',(-8.602382499885,-5.66121712254));
#1929 = CARTESIAN_POINT('',(-8.768039831327,-5.653537406672));
#1930 = CARTESIAN_POINT('',(-8.851564826821,-5.647990803514));
#1931 = ( GEOMETRIC_REPRESENTATION_CONTEXT(2) 
PARAMETRIC_REPRESENTATION_CONTEXT() REPRESENTATION_CONTEXT('2D SPACE',''
  ) );
#1932 = PCURVE('',#1933,#1950);
#1933 = SURFACE_OF_LINEAR_EXTRUSION('',#1934,#1948);
#1934 = B_SPLINE_CURVE_WITH_KNOTS('',3,(#1935,#1936,#1937,#1938,#1939,
    #1940,#1941,#1942,#1943,#1944,#1945,#1946,#1947),.UNSPECIFIED.,.F.,
  .F.,(4,1,1,1,1,1,1,1,1,1,4),(0.,0.206463071868,0.418064650956,
    0.634628704967,0.856138693673,1.082589269896,1.31397802753,
    1.550303676965,1.79156544634,2.037762836919,2.288895507745),
  .UNSPECIFIED.);
#1935 = CARTESIAN_POINT('',(-6.632097845643,-5.247864147645,-3.));
#1936 = CARTESIAN_POINT('',(-6.689297780361,-5.286719787656,-3.));
#1937 = CARTESIAN_POINT('',(-6.810646383637,-5.355470130567,-3.));
#1938 = CARTESIAN_POINT('',(-7.00675679141,-5.436064199218,-3.));
#1939 = CARTESIAN_POINT('',(-7.212714066804,-5.503340921255,-3.));
#1940 = CARTESIAN_POINT('',(-7.427605818359,-5.55775766633,-3.));
#1941 = CARTESIAN_POINT('',(-7.650097307989,-5.600493445073,-3.));
#1942 = CARTESIAN_POINT('',(-7.879441443144,-5.631954945093,-3.));
#1943 = CARTESIAN_POINT('',(-8.114965104986,-5.652462407864,-3.));
#1944 = CARTESIAN_POINT('',(-8.356114709616,-5.66218093115,-3.));
#1945 = CARTESIAN_POINT('',(-8.602382499885,-5.66121712254,-3.));
#1946 = CARTESIAN_POINT('',(-8.768039831327,-5.653537406672,-3.));
#1947 = CARTESIAN_POINT('',(-8.851564826821,-5.647990803514,-3.));
#1948 = VECTOR('',#1949,1.);
#1949 = DIRECTION('',(-0.,-0.,-1.));
#1950 = DEFINITIONAL_REPRESENTATION('',(#1951),#1955);
#1951 = LINE('',#1952,#1953);
#1952 = CARTESIAN_POINT('',(0.,0.));
#1953 = VECTOR('',#1954,1.);
#1954 = DIRECTION('',(1.,0.));
#1955 = ( GEOMETRIC_REPRESENTATION_CONTEXT(2) 
PARAMETRIC_REPRESENTATION_CONTEXT() REPRESENTATION_CONTEXT('2D SPACE',''
  ) );
#1956 = ORIENTED_EDGE('',*,*,#1957,.T.);
#1957 = EDGE_CURVE('',#1898,#1958,#1960,.T.);
#1958 = VERTEX_POINT('',#1959);
#1959 = CARTESIAN_POINT('',(-5.58737046384,-4.421189466627,-3.));
#1960 = SURFACE_CURVE('',#1961,(#1965,#1972),.PCURVE_S1.);
#1961 = LINE('',#1962,#1963);
#1962 = CARTESIAN_POINT('',(-6.632097845643,-5.247864147645,-3.));
#1963 = VECTOR('',#1964,1.);
#1964 = DIRECTION('',(0.784192345802,0.620517819877,0.));
#1965 = PCURVE('',#45,#1966);
#1966 = DEFINITIONAL_REPRESENTATION('',(#1967),#1971);
#1967 = LINE('',#1968,#1969);
#1968 = CARTESIAN_POINT('',(-6.632097845643,-5.247864147645));
#1969 = VECTOR('',#1970,1.);
#1970 = DIRECTION('',(0.784192345802,0.620517819877));
#1971 = ( GEOMETRIC_REPRESENTATION_CONTEXT(2) 
PARAMETRIC_REPRESENTATION_CONTEXT() REPRESENTATION_CONTEXT('2D SPACE',''
  ) );
#1972 = PCURVE('',#1973,#1978);
#1973 = PLANE('',#1974);
#1974 = AXIS2_PLACEMENT_3D('',#1975,#1976,#1977);
#1975 = CARTESIAN_POINT('',(-6.632097845643,-5.247864147645,-3.));
#1976 = DIRECTION('',(-0.620517819877,0.784192345802,0.));
#1977 = DIRECTION('',(0.784192345802,0.620517819877,0.));
#1978 = DEFINITIONAL_REPRESENTATION('',(#1979),#1983);
#1979 = LINE('',#1980,#1981);
#1980 = CARTESIAN_POINT('',(0.,0.));
#1981 = VECTOR('',#1982,1.);
#1982 = DIRECTION('',(1.,0.));
#1983 = ( GEOMETRIC_REPRESENTATION_CONTEXT(2) 
PARAMETRIC_REPRESENTATION_CONTEXT() REPRESENTATION_CONTEXT('2D SPACE',''
  ) );
#1984 = ORIENTED_EDGE('',*,*,#1985,.T.);
#1985 = EDGE_CURVE('',#1958,#1986,#1988,.T.);
#1986 = VERTEX_POINT('',#1987);
#1987 = CARTESIAN_POINT('',(-4.421189466627,-5.58737046384,-3.));
#1988 = SURFACE_CURVE('',#1989,(#1994,#2001),.PCURVE_S1.);
#1989 = CIRCLE('',#1990,7.125);
#1990 = AXIS2_PLACEMENT_3D('',#1991,#1992,#1993);
#1991 = CARTESIAN_POINT('',(2.768656017539E-13,2.442794023233E-13,-3.));
#1992 = DIRECTION('',(0.,0.,1.));
#1993 = DIRECTION('',(-0.784192345802,-0.620517819877,0.));
#1994 = PCURVE('',#45,#1995);
#1995 = DEFINITIONAL_REPRESENTATION('',(#1996),#2000);
#1996 = CIRCLE('',#1997,7.125);
#1997 = AXIS2_PLACEMENT_2D('',#1998,#1999);
#1998 = CARTESIAN_POINT('',(2.767912275328E-13,2.441513656896E-13));
#1999 = DIRECTION('',(-0.784192345802,-0.620517819877));
#2000 = ( GEOMETRIC_REPRESENTATION_CONTEXT(2) 
PARAMETRIC_REPRESENTATION_CONTEXT() REPRESENTATION_CONTEXT('2D SPACE',''
  ) );
#2001 = PCURVE('',#2002,#2007);
#2002 = CYLINDRICAL_SURFACE('',#2003,7.125);
#2003 = AXIS2_PLACEMENT_3D('',#2004,#2005,#2006);
#2004 = CARTESIAN_POINT('',(2.768656017539E-13,2.442794023233E-13,-3.));
#2005 = DIRECTION('',(-0.,-0.,-1.));
#2006 = DIRECTION('',(-0.784192345802,-0.620517819877,0.));
#2007 = DEFINITIONAL_REPRESENTATION('',(#2008),#2012);
#2008 = LINE('',#2009,#2010);
#2009 = CARTESIAN_POINT('',(-0.,0.));
#2010 = VECTOR('',#2011,1.);
#2011 = DIRECTION('',(-1.,0.));
#2012 = ( GEOMETRIC_REPRESENTATION_CONTEXT(2) 
PARAMETRIC_REPRESENTATION_CONTEXT() REPRESENTATION_CONTEXT('2D SPACE',''
  ) );
#2013 = ORIENTED_EDGE('',*,*,#2014,.F.);
#2014 = EDGE_CURVE('',#2015,#1986,#2017,.T.);
#2015 = VERTEX_POINT('',#2016);
#2016 = CARTESIAN_POINT('',(-5.247864147645,-6.632097845643,-3.));
#2017 = SURFACE_CURVE('',#2018,(#2022,#2029),.PCURVE_S1.);
#2018 = LINE('',#2019,#2020);
#2019 = CARTESIAN_POINT('',(-5.247864147645,-6.632097845643,-3.));
#2020 = VECTOR('',#2021,1.);
#2021 = DIRECTION('',(0.620517819877,0.784192345802,0.));
#2022 = PCURVE('',#45,#2023);
#2023 = DEFINITIONAL_REPRESENTATION('',(#2024),#2028);
#2024 = LINE('',#2025,#2026);
#2025 = CARTESIAN_POINT('',(-5.247864147645,-6.632097845643));
#2026 = VECTOR('',#2027,1.);
#2027 = DIRECTION('',(0.620517819877,0.784192345802));
#2028 = ( GEOMETRIC_REPRESENTATION_CONTEXT(2) 
PARAMETRIC_REPRESENTATION_CONTEXT() REPRESENTATION_CONTEXT('2D SPACE',''
  ) );
#2029 = PCURVE('',#2030,#2035);
#2030 = PLANE('',#2031);
#2031 = AXIS2_PLACEMENT_3D('',#2032,#2033,#2034);
#2032 = CARTESIAN_POINT('',(-5.247864147645,-6.632097845643,-3.));
#2033 = DIRECTION('',(-0.784192345802,0.620517819877,0.));
#2034 = DIRECTION('',(0.620517819877,0.784192345802,0.));
#2035 = DEFINITIONAL_REPRESENTATION('',(#2036),#2040);
#2036 = LINE('',#2037,#2038);
#2037 = CARTESIAN_POINT('',(0.,0.));
#2038 = VECTOR('',#2039,1.);
#2039 = DIRECTION('',(1.,0.));
#2040 = ( GEOMETRIC_REPRESENTATION_CONTEXT(2) 
PARAMETRIC_REPRESENTATION_CONTEXT() REPRESENTATION_CONTEXT('2D SPACE',''
  ) );
#2041 = ORIENTED_EDGE('',*,*,#2042,.T.);
#2042 = EDGE_CURVE('',#2015,#2043,#2045,.T.);
#2043 = VERTEX_POINT('',#2044);
#2044 = CARTESIAN_POINT('',(-5.647990803514,-8.851564826821,-3.));
#2045 = SURFACE_CURVE('',#2046,(#2060,#2077),.PCURVE_S1.);
#2046 = B_SPLINE_CURVE_WITH_KNOTS('',3,(#2047,#2048,#2049,#2050,#2051,
    #2052,#2053,#2054,#2055,#2056,#2057,#2058,#2059),.UNSPECIFIED.,.F.,
  .F.,(4,1,1,1,1,1,1,1,1,1,4),(0.,0.206463071868,0.418064650956,
    0.634628704967,0.856138693673,1.082589269896,1.31397802753,
    1.550303676965,1.79156544634,2.037762836919,2.288895507745),
  .UNSPECIFIED.);
#2047 = CARTESIAN_POINT('',(-5.247864147645,-6.632097845643,-3.));
#2048 = CARTESIAN_POINT('',(-5.286719787656,-6.689297780361,-3.));
#2049 = CARTESIAN_POINT('',(-5.355470130567,-6.810646383637,-3.));
#2050 = CARTESIAN_POINT('',(-5.436064199218,-7.00675679141,-3.));
#2051 = CARTESIAN_POINT('',(-5.503340921255,-7.212714066804,-3.));
#2052 = CARTESIAN_POINT('',(-5.55775766633,-7.427605818359,-3.));
#2053 = CARTESIAN_POINT('',(-5.600493445073,-7.650097307989,-3.));
#2054 = CARTESIAN_POINT('',(-5.631954945093,-7.879441443144,-3.));
#2055 = CARTESIAN_POINT('',(-5.652462407864,-8.114965104986,-3.));
#2056 = CARTESIAN_POINT('',(-5.66218093115,-8.356114709616,-3.));
#2057 = CARTESIAN_POINT('',(-5.66121712254,-8.602382499885,-3.));
#2058 = CARTESIAN_POINT('',(-5.653537406672,-8.768039831327,-3.));
#2059 = CARTESIAN_POINT('',(-5.647990803514,-8.851564826821,-3.));
#2060 = PCURVE('',#45,#2061);
#2061 = DEFINITIONAL_REPRESENTATION('',(#2062),#2076);
#2062 = B_SPLINE_CURVE_WITH_KNOTS('',3,(#2063,#2064,#2065,#2066,#2067,
    #2068,#2069,#2070,#2071,#2072,#2073,#2074,#2075),.UNSPECIFIED.,.F.,
  .F.,(4,1,1,1,1,1,1,1,1,1,4),(0.,0.206463071868,0.418064650956,
    0.634628704967,0.856138693673,1.082589269896,1.31397802753,
    1.550303676965,1.79156544634,2.037762836919,2.288895507745),
  .UNSPECIFIED.);
#2063 = CARTESIAN_POINT('',(-5.247864147645,-6.632097845643));
#2064 = CARTESIAN_POINT('',(-5.286719787656,-6.689297780361));
#2065 = CARTESIAN_POINT('',(-5.355470130567,-6.810646383637));
#2066 = CARTESIAN_POINT('',(-5.436064199218,-7.00675679141));
#2067 = CARTESIAN_POINT('',(-5.503340921255,-7.212714066804));
#2068 = CARTESIAN_POINT('',(-5.55775766633,-7.427605818359));
#2069 = CARTESIAN_POINT('',(-5.600493445073,-7.650097307989));
#2070 = CARTESIAN_POINT('',(-5.631954945093,-7.879441443144));
#2071 = CARTESIAN_POINT('',(-5.652462407864,-8.114965104986));
#2072 = CARTESIAN_POINT('',(-5.66218093115,-8.356114709616));
#2073 = CARTESIAN_POINT('',(-5.66121712254,-8.602382499885));
#2074 = CARTESIAN_POINT('',(-5.653537406672,-8.768039831327));
#2075 = CARTESIAN_POINT('',(-5.647990803514,-8.851564826821));
#2076 = ( GEOMETRIC_REPRESENTATION_CONTEXT(2) 
PARAMETRIC_REPRESENTATION_CONTEXT() REPRESENTATION_CONTEXT('2D SPACE',''
  ) );
#2077 = PCURVE('',#2078,#2095);
#2078 = SURFACE_OF_LINEAR_EXTRUSION('',#2079,#2093);
#2079 = B_SPLINE_CURVE_WITH_KNOTS('',3,(#2080,#2081,#2082,#2083,#2084,
    #2085,#2086,#2087,#2088,#2089,#2090,#2091,#2092),.UNSPECIFIED.,.F.,
  .F.,(4,1,1,1,1,1,1,1,1,1,4),(0.,0.206463071868,0.418064650956,
    0.634628704967,0.856138693673,1.082589269896,1.31397802753,
    1.550303676965,1.79156544634,2.037762836919,2.288895507745),
  .UNSPECIFIED.);
#2080 = CARTESIAN_POINT('',(-5.247864147645,-6.632097845643,-3.));
#2081 = CARTESIAN_POINT('',(-5.286719787656,-6.689297780361,-3.));
#2082 = CARTESIAN_POINT('',(-5.355470130567,-6.810646383637,-3.));
#2083 = CARTESIAN_POINT('',(-5.436064199218,-7.00675679141,-3.));
#2084 = CARTESIAN_POINT('',(-5.503340921255,-7.212714066804,-3.));
#2085 = CARTESIAN_POINT('',(-5.55775766633,-7.427605818359,-3.));
#2086 = CARTESIAN_POINT('',(-5.600493445073,-7.650097307989,-3.));
#2087 = CARTESIAN_POINT('',(-5.631954945093,-7.879441443144,-3.));
#2088 = CARTESIAN_POINT('',(-5.652462407864,-8.114965104986,-3.));
#2089 = CARTESIAN_POINT('',(-5.66218093115,-8.356114709616,-3.));
#2090 = CARTESIAN_POINT('',(-5.66121712254,-8.602382499885,-3.));
#2091 = CARTESIAN_POINT('',(-5.653537406672,-8.768039831327,-3.));
#2092 = CARTESIAN_POINT('',(-5.647990803514,-8.851564826821,-3.));
#2093 = VECTOR('',#2094,1.);
#2094 = DIRECTION('',(-0.,-0.,-1.));
#2095 = DEFINITIONAL_REPRESENTATION('',(#2096),#2100);
#2096 = LINE('',#2097,#2098);
#2097 = CARTESIAN_POINT('',(0.,0.));
#2098 = VECTOR('',#2099,1.);
#2099 = DIRECTION('',(1.,0.));
#2100 = ( GEOMETRIC_REPRESENTATION_CONTEXT(2) 
PARAMETRIC_REPRESENTATION_CONTEXT() REPRESENTATION_CONTEXT('2D SPACE',''
  ) );
#2101 = ORIENTED_EDGE('',*,*,#2102,.T.);
#2102 = EDGE_CURVE('',#2043,#2103,#2105,.T.);
#2103 = VERTEX_POINT('',#2104);
#2104 = CARTESIAN_POINT('',(-4.841684601515,-9.317085929595,-3.));
#2105 = SURFACE_CURVE('',#2106,(#2111,#2118),.PCURVE_S1.);
#2106 = CIRCLE('',#2107,10.5);
#2107 = AXIS2_PLACEMENT_3D('',#2108,#2109,#2110);
#2108 = CARTESIAN_POINT('',(5.681162781685E-14,1.27977989556E-14,-3.));
#2109 = DIRECTION('',(0.,0.,1.));
#2110 = DIRECTION('',(-0.537903886049,-0.843006173983,0.));
#2111 = PCURVE('',#45,#2112);
#2112 = DEFINITIONAL_REPRESENTATION('',(#2113),#2117);
#2113 = CIRCLE('',#2114,10.5);
#2114 = AXIS2_PLACEMENT_2D('',#2115,#2116);
#2115 = CARTESIAN_POINT('',(5.673725359576E-14,1.266976232182E-14));
#2116 = DIRECTION('',(-0.537903886049,-0.843006173983));
#2117 = ( GEOMETRIC_REPRESENTATION_CONTEXT(2) 
PARAMETRIC_REPRESENTATION_CONTEXT() REPRESENTATION_CONTEXT('2D SPACE',''
  ) );
#2118 = PCURVE('',#2119,#2124);
#2119 = CYLINDRICAL_SURFACE('',#2120,10.5);
#2120 = AXIS2_PLACEMENT_3D('',#2121,#2122,#2123);
#2121 = CARTESIAN_POINT('',(5.681162781685E-14,1.27977989556E-14,-3.));
#2122 = DIRECTION('',(-0.,-0.,-1.));
#2123 = DIRECTION('',(-0.537903886049,-0.843006173983,0.));
#2124 = DEFINITIONAL_REPRESENTATION('',(#2125),#2129);
#2125 = LINE('',#2126,#2127);
#2126 = CARTESIAN_POINT('',(-0.,0.));
#2127 = VECTOR('',#2128,1.);
#2128 = DIRECTION('',(-1.,0.));
#2129 = ( GEOMETRIC_REPRESENTATION_CONTEXT(2) 
PARAMETRIC_REPRESENTATION_CONTEXT() REPRESENTATION_CONTEXT('2D SPACE',''
  ) );
#2130 = ORIENTED_EDGE('',*,*,#2131,.F.);
#2131 = EDGE_CURVE('',#2132,#2103,#2134,.T.);
#2132 = VERTEX_POINT('',#2133);
#2133 = CARTESIAN_POINT('',(-3.119633140888,-7.860832590292,-3.));
#2134 = SURFACE_CURVE('',#2135,(#2149,#2166),.PCURVE_S1.);
#2135 = B_SPLINE_CURVE_WITH_KNOTS('',3,(#2136,#2137,#2138,#2139,#2140,
    #2141,#2142,#2143,#2144,#2145,#2146,#2147,#2148),.UNSPECIFIED.,.F.,
  .F.,(4,1,1,1,1,1,1,1,1,1,4),(0.,0.206463071868,0.418064650956,
    0.634628704967,0.856138693673,1.082589269896,1.31397802753,
    1.550303676965,1.79156544634,2.037762836919,2.288895507745),
  .UNSPECIFIED.);
#2136 = CARTESIAN_POINT('',(-3.119633140888,-7.860832590292,-3.));
#2137 = CARTESIAN_POINT('',(-3.149741917444,-7.92308252898,-3.));
#2138 = CARTESIAN_POINT('',(-3.220457719139,-8.043296374098,-3.));
#2139 = CARTESIAN_POINT('',(-3.349997279891,-8.211148088831,-3.));
#2140 = CARTESIAN_POINT('',(-3.494723151458,-8.372390076896,-3.));
#2141 = CARTESIAN_POINT('',(-3.653616494831,-8.526962236299,-3.));
#2142 = CARTESIAN_POINT('',(-3.824931887605,-8.675218251156,-3.));
#2143 = CARTESIAN_POINT('',(-4.007818984848,-8.817136776992,-3.));
#2144 = CARTESIAN_POINT('',(-4.20153472781,-8.95265859164,-3.));
#2145 = CARTESIAN_POINT('',(-4.405517149889,-9.081649882007,-3.));
#2146 = CARTESIAN_POINT('',(-4.619273216701,-9.203949094402,-3.));
#2147 = CARTESIAN_POINT('',(-4.766576531987,-9.280126931087,-3.));
#2148 = CARTESIAN_POINT('',(-4.841684601515,-9.317085929595,-3.));
#2149 = PCURVE('',#45,#2150);
#2150 = DEFINITIONAL_REPRESENTATION('',(#2151),#2165);
#2151 = B_SPLINE_CURVE_WITH_KNOTS('',3,(#2152,#2153,#2154,#2155,#2156,
    #2157,#2158,#2159,#2160,#2161,#2162,#2163,#2164),.UNSPECIFIED.,.F.,
  .F.,(4,1,1,1,1,1,1,1,1,1,4),(0.,0.206463071868,0.418064650956,
    0.634628704967,0.856138693673,1.082589269896,1.31397802753,
    1.550303676965,1.79156544634,2.037762836919,2.288895507745),
  .UNSPECIFIED.);
#2152 = CARTESIAN_POINT('',(-3.119633140888,-7.860832590292));
#2153 = CARTESIAN_POINT('',(-3.149741917444,-7.92308252898));
#2154 = CARTESIAN_POINT('',(-3.220457719139,-8.043296374098));
#2155 = CARTESIAN_POINT('',(-3.349997279891,-8.211148088831));
#2156 = CARTESIAN_POINT('',(-3.494723151458,-8.372390076896));
#2157 = CARTESIAN_POINT('',(-3.653616494831,-8.526962236299));
#2158 = CARTESIAN_POINT('',(-3.824931887605,-8.675218251156));
#2159 = CARTESIAN_POINT('',(-4.007818984848,-8.817136776992));
#2160 = CARTESIAN_POINT('',(-4.20153472781,-8.95265859164));
#2161 = CARTESIAN_POINT('',(-4.405517149889,-9.081649882007));
#2162 = CARTESIAN_POINT('',(-4.619273216701,-9.203949094402));
#2163 = CARTESIAN_POINT('',(-4.766576531987,-9.280126931087));
#2164 = CARTESIAN_POINT('',(-4.841684601515,-9.317085929595));
#2165 = ( GEOMETRIC_REPRESENTATION_CONTEXT(2) 
PARAMETRIC_REPRESENTATION_CONTEXT() REPRESENTATION_CONTEXT('2D SPACE',''
  ) );
#2166 = PCURVE('',#2167,#2184);
#2167 = SURFACE_OF_LINEAR_EXTRUSION('',#2168,#2182);
#2168 = B_SPLINE_CURVE_WITH_KNOTS('',3,(#2169,#2170,#2171,#2172,#2173,
    #2174,#2175,#2176,#2177,#2178,#2179,#2180,#2181),.UNSPECIFIED.,.F.,
  .F.,(4,1,1,1,1,1,1,1,1,1,4),(0.,0.206463071868,0.418064650956,
    0.634628704967,0.856138693673,1.082589269896,1.31397802753,
    1.550303676965,1.79156544634,2.037762836919,2.288895507745),
  .UNSPECIFIED.);
#2169 = CARTESIAN_POINT('',(-3.119633140888,-7.860832590292,-3.));
#2170 = CARTESIAN_POINT('',(-3.149741917444,-7.92308252898,-3.));
#2171 = CARTESIAN_POINT('',(-3.220457719139,-8.043296374098,-3.));
#2172 = CARTESIAN_POINT('',(-3.349997279891,-8.211148088831,-3.));
#2173 = CARTESIAN_POINT('',(-3.494723151458,-8.372390076896,-3.));
#2174 = CARTESIAN_POINT('',(-3.653616494831,-8.526962236299,-3.));
#2175 = CARTESIAN_POINT('',(-3.824931887605,-8.675218251156,-3.));
#2176 = CARTESIAN_POINT('',(-4.007818984848,-8.817136776992,-3.));
#2177 = CARTESIAN_POINT('',(-4.20153472781,-8.95265859164,-3.));
#2178 = CARTESIAN_POINT('',(-4.405517149889,-9.081649882007,-3.));
#2179 = CARTESIAN_POINT('',(-4.619273216701,-9.203949094402,-3.));
#2180 = CARTESIAN_POINT('',(-4.766576531987,-9.280126931087,-3.));
#2181 = CARTESIAN_POINT('',(-4.841684601515,-9.317085929595,-3.));
#2182 = VECTOR('',#2183,1.);
#2183 = DIRECTION('',(-0.,-0.,-1.));
#2184 = DEFINITIONAL_REPRESENTATION('',(#2185),#2189);
#2185 = LINE('',#2186,#2187);
#2186 = CARTESIAN_POINT('',(0.,0.));
#2187 = VECTOR('',#2188,1.);
#2188 = DIRECTION('',(1.,0.));
#2189 = ( GEOMETRIC_REPRESENTATION_CONTEXT(2) 
PARAMETRIC_REPRESENTATION_CONTEXT() REPRESENTATION_CONTEXT('2D SPACE',''
  ) );
#2190 = ORIENTED_EDGE('',*,*,#2191,.T.);
#2191 = EDGE_CURVE('',#2132,#2192,#2194,.T.);
#2192 = VERTEX_POINT('',#2193);
#2193 = CARTESIAN_POINT('',(-2.628210028727,-6.622547624963,-3.));
#2194 = SURFACE_CURVE('',#2195,(#2199,#2206),.PCURVE_S1.);
#2195 = LINE('',#2196,#2197);
#2196 = CARTESIAN_POINT('',(-3.119633140888,-7.860832590292,-3.));
#2197 = VECTOR('',#2198,1.);
#2198 = DIRECTION('',(0.368871582979,0.929480368416,0.));
#2199 = PCURVE('',#45,#2200);
#2200 = DEFINITIONAL_REPRESENTATION('',(#2201),#2205);
#2201 = LINE('',#2202,#2203);
#2202 = CARTESIAN_POINT('',(-3.119633140888,-7.860832590292));
#2203 = VECTOR('',#2204,1.);
#2204 = DIRECTION('',(0.368871582979,0.929480368416));
#2205 = ( GEOMETRIC_REPRESENTATION_CONTEXT(2) 
PARAMETRIC_REPRESENTATION_CONTEXT() REPRESENTATION_CONTEXT('2D SPACE',''
  ) );
#2206 = PCURVE('',#2207,#2212);
#2207 = PLANE('',#2208);
#2208 = AXIS2_PLACEMENT_3D('',#2209,#2210,#2211);
#2209 = CARTESIAN_POINT('',(-3.119633140888,-7.860832590292,-3.));
#2210 = DIRECTION('',(-0.929480368416,0.368871582979,0.));
#2211 = DIRECTION('',(0.368871582979,0.929480368416,0.));
#2212 = DEFINITIONAL_REPRESENTATION('',(#2213),#2217);
#2213 = LINE('',#2214,#2215);
#2214 = CARTESIAN_POINT('',(0.,0.));
#2215 = VECTOR('',#2216,1.);
#2216 = DIRECTION('',(1.,0.));
#2217 = ( GEOMETRIC_REPRESENTATION_CONTEXT(2) 
PARAMETRIC_REPRESENTATION_CONTEXT() REPRESENTATION_CONTEXT('2D SPACE',''
  ) );
#2218 = ORIENTED_EDGE('',*,*,#2219,.T.);
#2219 = EDGE_CURVE('',#2192,#2220,#2222,.T.);
#2220 = VERTEX_POINT('',#2221);
#2221 = CARTESIAN_POINT('',(-1.035177161123,-7.049399495353,-3.));
#2222 = SURFACE_CURVE('',#2223,(#2228,#2235),.PCURVE_S1.);
#2223 = CIRCLE('',#2224,7.125);
#2224 = AXIS2_PLACEMENT_3D('',#2225,#2226,#2227);
#2225 = CARTESIAN_POINT('',(1.176329433913E-13,3.499849689103E-13,-3.));
#2226 = DIRECTION('',(0.,0.,1.));
#2227 = DIRECTION('',(-0.368871582979,-0.929480368416,0.));
#2228 = PCURVE('',#45,#2229);
#2229 = DEFINITIONAL_REPRESENTATION('',(#2230),#2234);
#2230 = CIRCLE('',#2231,7.125);
#2231 = AXIS2_PLACEMENT_2D('',#2232,#2233);
#2232 = CARTESIAN_POINT('',(1.175585691702E-13,3.498569322765E-13));
#2233 = DIRECTION('',(-0.368871582979,-0.929480368416));
#2234 = ( GEOMETRIC_REPRESENTATION_CONTEXT(2) 
PARAMETRIC_REPRESENTATION_CONTEXT() REPRESENTATION_CONTEXT('2D SPACE',''
  ) );
#2235 = PCURVE('',#2236,#2241);
#2236 = CYLINDRICAL_SURFACE('',#2237,7.125);
#2237 = AXIS2_PLACEMENT_3D('',#2238,#2239,#2240);
#2238 = CARTESIAN_POINT('',(1.176329433913E-13,3.499849689103E-13,-3.));
#2239 = DIRECTION('',(-0.,-0.,-1.));
#2240 = DIRECTION('',(-0.368871582979,-0.929480368416,0.));
#2241 = DEFINITIONAL_REPRESENTATION('',(#2242),#2246);
#2242 = LINE('',#2243,#2244);
#2243 = CARTESIAN_POINT('',(-0.,0.));
#2244 = VECTOR('',#2245,1.);
#2245 = DIRECTION('',(-1.,0.));
#2246 = ( GEOMETRIC_REPRESENTATION_CONTEXT(2) 
PARAMETRIC_REPRESENTATION_CONTEXT() REPRESENTATION_CONTEXT('2D SPACE',''
  ) );
#2247 = ORIENTED_EDGE('',*,*,#2248,.F.);
#2248 = EDGE_CURVE('',#2249,#2220,#2251,.T.);
#2249 = VERTEX_POINT('',#2250);
#2250 = CARTESIAN_POINT('',(-1.228734744649,-8.367497288533,-3.));
#2251 = SURFACE_CURVE('',#2252,(#2256,#2263),.PCURVE_S1.);
#2252 = LINE('',#2253,#2254);
#2253 = CARTESIAN_POINT('',(-1.228734744649,-8.367497288533,-3.));
#2254 = VECTOR('',#2255,1.);
#2255 = DIRECTION('',(0.145288022614,0.989389402857,0.));
#2256 = PCURVE('',#45,#2257);
#2257 = DEFINITIONAL_REPRESENTATION('',(#2258),#2262);
#2258 = LINE('',#2259,#2260);
#2259 = CARTESIAN_POINT('',(-1.228734744649,-8.367497288533));
#2260 = VECTOR('',#2261,1.);
#2261 = DIRECTION('',(0.145288022614,0.989389402857));
#2262 = ( GEOMETRIC_REPRESENTATION_CONTEXT(2) 
PARAMETRIC_REPRESENTATION_CONTEXT() REPRESENTATION_CONTEXT('2D SPACE',''
  ) );
#2263 = PCURVE('',#2264,#2269);
#2264 = PLANE('',#2265);
#2265 = AXIS2_PLACEMENT_3D('',#2266,#2267,#2268);
#2266 = CARTESIAN_POINT('',(-1.228734744649,-8.367497288533,-3.));
#2267 = DIRECTION('',(-0.989389402857,0.145288022614,0.));
#2268 = DIRECTION('',(0.145288022614,0.989389402857,0.));
#2269 = DEFINITIONAL_REPRESENTATION('',(#2270),#2274);
#2270 = LINE('',#2271,#2272);
#2271 = CARTESIAN_POINT('',(-1.789769054176E-15,-0.));
#2272 = VECTOR('',#2273,1.);
#2273 = DIRECTION('',(1.,0.));
#2274 = ( GEOMETRIC_REPRESENTATION_CONTEXT(2) 
PARAMETRIC_REPRESENTATION_CONTEXT() REPRESENTATION_CONTEXT('2D SPACE',''
  ) );
#2275 = ORIENTED_EDGE('',*,*,#2276,.T.);
#2276 = EDGE_CURVE('',#2249,#2277,#2279,.T.);
#2277 = VERTEX_POINT('',#2278);
#2278 = CARTESIAN_POINT('',(-0.465521102773,-10.48967540502,-3.));
#2279 = SURFACE_CURVE('',#2280,(#2294,#2311),.PCURVE_S1.);
#2280 = B_SPLINE_CURVE_WITH_KNOTS('',3,(#2281,#2282,#2283,#2284,#2285,
    #2286,#2287,#2288,#2289,#2290,#2291,#2292,#2293),.UNSPECIFIED.,.F.,
  .F.,(4,1,1,1,1,1,1,1,1,1,4),(0.,0.206463071868,0.418064650956,
    0.634628704967,0.856138693673,1.082589269896,1.31397802753,
    1.550303676965,1.79156544634,2.037762836919,2.288895507745),
  .UNSPECIFIED.);
#2281 = CARTESIAN_POINT('',(-1.228734744649,-8.367497288533,-3.));
#2282 = CARTESIAN_POINT('',(-1.233784748619,-8.4364617051,-3.));
#2283 = CARTESIAN_POINT('',(-1.232649990461,-8.575927849706,-3.));
#2284 = CARTESIAN_POINT('',(-1.204391297421,-8.786061479109,-3.));
#2285 = CARTESIAN_POINT('',(-1.159676010092,-8.998064072713,-3.));
#2286 = CARTESIAN_POINT('',(-1.09935641794,-9.211374161161,-3.));
#2287 = CARTESIAN_POINT('',(-1.025120943167,-9.425425332678,-3.));
#2288 = CARTESIAN_POINT('',(-0.937695333848,-9.639773929941,-3.));
#2289 = CARTESIAN_POINT('',(-0.837693486654,-9.853997135674,-3.));
#2290 = CARTESIAN_POINT('',(-0.725535172392,-10.06769808103,-3.));
#2291 = CARTESIAN_POINT('',(-0.601566594517,-10.28049033924,-3.));
#2292 = CARTESIAN_POINT('',(-0.51208709976,-10.42011393865,-3.));
#2293 = CARTESIAN_POINT('',(-0.465521102773,-10.48967540502,-3.));
#2294 = PCURVE('',#45,#2295);
#2295 = DEFINITIONAL_REPRESENTATION('',(#2296),#2310);
#2296 = B_SPLINE_CURVE_WITH_KNOTS('',3,(#2297,#2298,#2299,#2300,#2301,
    #2302,#2303,#2304,#2305,#2306,#2307,#2308,#2309),.UNSPECIFIED.,.F.,
  .F.,(4,1,1,1,1,1,1,1,1,1,4),(0.,0.206463071868,0.418064650956,
    0.634628704967,0.856138693673,1.082589269896,1.31397802753,
    1.550303676965,1.79156544634,2.037762836919,2.288895507745),
  .UNSPECIFIED.);
#2297 = CARTESIAN_POINT('',(-1.228734744649,-8.367497288533));
#2298 = CARTESIAN_POINT('',(-1.233784748619,-8.4364617051));
#2299 = CARTESIAN_POINT('',(-1.232649990461,-8.575927849706));
#2300 = CARTESIAN_POINT('',(-1.204391297421,-8.786061479109));
#2301 = CARTESIAN_POINT('',(-1.159676010092,-8.998064072713));
#2302 = CARTESIAN_POINT('',(-1.09935641794,-9.211374161161));
#2303 = CARTESIAN_POINT('',(-1.025120943167,-9.425425332678));
#2304 = CARTESIAN_POINT('',(-0.937695333848,-9.639773929941));
#2305 = CARTESIAN_POINT('',(-0.837693486654,-9.853997135674));
#2306 = CARTESIAN_POINT('',(-0.725535172392,-10.06769808103));
#2307 = CARTESIAN_POINT('',(-0.601566594517,-10.28049033924));
#2308 = CARTESIAN_POINT('',(-0.51208709976,-10.42011393865));
#2309 = CARTESIAN_POINT('',(-0.465521102773,-10.48967540502));
#2310 = ( GEOMETRIC_REPRESENTATION_CONTEXT(2) 
PARAMETRIC_REPRESENTATION_CONTEXT() REPRESENTATION_CONTEXT('2D SPACE',''
  ) );
#2311 = PCURVE('',#2312,#2329);
#2312 = SURFACE_OF_LINEAR_EXTRUSION('',#2313,#2327);
#2313 = B_SPLINE_CURVE_WITH_KNOTS('',3,(#2314,#2315,#2316,#2317,#2318,
    #2319,#2320,#2321,#2322,#2323,#2324,#2325,#2326),.UNSPECIFIED.,.F.,
  .F.,(4,1,1,1,1,1,1,1,1,1,4),(0.,0.206463071868,0.418064650956,
    0.634628704967,0.856138693673,1.082589269896,1.31397802753,
    1.550303676965,1.79156544634,2.037762836919,2.288895507745),
  .UNSPECIFIED.);
#2314 = CARTESIAN_POINT('',(-1.228734744649,-8.367497288533,-3.));
#2315 = CARTESIAN_POINT('',(-1.233784748619,-8.4364617051,-3.));
#2316 = CARTESIAN_POINT('',(-1.232649990461,-8.575927849706,-3.));
#2317 = CARTESIAN_POINT('',(-1.204391297421,-8.786061479109,-3.));
#2318 = CARTESIAN_POINT('',(-1.159676010092,-8.998064072713,-3.));
#2319 = CARTESIAN_POINT('',(-1.09935641794,-9.211374161161,-3.));
#2320 = CARTESIAN_POINT('',(-1.025120943167,-9.425425332678,-3.));
#2321 = CARTESIAN_POINT('',(-0.937695333848,-9.639773929941,-3.));
#2322 = CARTESIAN_POINT('',(-0.837693486654,-9.853997135674,-3.));
#2323 = CARTESIAN_POINT('',(-0.725535172392,-10.06769808103,-3.));
#2324 = CARTESIAN_POINT('',(-0.601566594517,-10.28049033924,-3.));
#2325 = CARTESIAN_POINT('',(-0.51208709976,-10.42011393865,-3.));
#2326 = CARTESIAN_POINT('',(-0.465521102773,-10.48967540502,-3.));
#2327 = VECTOR('',#2328,1.);
#2328 = DIRECTION('',(-0.,-0.,-1.));
#2329 = DEFINITIONAL_REPRESENTATION('',(#2330),#2334);
#2330 = LINE('',#2331,#2332);
#2331 = CARTESIAN_POINT('',(0.,0.));
#2332 = VECTOR('',#2333,1.);
#2333 = DIRECTION('',(1.,0.));
#2334 = ( GEOMETRIC_REPRESENTATION_CONTEXT(2) 
PARAMETRIC_REPRESENTATION_CONTEXT() REPRESENTATION_CONTEXT('2D SPACE',''
  ) );
#2335 = ORIENTED_EDGE('',*,*,#2336,.T.);
#2336 = EDGE_CURVE('',#2277,#2337,#2339,.T.);
#2337 = VERTEX_POINT('',#2338);
#2338 = CARTESIAN_POINT('',(0.465521102773,-10.48967540502,-3.));
#2339 = SURFACE_CURVE('',#2340,(#2345,#2352),.PCURVE_S1.);
#2340 = CIRCLE('',#2341,10.5);
#2341 = AXIS2_PLACEMENT_3D('',#2342,#2343,#2344);
#2342 = CARTESIAN_POINT('',(4.280141344194E-14,3.94890329165E-14,-3.));
#2343 = DIRECTION('',(0.,0.,1.));
#2344 = DIRECTION('',(-4.433534312129E-02,-0.999016705241,0.));
#2345 = PCURVE('',#45,#2346);
#2346 = DEFINITIONAL_REPRESENTATION('',(#2347),#2351);
#2347 = CIRCLE('',#2348,10.5);
#2348 = AXIS2_PLACEMENT_2D('',#2349,#2350);
#2349 = CARTESIAN_POINT('',(4.272703922085E-14,3.936099628272E-14));
#2350 = DIRECTION('',(-4.433534312129E-02,-0.999016705241));
#2351 = ( GEOMETRIC_REPRESENTATION_CONTEXT(2) 
PARAMETRIC_REPRESENTATION_CONTEXT() REPRESENTATION_CONTEXT('2D SPACE',''
  ) );
#2352 = PCURVE('',#2353,#2358);
#2353 = CYLINDRICAL_SURFACE('',#2354,10.5);
#2354 = AXIS2_PLACEMENT_3D('',#2355,#2356,#2357);
#2355 = CARTESIAN_POINT('',(4.280141344194E-14,3.94890329165E-14,-3.));
#2356 = DIRECTION('',(-0.,-0.,-1.));
#2357 = DIRECTION('',(-4.433534312129E-02,-0.999016705241,0.));
#2358 = DEFINITIONAL_REPRESENTATION('',(#2359),#2363);
#2359 = LINE('',#2360,#2361);
#2360 = CARTESIAN_POINT('',(-0.,0.));
#2361 = VECTOR('',#2362,1.);
#2362 = DIRECTION('',(-1.,0.));
#2363 = ( GEOMETRIC_REPRESENTATION_CONTEXT(2) 
PARAMETRIC_REPRESENTATION_CONTEXT() REPRESENTATION_CONTEXT('2D SPACE',''
  ) );
#2364 = ORIENTED_EDGE('',*,*,#2365,.F.);
#2365 = EDGE_CURVE('',#2366,#2337,#2368,.T.);
#2366 = VERTEX_POINT('',#2367);
#2367 = CARTESIAN_POINT('',(1.228734744649,-8.367497288533,-3.));
#2368 = SURFACE_CURVE('',#2369,(#2383,#2400),.PCURVE_S1.);
#2369 = B_SPLINE_CURVE_WITH_KNOTS('',3,(#2370,#2371,#2372,#2373,#2374,
    #2375,#2376,#2377,#2378,#2379,#2380,#2381,#2382),.UNSPECIFIED.,.F.,
  .F.,(4,1,1,1,1,1,1,1,1,1,4),(0.,0.206463071868,0.418064650956,
    0.634628704967,0.856138693673,1.082589269896,1.31397802753,
    1.550303676965,1.79156544634,2.037762836919,2.288895507745),
  .UNSPECIFIED.);
#2370 = CARTESIAN_POINT('',(1.228734744649,-8.367497288533,-3.));
#2371 = CARTESIAN_POINT('',(1.233784748619,-8.4364617051,-3.));
#2372 = CARTESIAN_POINT('',(1.232649990461,-8.575927849706,-3.));
#2373 = CARTESIAN_POINT('',(1.204391297421,-8.786061479109,-3.));
#2374 = CARTESIAN_POINT('',(1.159676010092,-8.998064072713,-3.));
#2375 = CARTESIAN_POINT('',(1.09935641794,-9.211374161161,-3.));
#2376 = CARTESIAN_POINT('',(1.025120943167,-9.425425332678,-3.));
#2377 = CARTESIAN_POINT('',(0.937695333848,-9.639773929941,-3.));
#2378 = CARTESIAN_POINT('',(0.837693486654,-9.853997135674,-3.));
#2379 = CARTESIAN_POINT('',(0.725535172392,-10.06769808103,-3.));
#2380 = CARTESIAN_POINT('',(0.601566594517,-10.28049033924,-3.));
#2381 = CARTESIAN_POINT('',(0.51208709976,-10.42011393865,-3.));
#2382 = CARTESIAN_POINT('',(0.465521102773,-10.48967540502,-3.));
#2383 = PCURVE('',#45,#2384);
#2384 = DEFINITIONAL_REPRESENTATION('',(#2385),#2399);
#2385 = B_SPLINE_CURVE_WITH_KNOTS('',3,(#2386,#2387,#2388,#2389,#2390,
    #2391,#2392,#2393,#2394,#2395,#2396,#2397,#2398),.UNSPECIFIED.,.F.,
  .F.,(4,1,1,1,1,1,1,1,1,1,4),(0.,0.206463071868,0.418064650956,
    0.634628704967,0.856138693673,1.082589269896,1.31397802753,
    1.550303676965,1.79156544634,2.037762836919,2.288895507745),
  .UNSPECIFIED.);
#2386 = CARTESIAN_POINT('',(1.228734744649,-8.367497288533));
#2387 = CARTESIAN_POINT('',(1.233784748619,-8.4364617051));
#2388 = CARTESIAN_POINT('',(1.232649990461,-8.575927849706));
#2389 = CARTESIAN_POINT('',(1.204391297421,-8.786061479109));
#2390 = CARTESIAN_POINT('',(1.159676010092,-8.998064072713));
#2391 = CARTESIAN_POINT('',(1.09935641794,-9.211374161161));
#2392 = CARTESIAN_POINT('',(1.025120943167,-9.425425332678));
#2393 = CARTESIAN_POINT('',(0.937695333848,-9.639773929941));
#2394 = CARTESIAN_POINT('',(0.837693486654,-9.853997135674));
#2395 = CARTESIAN_POINT('',(0.725535172392,-10.06769808103));
#2396 = CARTESIAN_POINT('',(0.601566594517,-10.28049033924));
#2397 = CARTESIAN_POINT('',(0.51208709976,-10.42011393865));
#2398 = CARTESIAN_POINT('',(0.465521102773,-10.48967540502));
#2399 = ( GEOMETRIC_REPRESENTATION_CONTEXT(2) 
PARAMETRIC_REPRESENTATION_CONTEXT() REPRESENTATION_CONTEXT('2D SPACE',''
  ) );
#2400 = PCURVE('',#2401,#2418);
#2401 = SURFACE_OF_LINEAR_EXTRUSION('',#2402,#2416);
#2402 = B_SPLINE_CURVE_WITH_KNOTS('',3,(#2403,#2404,#2405,#2406,#2407,
    #2408,#2409,#2410,#2411,#2412,#2413,#2414,#2415),.UNSPECIFIED.,.F.,
  .F.,(4,1,1,1,1,1,1,1,1,1,4),(0.,0.206463071868,0.418064650956,
    0.634628704967,0.856138693673,1.082589269896,1.31397802753,
    1.550303676965,1.79156544634,2.037762836919,2.288895507745),
  .UNSPECIFIED.);
#2403 = CARTESIAN_POINT('',(1.228734744649,-8.367497288533,-3.));
#2404 = CARTESIAN_POINT('',(1.233784748619,-8.4364617051,-3.));
#2405 = CARTESIAN_POINT('',(1.232649990461,-8.575927849706,-3.));
#2406 = CARTESIAN_POINT('',(1.204391297421,-8.786061479109,-3.));
#2407 = CARTESIAN_POINT('',(1.159676010092,-8.998064072713,-3.));
#2408 = CARTESIAN_POINT('',(1.09935641794,-9.211374161161,-3.));
#2409 = CARTESIAN_POINT('',(1.025120943167,-9.425425332678,-3.));
#2410 = CARTESIAN_POINT('',(0.937695333848,-9.639773929941,-3.));
#2411 = CARTESIAN_POINT('',(0.837693486654,-9.853997135674,-3.));
#2412 = CARTESIAN_POINT('',(0.725535172392,-10.06769808103,-3.));
#2413 = CARTESIAN_POINT('',(0.601566594517,-10.28049033924,-3.));
#2414 = CARTESIAN_POINT('',(0.51208709976,-10.42011393865,-3.));
#2415 = CARTESIAN_POINT('',(0.465521102773,-10.48967540502,-3.));
#2416 = VECTOR('',#2417,1.);
#2417 = DIRECTION('',(-0.,-0.,-1.));
#2418 = DEFINITIONAL_REPRESENTATION('',(#2419),#2423);
#2419 = LINE('',#2420,#2421);
#2420 = CARTESIAN_POINT('',(0.,0.));
#2421 = VECTOR('',#2422,1.);
#2422 = DIRECTION('',(1.,0.));
#2423 = ( GEOMETRIC_REPRESENTATION_CONTEXT(2) 
PARAMETRIC_REPRESENTATION_CONTEXT() REPRESENTATION_CONTEXT('2D SPACE',''
  ) );
#2424 = ORIENTED_EDGE('',*,*,#2425,.T.);
#2425 = EDGE_CURVE('',#2366,#2426,#2428,.T.);
#2426 = VERTEX_POINT('',#2427);
#2427 = CARTESIAN_POINT('',(1.035177161123,-7.049399495353,-3.));
#2428 = SURFACE_CURVE('',#2429,(#2433,#2440),.PCURVE_S1.);
#2429 = LINE('',#2430,#2431);
#2430 = CARTESIAN_POINT('',(1.228734744649,-8.367497288533,-3.));
#2431 = VECTOR('',#2432,1.);
#2432 = DIRECTION('',(-0.145288022614,0.989389402857,0.));
#2433 = PCURVE('',#45,#2434);
#2434 = DEFINITIONAL_REPRESENTATION('',(#2435),#2439);
#2435 = LINE('',#2436,#2437);
#2436 = CARTESIAN_POINT('',(1.228734744649,-8.367497288533));
#2437 = VECTOR('',#2438,1.);
#2438 = DIRECTION('',(-0.145288022614,0.989389402857));
#2439 = ( GEOMETRIC_REPRESENTATION_CONTEXT(2) 
PARAMETRIC_REPRESENTATION_CONTEXT() REPRESENTATION_CONTEXT('2D SPACE',''
  ) );
#2440 = PCURVE('',#2441,#2446);
#2441 = PLANE('',#2442);
#2442 = AXIS2_PLACEMENT_3D('',#2443,#2444,#2445);
#2443 = CARTESIAN_POINT('',(1.228734744649,-8.367497288533,-3.));
#2444 = DIRECTION('',(-0.989389402857,-0.145288022614,0.));
#2445 = DIRECTION('',(-0.145288022614,0.989389402857,0.));
#2446 = DEFINITIONAL_REPRESENTATION('',(#2447),#2451);
#2447 = LINE('',#2448,#2449);
#2448 = CARTESIAN_POINT('',(-1.789769054176E-15,-0.));
#2449 = VECTOR('',#2450,1.);
#2450 = DIRECTION('',(1.,0.));
#2451 = ( GEOMETRIC_REPRESENTATION_CONTEXT(2) 
PARAMETRIC_REPRESENTATION_CONTEXT() REPRESENTATION_CONTEXT('2D SPACE',''
  ) );
#2452 = ORIENTED_EDGE('',*,*,#2453,.T.);
#2453 = EDGE_CURVE('',#2426,#2454,#2456,.T.);
#2454 = VERTEX_POINT('',#2455);
#2455 = CARTESIAN_POINT('',(2.628210028727,-6.622547624963,-3.));
#2456 = SURFACE_CURVE('',#2457,(#2462,#2469),.PCURVE_S1.);
#2457 = CIRCLE('',#2458,7.125);
#2458 = AXIS2_PLACEMENT_3D('',#2459,#2460,#2461);
#2459 = CARTESIAN_POINT('',(-7.311936715634E-14,3.619123457146E-13,-3.)
  );
#2460 = DIRECTION('',(0.,0.,1.));
#2461 = DIRECTION('',(0.145288022614,-0.989389402857,0.));
#2462 = PCURVE('',#45,#2463);
#2463 = DEFINITIONAL_REPRESENTATION('',(#2464),#2468);
#2464 = CIRCLE('',#2465,7.125);
#2465 = AXIS2_PLACEMENT_2D('',#2466,#2467);
#2466 = CARTESIAN_POINT('',(-7.319374137743E-14,3.617843090808E-13));
#2467 = DIRECTION('',(0.145288022614,-0.989389402857));
#2468 = ( GEOMETRIC_REPRESENTATION_CONTEXT(2) 
PARAMETRIC_REPRESENTATION_CONTEXT() REPRESENTATION_CONTEXT('2D SPACE',''
  ) );
#2469 = PCURVE('',#2470,#2475);
#2470 = CYLINDRICAL_SURFACE('',#2471,7.125);
#2471 = AXIS2_PLACEMENT_3D('',#2472,#2473,#2474);
#2472 = CARTESIAN_POINT('',(-7.311936715634E-14,3.619123457146E-13,-3.)
  );
#2473 = DIRECTION('',(0.,-0.,-1.));
#2474 = DIRECTION('',(0.145288022614,-0.989389402857,0.));
#2475 = DEFINITIONAL_REPRESENTATION('',(#2476),#2480);
#2476 = LINE('',#2477,#2478);
#2477 = CARTESIAN_POINT('',(-0.,0.));
#2478 = VECTOR('',#2479,1.);
#2479 = DIRECTION('',(-1.,0.));
#2480 = ( GEOMETRIC_REPRESENTATION_CONTEXT(2) 
PARAMETRIC_REPRESENTATION_CONTEXT() REPRESENTATION_CONTEXT('2D SPACE',''
  ) );
#2481 = ORIENTED_EDGE('',*,*,#2482,.F.);
#2482 = EDGE_CURVE('',#2483,#2454,#2485,.T.);
#2483 = VERTEX_POINT('',#2484);
#2484 = CARTESIAN_POINT('',(3.119633140888,-7.860832590292,-3.));
#2485 = SURFACE_CURVE('',#2486,(#2490,#2497),.PCURVE_S1.);
#2486 = LINE('',#2487,#2488);
#2487 = CARTESIAN_POINT('',(3.119633140888,-7.860832590292,-3.));
#2488 = VECTOR('',#2489,1.);
#2489 = DIRECTION('',(-0.368871582979,0.929480368416,0.));
#2490 = PCURVE('',#45,#2491);
#2491 = DEFINITIONAL_REPRESENTATION('',(#2492),#2496);
#2492 = LINE('',#2493,#2494);
#2493 = CARTESIAN_POINT('',(3.119633140888,-7.860832590292));
#2494 = VECTOR('',#2495,1.);
#2495 = DIRECTION('',(-0.368871582979,0.929480368416));
#2496 = ( GEOMETRIC_REPRESENTATION_CONTEXT(2) 
PARAMETRIC_REPRESENTATION_CONTEXT() REPRESENTATION_CONTEXT('2D SPACE',''
  ) );
#2497 = PCURVE('',#2498,#2503);
#2498 = PLANE('',#2499);
#2499 = AXIS2_PLACEMENT_3D('',#2500,#2501,#2502);
#2500 = CARTESIAN_POINT('',(3.119633140888,-7.860832590292,-3.));
#2501 = DIRECTION('',(-0.929480368416,-0.368871582979,0.));
#2502 = DIRECTION('',(-0.368871582979,0.929480368416,0.));
#2503 = DEFINITIONAL_REPRESENTATION('',(#2504),#2508);
#2504 = LINE('',#2505,#2506);
#2505 = CARTESIAN_POINT('',(0.,0.));
#2506 = VECTOR('',#2507,1.);
#2507 = DIRECTION('',(1.,0.));
#2508 = ( GEOMETRIC_REPRESENTATION_CONTEXT(2) 
PARAMETRIC_REPRESENTATION_CONTEXT() REPRESENTATION_CONTEXT('2D SPACE',''
  ) );
#2509 = ORIENTED_EDGE('',*,*,#2510,.T.);
#2510 = EDGE_CURVE('',#2483,#2511,#2513,.T.);
#2511 = VERTEX_POINT('',#2512);
#2512 = CARTESIAN_POINT('',(4.841684601515,-9.317085929595,-3.));
#2513 = SURFACE_CURVE('',#2514,(#2528,#2545),.PCURVE_S1.);
#2514 = B_SPLINE_CURVE_WITH_KNOTS('',3,(#2515,#2516,#2517,#2518,#2519,
    #2520,#2521,#2522,#2523,#2524,#2525,#2526,#2527),.UNSPECIFIED.,.F.,
  .F.,(4,1,1,1,1,1,1,1,1,1,4),(0.,0.206463071868,0.418064650956,
    0.634628704967,0.856138693673,1.082589269896,1.31397802753,
    1.550303676965,1.79156544634,2.037762836919,2.288895507745),
  .UNSPECIFIED.);
#2515 = CARTESIAN_POINT('',(3.119633140888,-7.860832590292,-3.));
#2516 = CARTESIAN_POINT('',(3.149741917444,-7.92308252898,-3.));
#2517 = CARTESIAN_POINT('',(3.220457719139,-8.043296374098,-3.));
#2518 = CARTESIAN_POINT('',(3.349997279891,-8.211148088831,-3.));
#2519 = CARTESIAN_POINT('',(3.494723151458,-8.372390076896,-3.));
#2520 = CARTESIAN_POINT('',(3.653616494831,-8.526962236299,-3.));
#2521 = CARTESIAN_POINT('',(3.824931887605,-8.675218251156,-3.));
#2522 = CARTESIAN_POINT('',(4.007818984848,-8.817136776992,-3.));
#2523 = CARTESIAN_POINT('',(4.20153472781,-8.95265859164,-3.));
#2524 = CARTESIAN_POINT('',(4.405517149889,-9.081649882007,-3.));
#2525 = CARTESIAN_POINT('',(4.619273216701,-9.203949094402,-3.));
#2526 = CARTESIAN_POINT('',(4.766576531987,-9.280126931087,-3.));
#2527 = CARTESIAN_POINT('',(4.841684601515,-9.317085929595,-3.));
#2528 = PCURVE('',#45,#2529);
#2529 = DEFINITIONAL_REPRESENTATION('',(#2530),#2544);
#2530 = B_SPLINE_CURVE_WITH_KNOTS('',3,(#2531,#2532,#2533,#2534,#2535,
    #2536,#2537,#2538,#2539,#2540,#2541,#2542,#2543),.UNSPECIFIED.,.F.,
  .F.,(4,1,1,1,1,1,1,1,1,1,4),(0.,0.206463071868,0.418064650956,
    0.634628704967,0.856138693673,1.082589269896,1.31397802753,
    1.550303676965,1.79156544634,2.037762836919,2.288895507745),
  .UNSPECIFIED.);
#2531 = CARTESIAN_POINT('',(3.119633140888,-7.860832590292));
#2532 = CARTESIAN_POINT('',(3.149741917444,-7.92308252898));
#2533 = CARTESIAN_POINT('',(3.220457719139,-8.043296374098));
#2534 = CARTESIAN_POINT('',(3.349997279891,-8.211148088831));
#2535 = CARTESIAN_POINT('',(3.494723151458,-8.372390076896));
#2536 = CARTESIAN_POINT('',(3.653616494831,-8.526962236299));
#2537 = CARTESIAN_POINT('',(3.824931887605,-8.675218251156));
#2538 = CARTESIAN_POINT('',(4.007818984848,-8.817136776992));
#2539 = CARTESIAN_POINT('',(4.20153472781,-8.95265859164));
#2540 = CARTESIAN_POINT('',(4.405517149889,-9.081649882007));
#2541 = CARTESIAN_POINT('',(4.619273216701,-9.203949094402));
#2542 = CARTESIAN_POINT('',(4.766576531987,-9.280126931087));
#2543 = CARTESIAN_POINT('',(4.841684601515,-9.317085929595));
#2544 = ( GEOMETRIC_REPRESENTATION_CONTEXT(2) 
PARAMETRIC_REPRESENTATION_CONTEXT() REPRESENTATION_CONTEXT('2D SPACE',''
  ) );
#2545 = PCURVE('',#2546,#2563);
#2546 = SURFACE_OF_LINEAR_EXTRUSION('',#2547,#2561);
#2547 = B_SPLINE_CURVE_WITH_KNOTS('',3,(#2548,#2549,#2550,#2551,#2552,
    #2553,#2554,#2555,#2556,#2557,#2558,#2559,#2560),.UNSPECIFIED.,.F.,
  .F.,(4,1,1,1,1,1,1,1,1,1,4),(0.,0.206463071868,0.418064650956,
    0.634628704967,0.856138693673,1.082589269896,1.31397802753,
    1.550303676965,1.79156544634,2.037762836919,2.288895507745),
  .UNSPECIFIED.);
#2548 = CARTESIAN_POINT('',(3.119633140888,-7.860832590292,-3.));
#2549 = CARTESIAN_POINT('',(3.149741917444,-7.92308252898,-3.));
#2550 = CARTESIAN_POINT('',(3.220457719139,-8.043296374098,-3.));
#2551 = CARTESIAN_POINT('',(3.349997279891,-8.211148088831,-3.));
#2552 = CARTESIAN_POINT('',(3.494723151458,-8.372390076896,-3.));
#2553 = CARTESIAN_POINT('',(3.653616494831,-8.526962236299,-3.));
#2554 = CARTESIAN_POINT('',(3.824931887605,-8.675218251156,-3.));
#2555 = CARTESIAN_POINT('',(4.007818984848,-8.817136776992,-3.));
#2556 = CARTESIAN_POINT('',(4.20153472781,-8.95265859164,-3.));
#2557 = CARTESIAN_POINT('',(4.405517149889,-9.081649882007,-3.));
#2558 = CARTESIAN_POINT('',(4.619273216701,-9.203949094402,-3.));
#2559 = CARTESIAN_POINT('',(4.766576531987,-9.280126931087,-3.));
#2560 = CARTESIAN_POINT('',(4.841684601515,-9.317085929595,-3.));
#2561 = VECTOR('',#2562,1.);
#2562 = DIRECTION('',(-0.,-0.,-1.));
#2563 = DEFINITIONAL_REPRESENTATION('',(#2564),#2568);
#2564 = LINE('',#2565,#2566);
#2565 = CARTESIAN_POINT('',(0.,0.));
#2566 = VECTOR('',#2567,1.);
#2567 = DIRECTION('',(1.,0.));
#2568 = ( GEOMETRIC_REPRESENTATION_CONTEXT(2) 
PARAMETRIC_REPRESENTATION_CONTEXT() REPRESENTATION_CONTEXT('2D SPACE',''
  ) );
#2569 = ORIENTED_EDGE('',*,*,#2570,.T.);
#2570 = EDGE_CURVE('',#2511,#2571,#2573,.T.);
#2571 = VERTEX_POINT('',#2572);
#2572 = CARTESIAN_POINT('',(5.647990803514,-8.851564826821,-3.));
#2573 = SURFACE_CURVE('',#2574,(#2579,#2586),.PCURVE_S1.);
#2574 = CIRCLE('',#2575,10.5);
#2575 = AXIS2_PLACEMENT_3D('',#2576,#2577,#2578);
#2576 = CARTESIAN_POINT('',(1.732259490035E-14,5.559921239754E-14,-3.));
#2577 = DIRECTION('',(0.,0.,1.));
#2578 = DIRECTION('',(0.461112819192,-0.887341517104,0.));
#2579 = PCURVE('',#45,#2580);
#2580 = DEFINITIONAL_REPRESENTATION('',(#2581),#2585);
#2581 = CIRCLE('',#2582,10.5);
#2582 = AXIS2_PLACEMENT_2D('',#2583,#2584);
#2583 = CARTESIAN_POINT('',(1.724822067926E-14,5.547117576376E-14));
#2584 = DIRECTION('',(0.461112819192,-0.887341517104));
#2585 = ( GEOMETRIC_REPRESENTATION_CONTEXT(2) 
PARAMETRIC_REPRESENTATION_CONTEXT() REPRESENTATION_CONTEXT('2D SPACE',''
  ) );
#2586 = PCURVE('',#2587,#2592);
#2587 = CYLINDRICAL_SURFACE('',#2588,10.5);
#2588 = AXIS2_PLACEMENT_3D('',#2589,#2590,#2591);
#2589 = CARTESIAN_POINT('',(1.732259490035E-14,5.559921239754E-14,-3.));
#2590 = DIRECTION('',(0.,-0.,-1.));
#2591 = DIRECTION('',(0.461112819192,-0.887341517104,0.));
#2592 = DEFINITIONAL_REPRESENTATION('',(#2593),#2597);
#2593 = LINE('',#2594,#2595);
#2594 = CARTESIAN_POINT('',(-0.,0.));
#2595 = VECTOR('',#2596,1.);
#2596 = DIRECTION('',(-1.,0.));
#2597 = ( GEOMETRIC_REPRESENTATION_CONTEXT(2) 
PARAMETRIC_REPRESENTATION_CONTEXT() REPRESENTATION_CONTEXT('2D SPACE',''
  ) );
#2598 = ORIENTED_EDGE('',*,*,#2599,.F.);
#2599 = EDGE_CURVE('',#2600,#2571,#2602,.T.);
#2600 = VERTEX_POINT('',#2601);
#2601 = CARTESIAN_POINT('',(5.247864147645,-6.632097845643,-3.));
#2602 = SURFACE_CURVE('',#2603,(#2617,#2634),.PCURVE_S1.);
#2603 = B_SPLINE_CURVE_WITH_KNOTS('',3,(#2604,#2605,#2606,#2607,#2608,
    #2609,#2610,#2611,#2612,#2613,#2614,#2615,#2616),.UNSPECIFIED.,.F.,
  .F.,(4,1,1,1,1,1,1,1,1,1,4),(0.,0.206463071868,0.418064650956,
    0.634628704967,0.856138693673,1.082589269896,1.31397802753,
    1.550303676965,1.79156544634,2.037762836919,2.288895507745),
  .UNSPECIFIED.);
#2604 = CARTESIAN_POINT('',(5.247864147645,-6.632097845643,-3.));
#2605 = CARTESIAN_POINT('',(5.286719787656,-6.689297780361,-3.));
#2606 = CARTESIAN_POINT('',(5.355470130567,-6.810646383637,-3.));
#2607 = CARTESIAN_POINT('',(5.436064199218,-7.00675679141,-3.));
#2608 = CARTESIAN_POINT('',(5.503340921255,-7.212714066804,-3.));
#2609 = CARTESIAN_POINT('',(5.55775766633,-7.427605818359,-3.));
#2610 = CARTESIAN_POINT('',(5.600493445073,-7.650097307989,-3.));
#2611 = CARTESIAN_POINT('',(5.631954945093,-7.879441443144,-3.));
#2612 = CARTESIAN_POINT('',(5.652462407864,-8.114965104986,-3.));
#2613 = CARTESIAN_POINT('',(5.66218093115,-8.356114709616,-3.));
#2614 = CARTESIAN_POINT('',(5.66121712254,-8.602382499885,-3.));
#2615 = CARTESIAN_POINT('',(5.653537406672,-8.768039831327,-3.));
#2616 = CARTESIAN_POINT('',(5.647990803514,-8.851564826821,-3.));
#2617 = PCURVE('',#45,#2618);
#2618 = DEFINITIONAL_REPRESENTATION('',(#2619),#2633);
#2619 = B_SPLINE_CURVE_WITH_KNOTS('',3,(#2620,#2621,#2622,#2623,#2624,
    #2625,#2626,#2627,#2628,#2629,#2630,#2631,#2632),.UNSPECIFIED.,.F.,
  .F.,(4,1,1,1,1,1,1,1,1,1,4),(0.,0.206463071868,0.418064650956,
    0.634628704967,0.856138693673,1.082589269896,1.31397802753,
    1.550303676965,1.79156544634,2.037762836919,2.288895507745),
  .UNSPECIFIED.);
#2620 = CARTESIAN_POINT('',(5.247864147645,-6.632097845643));
#2621 = CARTESIAN_POINT('',(5.286719787656,-6.689297780361));
#2622 = CARTESIAN_POINT('',(5.355470130567,-6.810646383637));
#2623 = CARTESIAN_POINT('',(5.436064199218,-7.00675679141));
#2624 = CARTESIAN_POINT('',(5.503340921255,-7.212714066804));
#2625 = CARTESIAN_POINT('',(5.55775766633,-7.427605818359));
#2626 = CARTESIAN_POINT('',(5.600493445073,-7.650097307989));
#2627 = CARTESIAN_POINT('',(5.631954945093,-7.879441443144));
#2628 = CARTESIAN_POINT('',(5.652462407864,-8.114965104986));
#2629 = CARTESIAN_POINT('',(5.66218093115,-8.356114709616));
#2630 = CARTESIAN_POINT('',(5.66121712254,-8.602382499885));
#2631 = CARTESIAN_POINT('',(5.653537406672,-8.768039831327));
#2632 = CARTESIAN_POINT('',(5.647990803514,-8.851564826821));
#2633 = ( GEOMETRIC_REPRESENTATION_CONTEXT(2) 
PARAMETRIC_REPRESENTATION_CONTEXT() REPRESENTATION_CONTEXT('2D SPACE',''
  ) );
#2634 = PCURVE('',#2635,#2652);
#2635 = SURFACE_OF_LINEAR_EXTRUSION('',#2636,#2650);
#2636 = B_SPLINE_CURVE_WITH_KNOTS('',3,(#2637,#2638,#2639,#2640,#2641,
    #2642,#2643,#2644,#2645,#2646,#2647,#2648,#2649),.UNSPECIFIED.,.F.,
  .F.,(4,1,1,1,1,1,1,1,1,1,4),(0.,0.206463071868,0.418064650956,
    0.634628704967,0.856138693673,1.082589269896,1.31397802753,
    1.550303676965,1.79156544634,2.037762836919,2.288895507745),
  .UNSPECIFIED.);
#2637 = CARTESIAN_POINT('',(5.247864147645,-6.632097845643,-3.));
#2638 = CARTESIAN_POINT('',(5.286719787656,-6.689297780361,-3.));
#2639 = CARTESIAN_POINT('',(5.355470130567,-6.810646383637,-3.));
#2640 = CARTESIAN_POINT('',(5.436064199218,-7.00675679141,-3.));
#2641 = CARTESIAN_POINT('',(5.503340921255,-7.212714066804,-3.));
#2642 = CARTESIAN_POINT('',(5.55775766633,-7.427605818359,-3.));
#2643 = CARTESIAN_POINT('',(5.600493445073,-7.650097307989,-3.));
#2644 = CARTESIAN_POINT('',(5.631954945093,-7.879441443144,-3.));
#2645 = CARTESIAN_POINT('',(5.652462407864,-8.114965104986,-3.));
#2646 = CARTESIAN_POINT('',(5.66218093115,-8.356114709616,-3.));
#2647 = CARTESIAN_POINT('',(5.66121712254,-8.602382499885,-3.));
#2648 = CARTESIAN_POINT('',(5.653537406672,-8.768039831327,-3.));
#2649 = CARTESIAN_POINT('',(5.647990803514,-8.851564826821,-3.));
#2650 = VECTOR('',#2651,1.);
#2651 = DIRECTION('',(-0.,-0.,-1.));
#2652 = DEFINITIONAL_REPRESENTATION('',(#2653),#2657);
#2653 = LINE('',#2654,#2655);
#2654 = CARTESIAN_POINT('',(0.,0.));
#2655 = VECTOR('',#2656,1.);
#2656 = DIRECTION('',(1.,0.));
#2657 = ( GEOMETRIC_REPRESENTATION_CONTEXT(2) 
PARAMETRIC_REPRESENTATION_CONTEXT() REPRESENTATION_CONTEXT('2D SPACE',''
  ) );
#2658 = ORIENTED_EDGE('',*,*,#2659,.T.);
#2659 = EDGE_CURVE('',#2600,#2660,#2662,.T.);
#2660 = VERTEX_POINT('',#2661);
#2661 = CARTESIAN_POINT('',(4.421189466627,-5.58737046384,-3.));
#2662 = SURFACE_CURVE('',#2663,(#2667,#2674),.PCURVE_S1.);
#2663 = LINE('',#2664,#2665);
#2664 = CARTESIAN_POINT('',(5.247864147645,-6.632097845643,-3.));
#2665 = VECTOR('',#2666,1.);
#2666 = DIRECTION('',(-0.620517819877,0.784192345802,0.));
#2667 = PCURVE('',#45,#2668);
#2668 = DEFINITIONAL_REPRESENTATION('',(#2669),#2673);
#2669 = LINE('',#2670,#2671);
#2670 = CARTESIAN_POINT('',(5.247864147645,-6.632097845643));
#2671 = VECTOR('',#2672,1.);
#2672 = DIRECTION('',(-0.620517819877,0.784192345802));
#2673 = ( GEOMETRIC_REPRESENTATION_CONTEXT(2) 
PARAMETRIC_REPRESENTATION_CONTEXT() REPRESENTATION_CONTEXT('2D SPACE',''
  ) );
#2674 = PCURVE('',#2675,#2680);
#2675 = PLANE('',#2676);
#2676 = AXIS2_PLACEMENT_3D('',#2677,#2678,#2679);
#2677 = CARTESIAN_POINT('',(5.247864147645,-6.632097845643,-3.));
#2678 = DIRECTION('',(-0.784192345802,-0.620517819877,0.));
#2679 = DIRECTION('',(-0.620517819877,0.784192345802,0.));
#2680 = DEFINITIONAL_REPRESENTATION('',(#2681),#2685);
#2681 = LINE('',#2682,#2683);
#2682 = CARTESIAN_POINT('',(0.,0.));
#2683 = VECTOR('',#2684,1.);
#2684 = DIRECTION('',(1.,0.));
#2685 = ( GEOMETRIC_REPRESENTATION_CONTEXT(2) 
PARAMETRIC_REPRESENTATION_CONTEXT() REPRESENTATION_CONTEXT('2D SPACE',''
  ) );
#2686 = ORIENTED_EDGE('',*,*,#2687,.T.);
#2687 = EDGE_CURVE('',#2660,#2688,#2690,.T.);
#2688 = VERTEX_POINT('',#2689);
#2689 = CARTESIAN_POINT('',(5.58737046384,-4.421189466627,-3.));
#2690 = SURFACE_CURVE('',#2691,(#2696,#2703),.PCURVE_S1.);
#2691 = CIRCLE('',#2692,7.125);
#2692 = AXIS2_PLACEMENT_3D('',#2693,#2694,#2695);
#2693 = CARTESIAN_POINT('',(-2.442794023233E-13,2.768656017539E-13,-3.)
  );
#2694 = DIRECTION('',(0.,0.,1.));
#2695 = DIRECTION('',(0.620517819877,-0.784192345802,0.));
#2696 = PCURVE('',#45,#2697);
#2697 = DEFINITIONAL_REPRESENTATION('',(#2698),#2702);
#2698 = CIRCLE('',#2699,7.125);
#2699 = AXIS2_PLACEMENT_2D('',#2700,#2701);
#2700 = CARTESIAN_POINT('',(-2.443537765444E-13,2.767375651201E-13));
#2701 = DIRECTION('',(0.620517819877,-0.784192345802));
#2702 = ( GEOMETRIC_REPRESENTATION_CONTEXT(2) 
PARAMETRIC_REPRESENTATION_CONTEXT() REPRESENTATION_CONTEXT('2D SPACE',''
  ) );
#2703 = PCURVE('',#2704,#2709);
#2704 = CYLINDRICAL_SURFACE('',#2705,7.125);
#2705 = AXIS2_PLACEMENT_3D('',#2706,#2707,#2708);
#2706 = CARTESIAN_POINT('',(-2.442794023233E-13,2.768656017539E-13,-3.)
  );
#2707 = DIRECTION('',(0.,-0.,-1.));
#2708 = DIRECTION('',(0.620517819877,-0.784192345802,0.));
#2709 = DEFINITIONAL_REPRESENTATION('',(#2710),#2714);
#2710 = LINE('',#2711,#2712);
#2711 = CARTESIAN_POINT('',(-0.,0.));
#2712 = VECTOR('',#2713,1.);
#2713 = DIRECTION('',(-1.,0.));
#2714 = ( GEOMETRIC_REPRESENTATION_CONTEXT(2) 
PARAMETRIC_REPRESENTATION_CONTEXT() REPRESENTATION_CONTEXT('2D SPACE',''
  ) );
#2715 = ORIENTED_EDGE('',*,*,#2716,.F.);
#2716 = EDGE_CURVE('',#2717,#2688,#2719,.T.);
#2717 = VERTEX_POINT('',#2718);
#2718 = CARTESIAN_POINT('',(6.632097845643,-5.247864147645,-3.));
#2719 = SURFACE_CURVE('',#2720,(#2724,#2731),.PCURVE_S1.);
#2720 = LINE('',#2721,#2722);
#2721 = CARTESIAN_POINT('',(6.632097845643,-5.247864147645,-3.));
#2722 = VECTOR('',#2723,1.);
#2723 = DIRECTION('',(-0.784192345802,0.620517819877,0.));
#2724 = PCURVE('',#45,#2725);
#2725 = DEFINITIONAL_REPRESENTATION('',(#2726),#2730);
#2726 = LINE('',#2727,#2728);
#2727 = CARTESIAN_POINT('',(6.632097845643,-5.247864147645));
#2728 = VECTOR('',#2729,1.);
#2729 = DIRECTION('',(-0.784192345802,0.620517819877));
#2730 = ( GEOMETRIC_REPRESENTATION_CONTEXT(2) 
PARAMETRIC_REPRESENTATION_CONTEXT() REPRESENTATION_CONTEXT('2D SPACE',''
  ) );
#2731 = PCURVE('',#2732,#2737);
#2732 = PLANE('',#2733);
#2733 = AXIS2_PLACEMENT_3D('',#2734,#2735,#2736);
#2734 = CARTESIAN_POINT('',(6.632097845643,-5.247864147645,-3.));
#2735 = DIRECTION('',(-0.620517819877,-0.784192345802,0.));
#2736 = DIRECTION('',(-0.784192345802,0.620517819877,0.));
#2737 = DEFINITIONAL_REPRESENTATION('',(#2738),#2742);
#2738 = LINE('',#2739,#2740);
#2739 = CARTESIAN_POINT('',(0.,0.));
#2740 = VECTOR('',#2741,1.);
#2741 = DIRECTION('',(1.,0.));
#2742 = ( GEOMETRIC_REPRESENTATION_CONTEXT(2) 
PARAMETRIC_REPRESENTATION_CONTEXT() REPRESENTATION_CONTEXT('2D SPACE',''
  ) );
#2743 = ORIENTED_EDGE('',*,*,#2744,.T.);
#2744 = EDGE_CURVE('',#2717,#2745,#2747,.T.);
#2745 = VERTEX_POINT('',#2746);
#2746 = CARTESIAN_POINT('',(8.851564826821,-5.647990803514,-3.));
#2747 = SURFACE_CURVE('',#2748,(#2762,#2779),.PCURVE_S1.);
#2748 = B_SPLINE_CURVE_WITH_KNOTS('',3,(#2749,#2750,#2751,#2752,#2753,
    #2754,#2755,#2756,#2757,#2758,#2759,#2760,#2761),.UNSPECIFIED.,.F.,
  .F.,(4,1,1,1,1,1,1,1,1,1,4),(0.,0.206463071868,0.418064650956,
    0.634628704967,0.856138693673,1.082589269896,1.31397802753,
    1.550303676965,1.79156544634,2.037762836919,2.288895507745),
  .UNSPECIFIED.);
#2749 = CARTESIAN_POINT('',(6.632097845643,-5.247864147645,-3.));
#2750 = CARTESIAN_POINT('',(6.689297780361,-5.286719787656,-3.));
#2751 = CARTESIAN_POINT('',(6.810646383637,-5.355470130567,-3.));
#2752 = CARTESIAN_POINT('',(7.00675679141,-5.436064199218,-3.));
#2753 = CARTESIAN_POINT('',(7.212714066804,-5.503340921255,-3.));
#2754 = CARTESIAN_POINT('',(7.427605818359,-5.55775766633,-3.));
#2755 = CARTESIAN_POINT('',(7.650097307989,-5.600493445073,-3.));
#2756 = CARTESIAN_POINT('',(7.879441443144,-5.631954945093,-3.));
#2757 = CARTESIAN_POINT('',(8.114965104986,-5.652462407864,-3.));
#2758 = CARTESIAN_POINT('',(8.356114709616,-5.66218093115,-3.));
#2759 = CARTESIAN_POINT('',(8.602382499885,-5.66121712254,-3.));
#2760 = CARTESIAN_POINT('',(8.768039831327,-5.653537406672,-3.));
#2761 = CARTESIAN_POINT('',(8.851564826821,-5.647990803514,-3.));
#2762 = PCURVE('',#45,#2763);
#2763 = DEFINITIONAL_REPRESENTATION('',(#2764),#2778);
#2764 = B_SPLINE_CURVE_WITH_KNOTS('',3,(#2765,#2766,#2767,#2768,#2769,
    #2770,#2771,#2772,#2773,#2774,#2775,#2776,#2777),.UNSPECIFIED.,.F.,
  .F.,(4,1,1,1,1,1,1,1,1,1,4),(0.,0.206463071868,0.418064650956,
    0.634628704967,0.856138693673,1.082589269896,1.31397802753,
    1.550303676965,1.79156544634,2.037762836919,2.288895507745),
  .UNSPECIFIED.);
#2765 = CARTESIAN_POINT('',(6.632097845643,-5.247864147645));
#2766 = CARTESIAN_POINT('',(6.689297780361,-5.286719787656));
#2767 = CARTESIAN_POINT('',(6.810646383637,-5.355470130567));
#2768 = CARTESIAN_POINT('',(7.00675679141,-5.436064199218));
#2769 = CARTESIAN_POINT('',(7.212714066804,-5.503340921255));
#2770 = CARTESIAN_POINT('',(7.427605818359,-5.55775766633));
#2771 = CARTESIAN_POINT('',(7.650097307989,-5.600493445073));
#2772 = CARTESIAN_POINT('',(7.879441443144,-5.631954945093));
#2773 = CARTESIAN_POINT('',(8.114965104986,-5.652462407864));
#2774 = CARTESIAN_POINT('',(8.356114709616,-5.66218093115));
#2775 = CARTESIAN_POINT('',(8.602382499885,-5.66121712254));
#2776 = CARTESIAN_POINT('',(8.768039831327,-5.653537406672));
#2777 = CARTESIAN_POINT('',(8.851564826821,-5.647990803514));
#2778 = ( GEOMETRIC_REPRESENTATION_CONTEXT(2) 
PARAMETRIC_REPRESENTATION_CONTEXT() REPRESENTATION_CONTEXT('2D SPACE',''
  ) );
#2779 = PCURVE('',#2780,#2797);
#2780 = SURFACE_OF_LINEAR_EXTRUSION('',#2781,#2795);
#2781 = B_SPLINE_CURVE_WITH_KNOTS('',3,(#2782,#2783,#2784,#2785,#2786,
    #2787,#2788,#2789,#2790,#2791,#2792,#2793,#2794),.UNSPECIFIED.,.F.,
  .F.,(4,1,1,1,1,1,1,1,1,1,4),(0.,0.206463071868,0.418064650956,
    0.634628704967,0.856138693673,1.082589269896,1.31397802753,
    1.550303676965,1.79156544634,2.037762836919,2.288895507745),
  .UNSPECIFIED.);
#2782 = CARTESIAN_POINT('',(6.632097845643,-5.247864147645,-3.));
#2783 = CARTESIAN_POINT('',(6.689297780361,-5.286719787656,-3.));
#2784 = CARTESIAN_POINT('',(6.810646383637,-5.355470130567,-3.));
#2785 = CARTESIAN_POINT('',(7.00675679141,-5.436064199218,-3.));
#2786 = CARTESIAN_POINT('',(7.212714066804,-5.503340921255,-3.));
#2787 = CARTESIAN_POINT('',(7.427605818359,-5.55775766633,-3.));
#2788 = CARTESIAN_POINT('',(7.650097307989,-5.600493445073,-3.));
#2789 = CARTESIAN_POINT('',(7.879441443144,-5.631954945093,-3.));
#2790 = CARTESIAN_POINT('',(8.114965104986,-5.652462407864,-3.));
#2791 = CARTESIAN_POINT('',(8.356114709616,-5.66218093115,-3.));
#2792 = CARTESIAN_POINT('',(8.602382499885,-5.66121712254,-3.));
#2793 = CARTESIAN_POINT('',(8.768039831327,-5.653537406672,-3.));
#2794 = CARTESIAN_POINT('',(8.851564826821,-5.647990803514,-3.));
#2795 = VECTOR('',#2796,1.);
#2796 = DIRECTION('',(-0.,-0.,-1.));
#2797 = DEFINITIONAL_REPRESENTATION('',(#2798),#2802);
#2798 = LINE('',#2799,#2800);
#2799 = CARTESIAN_POINT('',(0.,0.));
#2800 = VECTOR('',#2801,1.);
#2801 = DIRECTION('',(1.,0.));
#2802 = ( GEOMETRIC_REPRESENTATION_CONTEXT(2) 
PARAMETRIC_REPRESENTATION_CONTEXT() REPRESENTATION_CONTEXT('2D SPACE',''
  ) );
#2803 = ORIENTED_EDGE('',*,*,#2804,.T.);
#2804 = EDGE_CURVE('',#2745,#2805,#2807,.T.);
#2805 = VERTEX_POINT('',#2806);
#2806 = CARTESIAN_POINT('',(9.317085929595,-4.841684601515,-3.));
#2807 = SURFACE_CURVE('',#2808,(#2813,#2820),.PCURVE_S1.);
#2808 = CIRCLE('',#2809,10.5);
#2809 = AXIS2_PLACEMENT_3D('',#2810,#2811,#2812);
#2810 = CARTESIAN_POINT('',(-1.27977989556E-14,5.681162781685E-14,-3.));
#2811 = DIRECTION('',(0.,0.,1.));
#2812 = DIRECTION('',(0.843006173983,-0.537903886049,0.));
#2813 = PCURVE('',#45,#2814);
#2814 = DEFINITIONAL_REPRESENTATION('',(#2815),#2819);
#2815 = CIRCLE('',#2816,10.5);
#2816 = AXIS2_PLACEMENT_2D('',#2817,#2818);
#2817 = CARTESIAN_POINT('',(-1.287217317669E-14,5.668359118307E-14));
#2818 = DIRECTION('',(0.843006173983,-0.537903886049));
#2819 = ( GEOMETRIC_REPRESENTATION_CONTEXT(2) 
PARAMETRIC_REPRESENTATION_CONTEXT() REPRESENTATION_CONTEXT('2D SPACE',''
  ) );
#2820 = PCURVE('',#2821,#2826);
#2821 = CYLINDRICAL_SURFACE('',#2822,10.5);
#2822 = AXIS2_PLACEMENT_3D('',#2823,#2824,#2825);
#2823 = CARTESIAN_POINT('',(-1.27977989556E-14,5.681162781685E-14,-3.));
#2824 = DIRECTION('',(0.,-0.,-1.));
#2825 = DIRECTION('',(0.843006173983,-0.537903886049,0.));
#2826 = DEFINITIONAL_REPRESENTATION('',(#2827),#2831);
#2827 = LINE('',#2828,#2829);
#2828 = CARTESIAN_POINT('',(-0.,0.));
#2829 = VECTOR('',#2830,1.);
#2830 = DIRECTION('',(-1.,0.));
#2831 = ( GEOMETRIC_REPRESENTATION_CONTEXT(2) 
PARAMETRIC_REPRESENTATION_CONTEXT() REPRESENTATION_CONTEXT('2D SPACE',''
  ) );
#2832 = ORIENTED_EDGE('',*,*,#2833,.F.);
#2833 = EDGE_CURVE('',#2834,#2805,#2836,.T.);
#2834 = VERTEX_POINT('',#2835);
#2835 = CARTESIAN_POINT('',(7.860832590292,-3.119633140888,-3.));
#2836 = SURFACE_CURVE('',#2837,(#2851,#2868),.PCURVE_S1.);
#2837 = B_SPLINE_CURVE_WITH_KNOTS('',3,(#2838,#2839,#2840,#2841,#2842,
    #2843,#2844,#2845,#2846,#2847,#2848,#2849,#2850),.UNSPECIFIED.,.F.,
  .F.,(4,1,1,1,1,1,1,1,1,1,4),(0.,0.206463071868,0.418064650956,
    0.634628704967,0.856138693673,1.082589269896,1.31397802753,
    1.550303676965,1.79156544634,2.037762836919,2.288895507745),
  .UNSPECIFIED.);
#2838 = CARTESIAN_POINT('',(7.860832590292,-3.119633140888,-3.));
#2839 = CARTESIAN_POINT('',(7.92308252898,-3.149741917444,-3.));
#2840 = CARTESIAN_POINT('',(8.043296374098,-3.220457719139,-3.));
#2841 = CARTESIAN_POINT('',(8.211148088831,-3.349997279891,-3.));
#2842 = CARTESIAN_POINT('',(8.372390076896,-3.494723151458,-3.));
#2843 = CARTESIAN_POINT('',(8.526962236299,-3.653616494831,-3.));
#2844 = CARTESIAN_POINT('',(8.675218251156,-3.824931887605,-3.));
#2845 = CARTESIAN_POINT('',(8.817136776992,-4.007818984848,-3.));
#2846 = CARTESIAN_POINT('',(8.95265859164,-4.20153472781,-3.));
#2847 = CARTESIAN_POINT('',(9.081649882007,-4.405517149889,-3.));
#2848 = CARTESIAN_POINT('',(9.203949094402,-4.619273216701,-3.));
#2849 = CARTESIAN_POINT('',(9.280126931087,-4.766576531987,-3.));
#2850 = CARTESIAN_POINT('',(9.317085929595,-4.841684601515,-3.));
#2851 = PCURVE('',#45,#2852);
#2852 = DEFINITIONAL_REPRESENTATION('',(#2853),#2867);
#2853 = B_SPLINE_CURVE_WITH_KNOTS('',3,(#2854,#2855,#2856,#2857,#2858,
    #2859,#2860,#2861,#2862,#2863,#2864,#2865,#2866),.UNSPECIFIED.,.F.,
  .F.,(4,1,1,1,1,1,1,1,1,1,4),(0.,0.206463071868,0.418064650956,
    0.634628704967,0.856138693673,1.082589269896,1.31397802753,
    1.550303676965,1.79156544634,2.037762836919,2.288895507745),
  .UNSPECIFIED.);
#2854 = CARTESIAN_POINT('',(7.860832590292,-3.119633140888));
#2855 = CARTESIAN_POINT('',(7.92308252898,-3.149741917444));
#2856 = CARTESIAN_POINT('',(8.043296374098,-3.220457719139));
#2857 = CARTESIAN_POINT('',(8.211148088831,-3.349997279891));
#2858 = CARTESIAN_POINT('',(8.372390076896,-3.494723151458));
#2859 = CARTESIAN_POINT('',(8.526962236299,-3.653616494831));
#2860 = CARTESIAN_POINT('',(8.675218251156,-3.824931887605));
#2861 = CARTESIAN_POINT('',(8.817136776992,-4.007818984848));
#2862 = CARTESIAN_POINT('',(8.95265859164,-4.20153472781));
#2863 = CARTESIAN_POINT('',(9.081649882007,-4.405517149889));
#2864 = CARTESIAN_POINT('',(9.203949094402,-4.619273216701));
#2865 = CARTESIAN_POINT('',(9.280126931087,-4.766576531987));
#2866 = CARTESIAN_POINT('',(9.317085929595,-4.841684601515));
#2867 = ( GEOMETRIC_REPRESENTATION_CONTEXT(2) 
PARAMETRIC_REPRESENTATION_CONTEXT() REPRESENTATION_CONTEXT('2D SPACE',''
  ) );
#2868 = PCURVE('',#2869,#2886);
#2869 = SURFACE_OF_LINEAR_EXTRUSION('',#2870,#2884);
#2870 = B_SPLINE_CURVE_WITH_KNOTS('',3,(#2871,#2872,#2873,#2874,#2875,
    #2876,#2877,#2878,#2879,#2880,#2881,#2882,#2883),.UNSPECIFIED.,.F.,
  .F.,(4,1,1,1,1,1,1,1,1,1,4),(0.,0.206463071868,0.418064650956,
    0.634628704967,0.856138693673,1.082589269896,1.31397802753,
    1.550303676965,1.79156544634,2.037762836919,2.288895507745),
  .UNSPECIFIED.);
#2871 = CARTESIAN_POINT('',(7.860832590292,-3.119633140888,-3.));
#2872 = CARTESIAN_POINT('',(7.92308252898,-3.149741917444,-3.));
#2873 = CARTESIAN_POINT('',(8.043296374098,-3.220457719139,-3.));
#2874 = CARTESIAN_POINT('',(8.211148088831,-3.349997279891,-3.));
#2875 = CARTESIAN_POINT('',(8.372390076896,-3.494723151458,-3.));
#2876 = CARTESIAN_POINT('',(8.526962236299,-3.653616494831,-3.));
#2877 = CARTESIAN_POINT('',(8.675218251156,-3.824931887605,-3.));
#2878 = CARTESIAN_POINT('',(8.817136776992,-4.007818984848,-3.));
#2879 = CARTESIAN_POINT('',(8.95265859164,-4.20153472781,-3.));
#2880 = CARTESIAN_POINT('',(9.081649882007,-4.405517149889,-3.));
#2881 = CARTESIAN_POINT('',(9.203949094402,-4.619273216701,-3.));
#2882 = CARTESIAN_POINT('',(9.280126931087,-4.766576531987,-3.));
#2883 = CARTESIAN_POINT('',(9.317085929595,-4.841684601515,-3.));
#2884 = VECTOR('',#2885,1.);
#2885 = DIRECTION('',(-0.,-0.,-1.));
#2886 = DEFINITIONAL_REPRESENTATION('',(#2887),#2891);
#2887 = LINE('',#2888,#2889);
#2888 = CARTESIAN_POINT('',(0.,0.));
#2889 = VECTOR('',#2890,1.);
#2890 = DIRECTION('',(1.,0.));
#2891 = ( GEOMETRIC_REPRESENTATION_CONTEXT(2) 
PARAMETRIC_REPRESENTATION_CONTEXT() REPRESENTATION_CONTEXT('2D SPACE',''
  ) );
#2892 = ORIENTED_EDGE('',*,*,#2893,.T.);
#2893 = EDGE_CURVE('',#2834,#22,#2894,.T.);
#2894 = SURFACE_CURVE('',#2895,(#2899,#2906),.PCURVE_S1.);
#2895 = LINE('',#2896,#2897);
#2896 = CARTESIAN_POINT('',(7.860832590292,-3.119633140888,-3.));
#2897 = VECTOR('',#2898,1.);
#2898 = DIRECTION('',(-0.929480368416,0.368871582979,0.));
#2899 = PCURVE('',#45,#2900);
#2900 = DEFINITIONAL_REPRESENTATION('',(#2901),#2905);
#2901 = LINE('',#2902,#2903);
#2902 = CARTESIAN_POINT('',(7.860832590292,-3.119633140888));
#2903 = VECTOR('',#2904,1.);
#2904 = DIRECTION('',(-0.929480368416,0.368871582979));
#2905 = ( GEOMETRIC_REPRESENTATION_CONTEXT(2) 
PARAMETRIC_REPRESENTATION_CONTEXT() REPRESENTATION_CONTEXT('2D SPACE',''
  ) );
#2906 = PCURVE('',#132,#2907);
#2907 = DEFINITIONAL_REPRESENTATION('',(#2908),#2912);
#2908 = LINE('',#2909,#2910);
#2909 = CARTESIAN_POINT('',(0.,0.));
#2910 = VECTOR('',#2911,1.);
#2911 = DIRECTION('',(1.,0.));
#2912 = ( GEOMETRIC_REPRESENTATION_CONTEXT(2) 
PARAMETRIC_REPRESENTATION_CONTEXT() REPRESENTATION_CONTEXT('2D SPACE',''
  ) );
#2913 = ORIENTED_EDGE('',*,*,#21,.T.);
#2914 = ADVANCED_FACE('',(#2915),#73,.T.);
#2915 = FACE_BOUND('',#2916,.T.);
#2916 = EDGE_LOOP('',(#2917,#2918,#2941,#2981,#3002));
#2917 = ORIENTED_EDGE('',*,*,#147,.F.);
#2918 = ORIENTED_EDGE('',*,*,#2919,.T.);
#2919 = EDGE_CURVE('',#148,#2920,#2922,.T.);
#2920 = VERTEX_POINT('',#2921);
#2921 = CARTESIAN_POINT('',(8.367497288533,-1.228734744649,0.));
#2922 = SURFACE_CURVE('',#2923,(#2927,#2934),.PCURVE_S1.);
#2923 = LINE('',#2924,#2925);
#2924 = CARTESIAN_POINT('',(8.367497288533,-1.228734744649,-3.));
#2925 = VECTOR('',#2926,1.);
#2926 = DIRECTION('',(0.,0.,1.));
#2927 = PCURVE('',#73,#2928);
#2928 = DEFINITIONAL_REPRESENTATION('',(#2929),#2933);
#2929 = LINE('',#2930,#2931);
#2930 = CARTESIAN_POINT('',(0.,0.));
#2931 = VECTOR('',#2932,1.);
#2932 = DIRECTION('',(0.,-1.));
#2933 = ( GEOMETRIC_REPRESENTATION_CONTEXT(2) 
PARAMETRIC_REPRESENTATION_CONTEXT() REPRESENTATION_CONTEXT('2D SPACE',''
  ) );
#2934 = PCURVE('',#206,#2935);
#2935 = DEFINITIONAL_REPRESENTATION('',(#2936),#2940);
#2936 = LINE('',#2937,#2938);
#2937 = CARTESIAN_POINT('',(0.,0.));
#2938 = VECTOR('',#2939,1.);
#2939 = DIRECTION('',(0.,-1.));
#2940 = ( GEOMETRIC_REPRESENTATION_CONTEXT(2) 
PARAMETRIC_REPRESENTATION_CONTEXT() REPRESENTATION_CONTEXT('2D SPACE',''
  ) );
#2941 = ORIENTED_EDGE('',*,*,#2942,.T.);
#2942 = EDGE_CURVE('',#2920,#2943,#2945,.T.);
#2943 = VERTEX_POINT('',#2944);
#2944 = CARTESIAN_POINT('',(8.367497288533,-1.228734744649,6.));
#2945 = SURFACE_CURVE('',#2946,(#2950,#2957),.PCURVE_S1.);
#2946 = LINE('',#2947,#2948);
#2947 = CARTESIAN_POINT('',(8.367497288533,-1.228734744649,0.));
#2948 = VECTOR('',#2949,1.);
#2949 = DIRECTION('',(0.,0.,1.));
#2950 = PCURVE('',#73,#2951);
#2951 = DEFINITIONAL_REPRESENTATION('',(#2952),#2956);
#2952 = LINE('',#2953,#2954);
#2953 = CARTESIAN_POINT('',(0.,-3.));
#2954 = VECTOR('',#2955,1.);
#2955 = DIRECTION('',(0.,-1.));
#2956 = ( GEOMETRIC_REPRESENTATION_CONTEXT(2) 
PARAMETRIC_REPRESENTATION_CONTEXT() REPRESENTATION_CONTEXT('2D SPACE',''
  ) );
#2957 = PCURVE('',#2958,#2975);
#2958 = SURFACE_OF_LINEAR_EXTRUSION('',#2959,#2973);
#2959 = B_SPLINE_CURVE_WITH_KNOTS('',3,(#2960,#2961,#2962,#2963,#2964,
    #2965,#2966,#2967,#2968,#2969,#2970,#2971,#2972),.UNSPECIFIED.,.F.,
  .F.,(4,1,1,1,1,1,1,1,1,1,4),(0.,0.206463071868,0.418064650956,
    0.634628704967,0.856138693673,1.082589269896,1.31397802753,
    1.550303676965,1.79156544634,2.037762836919,2.288895507745),
  .UNSPECIFIED.);
#2960 = CARTESIAN_POINT('',(8.367497288533,-1.228734744649,0.));
#2961 = CARTESIAN_POINT('',(8.4364617051,-1.233784748619,0.));
#2962 = CARTESIAN_POINT('',(8.575927849706,-1.232649990461,0.));
#2963 = CARTESIAN_POINT('',(8.786061479109,-1.204391297421,0.));
#2964 = CARTESIAN_POINT('',(8.998064072713,-1.159676010092,0.));
#2965 = CARTESIAN_POINT('',(9.211374161161,-1.09935641794,0.));
#2966 = CARTESIAN_POINT('',(9.425425332678,-1.025120943167,0.));
#2967 = CARTESIAN_POINT('',(9.639773929941,-0.937695333848,0.));
#2968 = CARTESIAN_POINT('',(9.853997135674,-0.837693486654,0.));
#2969 = CARTESIAN_POINT('',(10.067698081039,-0.725535172392,0.));
#2970 = CARTESIAN_POINT('',(10.280490339242,-0.601566594517,0.));
#2971 = CARTESIAN_POINT('',(10.420113938659,-0.51208709976,0.));
#2972 = CARTESIAN_POINT('',(10.489675405029,-0.465521102773,0.));
#2973 = VECTOR('',#2974,1.);
#2974 = DIRECTION('',(-0.,-0.,-1.));
#2975 = DEFINITIONAL_REPRESENTATION('',(#2976),#2980);
#2976 = LINE('',#2977,#2978);
#2977 = CARTESIAN_POINT('',(0.,0.));
#2978 = VECTOR('',#2979,1.);
#2979 = DIRECTION('',(0.,-1.));
#2980 = ( GEOMETRIC_REPRESENTATION_CONTEXT(2) 
PARAMETRIC_REPRESENTATION_CONTEXT() REPRESENTATION_CONTEXT('2D SPACE',''
  ) );
#2981 = ORIENTED_EDGE('',*,*,#2982,.T.);
#2982 = EDGE_CURVE('',#2943,#58,#2983,.T.);
#2983 = SURFACE_CURVE('',#2984,(#2988,#2995),.PCURVE_S1.);
#2984 = LINE('',#2985,#2986);
#2985 = CARTESIAN_POINT('',(8.367497288533,-1.228734744649,6.));
#2986 = VECTOR('',#2987,1.);
#2987 = DIRECTION('',(-0.989389402857,0.145288022614,0.));
#2988 = PCURVE('',#73,#2989);
#2989 = DEFINITIONAL_REPRESENTATION('',(#2990),#2994);
#2990 = LINE('',#2991,#2992);
#2991 = CARTESIAN_POINT('',(0.,-9.));
#2992 = VECTOR('',#2993,1.);
#2993 = DIRECTION('',(1.,0.));
#2994 = ( GEOMETRIC_REPRESENTATION_CONTEXT(2) 
PARAMETRIC_REPRESENTATION_CONTEXT() REPRESENTATION_CONTEXT('2D SPACE',''
  ) );
#2995 = PCURVE('',#102,#2996);
#2996 = DEFINITIONAL_REPRESENTATION('',(#2997),#3001);
#2997 = LINE('',#2998,#2999);
#2998 = CARTESIAN_POINT('',(8.367497288533,-1.228734744649));
#2999 = VECTOR('',#3000,1.);
#3000 = DIRECTION('',(-0.989389402857,0.145288022614));
#3001 = ( GEOMETRIC_REPRESENTATION_CONTEXT(2) 
PARAMETRIC_REPRESENTATION_CONTEXT() REPRESENTATION_CONTEXT('2D SPACE',''
  ) );
#3002 = ORIENTED_EDGE('',*,*,#57,.F.);
#3003 = ADVANCED_FACE('',(#3004,#5602),#102,.T.);
#3004 = FACE_BOUND('',#3005,.T.);
#3005 = EDGE_LOOP('',(#3006,#3007,#3008,#3051,#3079,#3139,#3162,#3190,
    #3213,#3273,#3301,#3361,#3384,#3412,#3435,#3495,#3523,#3583,#3606,
    #3634,#3657,#3717,#3745,#3805,#3828,#3856,#3879,#3939,#3967,#4027,
    #4050,#4078,#4101,#4161,#4189,#4249,#4272,#4300,#4323,#4383,#4411,
    #4471,#4494,#4522,#4545,#4605,#4633,#4693,#4716,#4744,#4767,#4827,
    #4855,#4915,#4938,#4966,#4989,#5049,#5077,#5137,#5160,#5188,#5211,
    #5271,#5299,#5359,#5382,#5410,#5433,#5493,#5521,#5581));
#3006 = ORIENTED_EDGE('',*,*,#85,.F.);
#3007 = ORIENTED_EDGE('',*,*,#2982,.F.);
#3008 = ORIENTED_EDGE('',*,*,#3009,.T.);
#3009 = EDGE_CURVE('',#2943,#3010,#3012,.T.);
#3010 = VERTEX_POINT('',#3011);
#3011 = CARTESIAN_POINT('',(10.489675405029,-0.465521102773,6.));
#3012 = SURFACE_CURVE('',#3013,(#3027,#3044),.PCURVE_S1.);
#3013 = B_SPLINE_CURVE_WITH_KNOTS('',3,(#3014,#3015,#3016,#3017,#3018,
    #3019,#3020,#3021,#3022,#3023,#3024,#3025,#3026),.UNSPECIFIED.,.F.,
  .F.,(4,1,1,1,1,1,1,1,1,1,4),(0.,0.206463071868,0.418064650956,
    0.634628704967,0.856138693673,1.082589269896,1.31397802753,
    1.550303676965,1.79156544634,2.037762836919,2.288895507745),
  .UNSPECIFIED.);
#3014 = CARTESIAN_POINT('',(8.367497288533,-1.228734744649,6.));
#3015 = CARTESIAN_POINT('',(8.4364617051,-1.233784748619,6.));
#3016 = CARTESIAN_POINT('',(8.575927849706,-1.232649990461,6.));
#3017 = CARTESIAN_POINT('',(8.786061479109,-1.204391297421,6.));
#3018 = CARTESIAN_POINT('',(8.998064072713,-1.159676010092,6.));
#3019 = CARTESIAN_POINT('',(9.211374161161,-1.09935641794,6.));
#3020 = CARTESIAN_POINT('',(9.425425332678,-1.025120943167,6.));
#3021 = CARTESIAN_POINT('',(9.639773929941,-0.937695333848,6.));
#3022 = CARTESIAN_POINT('',(9.853997135674,-0.837693486654,6.));
#3023 = CARTESIAN_POINT('',(10.067698081039,-0.725535172392,6.));
#3024 = CARTESIAN_POINT('',(10.280490339242,-0.601566594517,6.));
#3025 = CARTESIAN_POINT('',(10.420113938659,-0.51208709976,6.));
#3026 = CARTESIAN_POINT('',(10.489675405029,-0.465521102773,6.));
#3027 = PCURVE('',#102,#3028);
#3028 = DEFINITIONAL_REPRESENTATION('',(#3029),#3043);
#3029 = B_SPLINE_CURVE_WITH_KNOTS('',3,(#3030,#3031,#3032,#3033,#3034,
    #3035,#3036,#3037,#3038,#3039,#3040,#3041,#3042),.UNSPECIFIED.,.F.,
  .F.,(4,1,1,1,1,1,1,1,1,1,4),(0.,0.206463071868,0.418064650956,
    0.634628704967,0.856138693673,1.082589269896,1.31397802753,
    1.550303676965,1.79156544634,2.037762836919,2.288895507745),
  .UNSPECIFIED.);
#3030 = CARTESIAN_POINT('',(8.367497288533,-1.228734744649));
#3031 = CARTESIAN_POINT('',(8.4364617051,-1.233784748619));
#3032 = CARTESIAN_POINT('',(8.575927849706,-1.232649990461));
#3033 = CARTESIAN_POINT('',(8.786061479109,-1.204391297421));
#3034 = CARTESIAN_POINT('',(8.998064072713,-1.159676010092));
#3035 = CARTESIAN_POINT('',(9.211374161161,-1.09935641794));
#3036 = CARTESIAN_POINT('',(9.425425332678,-1.025120943167));
#3037 = CARTESIAN_POINT('',(9.639773929941,-0.937695333848));
#3038 = CARTESIAN_POINT('',(9.853997135674,-0.837693486654));
#3039 = CARTESIAN_POINT('',(10.067698081039,-0.725535172392));
#3040 = CARTESIAN_POINT('',(10.280490339242,-0.601566594517));
#3041 = CARTESIAN_POINT('',(10.420113938659,-0.51208709976));
#3042 = CARTESIAN_POINT('',(10.489675405029,-0.465521102773));
#3043 = ( GEOMETRIC_REPRESENTATION_CONTEXT(2) 
PARAMETRIC_REPRESENTATION_CONTEXT() REPRESENTATION_CONTEXT('2D SPACE',''
  ) );
#3044 = PCURVE('',#2958,#3045);
#3045 = DEFINITIONAL_REPRESENTATION('',(#3046),#3050);
#3046 = LINE('',#3047,#3048);
#3047 = CARTESIAN_POINT('',(0.,-6.));
#3048 = VECTOR('',#3049,1.);
#3049 = DIRECTION('',(1.,0.));
#3050 = ( GEOMETRIC_REPRESENTATION_CONTEXT(2) 
PARAMETRIC_REPRESENTATION_CONTEXT() REPRESENTATION_CONTEXT('2D SPACE',''
  ) );
#3051 = ORIENTED_EDGE('',*,*,#3052,.F.);
#3052 = EDGE_CURVE('',#3053,#3010,#3055,.T.);
#3053 = VERTEX_POINT('',#3054);
#3054 = CARTESIAN_POINT('',(10.489675405029,0.465521102773,6.));
#3055 = SURFACE_CURVE('',#3056,(#3061,#3072),.PCURVE_S1.);
#3056 = CIRCLE('',#3057,10.5);
#3057 = AXIS2_PLACEMENT_3D('',#3058,#3059,#3060);
#3058 = CARTESIAN_POINT('',(-3.94890329165E-14,-4.191323502224E-14,6.));
#3059 = DIRECTION('',(0.,0.,-1.));
#3060 = DIRECTION('',(0.999016705241,4.433534312129E-02,0.));
#3061 = PCURVE('',#102,#3062);
#3062 = DEFINITIONAL_REPRESENTATION('',(#3063),#3071);
#3063 = ( BOUNDED_CURVE() B_SPLINE_CURVE(2,(#3064,#3065,#3066,#3067,
#3068,#3069,#3070),.UNSPECIFIED.,.T.,.F.) B_SPLINE_CURVE_WITH_KNOTS((1,2
    ,2,2,2,1),(-2.094395102393,0.,2.094395102393,4.188790204786,
6.28318530718,8.377580409573),.UNSPECIFIED.) CURVE() 
GEOMETRIC_REPRESENTATION_ITEM() RATIONAL_B_SPLINE_CURVE((1.,0.5,1.,0.5,
1.,0.5,1.)) REPRESENTATION_ITEM('') );
#3064 = CARTESIAN_POINT('',(10.489675405029,0.465521102773));
#3065 = CARTESIAN_POINT('',(11.295981607028,-17.70312965364));
#3066 = CARTESIAN_POINT('',(-4.841684601515,-9.317085929595));
#3067 = CARTESIAN_POINT('',(-20.97935081005,-0.931042205547));
#3068 = CARTESIAN_POINT('',(-5.647990803514,8.851564826821));
#3069 = CARTESIAN_POINT('',(9.68336920303,18.63417185919));
#3070 = CARTESIAN_POINT('',(10.489675405029,0.465521102773));
#3071 = ( GEOMETRIC_REPRESENTATION_CONTEXT(2) 
PARAMETRIC_REPRESENTATION_CONTEXT() REPRESENTATION_CONTEXT('2D SPACE',''
  ) );
#3072 = PCURVE('',#247,#3073);
#3073 = DEFINITIONAL_REPRESENTATION('',(#3074),#3078);
#3074 = LINE('',#3075,#3076);
#3075 = CARTESIAN_POINT('',(-8.86997608188E-02,-9.));
#3076 = VECTOR('',#3077,1.);
#3077 = DIRECTION('',(1.,-0.));
#3078 = ( GEOMETRIC_REPRESENTATION_CONTEXT(2) 
PARAMETRIC_REPRESENTATION_CONTEXT() REPRESENTATION_CONTEXT('2D SPACE',''
  ) );
#3079 = ORIENTED_EDGE('',*,*,#3080,.F.);
#3080 = EDGE_CURVE('',#3081,#3053,#3083,.T.);
#3081 = VERTEX_POINT('',#3082);
#3082 = CARTESIAN_POINT('',(8.367497288533,1.228734744649,6.));
#3083 = SURFACE_CURVE('',#3084,(#3098,#3115),.PCURVE_S1.);
#3084 = B_SPLINE_CURVE_WITH_KNOTS('',3,(#3085,#3086,#3087,#3088,#3089,
    #3090,#3091,#3092,#3093,#3094,#3095,#3096,#3097),.UNSPECIFIED.,.F.,
  .F.,(4,1,1,1,1,1,1,1,1,1,4),(0.,0.206463071868,0.418064650956,
    0.634628704967,0.856138693673,1.082589269896,1.31397802753,
    1.550303676965,1.79156544634,2.037762836919,2.288895507745),
  .UNSPECIFIED.);
#3085 = CARTESIAN_POINT('',(8.367497288533,1.228734744649,6.));
#3086 = CARTESIAN_POINT('',(8.4364617051,1.233784748619,6.));
#3087 = CARTESIAN_POINT('',(8.575927849706,1.232649990461,6.));
#3088 = CARTESIAN_POINT('',(8.786061479109,1.204391297421,6.));
#3089 = CARTESIAN_POINT('',(8.998064072713,1.159676010092,6.));
#3090 = CARTESIAN_POINT('',(9.211374161161,1.09935641794,6.));
#3091 = CARTESIAN_POINT('',(9.425425332678,1.025120943167,6.));
#3092 = CARTESIAN_POINT('',(9.639773929941,0.937695333848,6.));
#3093 = CARTESIAN_POINT('',(9.853997135674,0.837693486654,6.));
#3094 = CARTESIAN_POINT('',(10.067698081039,0.725535172392,6.));
#3095 = CARTESIAN_POINT('',(10.280490339242,0.601566594517,6.));
#3096 = CARTESIAN_POINT('',(10.420113938659,0.51208709976,6.));
#3097 = CARTESIAN_POINT('',(10.489675405029,0.465521102773,6.));
#3098 = PCURVE('',#102,#3099);
#3099 = DEFINITIONAL_REPRESENTATION('',(#3100),#3114);
#3100 = B_SPLINE_CURVE_WITH_KNOTS('',3,(#3101,#3102,#3103,#3104,#3105,
    #3106,#3107,#3108,#3109,#3110,#3111,#3112,#3113),.UNSPECIFIED.,.F.,
  .F.,(4,1,1,1,1,1,1,1,1,1,4),(0.,0.206463071868,0.418064650956,
    0.634628704967,0.856138693673,1.082589269896,1.31397802753,
    1.550303676965,1.79156544634,2.037762836919,2.288895507745),
  .UNSPECIFIED.);
#3101 = CARTESIAN_POINT('',(8.367497288533,1.228734744649));
#3102 = CARTESIAN_POINT('',(8.4364617051,1.233784748619));
#3103 = CARTESIAN_POINT('',(8.575927849706,1.232649990461));
#3104 = CARTESIAN_POINT('',(8.786061479109,1.204391297421));
#3105 = CARTESIAN_POINT('',(8.998064072713,1.159676010092));
#3106 = CARTESIAN_POINT('',(9.211374161161,1.09935641794));
#3107 = CARTESIAN_POINT('',(9.425425332678,1.025120943167));
#3108 = CARTESIAN_POINT('',(9.639773929941,0.937695333848));
#3109 = CARTESIAN_POINT('',(9.853997135674,0.837693486654));
#3110 = CARTESIAN_POINT('',(10.067698081039,0.725535172392));
#3111 = CARTESIAN_POINT('',(10.280490339242,0.601566594517));
#3112 = CARTESIAN_POINT('',(10.420113938659,0.51208709976));
#3113 = CARTESIAN_POINT('',(10.489675405029,0.465521102773));
#3114 = ( GEOMETRIC_REPRESENTATION_CONTEXT(2) 
PARAMETRIC_REPRESENTATION_CONTEXT() REPRESENTATION_CONTEXT('2D SPACE',''
  ) );
#3115 = PCURVE('',#3116,#3133);
#3116 = SURFACE_OF_LINEAR_EXTRUSION('',#3117,#3131);
#3117 = B_SPLINE_CURVE_WITH_KNOTS('',3,(#3118,#3119,#3120,#3121,#3122,
    #3123,#3124,#3125,#3126,#3127,#3128,#3129,#3130),.UNSPECIFIED.,.F.,
  .F.,(4,1,1,1,1,1,1,1,1,1,4),(0.,0.206463071868,0.418064650956,
    0.634628704967,0.856138693673,1.082589269896,1.31397802753,
    1.550303676965,1.79156544634,2.037762836919,2.288895507745),
  .UNSPECIFIED.);
#3118 = CARTESIAN_POINT('',(8.367497288533,1.228734744649,0.));
#3119 = CARTESIAN_POINT('',(8.4364617051,1.233784748619,0.));
#3120 = CARTESIAN_POINT('',(8.575927849706,1.232649990461,0.));
#3121 = CARTESIAN_POINT('',(8.786061479109,1.204391297421,0.));
#3122 = CARTESIAN_POINT('',(8.998064072713,1.159676010092,0.));
#3123 = CARTESIAN_POINT('',(9.211374161161,1.09935641794,0.));
#3124 = CARTESIAN_POINT('',(9.425425332678,1.025120943167,0.));
#3125 = CARTESIAN_POINT('',(9.639773929941,0.937695333848,0.));
#3126 = CARTESIAN_POINT('',(9.853997135674,0.837693486654,0.));
#3127 = CARTESIAN_POINT('',(10.067698081039,0.725535172392,0.));
#3128 = CARTESIAN_POINT('',(10.280490339242,0.601566594517,0.));
#3129 = CARTESIAN_POINT('',(10.420113938659,0.51208709976,0.));
#3130 = CARTESIAN_POINT('',(10.489675405029,0.465521102773,0.));
#3131 = VECTOR('',#3132,1.);
#3132 = DIRECTION('',(-0.,-0.,-1.));
#3133 = DEFINITIONAL_REPRESENTATION('',(#3134),#3138);
#3134 = LINE('',#3135,#3136);
#3135 = CARTESIAN_POINT('',(0.,-6.));
#3136 = VECTOR('',#3137,1.);
#3137 = DIRECTION('',(1.,0.));
#3138 = ( GEOMETRIC_REPRESENTATION_CONTEXT(2) 
PARAMETRIC_REPRESENTATION_CONTEXT() REPRESENTATION_CONTEXT('2D SPACE',''
  ) );
#3139 = ORIENTED_EDGE('',*,*,#3140,.T.);
#3140 = EDGE_CURVE('',#3081,#3141,#3143,.T.);
#3141 = VERTEX_POINT('',#3142);
#3142 = CARTESIAN_POINT('',(7.049399495353,1.035177161123,6.));
#3143 = SURFACE_CURVE('',#3144,(#3148,#3155),.PCURVE_S1.);
#3144 = LINE('',#3145,#3146);
#3145 = CARTESIAN_POINT('',(8.367497288533,1.228734744649,6.));
#3146 = VECTOR('',#3147,1.);
#3147 = DIRECTION('',(-0.989389402857,-0.145288022614,0.));
#3148 = PCURVE('',#102,#3149);
#3149 = DEFINITIONAL_REPRESENTATION('',(#3150),#3154);
#3150 = LINE('',#3151,#3152);
#3151 = CARTESIAN_POINT('',(8.367497288533,1.228734744649));
#3152 = VECTOR('',#3153,1.);
#3153 = DIRECTION('',(-0.989389402857,-0.145288022614));
#3154 = ( GEOMETRIC_REPRESENTATION_CONTEXT(2) 
PARAMETRIC_REPRESENTATION_CONTEXT() REPRESENTATION_CONTEXT('2D SPACE',''
  ) );
#3155 = PCURVE('',#335,#3156);
#3156 = DEFINITIONAL_REPRESENTATION('',(#3157),#3161);
#3157 = LINE('',#3158,#3159);
#3158 = CARTESIAN_POINT('',(0.,-9.));
#3159 = VECTOR('',#3160,1.);
#3160 = DIRECTION('',(1.,0.));
#3161 = ( GEOMETRIC_REPRESENTATION_CONTEXT(2) 
PARAMETRIC_REPRESENTATION_CONTEXT() REPRESENTATION_CONTEXT('2D SPACE',''
  ) );
#3162 = ORIENTED_EDGE('',*,*,#3163,.F.);
#3163 = EDGE_CURVE('',#3164,#3141,#3166,.T.);
#3164 = VERTEX_POINT('',#3165);
#3165 = CARTESIAN_POINT('',(6.622547624963,2.628210028727,6.));
#3166 = SURFACE_CURVE('',#3167,(#3172,#3183),.PCURVE_S1.);
#3167 = CIRCLE('',#3168,7.125);
#3168 = AXIS2_PLACEMENT_3D('',#3169,#3170,#3171);
#3169 = CARTESIAN_POINT('',(-3.499849689103E-13,-1.167447649716E-13,6.)
  );
#3170 = DIRECTION('',(0.,0.,-1.));
#3171 = DIRECTION('',(0.929480368416,0.368871582979,0.));
#3172 = PCURVE('',#102,#3173);
#3173 = DEFINITIONAL_REPRESENTATION('',(#3174),#3182);
#3174 = ( BOUNDED_CURVE() B_SPLINE_CURVE(2,(#3175,#3176,#3177,#3178,
#3179,#3180,#3181),.UNSPECIFIED.,.T.,.F.) B_SPLINE_CURVE_WITH_KNOTS((1,2
    ,2,2,2,1),(-2.094395102393,0.,2.094395102393,4.188790204786,
6.28318530718,8.377580409573),.UNSPECIFIED.) CURVE() 
GEOMETRIC_REPRESENTATION_ITEM() RATIONAL_B_SPLINE_CURVE((1.,0.5,1.,0.5,
1.,0.5,1.)) REPRESENTATION_ITEM('') );
#3175 = CARTESIAN_POINT('',(6.622547624963,2.628210028727));
#3176 = CARTESIAN_POINT('',(11.174740927679,-8.842378933254));
#3177 = CARTESIAN_POINT('',(-1.035177161124,-7.049399495354));
#3178 = CARTESIAN_POINT('',(-13.24509524992,-5.256420057453));
#3179 = CARTESIAN_POINT('',(-5.58737046384,4.421189466627));
#3180 = CARTESIAN_POINT('',(2.070354322246,14.098798990707));
#3181 = CARTESIAN_POINT('',(6.622547624963,2.628210028727));
#3182 = ( GEOMETRIC_REPRESENTATION_CONTEXT(2) 
PARAMETRIC_REPRESENTATION_CONTEXT() REPRESENTATION_CONTEXT('2D SPACE',''
  ) );
#3183 = PCURVE('',#364,#3184);
#3184 = DEFINITIONAL_REPRESENTATION('',(#3185),#3189);
#3185 = LINE('',#3186,#3187);
#3186 = CARTESIAN_POINT('',(-0.231990620064,-9.));
#3187 = VECTOR('',#3188,1.);
#3188 = DIRECTION('',(1.,-0.));
#3189 = ( GEOMETRIC_REPRESENTATION_CONTEXT(2) 
PARAMETRIC_REPRESENTATION_CONTEXT() REPRESENTATION_CONTEXT('2D SPACE',''
  ) );
#3190 = ORIENTED_EDGE('',*,*,#3191,.F.);
#3191 = EDGE_CURVE('',#3192,#3164,#3194,.T.);
#3192 = VERTEX_POINT('',#3193);
#3193 = CARTESIAN_POINT('',(7.860832590292,3.119633140888,6.));
#3194 = SURFACE_CURVE('',#3195,(#3199,#3206),.PCURVE_S1.);
#3195 = LINE('',#3196,#3197);
#3196 = CARTESIAN_POINT('',(7.860832590292,3.119633140888,6.));
#3197 = VECTOR('',#3198,1.);
#3198 = DIRECTION('',(-0.929480368416,-0.368871582979,0.));
#3199 = PCURVE('',#102,#3200);
#3200 = DEFINITIONAL_REPRESENTATION('',(#3201),#3205);
#3201 = LINE('',#3202,#3203);
#3202 = CARTESIAN_POINT('',(7.860832590292,3.119633140888));
#3203 = VECTOR('',#3204,1.);
#3204 = DIRECTION('',(-0.929480368416,-0.368871582979));
#3205 = ( GEOMETRIC_REPRESENTATION_CONTEXT(2) 
PARAMETRIC_REPRESENTATION_CONTEXT() REPRESENTATION_CONTEXT('2D SPACE',''
  ) );
#3206 = PCURVE('',#392,#3207);
#3207 = DEFINITIONAL_REPRESENTATION('',(#3208),#3212);
#3208 = LINE('',#3209,#3210);
#3209 = CARTESIAN_POINT('',(0.,-9.));
#3210 = VECTOR('',#3211,1.);
#3211 = DIRECTION('',(1.,0.));
#3212 = ( GEOMETRIC_REPRESENTATION_CONTEXT(2) 
PARAMETRIC_REPRESENTATION_CONTEXT() REPRESENTATION_CONTEXT('2D SPACE',''
  ) );
#3213 = ORIENTED_EDGE('',*,*,#3214,.T.);
#3214 = EDGE_CURVE('',#3192,#3215,#3217,.T.);
#3215 = VERTEX_POINT('',#3216);
#3216 = CARTESIAN_POINT('',(9.317085929595,4.841684601515,6.));
#3217 = SURFACE_CURVE('',#3218,(#3232,#3249),.PCURVE_S1.);
#3218 = B_SPLINE_CURVE_WITH_KNOTS('',3,(#3219,#3220,#3221,#3222,#3223,
    #3224,#3225,#3226,#3227,#3228,#3229,#3230,#3231),.UNSPECIFIED.,.F.,
  .F.,(4,1,1,1,1,1,1,1,1,1,4),(0.,0.206463071868,0.418064650956,
    0.634628704967,0.856138693673,1.082589269896,1.31397802753,
    1.550303676965,1.79156544634,2.037762836919,2.288895507745),
  .UNSPECIFIED.);
#3219 = CARTESIAN_POINT('',(7.860832590292,3.119633140888,6.));
#3220 = CARTESIAN_POINT('',(7.92308252898,3.149741917444,6.));
#3221 = CARTESIAN_POINT('',(8.043296374098,3.220457719139,6.));
#3222 = CARTESIAN_POINT('',(8.211148088831,3.349997279891,6.));
#3223 = CARTESIAN_POINT('',(8.372390076896,3.494723151458,6.));
#3224 = CARTESIAN_POINT('',(8.526962236299,3.653616494831,6.));
#3225 = CARTESIAN_POINT('',(8.675218251156,3.824931887605,6.));
#3226 = CARTESIAN_POINT('',(8.817136776992,4.007818984848,6.));
#3227 = CARTESIAN_POINT('',(8.95265859164,4.20153472781,6.));
#3228 = CARTESIAN_POINT('',(9.081649882007,4.405517149889,6.));
#3229 = CARTESIAN_POINT('',(9.203949094402,4.619273216701,6.));
#3230 = CARTESIAN_POINT('',(9.280126931087,4.766576531987,6.));
#3231 = CARTESIAN_POINT('',(9.317085929595,4.841684601515,6.));
#3232 = PCURVE('',#102,#3233);
#3233 = DEFINITIONAL_REPRESENTATION('',(#3234),#3248);
#3234 = B_SPLINE_CURVE_WITH_KNOTS('',3,(#3235,#3236,#3237,#3238,#3239,
    #3240,#3241,#3242,#3243,#3244,#3245,#3246,#3247),.UNSPECIFIED.,.F.,
  .F.,(4,1,1,1,1,1,1,1,1,1,4),(0.,0.206463071868,0.418064650956,
    0.634628704967,0.856138693673,1.082589269896,1.31397802753,
    1.550303676965,1.79156544634,2.037762836919,2.288895507745),
  .UNSPECIFIED.);
#3235 = CARTESIAN_POINT('',(7.860832590292,3.119633140888));
#3236 = CARTESIAN_POINT('',(7.92308252898,3.149741917444));
#3237 = CARTESIAN_POINT('',(8.043296374098,3.220457719139));
#3238 = CARTESIAN_POINT('',(8.211148088831,3.349997279891));
#3239 = CARTESIAN_POINT('',(8.372390076896,3.494723151458));
#3240 = CARTESIAN_POINT('',(8.526962236299,3.653616494831));
#3241 = CARTESIAN_POINT('',(8.675218251156,3.824931887605));
#3242 = CARTESIAN_POINT('',(8.817136776992,4.007818984848));
#3243 = CARTESIAN_POINT('',(8.95265859164,4.20153472781));
#3244 = CARTESIAN_POINT('',(9.081649882007,4.405517149889));
#3245 = CARTESIAN_POINT('',(9.203949094402,4.619273216701));
#3246 = CARTESIAN_POINT('',(9.280126931087,4.766576531987));
#3247 = CARTESIAN_POINT('',(9.317085929595,4.841684601515));
#3248 = ( GEOMETRIC_REPRESENTATION_CONTEXT(2) 
PARAMETRIC_REPRESENTATION_CONTEXT() REPRESENTATION_CONTEXT('2D SPACE',''
  ) );
#3249 = PCURVE('',#3250,#3267);
#3250 = SURFACE_OF_LINEAR_EXTRUSION('',#3251,#3265);
#3251 = B_SPLINE_CURVE_WITH_KNOTS('',3,(#3252,#3253,#3254,#3255,#3256,
    #3257,#3258,#3259,#3260,#3261,#3262,#3263,#3264),.UNSPECIFIED.,.F.,
  .F.,(4,1,1,1,1,1,1,1,1,1,4),(0.,0.206463071868,0.418064650956,
    0.634628704967,0.856138693673,1.082589269896,1.31397802753,
    1.550303676965,1.79156544634,2.037762836919,2.288895507745),
  .UNSPECIFIED.);
#3252 = CARTESIAN_POINT('',(7.860832590292,3.119633140888,0.));
#3253 = CARTESIAN_POINT('',(7.92308252898,3.149741917444,0.));
#3254 = CARTESIAN_POINT('',(8.043296374098,3.220457719139,0.));
#3255 = CARTESIAN_POINT('',(8.211148088831,3.349997279891,0.));
#3256 = CARTESIAN_POINT('',(8.372390076896,3.494723151458,0.));
#3257 = CARTESIAN_POINT('',(8.526962236299,3.653616494831,0.));
#3258 = CARTESIAN_POINT('',(8.675218251156,3.824931887605,0.));
#3259 = CARTESIAN_POINT('',(8.817136776992,4.007818984848,0.));
#3260 = CARTESIAN_POINT('',(8.95265859164,4.20153472781,0.));
#3261 = CARTESIAN_POINT('',(9.081649882007,4.405517149889,0.));
#3262 = CARTESIAN_POINT('',(9.203949094402,4.619273216701,0.));
#3263 = CARTESIAN_POINT('',(9.280126931087,4.766576531987,0.));
#3264 = CARTESIAN_POINT('',(9.317085929595,4.841684601515,0.));
#3265 = VECTOR('',#3266,1.);
#3266 = DIRECTION('',(-0.,-0.,-1.));
#3267 = DEFINITIONAL_REPRESENTATION('',(#3268),#3272);
#3268 = LINE('',#3269,#3270);
#3269 = CARTESIAN_POINT('',(0.,-6.));
#3270 = VECTOR('',#3271,1.);
#3271 = DIRECTION('',(1.,0.));
#3272 = ( GEOMETRIC_REPRESENTATION_CONTEXT(2) 
PARAMETRIC_REPRESENTATION_CONTEXT() REPRESENTATION_CONTEXT('2D SPACE',''
  ) );
#3273 = ORIENTED_EDGE('',*,*,#3274,.F.);
#3274 = EDGE_CURVE('',#3275,#3215,#3277,.T.);
#3275 = VERTEX_POINT('',#3276);
#3276 = CARTESIAN_POINT('',(8.851564826821,5.647990803514,6.));
#3277 = SURFACE_CURVE('',#3278,(#3283,#3294),.PCURVE_S1.);
#3278 = CIRCLE('',#3279,10.5);
#3279 = AXIS2_PLACEMENT_3D('',#3280,#3281,#3282);
#3280 = CARTESIAN_POINT('',(-1.27977989556E-14,-5.592344939715E-14,6.));
#3281 = DIRECTION('',(0.,0.,-1.));
#3282 = DIRECTION('',(0.843006173983,0.537903886049,0.));
#3283 = PCURVE('',#102,#3284);
#3284 = DEFINITIONAL_REPRESENTATION('',(#3285),#3293);
#3285 = ( BOUNDED_CURVE() B_SPLINE_CURVE(2,(#3286,#3287,#3288,#3289,
#3290,#3291,#3292),.UNSPECIFIED.,.T.,.F.) B_SPLINE_CURVE_WITH_KNOTS((1,2
    ,2,2,2,1),(-2.094395102393,0.,2.094395102393,4.188790204786,
6.28318530718,8.377580409573),.UNSPECIFIED.) CURVE() 
GEOMETRIC_REPRESENTATION_ITEM() RATIONAL_B_SPLINE_CURVE((1.,0.5,1.,0.5,
1.,0.5,1.)) REPRESENTATION_ITEM('') );
#3286 = CARTESIAN_POINT('',(8.851564826821,5.647990803514));
#3287 = CARTESIAN_POINT('',(18.63417185919,-9.68336920303));
#3288 = CARTESIAN_POINT('',(0.465521102774,-10.48967540502));
#3289 = CARTESIAN_POINT('',(-17.70312965364,-11.29598160702));
#3290 = CARTESIAN_POINT('',(-9.317085929595,4.841684601515));
#3291 = CARTESIAN_POINT('',(-0.931042205547,20.979350810058));
#3292 = CARTESIAN_POINT('',(8.851564826821,5.647990803514));
#3293 = ( GEOMETRIC_REPRESENTATION_CONTEXT(2) 
PARAMETRIC_REPRESENTATION_CONTEXT() REPRESENTATION_CONTEXT('2D SPACE',''
  ) );
#3294 = PCURVE('',#481,#3295);
#3295 = DEFINITIONAL_REPRESENTATION('',(#3296),#3300);
#3296 = LINE('',#3297,#3298);
#3297 = CARTESIAN_POINT('',(-8.86997608188E-02,-9.));
#3298 = VECTOR('',#3299,1.);
#3299 = DIRECTION('',(1.,-0.));
#3300 = ( GEOMETRIC_REPRESENTATION_CONTEXT(2) 
PARAMETRIC_REPRESENTATION_CONTEXT() REPRESENTATION_CONTEXT('2D SPACE',''
  ) );
#3301 = ORIENTED_EDGE('',*,*,#3302,.F.);
#3302 = EDGE_CURVE('',#3303,#3275,#3305,.T.);
#3303 = VERTEX_POINT('',#3304);
#3304 = CARTESIAN_POINT('',(6.632097845643,5.247864147645,6.));
#3305 = SURFACE_CURVE('',#3306,(#3320,#3337),.PCURVE_S1.);
#3306 = B_SPLINE_CURVE_WITH_KNOTS('',3,(#3307,#3308,#3309,#3310,#3311,
    #3312,#3313,#3314,#3315,#3316,#3317,#3318,#3319),.UNSPECIFIED.,.F.,
  .F.,(4,1,1,1,1,1,1,1,1,1,4),(0.,0.206463071868,0.418064650956,
    0.634628704967,0.856138693673,1.082589269896,1.31397802753,
    1.550303676965,1.79156544634,2.037762836919,2.288895507745),
  .UNSPECIFIED.);
#3307 = CARTESIAN_POINT('',(6.632097845643,5.247864147645,6.));
#3308 = CARTESIAN_POINT('',(6.689297780361,5.286719787656,6.));
#3309 = CARTESIAN_POINT('',(6.810646383637,5.355470130567,6.));
#3310 = CARTESIAN_POINT('',(7.00675679141,5.436064199218,6.));
#3311 = CARTESIAN_POINT('',(7.212714066804,5.503340921255,6.));
#3312 = CARTESIAN_POINT('',(7.427605818359,5.55775766633,6.));
#3313 = CARTESIAN_POINT('',(7.650097307989,5.600493445073,6.));
#3314 = CARTESIAN_POINT('',(7.879441443144,5.631954945093,6.));
#3315 = CARTESIAN_POINT('',(8.114965104986,5.652462407864,6.));
#3316 = CARTESIAN_POINT('',(8.356114709616,5.66218093115,6.));
#3317 = CARTESIAN_POINT('',(8.602382499885,5.66121712254,6.));
#3318 = CARTESIAN_POINT('',(8.768039831327,5.653537406672,6.));
#3319 = CARTESIAN_POINT('',(8.851564826821,5.647990803514,6.));
#3320 = PCURVE('',#102,#3321);
#3321 = DEFINITIONAL_REPRESENTATION('',(#3322),#3336);
#3322 = B_SPLINE_CURVE_WITH_KNOTS('',3,(#3323,#3324,#3325,#3326,#3327,
    #3328,#3329,#3330,#3331,#3332,#3333,#3334,#3335),.UNSPECIFIED.,.F.,
  .F.,(4,1,1,1,1,1,1,1,1,1,4),(0.,0.206463071868,0.418064650956,
    0.634628704967,0.856138693673,1.082589269896,1.31397802753,
    1.550303676965,1.79156544634,2.037762836919,2.288895507745),
  .UNSPECIFIED.);
#3323 = CARTESIAN_POINT('',(6.632097845643,5.247864147645));
#3324 = CARTESIAN_POINT('',(6.689297780361,5.286719787656));
#3325 = CARTESIAN_POINT('',(6.810646383637,5.355470130567));
#3326 = CARTESIAN_POINT('',(7.00675679141,5.436064199218));
#3327 = CARTESIAN_POINT('',(7.212714066804,5.503340921255));
#3328 = CARTESIAN_POINT('',(7.427605818359,5.55775766633));
#3329 = CARTESIAN_POINT('',(7.650097307989,5.600493445073));
#3330 = CARTESIAN_POINT('',(7.879441443144,5.631954945093));
#3331 = CARTESIAN_POINT('',(8.114965104986,5.652462407864));
#3332 = CARTESIAN_POINT('',(8.356114709616,5.66218093115));
#3333 = CARTESIAN_POINT('',(8.602382499885,5.66121712254));
#3334 = CARTESIAN_POINT('',(8.768039831327,5.653537406672));
#3335 = CARTESIAN_POINT('',(8.851564826821,5.647990803514));
#3336 = ( GEOMETRIC_REPRESENTATION_CONTEXT(2) 
PARAMETRIC_REPRESENTATION_CONTEXT() REPRESENTATION_CONTEXT('2D SPACE',''
  ) );
#3337 = PCURVE('',#3338,#3355);
#3338 = SURFACE_OF_LINEAR_EXTRUSION('',#3339,#3353);
#3339 = B_SPLINE_CURVE_WITH_KNOTS('',3,(#3340,#3341,#3342,#3343,#3344,
    #3345,#3346,#3347,#3348,#3349,#3350,#3351,#3352),.UNSPECIFIED.,.F.,
  .F.,(4,1,1,1,1,1,1,1,1,1,4),(0.,0.206463071868,0.418064650956,
    0.634628704967,0.856138693673,1.082589269896,1.31397802753,
    1.550303676965,1.79156544634,2.037762836919,2.288895507745),
  .UNSPECIFIED.);
#3340 = CARTESIAN_POINT('',(6.632097845643,5.247864147645,0.));
#3341 = CARTESIAN_POINT('',(6.689297780361,5.286719787656,0.));
#3342 = CARTESIAN_POINT('',(6.810646383637,5.355470130567,0.));
#3343 = CARTESIAN_POINT('',(7.00675679141,5.436064199218,0.));
#3344 = CARTESIAN_POINT('',(7.212714066804,5.503340921255,0.));
#3345 = CARTESIAN_POINT('',(7.427605818359,5.55775766633,0.));
#3346 = CARTESIAN_POINT('',(7.650097307989,5.600493445073,0.));
#3347 = CARTESIAN_POINT('',(7.879441443144,5.631954945093,0.));
#3348 = CARTESIAN_POINT('',(8.114965104986,5.652462407864,0.));
#3349 = CARTESIAN_POINT('',(8.356114709616,5.66218093115,0.));
#3350 = CARTESIAN_POINT('',(8.602382499885,5.66121712254,0.));
#3351 = CARTESIAN_POINT('',(8.768039831327,5.653537406672,0.));
#3352 = CARTESIAN_POINT('',(8.851564826821,5.647990803514,0.));
#3353 = VECTOR('',#3354,1.);
#3354 = DIRECTION('',(-0.,-0.,-1.));
#3355 = DEFINITIONAL_REPRESENTATION('',(#3356),#3360);
#3356 = LINE('',#3357,#3358);
#3357 = CARTESIAN_POINT('',(0.,-6.));
#3358 = VECTOR('',#3359,1.);
#3359 = DIRECTION('',(1.,0.));
#3360 = ( GEOMETRIC_REPRESENTATION_CONTEXT(2) 
PARAMETRIC_REPRESENTATION_CONTEXT() REPRESENTATION_CONTEXT('2D SPACE',''
  ) );
#3361 = ORIENTED_EDGE('',*,*,#3362,.T.);
#3362 = EDGE_CURVE('',#3303,#3363,#3365,.T.);
#3363 = VERTEX_POINT('',#3364);
#3364 = CARTESIAN_POINT('',(5.58737046384,4.421189466627,6.));
#3365 = SURFACE_CURVE('',#3366,(#3370,#3377),.PCURVE_S1.);
#3366 = LINE('',#3367,#3368);
#3367 = CARTESIAN_POINT('',(6.632097845643,5.247864147645,6.));
#3368 = VECTOR('',#3369,1.);
#3369 = DIRECTION('',(-0.784192345802,-0.620517819877,0.));
#3370 = PCURVE('',#102,#3371);
#3371 = DEFINITIONAL_REPRESENTATION('',(#3372),#3376);
#3372 = LINE('',#3373,#3374);
#3373 = CARTESIAN_POINT('',(6.632097845643,5.247864147645));
#3374 = VECTOR('',#3375,1.);
#3375 = DIRECTION('',(-0.784192345802,-0.620517819877));
#3376 = ( GEOMETRIC_REPRESENTATION_CONTEXT(2) 
PARAMETRIC_REPRESENTATION_CONTEXT() REPRESENTATION_CONTEXT('2D SPACE',''
  ) );
#3377 = PCURVE('',#569,#3378);
#3378 = DEFINITIONAL_REPRESENTATION('',(#3379),#3383);
#3379 = LINE('',#3380,#3381);
#3380 = CARTESIAN_POINT('',(0.,-9.));
#3381 = VECTOR('',#3382,1.);
#3382 = DIRECTION('',(1.,0.));
#3383 = ( GEOMETRIC_REPRESENTATION_CONTEXT(2) 
PARAMETRIC_REPRESENTATION_CONTEXT() REPRESENTATION_CONTEXT('2D SPACE',''
  ) );
#3384 = ORIENTED_EDGE('',*,*,#3385,.F.);
#3385 = EDGE_CURVE('',#3386,#3363,#3388,.T.);
#3386 = VERTEX_POINT('',#3387);
#3387 = CARTESIAN_POINT('',(4.421189466627,5.58737046384,6.));
#3388 = SURFACE_CURVE('',#3389,(#3394,#3405),.PCURVE_S1.);
#3389 = CIRCLE('',#3390,7.125);
#3390 = AXIS2_PLACEMENT_3D('',#3391,#3392,#3393);
#3391 = CARTESIAN_POINT('',(-2.442794023233E-13,-2.759774233342E-13,6.)
  );
#3392 = DIRECTION('',(0.,0.,-1.));
#3393 = DIRECTION('',(0.620517819877,0.784192345802,0.));
#3394 = PCURVE('',#102,#3395);
#3395 = DEFINITIONAL_REPRESENTATION('',(#3396),#3404);
#3396 = ( BOUNDED_CURVE() B_SPLINE_CURVE(2,(#3397,#3398,#3399,#3400,
#3401,#3402,#3403),.UNSPECIFIED.,.T.,.F.) B_SPLINE_CURVE_WITH_KNOTS((1,2
    ,2,2,2,1),(-2.094395102393,0.,2.094395102393,4.188790204786,
6.28318530718,8.377580409573),.UNSPECIFIED.) CURVE() 
GEOMETRIC_REPRESENTATION_ITEM() RATIONAL_B_SPLINE_CURVE((1.,0.5,1.,0.5,
1.,0.5,1.)) REPRESENTATION_ITEM('') );
#3397 = CARTESIAN_POINT('',(4.421189466627,5.58737046384));
#3398 = CARTESIAN_POINT('',(14.098798990707,-2.070354322247));
#3399 = CARTESIAN_POINT('',(2.628210028726,-6.622547624963));
#3400 = CARTESIAN_POINT('',(-8.842378933255,-11.17474092768));
#3401 = CARTESIAN_POINT('',(-7.049399495354,1.035177161123));
#3402 = CARTESIAN_POINT('',(-5.256420057454,13.245095249926));
#3403 = CARTESIAN_POINT('',(4.421189466627,5.58737046384));
#3404 = ( GEOMETRIC_REPRESENTATION_CONTEXT(2) 
PARAMETRIC_REPRESENTATION_CONTEXT() REPRESENTATION_CONTEXT('2D SPACE',''
  ) );
#3405 = PCURVE('',#598,#3406);
#3406 = DEFINITIONAL_REPRESENTATION('',(#3407),#3411);
#3407 = LINE('',#3408,#3409);
#3408 = CARTESIAN_POINT('',(-0.231990620064,-9.));
#3409 = VECTOR('',#3410,1.);
#3410 = DIRECTION('',(1.,-0.));
#3411 = ( GEOMETRIC_REPRESENTATION_CONTEXT(2) 
PARAMETRIC_REPRESENTATION_CONTEXT() REPRESENTATION_CONTEXT('2D SPACE',''
  ) );
#3412 = ORIENTED_EDGE('',*,*,#3413,.F.);
#3413 = EDGE_CURVE('',#3414,#3386,#3416,.T.);
#3414 = VERTEX_POINT('',#3415);
#3415 = CARTESIAN_POINT('',(5.247864147645,6.632097845643,6.));
#3416 = SURFACE_CURVE('',#3417,(#3421,#3428),.PCURVE_S1.);
#3417 = LINE('',#3418,#3419);
#3418 = CARTESIAN_POINT('',(5.247864147645,6.632097845643,6.));
#3419 = VECTOR('',#3420,1.);
#3420 = DIRECTION('',(-0.620517819877,-0.784192345802,0.));
#3421 = PCURVE('',#102,#3422);
#3422 = DEFINITIONAL_REPRESENTATION('',(#3423),#3427);
#3423 = LINE('',#3424,#3425);
#3424 = CARTESIAN_POINT('',(5.247864147645,6.632097845643));
#3425 = VECTOR('',#3426,1.);
#3426 = DIRECTION('',(-0.620517819877,-0.784192345802));
#3427 = ( GEOMETRIC_REPRESENTATION_CONTEXT(2) 
PARAMETRIC_REPRESENTATION_CONTEXT() REPRESENTATION_CONTEXT('2D SPACE',''
  ) );
#3428 = PCURVE('',#626,#3429);
#3429 = DEFINITIONAL_REPRESENTATION('',(#3430),#3434);
#3430 = LINE('',#3431,#3432);
#3431 = CARTESIAN_POINT('',(-6.965027184354E-16,-9.));
#3432 = VECTOR('',#3433,1.);
#3433 = DIRECTION('',(1.,0.));
#3434 = ( GEOMETRIC_REPRESENTATION_CONTEXT(2) 
PARAMETRIC_REPRESENTATION_CONTEXT() REPRESENTATION_CONTEXT('2D SPACE',''
  ) );
#3435 = ORIENTED_EDGE('',*,*,#3436,.T.);
#3436 = EDGE_CURVE('',#3414,#3437,#3439,.T.);
#3437 = VERTEX_POINT('',#3438);
#3438 = CARTESIAN_POINT('',(5.647990803514,8.851564826821,6.));
#3439 = SURFACE_CURVE('',#3440,(#3454,#3471),.PCURVE_S1.);
#3440 = B_SPLINE_CURVE_WITH_KNOTS('',3,(#3441,#3442,#3443,#3444,#3445,
    #3446,#3447,#3448,#3449,#3450,#3451,#3452,#3453),.UNSPECIFIED.,.F.,
  .F.,(4,1,1,1,1,1,1,1,1,1,4),(0.,0.206463071868,0.418064650956,
    0.634628704967,0.856138693673,1.082589269896,1.31397802753,
    1.550303676965,1.79156544634,2.037762836919,2.288895507745),
  .UNSPECIFIED.);
#3441 = CARTESIAN_POINT('',(5.247864147645,6.632097845643,6.));
#3442 = CARTESIAN_POINT('',(5.286719787656,6.689297780361,6.));
#3443 = CARTESIAN_POINT('',(5.355470130567,6.810646383637,6.));
#3444 = CARTESIAN_POINT('',(5.436064199218,7.00675679141,6.));
#3445 = CARTESIAN_POINT('',(5.503340921255,7.212714066804,6.));
#3446 = CARTESIAN_POINT('',(5.55775766633,7.427605818359,6.));
#3447 = CARTESIAN_POINT('',(5.600493445073,7.650097307989,6.));
#3448 = CARTESIAN_POINT('',(5.631954945093,7.879441443144,6.));
#3449 = CARTESIAN_POINT('',(5.652462407864,8.114965104986,6.));
#3450 = CARTESIAN_POINT('',(5.66218093115,8.356114709616,6.));
#3451 = CARTESIAN_POINT('',(5.66121712254,8.602382499885,6.));
#3452 = CARTESIAN_POINT('',(5.653537406672,8.768039831327,6.));
#3453 = CARTESIAN_POINT('',(5.647990803514,8.851564826821,6.));
#3454 = PCURVE('',#102,#3455);
#3455 = DEFINITIONAL_REPRESENTATION('',(#3456),#3470);
#3456 = B_SPLINE_CURVE_WITH_KNOTS('',3,(#3457,#3458,#3459,#3460,#3461,
    #3462,#3463,#3464,#3465,#3466,#3467,#3468,#3469),.UNSPECIFIED.,.F.,
  .F.,(4,1,1,1,1,1,1,1,1,1,4),(0.,0.206463071868,0.418064650956,
    0.634628704967,0.856138693673,1.082589269896,1.31397802753,
    1.550303676965,1.79156544634,2.037762836919,2.288895507745),
  .UNSPECIFIED.);
#3457 = CARTESIAN_POINT('',(5.247864147645,6.632097845643));
#3458 = CARTESIAN_POINT('',(5.286719787656,6.689297780361));
#3459 = CARTESIAN_POINT('',(5.355470130567,6.810646383637));
#3460 = CARTESIAN_POINT('',(5.436064199218,7.00675679141));
#3461 = CARTESIAN_POINT('',(5.503340921255,7.212714066804));
#3462 = CARTESIAN_POINT('',(5.55775766633,7.427605818359));
#3463 = CARTESIAN_POINT('',(5.600493445073,7.650097307989));
#3464 = CARTESIAN_POINT('',(5.631954945093,7.879441443144));
#3465 = CARTESIAN_POINT('',(5.652462407864,8.114965104986));
#3466 = CARTESIAN_POINT('',(5.66218093115,8.356114709616));
#3467 = CARTESIAN_POINT('',(5.66121712254,8.602382499885));
#3468 = CARTESIAN_POINT('',(5.653537406672,8.768039831327));
#3469 = CARTESIAN_POINT('',(5.647990803514,8.851564826821));
#3470 = ( GEOMETRIC_REPRESENTATION_CONTEXT(2) 
PARAMETRIC_REPRESENTATION_CONTEXT() REPRESENTATION_CONTEXT('2D SPACE',''
  ) );
#3471 = PCURVE('',#3472,#3489);
#3472 = SURFACE_OF_LINEAR_EXTRUSION('',#3473,#3487);
#3473 = B_SPLINE_CURVE_WITH_KNOTS('',3,(#3474,#3475,#3476,#3477,#3478,
    #3479,#3480,#3481,#3482,#3483,#3484,#3485,#3486),.UNSPECIFIED.,.F.,
  .F.,(4,1,1,1,1,1,1,1,1,1,4),(0.,0.206463071868,0.418064650956,
    0.634628704967,0.856138693673,1.082589269896,1.31397802753,
    1.550303676965,1.79156544634,2.037762836919,2.288895507745),
  .UNSPECIFIED.);
#3474 = CARTESIAN_POINT('',(5.247864147645,6.632097845643,0.));
#3475 = CARTESIAN_POINT('',(5.286719787656,6.689297780361,0.));
#3476 = CARTESIAN_POINT('',(5.355470130567,6.810646383637,0.));
#3477 = CARTESIAN_POINT('',(5.436064199218,7.00675679141,0.));
#3478 = CARTESIAN_POINT('',(5.503340921255,7.212714066804,0.));
#3479 = CARTESIAN_POINT('',(5.55775766633,7.427605818359,0.));
#3480 = CARTESIAN_POINT('',(5.600493445073,7.650097307989,0.));
#3481 = CARTESIAN_POINT('',(5.631954945093,7.879441443144,0.));
#3482 = CARTESIAN_POINT('',(5.652462407864,8.114965104986,0.));
#3483 = CARTESIAN_POINT('',(5.66218093115,8.356114709616,0.));
#3484 = CARTESIAN_POINT('',(5.66121712254,8.602382499885,0.));
#3485 = CARTESIAN_POINT('',(5.653537406672,8.768039831327,0.));
#3486 = CARTESIAN_POINT('',(5.647990803514,8.851564826821,0.));
#3487 = VECTOR('',#3488,1.);
#3488 = DIRECTION('',(-0.,-0.,-1.));
#3489 = DEFINITIONAL_REPRESENTATION('',(#3490),#3494);
#3490 = LINE('',#3491,#3492);
#3491 = CARTESIAN_POINT('',(0.,-6.));
#3492 = VECTOR('',#3493,1.);
#3493 = DIRECTION('',(1.,0.));
#3494 = ( GEOMETRIC_REPRESENTATION_CONTEXT(2) 
PARAMETRIC_REPRESENTATION_CONTEXT() REPRESENTATION_CONTEXT('2D SPACE',''
  ) );
#3495 = ORIENTED_EDGE('',*,*,#3496,.F.);
#3496 = EDGE_CURVE('',#3497,#3437,#3499,.T.);
#3497 = VERTEX_POINT('',#3498);
#3498 = CARTESIAN_POINT('',(4.841684601515,9.317085929595,6.));
#3499 = SURFACE_CURVE('',#3500,(#3505,#3516),.PCURVE_S1.);
#3500 = CIRCLE('',#3501,10.5);
#3501 = AXIS2_PLACEMENT_3D('',#3502,#3503,#3504);
#3502 = CARTESIAN_POINT('',(1.732259490035E-14,-5.471103397784E-14,6.));
#3503 = DIRECTION('',(0.,0.,-1.));
#3504 = DIRECTION('',(0.461112819192,0.887341517104,0.));
#3505 = PCURVE('',#102,#3506);
#3506 = DEFINITIONAL_REPRESENTATION('',(#3507),#3515);
#3507 = ( BOUNDED_CURVE() B_SPLINE_CURVE(2,(#3508,#3509,#3510,#3511,
#3512,#3513,#3514),.UNSPECIFIED.,.T.,.F.) B_SPLINE_CURVE_WITH_KNOTS((1,2
    ,2,2,2,1),(-2.094395102393,0.,2.094395102393,4.188790204786,
6.28318530718,8.377580409573),.UNSPECIFIED.) CURVE() 
GEOMETRIC_REPRESENTATION_ITEM() RATIONAL_B_SPLINE_CURVE((1.,0.5,1.,0.5,
1.,0.5,1.)) REPRESENTATION_ITEM('') );
#3508 = CARTESIAN_POINT('',(4.841684601515,9.317085929595));
#3509 = CARTESIAN_POINT('',(20.979350810058,0.931042205547));
#3510 = CARTESIAN_POINT('',(5.647990803514,-8.851564826821));
#3511 = CARTESIAN_POINT('',(-9.68336920303,-18.63417185919));
#3512 = CARTESIAN_POINT('',(-10.48967540502,-0.465521102774));
#3513 = CARTESIAN_POINT('',(-11.29598160702,17.703129653643));
#3514 = CARTESIAN_POINT('',(4.841684601515,9.317085929595));
#3515 = ( GEOMETRIC_REPRESENTATION_CONTEXT(2) 
PARAMETRIC_REPRESENTATION_CONTEXT() REPRESENTATION_CONTEXT('2D SPACE',''
  ) );
#3516 = PCURVE('',#715,#3517);
#3517 = DEFINITIONAL_REPRESENTATION('',(#3518),#3522);
#3518 = LINE('',#3519,#3520);
#3519 = CARTESIAN_POINT('',(-8.86997608188E-02,-9.));
#3520 = VECTOR('',#3521,1.);
#3521 = DIRECTION('',(1.,-0.));
#3522 = ( GEOMETRIC_REPRESENTATION_CONTEXT(2) 
PARAMETRIC_REPRESENTATION_CONTEXT() REPRESENTATION_CONTEXT('2D SPACE',''
  ) );
#3523 = ORIENTED_EDGE('',*,*,#3524,.F.);
#3524 = EDGE_CURVE('',#3525,#3497,#3527,.T.);
#3525 = VERTEX_POINT('',#3526);
#3526 = CARTESIAN_POINT('',(3.119633140888,7.860832590292,6.));
#3527 = SURFACE_CURVE('',#3528,(#3542,#3559),.PCURVE_S1.);
#3528 = B_SPLINE_CURVE_WITH_KNOTS('',3,(#3529,#3530,#3531,#3532,#3533,
    #3534,#3535,#3536,#3537,#3538,#3539,#3540,#3541),.UNSPECIFIED.,.F.,
  .F.,(4,1,1,1,1,1,1,1,1,1,4),(0.,0.206463071868,0.418064650956,
    0.634628704967,0.856138693673,1.082589269896,1.31397802753,
    1.550303676965,1.79156544634,2.037762836919,2.288895507745),
  .UNSPECIFIED.);
#3529 = CARTESIAN_POINT('',(3.119633140888,7.860832590292,6.));
#3530 = CARTESIAN_POINT('',(3.149741917444,7.92308252898,6.));
#3531 = CARTESIAN_POINT('',(3.220457719139,8.043296374098,6.));
#3532 = CARTESIAN_POINT('',(3.349997279891,8.211148088831,6.));
#3533 = CARTESIAN_POINT('',(3.494723151458,8.372390076896,6.));
#3534 = CARTESIAN_POINT('',(3.653616494831,8.526962236299,6.));
#3535 = CARTESIAN_POINT('',(3.824931887605,8.675218251156,6.));
#3536 = CARTESIAN_POINT('',(4.007818984848,8.817136776992,6.));
#3537 = CARTESIAN_POINT('',(4.20153472781,8.95265859164,6.));
#3538 = CARTESIAN_POINT('',(4.405517149889,9.081649882007,6.));
#3539 = CARTESIAN_POINT('',(4.619273216701,9.203949094402,6.));
#3540 = CARTESIAN_POINT('',(4.766576531987,9.280126931087,6.));
#3541 = CARTESIAN_POINT('',(4.841684601515,9.317085929595,6.));
#3542 = PCURVE('',#102,#3543);
#3543 = DEFINITIONAL_REPRESENTATION('',(#3544),#3558);
#3544 = B_SPLINE_CURVE_WITH_KNOTS('',3,(#3545,#3546,#3547,#3548,#3549,
    #3550,#3551,#3552,#3553,#3554,#3555,#3556,#3557),.UNSPECIFIED.,.F.,
  .F.,(4,1,1,1,1,1,1,1,1,1,4),(0.,0.206463071868,0.418064650956,
    0.634628704967,0.856138693673,1.082589269896,1.31397802753,
    1.550303676965,1.79156544634,2.037762836919,2.288895507745),
  .UNSPECIFIED.);
#3545 = CARTESIAN_POINT('',(3.119633140888,7.860832590292));
#3546 = CARTESIAN_POINT('',(3.149741917444,7.92308252898));
#3547 = CARTESIAN_POINT('',(3.220457719139,8.043296374098));
#3548 = CARTESIAN_POINT('',(3.349997279891,8.211148088831));
#3549 = CARTESIAN_POINT('',(3.494723151458,8.372390076896));
#3550 = CARTESIAN_POINT('',(3.653616494831,8.526962236299));
#3551 = CARTESIAN_POINT('',(3.824931887605,8.675218251156));
#3552 = CARTESIAN_POINT('',(4.007818984848,8.817136776992));
#3553 = CARTESIAN_POINT('',(4.20153472781,8.95265859164));
#3554 = CARTESIAN_POINT('',(4.405517149889,9.081649882007));
#3555 = CARTESIAN_POINT('',(4.619273216701,9.203949094402));
#3556 = CARTESIAN_POINT('',(4.766576531987,9.280126931087));
#3557 = CARTESIAN_POINT('',(4.841684601515,9.317085929595));
#3558 = ( GEOMETRIC_REPRESENTATION_CONTEXT(2) 
PARAMETRIC_REPRESENTATION_CONTEXT() REPRESENTATION_CONTEXT('2D SPACE',''
  ) );
#3559 = PCURVE('',#3560,#3577);
#3560 = SURFACE_OF_LINEAR_EXTRUSION('',#3561,#3575);
#3561 = B_SPLINE_CURVE_WITH_KNOTS('',3,(#3562,#3563,#3564,#3565,#3566,
    #3567,#3568,#3569,#3570,#3571,#3572,#3573,#3574),.UNSPECIFIED.,.F.,
  .F.,(4,1,1,1,1,1,1,1,1,1,4),(0.,0.206463071868,0.418064650956,
    0.634628704967,0.856138693673,1.082589269896,1.31397802753,
    1.550303676965,1.79156544634,2.037762836919,2.288895507745),
  .UNSPECIFIED.);
#3562 = CARTESIAN_POINT('',(3.119633140888,7.860832590292,0.));
#3563 = CARTESIAN_POINT('',(3.149741917444,7.92308252898,0.));
#3564 = CARTESIAN_POINT('',(3.220457719139,8.043296374098,0.));
#3565 = CARTESIAN_POINT('',(3.349997279891,8.211148088831,0.));
#3566 = CARTESIAN_POINT('',(3.494723151458,8.372390076896,0.));
#3567 = CARTESIAN_POINT('',(3.653616494831,8.526962236299,0.));
#3568 = CARTESIAN_POINT('',(3.824931887605,8.675218251156,0.));
#3569 = CARTESIAN_POINT('',(4.007818984848,8.817136776992,0.));
#3570 = CARTESIAN_POINT('',(4.20153472781,8.95265859164,0.));
#3571 = CARTESIAN_POINT('',(4.405517149889,9.081649882007,0.));
#3572 = CARTESIAN_POINT('',(4.619273216701,9.203949094402,0.));
#3573 = CARTESIAN_POINT('',(4.766576531987,9.280126931087,0.));
#3574 = CARTESIAN_POINT('',(4.841684601515,9.317085929595,0.));
#3575 = VECTOR('',#3576,1.);
#3576 = DIRECTION('',(-0.,-0.,-1.));
#3577 = DEFINITIONAL_REPRESENTATION('',(#3578),#3582);
#3578 = LINE('',#3579,#3580);
#3579 = CARTESIAN_POINT('',(0.,-6.));
#3580 = VECTOR('',#3581,1.);
#3581 = DIRECTION('',(1.,0.));
#3582 = ( GEOMETRIC_REPRESENTATION_CONTEXT(2) 
PARAMETRIC_REPRESENTATION_CONTEXT() REPRESENTATION_CONTEXT('2D SPACE',''
  ) );
#3583 = ORIENTED_EDGE('',*,*,#3584,.T.);
#3584 = EDGE_CURVE('',#3525,#3585,#3587,.T.);
#3585 = VERTEX_POINT('',#3586);
#3586 = CARTESIAN_POINT('',(2.628210028727,6.622547624963,6.));
#3587 = SURFACE_CURVE('',#3588,(#3592,#3599),.PCURVE_S1.);
#3588 = LINE('',#3589,#3590);
#3589 = CARTESIAN_POINT('',(3.119633140888,7.860832590292,6.));
#3590 = VECTOR('',#3591,1.);
#3591 = DIRECTION('',(-0.368871582979,-0.929480368416,0.));
#3592 = PCURVE('',#102,#3593);
#3593 = DEFINITIONAL_REPRESENTATION('',(#3594),#3598);
#3594 = LINE('',#3595,#3596);
#3595 = CARTESIAN_POINT('',(3.119633140888,7.860832590292));
#3596 = VECTOR('',#3597,1.);
#3597 = DIRECTION('',(-0.368871582979,-0.929480368416));
#3598 = ( GEOMETRIC_REPRESENTATION_CONTEXT(2) 
PARAMETRIC_REPRESENTATION_CONTEXT() REPRESENTATION_CONTEXT('2D SPACE',''
  ) );
#3599 = PCURVE('',#803,#3600);
#3600 = DEFINITIONAL_REPRESENTATION('',(#3601),#3605);
#3601 = LINE('',#3602,#3603);
#3602 = CARTESIAN_POINT('',(-9.893562945832E-16,-9.));
#3603 = VECTOR('',#3604,1.);
#3604 = DIRECTION('',(1.,0.));
#3605 = ( GEOMETRIC_REPRESENTATION_CONTEXT(2) 
PARAMETRIC_REPRESENTATION_CONTEXT() REPRESENTATION_CONTEXT('2D SPACE',''
  ) );
#3606 = ORIENTED_EDGE('',*,*,#3607,.F.);
#3607 = EDGE_CURVE('',#3608,#3585,#3610,.T.);
#3608 = VERTEX_POINT('',#3609);
#3609 = CARTESIAN_POINT('',(1.035177161123,7.049399495353,6.));
#3610 = SURFACE_CURVE('',#3611,(#3616,#3627),.PCURVE_S1.);
#3611 = CIRCLE('',#3612,7.125);
#3612 = AXIS2_PLACEMENT_3D('',#3613,#3614,#3615);
#3613 = CARTESIAN_POINT('',(-7.311936715634E-14,-3.610241672949E-13,6.)
  );
#3614 = DIRECTION('',(0.,0.,-1.));
#3615 = DIRECTION('',(0.145288022614,0.989389402857,0.));
#3616 = PCURVE('',#102,#3617);
#3617 = DEFINITIONAL_REPRESENTATION('',(#3618),#3626);
#3618 = ( BOUNDED_CURVE() B_SPLINE_CURVE(2,(#3619,#3620,#3621,#3622,
#3623,#3624,#3625),.UNSPECIFIED.,.T.,.F.) B_SPLINE_CURVE_WITH_KNOTS((1,2
    ,2,2,2,1),(-2.094395102393,0.,2.094395102393,4.188790204786,
6.28318530718,8.377580409573),.UNSPECIFIED.) CURVE() 
GEOMETRIC_REPRESENTATION_ITEM() RATIONAL_B_SPLINE_CURVE((1.,0.5,1.,0.5,
1.,0.5,1.)) REPRESENTATION_ITEM('') );
#3619 = CARTESIAN_POINT('',(1.035177161123,7.049399495353));
#3620 = CARTESIAN_POINT('',(13.245095249926,5.256420057453));
#3621 = CARTESIAN_POINT('',(5.58737046384,-4.421189466627));
#3622 = CARTESIAN_POINT('',(-2.070354322247,-14.0987989907));
#3623 = CARTESIAN_POINT('',(-6.622547624963,-2.628210028727));
#3624 = CARTESIAN_POINT('',(-11.17474092768,8.842378933254));
#3625 = CARTESIAN_POINT('',(1.035177161123,7.049399495353));
#3626 = ( GEOMETRIC_REPRESENTATION_CONTEXT(2) 
PARAMETRIC_REPRESENTATION_CONTEXT() REPRESENTATION_CONTEXT('2D SPACE',''
  ) );
#3627 = PCURVE('',#832,#3628);
#3628 = DEFINITIONAL_REPRESENTATION('',(#3629),#3633);
#3629 = LINE('',#3630,#3631);
#3630 = CARTESIAN_POINT('',(-0.231990620064,-9.));
#3631 = VECTOR('',#3632,1.);
#3632 = DIRECTION('',(1.,-0.));
#3633 = ( GEOMETRIC_REPRESENTATION_CONTEXT(2) 
PARAMETRIC_REPRESENTATION_CONTEXT() REPRESENTATION_CONTEXT('2D SPACE',''
  ) );
#3634 = ORIENTED_EDGE('',*,*,#3635,.F.);
#3635 = EDGE_CURVE('',#3636,#3608,#3638,.T.);
#3636 = VERTEX_POINT('',#3637);
#3637 = CARTESIAN_POINT('',(1.228734744649,8.367497288533,6.));
#3638 = SURFACE_CURVE('',#3639,(#3643,#3650),.PCURVE_S1.);
#3639 = LINE('',#3640,#3641);
#3640 = CARTESIAN_POINT('',(1.228734744649,8.367497288533,6.));
#3641 = VECTOR('',#3642,1.);
#3642 = DIRECTION('',(-0.145288022614,-0.989389402857,0.));
#3643 = PCURVE('',#102,#3644);
#3644 = DEFINITIONAL_REPRESENTATION('',(#3645),#3649);
#3645 = LINE('',#3646,#3647);
#3646 = CARTESIAN_POINT('',(1.228734744649,8.367497288533));
#3647 = VECTOR('',#3648,1.);
#3648 = DIRECTION('',(-0.145288022614,-0.989389402857));
#3649 = ( GEOMETRIC_REPRESENTATION_CONTEXT(2) 
PARAMETRIC_REPRESENTATION_CONTEXT() REPRESENTATION_CONTEXT('2D SPACE',''
  ) );
#3650 = PCURVE('',#860,#3651);
#3651 = DEFINITIONAL_REPRESENTATION('',(#3652),#3656);
#3652 = LINE('',#3653,#3654);
#3653 = CARTESIAN_POINT('',(0.,-9.));
#3654 = VECTOR('',#3655,1.);
#3655 = DIRECTION('',(1.,0.));
#3656 = ( GEOMETRIC_REPRESENTATION_CONTEXT(2) 
PARAMETRIC_REPRESENTATION_CONTEXT() REPRESENTATION_CONTEXT('2D SPACE',''
  ) );
#3657 = ORIENTED_EDGE('',*,*,#3658,.T.);
#3658 = EDGE_CURVE('',#3636,#3659,#3661,.T.);
#3659 = VERTEX_POINT('',#3660);
#3660 = CARTESIAN_POINT('',(0.465521102773,10.489675405029,6.));
#3661 = SURFACE_CURVE('',#3662,(#3676,#3693),.PCURVE_S1.);
#3662 = B_SPLINE_CURVE_WITH_KNOTS('',3,(#3663,#3664,#3665,#3666,#3667,
    #3668,#3669,#3670,#3671,#3672,#3673,#3674,#3675),.UNSPECIFIED.,.F.,
  .F.,(4,1,1,1,1,1,1,1,1,1,4),(0.,0.206463071868,0.418064650956,
    0.634628704967,0.856138693673,1.082589269896,1.31397802753,
    1.550303676965,1.79156544634,2.037762836919,2.288895507745),
  .UNSPECIFIED.);
#3663 = CARTESIAN_POINT('',(1.228734744649,8.367497288533,6.));
#3664 = CARTESIAN_POINT('',(1.233784748619,8.4364617051,6.));
#3665 = CARTESIAN_POINT('',(1.232649990461,8.575927849706,6.));
#3666 = CARTESIAN_POINT('',(1.204391297421,8.786061479109,6.));
#3667 = CARTESIAN_POINT('',(1.159676010092,8.998064072713,6.));
#3668 = CARTESIAN_POINT('',(1.09935641794,9.211374161161,6.));
#3669 = CARTESIAN_POINT('',(1.025120943167,9.425425332678,6.));
#3670 = CARTESIAN_POINT('',(0.937695333848,9.639773929941,6.));
#3671 = CARTESIAN_POINT('',(0.837693486654,9.853997135674,6.));
#3672 = CARTESIAN_POINT('',(0.725535172392,10.067698081039,6.));
#3673 = CARTESIAN_POINT('',(0.601566594517,10.280490339242,6.));
#3674 = CARTESIAN_POINT('',(0.51208709976,10.420113938659,6.));
#3675 = CARTESIAN_POINT('',(0.465521102773,10.489675405029,6.));
#3676 = PCURVE('',#102,#3677);
#3677 = DEFINITIONAL_REPRESENTATION('',(#3678),#3692);
#3678 = B_SPLINE_CURVE_WITH_KNOTS('',3,(#3679,#3680,#3681,#3682,#3683,
    #3684,#3685,#3686,#3687,#3688,#3689,#3690,#3691),.UNSPECIFIED.,.F.,
  .F.,(4,1,1,1,1,1,1,1,1,1,4),(0.,0.206463071868,0.418064650956,
    0.634628704967,0.856138693673,1.082589269896,1.31397802753,
    1.550303676965,1.79156544634,2.037762836919,2.288895507745),
  .UNSPECIFIED.);
#3679 = CARTESIAN_POINT('',(1.228734744649,8.367497288533));
#3680 = CARTESIAN_POINT('',(1.233784748619,8.4364617051));
#3681 = CARTESIAN_POINT('',(1.232649990461,8.575927849706));
#3682 = CARTESIAN_POINT('',(1.204391297421,8.786061479109));
#3683 = CARTESIAN_POINT('',(1.159676010092,8.998064072713));
#3684 = CARTESIAN_POINT('',(1.09935641794,9.211374161161));
#3685 = CARTESIAN_POINT('',(1.025120943167,9.425425332678));
#3686 = CARTESIAN_POINT('',(0.937695333848,9.639773929941));
#3687 = CARTESIAN_POINT('',(0.837693486654,9.853997135674));
#3688 = CARTESIAN_POINT('',(0.725535172392,10.067698081039));
#3689 = CARTESIAN_POINT('',(0.601566594517,10.280490339242));
#3690 = CARTESIAN_POINT('',(0.51208709976,10.420113938659));
#3691 = CARTESIAN_POINT('',(0.465521102773,10.489675405029));
#3692 = ( GEOMETRIC_REPRESENTATION_CONTEXT(2) 
PARAMETRIC_REPRESENTATION_CONTEXT() REPRESENTATION_CONTEXT('2D SPACE',''
  ) );
#3693 = PCURVE('',#3694,#3711);
#3694 = SURFACE_OF_LINEAR_EXTRUSION('',#3695,#3709);
#3695 = B_SPLINE_CURVE_WITH_KNOTS('',3,(#3696,#3697,#3698,#3699,#3700,
    #3701,#3702,#3703,#3704,#3705,#3706,#3707,#3708),.UNSPECIFIED.,.F.,
  .F.,(4,1,1,1,1,1,1,1,1,1,4),(0.,0.206463071868,0.418064650956,
    0.634628704967,0.856138693673,1.082589269896,1.31397802753,
    1.550303676965,1.79156544634,2.037762836919,2.288895507745),
  .UNSPECIFIED.);
#3696 = CARTESIAN_POINT('',(1.228734744649,8.367497288533,0.));
#3697 = CARTESIAN_POINT('',(1.233784748619,8.4364617051,0.));
#3698 = CARTESIAN_POINT('',(1.232649990461,8.575927849706,0.));
#3699 = CARTESIAN_POINT('',(1.204391297421,8.786061479109,0.));
#3700 = CARTESIAN_POINT('',(1.159676010092,8.998064072713,0.));
#3701 = CARTESIAN_POINT('',(1.09935641794,9.211374161161,0.));
#3702 = CARTESIAN_POINT('',(1.025120943167,9.425425332678,0.));
#3703 = CARTESIAN_POINT('',(0.937695333848,9.639773929941,0.));
#3704 = CARTESIAN_POINT('',(0.837693486654,9.853997135674,0.));
#3705 = CARTESIAN_POINT('',(0.725535172392,10.067698081039,0.));
#3706 = CARTESIAN_POINT('',(0.601566594517,10.280490339242,0.));
#3707 = CARTESIAN_POINT('',(0.51208709976,10.420113938659,0.));
#3708 = CARTESIAN_POINT('',(0.465521102773,10.489675405029,0.));
#3709 = VECTOR('',#3710,1.);
#3710 = DIRECTION('',(-0.,-0.,-1.));
#3711 = DEFINITIONAL_REPRESENTATION('',(#3712),#3716);
#3712 = LINE('',#3713,#3714);
#3713 = CARTESIAN_POINT('',(0.,-6.));
#3714 = VECTOR('',#3715,1.);
#3715 = DIRECTION('',(1.,0.));
#3716 = ( GEOMETRIC_REPRESENTATION_CONTEXT(2) 
PARAMETRIC_REPRESENTATION_CONTEXT() REPRESENTATION_CONTEXT('2D SPACE',''
  ) );
#3717 = ORIENTED_EDGE('',*,*,#3718,.F.);
#3718 = EDGE_CURVE('',#3719,#3659,#3721,.T.);
#3719 = VERTEX_POINT('',#3720);
#3720 = CARTESIAN_POINT('',(-0.465521102773,10.489675405029,6.));
#3721 = SURFACE_CURVE('',#3722,(#3727,#3738),.PCURVE_S1.);
#3722 = CIRCLE('',#3723,10.5);
#3723 = AXIS2_PLACEMENT_3D('',#3724,#3725,#3726);
#3724 = CARTESIAN_POINT('',(4.280141344194E-14,-3.86008544968E-14,6.));
#3725 = DIRECTION('',(0.,0.,-1.));
#3726 = DIRECTION('',(-4.433534312129E-02,0.999016705241,0.));
#3727 = PCURVE('',#102,#3728);
#3728 = DEFINITIONAL_REPRESENTATION('',(#3729),#3737);
#3729 = ( BOUNDED_CURVE() B_SPLINE_CURVE(2,(#3730,#3731,#3732,#3733,
#3734,#3735,#3736),.UNSPECIFIED.,.T.,.F.) B_SPLINE_CURVE_WITH_KNOTS((1,2
    ,2,2,2,1),(-2.094395102393,0.,2.094395102393,4.188790204786,
6.28318530718,8.377580409573),.UNSPECIFIED.) CURVE() 
GEOMETRIC_REPRESENTATION_ITEM() RATIONAL_B_SPLINE_CURVE((1.,0.5,1.,0.5,
1.,0.5,1.)) REPRESENTATION_ITEM('') );
#3730 = CARTESIAN_POINT('',(-0.465521102773,10.489675405029));
#3731 = CARTESIAN_POINT('',(17.703129653643,11.295981607028));
#3732 = CARTESIAN_POINT('',(9.317085929595,-4.841684601515));
#3733 = CARTESIAN_POINT('',(0.931042205547,-20.97935081005));
#3734 = CARTESIAN_POINT('',(-8.851564826821,-5.647990803514));
#3735 = CARTESIAN_POINT('',(-18.63417185919,9.68336920303));
#3736 = CARTESIAN_POINT('',(-0.465521102773,10.489675405029));
#3737 = ( GEOMETRIC_REPRESENTATION_CONTEXT(2) 
PARAMETRIC_REPRESENTATION_CONTEXT() REPRESENTATION_CONTEXT('2D SPACE',''
  ) );
#3738 = PCURVE('',#949,#3739);
#3739 = DEFINITIONAL_REPRESENTATION('',(#3740),#3744);
#3740 = LINE('',#3741,#3742);
#3741 = CARTESIAN_POINT('',(-8.86997608188E-02,-9.));
#3742 = VECTOR('',#3743,1.);
#3743 = DIRECTION('',(1.,-0.));
#3744 = ( GEOMETRIC_REPRESENTATION_CONTEXT(2) 
PARAMETRIC_REPRESENTATION_CONTEXT() REPRESENTATION_CONTEXT('2D SPACE',''
  ) );
#3745 = ORIENTED_EDGE('',*,*,#3746,.F.);
#3746 = EDGE_CURVE('',#3747,#3719,#3749,.T.);
#3747 = VERTEX_POINT('',#3748);
#3748 = CARTESIAN_POINT('',(-1.228734744649,8.367497288533,6.));
#3749 = SURFACE_CURVE('',#3750,(#3764,#3781),.PCURVE_S1.);
#3750 = B_SPLINE_CURVE_WITH_KNOTS('',3,(#3751,#3752,#3753,#3754,#3755,
    #3756,#3757,#3758,#3759,#3760,#3761,#3762,#3763),.UNSPECIFIED.,.F.,
  .F.,(4,1,1,1,1,1,1,1,1,1,4),(0.,0.206463071868,0.418064650956,
    0.634628704967,0.856138693673,1.082589269896,1.31397802753,
    1.550303676965,1.79156544634,2.037762836919,2.288895507745),
  .UNSPECIFIED.);
#3751 = CARTESIAN_POINT('',(-1.228734744649,8.367497288533,6.));
#3752 = CARTESIAN_POINT('',(-1.233784748619,8.4364617051,6.));
#3753 = CARTESIAN_POINT('',(-1.232649990461,8.575927849706,6.));
#3754 = CARTESIAN_POINT('',(-1.204391297421,8.786061479109,6.));
#3755 = CARTESIAN_POINT('',(-1.159676010092,8.998064072713,6.));
#3756 = CARTESIAN_POINT('',(-1.09935641794,9.211374161161,6.));
#3757 = CARTESIAN_POINT('',(-1.025120943167,9.425425332678,6.));
#3758 = CARTESIAN_POINT('',(-0.937695333848,9.639773929941,6.));
#3759 = CARTESIAN_POINT('',(-0.837693486654,9.853997135674,6.));
#3760 = CARTESIAN_POINT('',(-0.725535172392,10.067698081039,6.));
#3761 = CARTESIAN_POINT('',(-0.601566594517,10.280490339242,6.));
#3762 = CARTESIAN_POINT('',(-0.51208709976,10.420113938659,6.));
#3763 = CARTESIAN_POINT('',(-0.465521102773,10.489675405029,6.));
#3764 = PCURVE('',#102,#3765);
#3765 = DEFINITIONAL_REPRESENTATION('',(#3766),#3780);
#3766 = B_SPLINE_CURVE_WITH_KNOTS('',3,(#3767,#3768,#3769,#3770,#3771,
    #3772,#3773,#3774,#3775,#3776,#3777,#3778,#3779),.UNSPECIFIED.,.F.,
  .F.,(4,1,1,1,1,1,1,1,1,1,4),(0.,0.206463071868,0.418064650956,
    0.634628704967,0.856138693673,1.082589269896,1.31397802753,
    1.550303676965,1.79156544634,2.037762836919,2.288895507745),
  .UNSPECIFIED.);
#3767 = CARTESIAN_POINT('',(-1.228734744649,8.367497288533));
#3768 = CARTESIAN_POINT('',(-1.233784748619,8.4364617051));
#3769 = CARTESIAN_POINT('',(-1.232649990461,8.575927849706));
#3770 = CARTESIAN_POINT('',(-1.204391297421,8.786061479109));
#3771 = CARTESIAN_POINT('',(-1.159676010092,8.998064072713));
#3772 = CARTESIAN_POINT('',(-1.09935641794,9.211374161161));
#3773 = CARTESIAN_POINT('',(-1.025120943167,9.425425332678));
#3774 = CARTESIAN_POINT('',(-0.937695333848,9.639773929941));
#3775 = CARTESIAN_POINT('',(-0.837693486654,9.853997135674));
#3776 = CARTESIAN_POINT('',(-0.725535172392,10.067698081039));
#3777 = CARTESIAN_POINT('',(-0.601566594517,10.280490339242));
#3778 = CARTESIAN_POINT('',(-0.51208709976,10.420113938659));
#3779 = CARTESIAN_POINT('',(-0.465521102773,10.489675405029));
#3780 = ( GEOMETRIC_REPRESENTATION_CONTEXT(2) 
PARAMETRIC_REPRESENTATION_CONTEXT() REPRESENTATION_CONTEXT('2D SPACE',''
  ) );
#3781 = PCURVE('',#3782,#3799);
#3782 = SURFACE_OF_LINEAR_EXTRUSION('',#3783,#3797);
#3783 = B_SPLINE_CURVE_WITH_KNOTS('',3,(#3784,#3785,#3786,#3787,#3788,
    #3789,#3790,#3791,#3792,#3793,#3794,#3795,#3796),.UNSPECIFIED.,.F.,
  .F.,(4,1,1,1,1,1,1,1,1,1,4),(0.,0.206463071868,0.418064650956,
    0.634628704967,0.856138693673,1.082589269896,1.31397802753,
    1.550303676965,1.79156544634,2.037762836919,2.288895507745),
  .UNSPECIFIED.);
#3784 = CARTESIAN_POINT('',(-1.228734744649,8.367497288533,0.));
#3785 = CARTESIAN_POINT('',(-1.233784748619,8.4364617051,0.));
#3786 = CARTESIAN_POINT('',(-1.232649990461,8.575927849706,0.));
#3787 = CARTESIAN_POINT('',(-1.204391297421,8.786061479109,0.));
#3788 = CARTESIAN_POINT('',(-1.159676010092,8.998064072713,0.));
#3789 = CARTESIAN_POINT('',(-1.09935641794,9.211374161161,0.));
#3790 = CARTESIAN_POINT('',(-1.025120943167,9.425425332678,0.));
#3791 = CARTESIAN_POINT('',(-0.937695333848,9.639773929941,0.));
#3792 = CARTESIAN_POINT('',(-0.837693486654,9.853997135674,0.));
#3793 = CARTESIAN_POINT('',(-0.725535172392,10.067698081039,0.));
#3794 = CARTESIAN_POINT('',(-0.601566594517,10.280490339242,0.));
#3795 = CARTESIAN_POINT('',(-0.51208709976,10.420113938659,0.));
#3796 = CARTESIAN_POINT('',(-0.465521102773,10.489675405029,0.));
#3797 = VECTOR('',#3798,1.);
#3798 = DIRECTION('',(-0.,-0.,-1.));
#3799 = DEFINITIONAL_REPRESENTATION('',(#3800),#3804);
#3800 = LINE('',#3801,#3802);
#3801 = CARTESIAN_POINT('',(0.,-6.));
#3802 = VECTOR('',#3803,1.);
#3803 = DIRECTION('',(1.,0.));
#3804 = ( GEOMETRIC_REPRESENTATION_CONTEXT(2) 
PARAMETRIC_REPRESENTATION_CONTEXT() REPRESENTATION_CONTEXT('2D SPACE',''
  ) );
#3805 = ORIENTED_EDGE('',*,*,#3806,.T.);
#3806 = EDGE_CURVE('',#3747,#3807,#3809,.T.);
#3807 = VERTEX_POINT('',#3808);
#3808 = CARTESIAN_POINT('',(-1.035177161123,7.049399495353,6.));
#3809 = SURFACE_CURVE('',#3810,(#3814,#3821),.PCURVE_S1.);
#3810 = LINE('',#3811,#3812);
#3811 = CARTESIAN_POINT('',(-1.228734744649,8.367497288533,6.));
#3812 = VECTOR('',#3813,1.);
#3813 = DIRECTION('',(0.145288022614,-0.989389402857,0.));
#3814 = PCURVE('',#102,#3815);
#3815 = DEFINITIONAL_REPRESENTATION('',(#3816),#3820);
#3816 = LINE('',#3817,#3818);
#3817 = CARTESIAN_POINT('',(-1.228734744649,8.367497288533));
#3818 = VECTOR('',#3819,1.);
#3819 = DIRECTION('',(0.145288022614,-0.989389402857));
#3820 = ( GEOMETRIC_REPRESENTATION_CONTEXT(2) 
PARAMETRIC_REPRESENTATION_CONTEXT() REPRESENTATION_CONTEXT('2D SPACE',''
  ) );
#3821 = PCURVE('',#1037,#3822);
#3822 = DEFINITIONAL_REPRESENTATION('',(#3823),#3827);
#3823 = LINE('',#3824,#3825);
#3824 = CARTESIAN_POINT('',(0.,-9.));
#3825 = VECTOR('',#3826,1.);
#3826 = DIRECTION('',(1.,0.));
#3827 = ( GEOMETRIC_REPRESENTATION_CONTEXT(2) 
PARAMETRIC_REPRESENTATION_CONTEXT() REPRESENTATION_CONTEXT('2D SPACE',''
  ) );
#3828 = ORIENTED_EDGE('',*,*,#3829,.F.);
#3829 = EDGE_CURVE('',#3830,#3807,#3832,.T.);
#3830 = VERTEX_POINT('',#3831);
#3831 = CARTESIAN_POINT('',(-2.628210028727,6.622547624963,6.));
#3832 = SURFACE_CURVE('',#3833,(#3838,#3849),.PCURVE_S1.);
#3833 = CIRCLE('',#3834,7.125);
#3834 = AXIS2_PLACEMENT_3D('',#3835,#3836,#3837);
#3835 = CARTESIAN_POINT('',(1.176329433913E-13,-3.490967904906E-13,6.));
#3836 = DIRECTION('',(0.,0.,-1.));
#3837 = DIRECTION('',(-0.368871582979,0.929480368416,0.));
#3838 = PCURVE('',#102,#3839);
#3839 = DEFINITIONAL_REPRESENTATION('',(#3840),#3848);
#3840 = ( BOUNDED_CURVE() B_SPLINE_CURVE(2,(#3841,#3842,#3843,#3844,
#3845,#3846,#3847),.UNSPECIFIED.,.T.,.F.) B_SPLINE_CURVE_WITH_KNOTS((1,2
    ,2,2,2,1),(-2.094395102393,0.,2.094395102393,4.188790204786,
6.28318530718,8.377580409573),.UNSPECIFIED.) CURVE() 
GEOMETRIC_REPRESENTATION_ITEM() RATIONAL_B_SPLINE_CURVE((1.,0.5,1.,0.5,
1.,0.5,1.)) REPRESENTATION_ITEM('') );
#3841 = CARTESIAN_POINT('',(-2.628210028727,6.622547624963));
#3842 = CARTESIAN_POINT('',(8.842378933254,11.174740927679));
#3843 = CARTESIAN_POINT('',(7.049399495354,-1.035177161124));
#3844 = CARTESIAN_POINT('',(5.256420057453,-13.24509524992));
#3845 = CARTESIAN_POINT('',(-4.421189466627,-5.58737046384));
#3846 = CARTESIAN_POINT('',(-14.0987989907,2.070354322246));
#3847 = CARTESIAN_POINT('',(-2.628210028727,6.622547624963));
#3848 = ( GEOMETRIC_REPRESENTATION_CONTEXT(2) 
PARAMETRIC_REPRESENTATION_CONTEXT() REPRESENTATION_CONTEXT('2D SPACE',''
  ) );
#3849 = PCURVE('',#1066,#3850);
#3850 = DEFINITIONAL_REPRESENTATION('',(#3851),#3855);
#3851 = LINE('',#3852,#3853);
#3852 = CARTESIAN_POINT('',(-0.231990620064,-9.));
#3853 = VECTOR('',#3854,1.);
#3854 = DIRECTION('',(1.,-0.));
#3855 = ( GEOMETRIC_REPRESENTATION_CONTEXT(2) 
PARAMETRIC_REPRESENTATION_CONTEXT() REPRESENTATION_CONTEXT('2D SPACE',''
  ) );
#3856 = ORIENTED_EDGE('',*,*,#3857,.F.);
#3857 = EDGE_CURVE('',#3858,#3830,#3860,.T.);
#3858 = VERTEX_POINT('',#3859);
#3859 = CARTESIAN_POINT('',(-3.119633140888,7.860832590292,6.));
#3860 = SURFACE_CURVE('',#3861,(#3865,#3872),.PCURVE_S1.);
#3861 = LINE('',#3862,#3863);
#3862 = CARTESIAN_POINT('',(-3.119633140888,7.860832590292,6.));
#3863 = VECTOR('',#3864,1.);
#3864 = DIRECTION('',(0.368871582979,-0.929480368416,0.));
#3865 = PCURVE('',#102,#3866);
#3866 = DEFINITIONAL_REPRESENTATION('',(#3867),#3871);
#3867 = LINE('',#3868,#3869);
#3868 = CARTESIAN_POINT('',(-3.119633140888,7.860832590292));
#3869 = VECTOR('',#3870,1.);
#3870 = DIRECTION('',(0.368871582979,-0.929480368416));
#3871 = ( GEOMETRIC_REPRESENTATION_CONTEXT(2) 
PARAMETRIC_REPRESENTATION_CONTEXT() REPRESENTATION_CONTEXT('2D SPACE',''
  ) );
#3872 = PCURVE('',#1094,#3873);
#3873 = DEFINITIONAL_REPRESENTATION('',(#3874),#3878);
#3874 = LINE('',#3875,#3876);
#3875 = CARTESIAN_POINT('',(-9.893562945832E-16,-9.));
#3876 = VECTOR('',#3877,1.);
#3877 = DIRECTION('',(1.,0.));
#3878 = ( GEOMETRIC_REPRESENTATION_CONTEXT(2) 
PARAMETRIC_REPRESENTATION_CONTEXT() REPRESENTATION_CONTEXT('2D SPACE',''
  ) );
#3879 = ORIENTED_EDGE('',*,*,#3880,.T.);
#3880 = EDGE_CURVE('',#3858,#3881,#3883,.T.);
#3881 = VERTEX_POINT('',#3882);
#3882 = CARTESIAN_POINT('',(-4.841684601515,9.317085929595,6.));
#3883 = SURFACE_CURVE('',#3884,(#3898,#3915),.PCURVE_S1.);
#3884 = B_SPLINE_CURVE_WITH_KNOTS('',3,(#3885,#3886,#3887,#3888,#3889,
    #3890,#3891,#3892,#3893,#3894,#3895,#3896,#3897),.UNSPECIFIED.,.F.,
  .F.,(4,1,1,1,1,1,1,1,1,1,4),(0.,0.206463071868,0.418064650956,
    0.634628704967,0.856138693673,1.082589269896,1.31397802753,
    1.550303676965,1.79156544634,2.037762836919,2.288895507745),
  .UNSPECIFIED.);
#3885 = CARTESIAN_POINT('',(-3.119633140888,7.860832590292,6.));
#3886 = CARTESIAN_POINT('',(-3.149741917444,7.92308252898,6.));
#3887 = CARTESIAN_POINT('',(-3.220457719139,8.043296374098,6.));
#3888 = CARTESIAN_POINT('',(-3.349997279891,8.211148088831,6.));
#3889 = CARTESIAN_POINT('',(-3.494723151458,8.372390076896,6.));
#3890 = CARTESIAN_POINT('',(-3.653616494831,8.526962236299,6.));
#3891 = CARTESIAN_POINT('',(-3.824931887605,8.675218251156,6.));
#3892 = CARTESIAN_POINT('',(-4.007818984848,8.817136776992,6.));
#3893 = CARTESIAN_POINT('',(-4.20153472781,8.95265859164,6.));
#3894 = CARTESIAN_POINT('',(-4.405517149889,9.081649882007,6.));
#3895 = CARTESIAN_POINT('',(-4.619273216701,9.203949094402,6.));
#3896 = CARTESIAN_POINT('',(-4.766576531987,9.280126931087,6.));
#3897 = CARTESIAN_POINT('',(-4.841684601515,9.317085929595,6.));
#3898 = PCURVE('',#102,#3899);
#3899 = DEFINITIONAL_REPRESENTATION('',(#3900),#3914);
#3900 = B_SPLINE_CURVE_WITH_KNOTS('',3,(#3901,#3902,#3903,#3904,#3905,
    #3906,#3907,#3908,#3909,#3910,#3911,#3912,#3913),.UNSPECIFIED.,.F.,
  .F.,(4,1,1,1,1,1,1,1,1,1,4),(0.,0.206463071868,0.418064650956,
    0.634628704967,0.856138693673,1.082589269896,1.31397802753,
    1.550303676965,1.79156544634,2.037762836919,2.288895507745),
  .UNSPECIFIED.);
#3901 = CARTESIAN_POINT('',(-3.119633140888,7.860832590292));
#3902 = CARTESIAN_POINT('',(-3.149741917444,7.92308252898));
#3903 = CARTESIAN_POINT('',(-3.220457719139,8.043296374098));
#3904 = CARTESIAN_POINT('',(-3.349997279891,8.211148088831));
#3905 = CARTESIAN_POINT('',(-3.494723151458,8.372390076896));
#3906 = CARTESIAN_POINT('',(-3.653616494831,8.526962236299));
#3907 = CARTESIAN_POINT('',(-3.824931887605,8.675218251156));
#3908 = CARTESIAN_POINT('',(-4.007818984848,8.817136776992));
#3909 = CARTESIAN_POINT('',(-4.20153472781,8.95265859164));
#3910 = CARTESIAN_POINT('',(-4.405517149889,9.081649882007));
#3911 = CARTESIAN_POINT('',(-4.619273216701,9.203949094402));
#3912 = CARTESIAN_POINT('',(-4.766576531987,9.280126931087));
#3913 = CARTESIAN_POINT('',(-4.841684601515,9.317085929595));
#3914 = ( GEOMETRIC_REPRESENTATION_CONTEXT(2) 
PARAMETRIC_REPRESENTATION_CONTEXT() REPRESENTATION_CONTEXT('2D SPACE',''
  ) );
#3915 = PCURVE('',#3916,#3933);
#3916 = SURFACE_OF_LINEAR_EXTRUSION('',#3917,#3931);
#3917 = B_SPLINE_CURVE_WITH_KNOTS('',3,(#3918,#3919,#3920,#3921,#3922,
    #3923,#3924,#3925,#3926,#3927,#3928,#3929,#3930),.UNSPECIFIED.,.F.,
  .F.,(4,1,1,1,1,1,1,1,1,1,4),(0.,0.206463071868,0.418064650956,
    0.634628704967,0.856138693673,1.082589269896,1.31397802753,
    1.550303676965,1.79156544634,2.037762836919,2.288895507745),
  .UNSPECIFIED.);
#3918 = CARTESIAN_POINT('',(-3.119633140888,7.860832590292,0.));
#3919 = CARTESIAN_POINT('',(-3.149741917444,7.92308252898,0.));
#3920 = CARTESIAN_POINT('',(-3.220457719139,8.043296374098,0.));
#3921 = CARTESIAN_POINT('',(-3.349997279891,8.211148088831,0.));
#3922 = CARTESIAN_POINT('',(-3.494723151458,8.372390076896,0.));
#3923 = CARTESIAN_POINT('',(-3.653616494831,8.526962236299,0.));
#3924 = CARTESIAN_POINT('',(-3.824931887605,8.675218251156,0.));
#3925 = CARTESIAN_POINT('',(-4.007818984848,8.817136776992,0.));
#3926 = CARTESIAN_POINT('',(-4.20153472781,8.95265859164,0.));
#3927 = CARTESIAN_POINT('',(-4.405517149889,9.081649882007,0.));
#3928 = CARTESIAN_POINT('',(-4.619273216701,9.203949094402,0.));
#3929 = CARTESIAN_POINT('',(-4.766576531987,9.280126931087,0.));
#3930 = CARTESIAN_POINT('',(-4.841684601515,9.317085929595,0.));
#3931 = VECTOR('',#3932,1.);
#3932 = DIRECTION('',(-0.,-0.,-1.));
#3933 = DEFINITIONAL_REPRESENTATION('',(#3934),#3938);
#3934 = LINE('',#3935,#3936);
#3935 = CARTESIAN_POINT('',(0.,-6.));
#3936 = VECTOR('',#3937,1.);
#3937 = DIRECTION('',(1.,0.));
#3938 = ( GEOMETRIC_REPRESENTATION_CONTEXT(2) 
PARAMETRIC_REPRESENTATION_CONTEXT() REPRESENTATION_CONTEXT('2D SPACE',''
  ) );
#3939 = ORIENTED_EDGE('',*,*,#3940,.F.);
#3940 = EDGE_CURVE('',#3941,#3881,#3943,.T.);
#3941 = VERTEX_POINT('',#3942);
#3942 = CARTESIAN_POINT('',(-5.647990803514,8.851564826821,6.));
#3943 = SURFACE_CURVE('',#3944,(#3949,#3960),.PCURVE_S1.);
#3944 = CIRCLE('',#3945,10.5);
#3945 = AXIS2_PLACEMENT_3D('',#3946,#3947,#3948);
#3946 = CARTESIAN_POINT('',(5.681162781685E-14,-1.19096205359E-14,6.));
#3947 = DIRECTION('',(0.,0.,-1.));
#3948 = DIRECTION('',(-0.537903886049,0.843006173983,0.));
#3949 = PCURVE('',#102,#3950);
#3950 = DEFINITIONAL_REPRESENTATION('',(#3951),#3959);
#3951 = ( BOUNDED_CURVE() B_SPLINE_CURVE(2,(#3952,#3953,#3954,#3955,
#3956,#3957,#3958),.UNSPECIFIED.,.T.,.F.) B_SPLINE_CURVE_WITH_KNOTS((1,2
    ,2,2,2,1),(-2.094395102393,0.,2.094395102393,4.188790204786,
6.28318530718,8.377580409573),.UNSPECIFIED.) CURVE() 
GEOMETRIC_REPRESENTATION_ITEM() RATIONAL_B_SPLINE_CURVE((1.,0.5,1.,0.5,
1.,0.5,1.)) REPRESENTATION_ITEM('') );
#3952 = CARTESIAN_POINT('',(-5.647990803514,8.851564826821));
#3953 = CARTESIAN_POINT('',(9.68336920303,18.63417185919));
#3954 = CARTESIAN_POINT('',(10.489675405029,0.465521102774));
#3955 = CARTESIAN_POINT('',(11.295981607028,-17.70312965364));
#3956 = CARTESIAN_POINT('',(-4.841684601515,-9.317085929595));
#3957 = CARTESIAN_POINT('',(-20.97935081005,-0.931042205547));
#3958 = CARTESIAN_POINT('',(-5.647990803514,8.851564826821));
#3959 = ( GEOMETRIC_REPRESENTATION_CONTEXT(2) 
PARAMETRIC_REPRESENTATION_CONTEXT() REPRESENTATION_CONTEXT('2D SPACE',''
  ) );
#3960 = PCURVE('',#1183,#3961);
#3961 = DEFINITIONAL_REPRESENTATION('',(#3962),#3966);
#3962 = LINE('',#3963,#3964);
#3963 = CARTESIAN_POINT('',(-8.86997608188E-02,-9.));
#3964 = VECTOR('',#3965,1.);
#3965 = DIRECTION('',(1.,-0.));
#3966 = ( GEOMETRIC_REPRESENTATION_CONTEXT(2) 
PARAMETRIC_REPRESENTATION_CONTEXT() REPRESENTATION_CONTEXT('2D SPACE',''
  ) );
#3967 = ORIENTED_EDGE('',*,*,#3968,.F.);
#3968 = EDGE_CURVE('',#3969,#3941,#3971,.T.);
#3969 = VERTEX_POINT('',#3970);
#3970 = CARTESIAN_POINT('',(-5.247864147645,6.632097845643,6.));
#3971 = SURFACE_CURVE('',#3972,(#3986,#4003),.PCURVE_S1.);
#3972 = B_SPLINE_CURVE_WITH_KNOTS('',3,(#3973,#3974,#3975,#3976,#3977,
    #3978,#3979,#3980,#3981,#3982,#3983,#3984,#3985),.UNSPECIFIED.,.F.,
  .F.,(4,1,1,1,1,1,1,1,1,1,4),(0.,0.206463071868,0.418064650956,
    0.634628704967,0.856138693673,1.082589269896,1.31397802753,
    1.550303676965,1.79156544634,2.037762836919,2.288895507745),
  .UNSPECIFIED.);
#3973 = CARTESIAN_POINT('',(-5.247864147645,6.632097845643,6.));
#3974 = CARTESIAN_POINT('',(-5.286719787656,6.689297780361,6.));
#3975 = CARTESIAN_POINT('',(-5.355470130567,6.810646383637,6.));
#3976 = CARTESIAN_POINT('',(-5.436064199218,7.00675679141,6.));
#3977 = CARTESIAN_POINT('',(-5.503340921255,7.212714066804,6.));
#3978 = CARTESIAN_POINT('',(-5.55775766633,7.427605818359,6.));
#3979 = CARTESIAN_POINT('',(-5.600493445073,7.650097307989,6.));
#3980 = CARTESIAN_POINT('',(-5.631954945093,7.879441443144,6.));
#3981 = CARTESIAN_POINT('',(-5.652462407864,8.114965104986,6.));
#3982 = CARTESIAN_POINT('',(-5.66218093115,8.356114709616,6.));
#3983 = CARTESIAN_POINT('',(-5.66121712254,8.602382499885,6.));
#3984 = CARTESIAN_POINT('',(-5.653537406672,8.768039831327,6.));
#3985 = CARTESIAN_POINT('',(-5.647990803514,8.851564826821,6.));
#3986 = PCURVE('',#102,#3987);
#3987 = DEFINITIONAL_REPRESENTATION('',(#3988),#4002);
#3988 = B_SPLINE_CURVE_WITH_KNOTS('',3,(#3989,#3990,#3991,#3992,#3993,
    #3994,#3995,#3996,#3997,#3998,#3999,#4000,#4001),.UNSPECIFIED.,.F.,
  .F.,(4,1,1,1,1,1,1,1,1,1,4),(0.,0.206463071868,0.418064650956,
    0.634628704967,0.856138693673,1.082589269896,1.31397802753,
    1.550303676965,1.79156544634,2.037762836919,2.288895507745),
  .UNSPECIFIED.);
#3989 = CARTESIAN_POINT('',(-5.247864147645,6.632097845643));
#3990 = CARTESIAN_POINT('',(-5.286719787656,6.689297780361));
#3991 = CARTESIAN_POINT('',(-5.355470130567,6.810646383637));
#3992 = CARTESIAN_POINT('',(-5.436064199218,7.00675679141));
#3993 = CARTESIAN_POINT('',(-5.503340921255,7.212714066804));
#3994 = CARTESIAN_POINT('',(-5.55775766633,7.427605818359));
#3995 = CARTESIAN_POINT('',(-5.600493445073,7.650097307989));
#3996 = CARTESIAN_POINT('',(-5.631954945093,7.879441443144));
#3997 = CARTESIAN_POINT('',(-5.652462407864,8.114965104986));
#3998 = CARTESIAN_POINT('',(-5.66218093115,8.356114709616));
#3999 = CARTESIAN_POINT('',(-5.66121712254,8.602382499885));
#4000 = CARTESIAN_POINT('',(-5.653537406672,8.768039831327));
#4001 = CARTESIAN_POINT('',(-5.647990803514,8.851564826821));
#4002 = ( GEOMETRIC_REPRESENTATION_CONTEXT(2) 
PARAMETRIC_REPRESENTATION_CONTEXT() REPRESENTATION_CONTEXT('2D SPACE',''
  ) );
#4003 = PCURVE('',#4004,#4021);
#4004 = SURFACE_OF_LINEAR_EXTRUSION('',#4005,#4019);
#4005 = B_SPLINE_CURVE_WITH_KNOTS('',3,(#4006,#4007,#4008,#4009,#4010,
    #4011,#4012,#4013,#4014,#4015,#4016,#4017,#4018),.UNSPECIFIED.,.F.,
  .F.,(4,1,1,1,1,1,1,1,1,1,4),(0.,0.206463071868,0.418064650956,
    0.634628704967,0.856138693673,1.082589269896,1.31397802753,
    1.550303676965,1.79156544634,2.037762836919,2.288895507745),
  .UNSPECIFIED.);
#4006 = CARTESIAN_POINT('',(-5.247864147645,6.632097845643,0.));
#4007 = CARTESIAN_POINT('',(-5.286719787656,6.689297780361,0.));
#4008 = CARTESIAN_POINT('',(-5.355470130567,6.810646383637,0.));
#4009 = CARTESIAN_POINT('',(-5.436064199218,7.00675679141,0.));
#4010 = CARTESIAN_POINT('',(-5.503340921255,7.212714066804,0.));
#4011 = CARTESIAN_POINT('',(-5.55775766633,7.427605818359,0.));
#4012 = CARTESIAN_POINT('',(-5.600493445073,7.650097307989,0.));
#4013 = CARTESIAN_POINT('',(-5.631954945093,7.879441443144,0.));
#4014 = CARTESIAN_POINT('',(-5.652462407864,8.114965104986,0.));
#4015 = CARTESIAN_POINT('',(-5.66218093115,8.356114709616,0.));
#4016 = CARTESIAN_POINT('',(-5.66121712254,8.602382499885,0.));
#4017 = CARTESIAN_POINT('',(-5.653537406672,8.768039831327,0.));
#4018 = CARTESIAN_POINT('',(-5.647990803514,8.851564826821,0.));
#4019 = VECTOR('',#4020,1.);
#4020 = DIRECTION('',(-0.,-0.,-1.));
#4021 = DEFINITIONAL_REPRESENTATION('',(#4022),#4026);
#4022 = LINE('',#4023,#4024);
#4023 = CARTESIAN_POINT('',(0.,-6.));
#4024 = VECTOR('',#4025,1.);
#4025 = DIRECTION('',(1.,0.));
#4026 = ( GEOMETRIC_REPRESENTATION_CONTEXT(2) 
PARAMETRIC_REPRESENTATION_CONTEXT() REPRESENTATION_CONTEXT('2D SPACE',''
  ) );
#4027 = ORIENTED_EDGE('',*,*,#4028,.T.);
#4028 = EDGE_CURVE('',#3969,#4029,#4031,.T.);
#4029 = VERTEX_POINT('',#4030);
#4030 = CARTESIAN_POINT('',(-4.421189466627,5.58737046384,6.));
#4031 = SURFACE_CURVE('',#4032,(#4036,#4043),.PCURVE_S1.);
#4032 = LINE('',#4033,#4034);
#4033 = CARTESIAN_POINT('',(-5.247864147645,6.632097845643,6.));
#4034 = VECTOR('',#4035,1.);
#4035 = DIRECTION('',(0.620517819877,-0.784192345802,0.));
#4036 = PCURVE('',#102,#4037);
#4037 = DEFINITIONAL_REPRESENTATION('',(#4038),#4042);
#4038 = LINE('',#4039,#4040);
#4039 = CARTESIAN_POINT('',(-5.247864147645,6.632097845643));
#4040 = VECTOR('',#4041,1.);
#4041 = DIRECTION('',(0.620517819877,-0.784192345802));
#4042 = ( GEOMETRIC_REPRESENTATION_CONTEXT(2) 
PARAMETRIC_REPRESENTATION_CONTEXT() REPRESENTATION_CONTEXT('2D SPACE',''
  ) );
#4043 = PCURVE('',#1271,#4044);
#4044 = DEFINITIONAL_REPRESENTATION('',(#4045),#4049);
#4045 = LINE('',#4046,#4047);
#4046 = CARTESIAN_POINT('',(-6.965027184354E-16,-9.));
#4047 = VECTOR('',#4048,1.);
#4048 = DIRECTION('',(1.,0.));
#4049 = ( GEOMETRIC_REPRESENTATION_CONTEXT(2) 
PARAMETRIC_REPRESENTATION_CONTEXT() REPRESENTATION_CONTEXT('2D SPACE',''
  ) );
#4050 = ORIENTED_EDGE('',*,*,#4051,.F.);
#4051 = EDGE_CURVE('',#4052,#4029,#4054,.T.);
#4052 = VERTEX_POINT('',#4053);
#4053 = CARTESIAN_POINT('',(-5.58737046384,4.421189466627,6.));
#4054 = SURFACE_CURVE('',#4055,(#4060,#4071),.PCURVE_S1.);
#4055 = CIRCLE('',#4056,7.125);
#4056 = AXIS2_PLACEMENT_3D('',#4057,#4058,#4059);
#4057 = CARTESIAN_POINT('',(2.768656017539E-13,-2.433912239036E-13,6.));
#4058 = DIRECTION('',(0.,0.,-1.));
#4059 = DIRECTION('',(-0.784192345802,0.620517819877,0.));
#4060 = PCURVE('',#102,#4061);
#4061 = DEFINITIONAL_REPRESENTATION('',(#4062),#4070);
#4062 = ( BOUNDED_CURVE() B_SPLINE_CURVE(2,(#4063,#4064,#4065,#4066,
#4067,#4068,#4069),.UNSPECIFIED.,.T.,.F.) B_SPLINE_CURVE_WITH_KNOTS((1,2
    ,2,2,2,1),(-2.094395102393,0.,2.094395102393,4.188790204786,
6.28318530718,8.377580409573),.UNSPECIFIED.) CURVE() 
GEOMETRIC_REPRESENTATION_ITEM() RATIONAL_B_SPLINE_CURVE((1.,0.5,1.,0.5,
1.,0.5,1.)) REPRESENTATION_ITEM('') );
#4063 = CARTESIAN_POINT('',(-5.58737046384,4.421189466627));
#4064 = CARTESIAN_POINT('',(2.070354322247,14.098798990707));
#4065 = CARTESIAN_POINT('',(6.622547624963,2.628210028726));
#4066 = CARTESIAN_POINT('',(11.17474092768,-8.842378933255));
#4067 = CARTESIAN_POINT('',(-1.035177161123,-7.049399495354));
#4068 = CARTESIAN_POINT('',(-13.24509524992,-5.256420057454));
#4069 = CARTESIAN_POINT('',(-5.58737046384,4.421189466627));
#4070 = ( GEOMETRIC_REPRESENTATION_CONTEXT(2) 
PARAMETRIC_REPRESENTATION_CONTEXT() REPRESENTATION_CONTEXT('2D SPACE',''
  ) );
#4071 = PCURVE('',#1300,#4072);
#4072 = DEFINITIONAL_REPRESENTATION('',(#4073),#4077);
#4073 = LINE('',#4074,#4075);
#4074 = CARTESIAN_POINT('',(-0.231990620064,-9.));
#4075 = VECTOR('',#4076,1.);
#4076 = DIRECTION('',(1.,-0.));
#4077 = ( GEOMETRIC_REPRESENTATION_CONTEXT(2) 
PARAMETRIC_REPRESENTATION_CONTEXT() REPRESENTATION_CONTEXT('2D SPACE',''
  ) );
#4078 = ORIENTED_EDGE('',*,*,#4079,.F.);
#4079 = EDGE_CURVE('',#4080,#4052,#4082,.T.);
#4080 = VERTEX_POINT('',#4081);
#4081 = CARTESIAN_POINT('',(-6.632097845643,5.247864147645,6.));
#4082 = SURFACE_CURVE('',#4083,(#4087,#4094),.PCURVE_S1.);
#4083 = LINE('',#4084,#4085);
#4084 = CARTESIAN_POINT('',(-6.632097845643,5.247864147645,6.));
#4085 = VECTOR('',#4086,1.);
#4086 = DIRECTION('',(0.784192345802,-0.620517819877,0.));
#4087 = PCURVE('',#102,#4088);
#4088 = DEFINITIONAL_REPRESENTATION('',(#4089),#4093);
#4089 = LINE('',#4090,#4091);
#4090 = CARTESIAN_POINT('',(-6.632097845643,5.247864147645));
#4091 = VECTOR('',#4092,1.);
#4092 = DIRECTION('',(0.784192345802,-0.620517819877));
#4093 = ( GEOMETRIC_REPRESENTATION_CONTEXT(2) 
PARAMETRIC_REPRESENTATION_CONTEXT() REPRESENTATION_CONTEXT('2D SPACE',''
  ) );
#4094 = PCURVE('',#1328,#4095);
#4095 = DEFINITIONAL_REPRESENTATION('',(#4096),#4100);
#4096 = LINE('',#4097,#4098);
#4097 = CARTESIAN_POINT('',(0.,-9.));
#4098 = VECTOR('',#4099,1.);
#4099 = DIRECTION('',(1.,0.));
#4100 = ( GEOMETRIC_REPRESENTATION_CONTEXT(2) 
PARAMETRIC_REPRESENTATION_CONTEXT() REPRESENTATION_CONTEXT('2D SPACE',''
  ) );
#4101 = ORIENTED_EDGE('',*,*,#4102,.T.);
#4102 = EDGE_CURVE('',#4080,#4103,#4105,.T.);
#4103 = VERTEX_POINT('',#4104);
#4104 = CARTESIAN_POINT('',(-8.851564826821,5.647990803514,6.));
#4105 = SURFACE_CURVE('',#4106,(#4120,#4137),.PCURVE_S1.);
#4106 = B_SPLINE_CURVE_WITH_KNOTS('',3,(#4107,#4108,#4109,#4110,#4111,
    #4112,#4113,#4114,#4115,#4116,#4117,#4118,#4119),.UNSPECIFIED.,.F.,
  .F.,(4,1,1,1,1,1,1,1,1,1,4),(0.,0.206463071868,0.418064650956,
    0.634628704967,0.856138693673,1.082589269896,1.31397802753,
    1.550303676965,1.79156544634,2.037762836919,2.288895507745),
  .UNSPECIFIED.);
#4107 = CARTESIAN_POINT('',(-6.632097845643,5.247864147645,6.));
#4108 = CARTESIAN_POINT('',(-6.689297780361,5.286719787656,6.));
#4109 = CARTESIAN_POINT('',(-6.810646383637,5.355470130567,6.));
#4110 = CARTESIAN_POINT('',(-7.00675679141,5.436064199218,6.));
#4111 = CARTESIAN_POINT('',(-7.212714066804,5.503340921255,6.));
#4112 = CARTESIAN_POINT('',(-7.427605818359,5.55775766633,6.));
#4113 = CARTESIAN_POINT('',(-7.650097307989,5.600493445073,6.));
#4114 = CARTESIAN_POINT('',(-7.879441443144,5.631954945093,6.));
#4115 = CARTESIAN_POINT('',(-8.114965104986,5.652462407864,6.));
#4116 = CARTESIAN_POINT('',(-8.356114709616,5.66218093115,6.));
#4117 = CARTESIAN_POINT('',(-8.602382499885,5.66121712254,6.));
#4118 = CARTESIAN_POINT('',(-8.768039831327,5.653537406672,6.));
#4119 = CARTESIAN_POINT('',(-8.851564826821,5.647990803514,6.));
#4120 = PCURVE('',#102,#4121);
#4121 = DEFINITIONAL_REPRESENTATION('',(#4122),#4136);
#4122 = B_SPLINE_CURVE_WITH_KNOTS('',3,(#4123,#4124,#4125,#4126,#4127,
    #4128,#4129,#4130,#4131,#4132,#4133,#4134,#4135),.UNSPECIFIED.,.F.,
  .F.,(4,1,1,1,1,1,1,1,1,1,4),(0.,0.206463071868,0.418064650956,
    0.634628704967,0.856138693673,1.082589269896,1.31397802753,
    1.550303676965,1.79156544634,2.037762836919,2.288895507745),
  .UNSPECIFIED.);
#4123 = CARTESIAN_POINT('',(-6.632097845643,5.247864147645));
#4124 = CARTESIAN_POINT('',(-6.689297780361,5.286719787656));
#4125 = CARTESIAN_POINT('',(-6.810646383637,5.355470130567));
#4126 = CARTESIAN_POINT('',(-7.00675679141,5.436064199218));
#4127 = CARTESIAN_POINT('',(-7.212714066804,5.503340921255));
#4128 = CARTESIAN_POINT('',(-7.427605818359,5.55775766633));
#4129 = CARTESIAN_POINT('',(-7.650097307989,5.600493445073));
#4130 = CARTESIAN_POINT('',(-7.879441443144,5.631954945093));
#4131 = CARTESIAN_POINT('',(-8.114965104986,5.652462407864));
#4132 = CARTESIAN_POINT('',(-8.356114709616,5.66218093115));
#4133 = CARTESIAN_POINT('',(-8.602382499885,5.66121712254));
#4134 = CARTESIAN_POINT('',(-8.768039831327,5.653537406672));
#4135 = CARTESIAN_POINT('',(-8.851564826821,5.647990803514));
#4136 = ( GEOMETRIC_REPRESENTATION_CONTEXT(2) 
PARAMETRIC_REPRESENTATION_CONTEXT() REPRESENTATION_CONTEXT('2D SPACE',''
  ) );
#4137 = PCURVE('',#4138,#4155);
#4138 = SURFACE_OF_LINEAR_EXTRUSION('',#4139,#4153);
#4139 = B_SPLINE_CURVE_WITH_KNOTS('',3,(#4140,#4141,#4142,#4143,#4144,
    #4145,#4146,#4147,#4148,#4149,#4150,#4151,#4152),.UNSPECIFIED.,.F.,
  .F.,(4,1,1,1,1,1,1,1,1,1,4),(0.,0.206463071868,0.418064650956,
    0.634628704967,0.856138693673,1.082589269896,1.31397802753,
    1.550303676965,1.79156544634,2.037762836919,2.288895507745),
  .UNSPECIFIED.);
#4140 = CARTESIAN_POINT('',(-6.632097845643,5.247864147645,0.));
#4141 = CARTESIAN_POINT('',(-6.689297780361,5.286719787656,0.));
#4142 = CARTESIAN_POINT('',(-6.810646383637,5.355470130567,0.));
#4143 = CARTESIAN_POINT('',(-7.00675679141,5.436064199218,0.));
#4144 = CARTESIAN_POINT('',(-7.212714066804,5.503340921255,0.));
#4145 = CARTESIAN_POINT('',(-7.427605818359,5.55775766633,0.));
#4146 = CARTESIAN_POINT('',(-7.650097307989,5.600493445073,0.));
#4147 = CARTESIAN_POINT('',(-7.879441443144,5.631954945093,0.));
#4148 = CARTESIAN_POINT('',(-8.114965104986,5.652462407864,0.));
#4149 = CARTESIAN_POINT('',(-8.356114709616,5.66218093115,0.));
#4150 = CARTESIAN_POINT('',(-8.602382499885,5.66121712254,0.));
#4151 = CARTESIAN_POINT('',(-8.768039831327,5.653537406672,0.));
#4152 = CARTESIAN_POINT('',(-8.851564826821,5.647990803514,0.));
#4153 = VECTOR('',#4154,1.);
#4154 = DIRECTION('',(-0.,-0.,-1.));
#4155 = DEFINITIONAL_REPRESENTATION('',(#4156),#4160);
#4156 = LINE('',#4157,#4158);
#4157 = CARTESIAN_POINT('',(0.,-6.));
#4158 = VECTOR('',#4159,1.);
#4159 = DIRECTION('',(1.,0.));
#4160 = ( GEOMETRIC_REPRESENTATION_CONTEXT(2) 
PARAMETRIC_REPRESENTATION_CONTEXT() REPRESENTATION_CONTEXT('2D SPACE',''
  ) );
#4161 = ORIENTED_EDGE('',*,*,#4162,.F.);
#4162 = EDGE_CURVE('',#4163,#4103,#4165,.T.);
#4163 = VERTEX_POINT('',#4164);
#4164 = CARTESIAN_POINT('',(-9.317085929595,4.841684601515,6.));
#4165 = SURFACE_CURVE('',#4166,(#4171,#4182),.PCURVE_S1.);
#4166 = CIRCLE('',#4167,10.5);
#4167 = AXIS2_PLACEMENT_3D('',#4168,#4169,#4170);
#4168 = CARTESIAN_POINT('',(5.559921239754E-14,1.821077332005E-14,6.));
#4169 = DIRECTION('',(0.,0.,-1.));
#4170 = DIRECTION('',(-0.887341517104,0.461112819192,0.));
#4171 = PCURVE('',#102,#4172);
#4172 = DEFINITIONAL_REPRESENTATION('',(#4173),#4181);
#4173 = ( BOUNDED_CURVE() B_SPLINE_CURVE(2,(#4174,#4175,#4176,#4177,
#4178,#4179,#4180),.UNSPECIFIED.,.T.,.F.) B_SPLINE_CURVE_WITH_KNOTS((1,2
    ,2,2,2,1),(-2.094395102393,0.,2.094395102393,4.188790204786,
6.28318530718,8.377580409573),.UNSPECIFIED.) CURVE() 
GEOMETRIC_REPRESENTATION_ITEM() RATIONAL_B_SPLINE_CURVE((1.,0.5,1.,0.5,
1.,0.5,1.)) REPRESENTATION_ITEM('') );
#4174 = CARTESIAN_POINT('',(-9.317085929595,4.841684601515));
#4175 = CARTESIAN_POINT('',(-0.931042205547,20.979350810058));
#4176 = CARTESIAN_POINT('',(8.851564826821,5.647990803514));
#4177 = CARTESIAN_POINT('',(18.63417185919,-9.68336920303));
#4178 = CARTESIAN_POINT('',(0.465521102774,-10.48967540502));
#4179 = CARTESIAN_POINT('',(-17.70312965364,-11.29598160702));
#4180 = CARTESIAN_POINT('',(-9.317085929595,4.841684601515));
#4181 = ( GEOMETRIC_REPRESENTATION_CONTEXT(2) 
PARAMETRIC_REPRESENTATION_CONTEXT() REPRESENTATION_CONTEXT('2D SPACE',''
  ) );
#4182 = PCURVE('',#1417,#4183);
#4183 = DEFINITIONAL_REPRESENTATION('',(#4184),#4188);
#4184 = LINE('',#4185,#4186);
#4185 = CARTESIAN_POINT('',(-8.86997608188E-02,-9.));
#4186 = VECTOR('',#4187,1.);
#4187 = DIRECTION('',(1.,-0.));
#4188 = ( GEOMETRIC_REPRESENTATION_CONTEXT(2) 
PARAMETRIC_REPRESENTATION_CONTEXT() REPRESENTATION_CONTEXT('2D SPACE',''
  ) );
#4189 = ORIENTED_EDGE('',*,*,#4190,.F.);
#4190 = EDGE_CURVE('',#4191,#4163,#4193,.T.);
#4191 = VERTEX_POINT('',#4192);
#4192 = CARTESIAN_POINT('',(-7.860832590292,3.119633140888,6.));
#4193 = SURFACE_CURVE('',#4194,(#4208,#4225),.PCURVE_S1.);
#4194 = B_SPLINE_CURVE_WITH_KNOTS('',3,(#4195,#4196,#4197,#4198,#4199,
    #4200,#4201,#4202,#4203,#4204,#4205,#4206,#4207),.UNSPECIFIED.,.F.,
  .F.,(4,1,1,1,1,1,1,1,1,1,4),(0.,0.206463071868,0.418064650956,
    0.634628704967,0.856138693673,1.082589269896,1.31397802753,
    1.550303676965,1.79156544634,2.037762836919,2.288895507745),
  .UNSPECIFIED.);
#4195 = CARTESIAN_POINT('',(-7.860832590292,3.119633140888,6.));
#4196 = CARTESIAN_POINT('',(-7.92308252898,3.149741917444,6.));
#4197 = CARTESIAN_POINT('',(-8.043296374098,3.220457719139,6.));
#4198 = CARTESIAN_POINT('',(-8.211148088831,3.349997279891,6.));
#4199 = CARTESIAN_POINT('',(-8.372390076896,3.494723151458,6.));
#4200 = CARTESIAN_POINT('',(-8.526962236299,3.653616494831,6.));
#4201 = CARTESIAN_POINT('',(-8.675218251156,3.824931887605,6.));
#4202 = CARTESIAN_POINT('',(-8.817136776992,4.007818984848,6.));
#4203 = CARTESIAN_POINT('',(-8.95265859164,4.20153472781,6.));
#4204 = CARTESIAN_POINT('',(-9.081649882007,4.405517149889,6.));
#4205 = CARTESIAN_POINT('',(-9.203949094402,4.619273216701,6.));
#4206 = CARTESIAN_POINT('',(-9.280126931087,4.766576531987,6.));
#4207 = CARTESIAN_POINT('',(-9.317085929595,4.841684601515,6.));
#4208 = PCURVE('',#102,#4209);
#4209 = DEFINITIONAL_REPRESENTATION('',(#4210),#4224);
#4210 = B_SPLINE_CURVE_WITH_KNOTS('',3,(#4211,#4212,#4213,#4214,#4215,
    #4216,#4217,#4218,#4219,#4220,#4221,#4222,#4223),.UNSPECIFIED.,.F.,
  .F.,(4,1,1,1,1,1,1,1,1,1,4),(0.,0.206463071868,0.418064650956,
    0.634628704967,0.856138693673,1.082589269896,1.31397802753,
    1.550303676965,1.79156544634,2.037762836919,2.288895507745),
  .UNSPECIFIED.);
#4211 = CARTESIAN_POINT('',(-7.860832590292,3.119633140888));
#4212 = CARTESIAN_POINT('',(-7.92308252898,3.149741917444));
#4213 = CARTESIAN_POINT('',(-8.043296374098,3.220457719139));
#4214 = CARTESIAN_POINT('',(-8.211148088831,3.349997279891));
#4215 = CARTESIAN_POINT('',(-8.372390076896,3.494723151458));
#4216 = CARTESIAN_POINT('',(-8.526962236299,3.653616494831));
#4217 = CARTESIAN_POINT('',(-8.675218251156,3.824931887605));
#4218 = CARTESIAN_POINT('',(-8.817136776992,4.007818984848));
#4219 = CARTESIAN_POINT('',(-8.95265859164,4.20153472781));
#4220 = CARTESIAN_POINT('',(-9.081649882007,4.405517149889));
#4221 = CARTESIAN_POINT('',(-9.203949094402,4.619273216701));
#4222 = CARTESIAN_POINT('',(-9.280126931087,4.766576531987));
#4223 = CARTESIAN_POINT('',(-9.317085929595,4.841684601515));
#4224 = ( GEOMETRIC_REPRESENTATION_CONTEXT(2) 
PARAMETRIC_REPRESENTATION_CONTEXT() REPRESENTATION_CONTEXT('2D SPACE',''
  ) );
#4225 = PCURVE('',#4226,#4243);
#4226 = SURFACE_OF_LINEAR_EXTRUSION('',#4227,#4241);
#4227 = B_SPLINE_CURVE_WITH_KNOTS('',3,(#4228,#4229,#4230,#4231,#4232,
    #4233,#4234,#4235,#4236,#4237,#4238,#4239,#4240),.UNSPECIFIED.,.F.,
  .F.,(4,1,1,1,1,1,1,1,1,1,4),(0.,0.206463071868,0.418064650956,
    0.634628704967,0.856138693673,1.082589269896,1.31397802753,
    1.550303676965,1.79156544634,2.037762836919,2.288895507745),
  .UNSPECIFIED.);
#4228 = CARTESIAN_POINT('',(-7.860832590292,3.119633140888,0.));
#4229 = CARTESIAN_POINT('',(-7.92308252898,3.149741917444,0.));
#4230 = CARTESIAN_POINT('',(-8.043296374098,3.220457719139,0.));
#4231 = CARTESIAN_POINT('',(-8.211148088831,3.349997279891,0.));
#4232 = CARTESIAN_POINT('',(-8.372390076896,3.494723151458,0.));
#4233 = CARTESIAN_POINT('',(-8.526962236299,3.653616494831,0.));
#4234 = CARTESIAN_POINT('',(-8.675218251156,3.824931887605,0.));
#4235 = CARTESIAN_POINT('',(-8.817136776992,4.007818984848,0.));
#4236 = CARTESIAN_POINT('',(-8.95265859164,4.20153472781,0.));
#4237 = CARTESIAN_POINT('',(-9.081649882007,4.405517149889,0.));
#4238 = CARTESIAN_POINT('',(-9.203949094402,4.619273216701,0.));
#4239 = CARTESIAN_POINT('',(-9.280126931087,4.766576531987,0.));
#4240 = CARTESIAN_POINT('',(-9.317085929595,4.841684601515,0.));
#4241 = VECTOR('',#4242,1.);
#4242 = DIRECTION('',(-0.,-0.,-1.));
#4243 = DEFINITIONAL_REPRESENTATION('',(#4244),#4248);
#4244 = LINE('',#4245,#4246);
#4245 = CARTESIAN_POINT('',(0.,-6.));
#4246 = VECTOR('',#4247,1.);
#4247 = DIRECTION('',(1.,0.));
#4248 = ( GEOMETRIC_REPRESENTATION_CONTEXT(2) 
PARAMETRIC_REPRESENTATION_CONTEXT() REPRESENTATION_CONTEXT('2D SPACE',''
  ) );
#4249 = ORIENTED_EDGE('',*,*,#4250,.T.);
#4250 = EDGE_CURVE('',#4191,#4251,#4253,.T.);
#4251 = VERTEX_POINT('',#4252);
#4252 = CARTESIAN_POINT('',(-6.622547624963,2.628210028727,6.));
#4253 = SURFACE_CURVE('',#4254,(#4258,#4265),.PCURVE_S1.);
#4254 = LINE('',#4255,#4256);
#4255 = CARTESIAN_POINT('',(-7.860832590292,3.119633140888,6.));
#4256 = VECTOR('',#4257,1.);
#4257 = DIRECTION('',(0.929480368416,-0.368871582979,0.));
#4258 = PCURVE('',#102,#4259);
#4259 = DEFINITIONAL_REPRESENTATION('',(#4260),#4264);
#4260 = LINE('',#4261,#4262);
#4261 = CARTESIAN_POINT('',(-7.860832590292,3.119633140888));
#4262 = VECTOR('',#4263,1.);
#4263 = DIRECTION('',(0.929480368416,-0.368871582979));
#4264 = ( GEOMETRIC_REPRESENTATION_CONTEXT(2) 
PARAMETRIC_REPRESENTATION_CONTEXT() REPRESENTATION_CONTEXT('2D SPACE',''
  ) );
#4265 = PCURVE('',#1505,#4266);
#4266 = DEFINITIONAL_REPRESENTATION('',(#4267),#4271);
#4267 = LINE('',#4268,#4269);
#4268 = CARTESIAN_POINT('',(0.,-9.));
#4269 = VECTOR('',#4270,1.);
#4270 = DIRECTION('',(1.,0.));
#4271 = ( GEOMETRIC_REPRESENTATION_CONTEXT(2) 
PARAMETRIC_REPRESENTATION_CONTEXT() REPRESENTATION_CONTEXT('2D SPACE',''
  ) );
#4272 = ORIENTED_EDGE('',*,*,#4273,.F.);
#4273 = EDGE_CURVE('',#4274,#4251,#4276,.T.);
#4274 = VERTEX_POINT('',#4275);
#4275 = CARTESIAN_POINT('',(-7.049399495353,1.035177161123,6.));
#4276 = SURFACE_CURVE('',#4277,(#4282,#4293),.PCURVE_S1.);
#4277 = CIRCLE('',#4278,7.125);
#4278 = AXIS2_PLACEMENT_3D('',#4279,#4280,#4281);
#4279 = CARTESIAN_POINT('',(3.619123457146E-13,-7.223118873664E-14,6.));
#4280 = DIRECTION('',(0.,0.,-1.));
#4281 = DIRECTION('',(-0.989389402857,0.145288022614,0.));
#4282 = PCURVE('',#102,#4283);
#4283 = DEFINITIONAL_REPRESENTATION('',(#4284),#4292);
#4284 = ( BOUNDED_CURVE() B_SPLINE_CURVE(2,(#4285,#4286,#4287,#4288,
#4289,#4290,#4291),.UNSPECIFIED.,.T.,.F.) B_SPLINE_CURVE_WITH_KNOTS((1,2
    ,2,2,2,1),(-2.094395102393,0.,2.094395102393,4.188790204786,
6.28318530718,8.377580409573),.UNSPECIFIED.) CURVE() 
GEOMETRIC_REPRESENTATION_ITEM() RATIONAL_B_SPLINE_CURVE((1.,0.5,1.,0.5,
1.,0.5,1.)) REPRESENTATION_ITEM('') );
#4285 = CARTESIAN_POINT('',(-7.049399495353,1.035177161123));
#4286 = CARTESIAN_POINT('',(-5.256420057453,13.245095249926));
#4287 = CARTESIAN_POINT('',(4.421189466627,5.58737046384));
#4288 = CARTESIAN_POINT('',(14.098798990708,-2.070354322247));
#4289 = CARTESIAN_POINT('',(2.628210028727,-6.622547624963));
#4290 = CARTESIAN_POINT('',(-8.842378933254,-11.17474092768));
#4291 = CARTESIAN_POINT('',(-7.049399495353,1.035177161123));
#4292 = ( GEOMETRIC_REPRESENTATION_CONTEXT(2) 
PARAMETRIC_REPRESENTATION_CONTEXT() REPRESENTATION_CONTEXT('2D SPACE',''
  ) );
#4293 = PCURVE('',#1534,#4294);
#4294 = DEFINITIONAL_REPRESENTATION('',(#4295),#4299);
#4295 = LINE('',#4296,#4297);
#4296 = CARTESIAN_POINT('',(-0.231990620064,-9.));
#4297 = VECTOR('',#4298,1.);
#4298 = DIRECTION('',(1.,-0.));
#4299 = ( GEOMETRIC_REPRESENTATION_CONTEXT(2) 
PARAMETRIC_REPRESENTATION_CONTEXT() REPRESENTATION_CONTEXT('2D SPACE',''
  ) );
#4300 = ORIENTED_EDGE('',*,*,#4301,.F.);
#4301 = EDGE_CURVE('',#4302,#4274,#4304,.T.);
#4302 = VERTEX_POINT('',#4303);
#4303 = CARTESIAN_POINT('',(-8.367497288533,1.228734744649,6.));
#4304 = SURFACE_CURVE('',#4305,(#4309,#4316),.PCURVE_S1.);
#4305 = LINE('',#4306,#4307);
#4306 = CARTESIAN_POINT('',(-8.367497288533,1.228734744649,6.));
#4307 = VECTOR('',#4308,1.);
#4308 = DIRECTION('',(0.989389402857,-0.145288022614,0.));
#4309 = PCURVE('',#102,#4310);
#4310 = DEFINITIONAL_REPRESENTATION('',(#4311),#4315);
#4311 = LINE('',#4312,#4313);
#4312 = CARTESIAN_POINT('',(-8.367497288533,1.228734744649));
#4313 = VECTOR('',#4314,1.);
#4314 = DIRECTION('',(0.989389402857,-0.145288022614));
#4315 = ( GEOMETRIC_REPRESENTATION_CONTEXT(2) 
PARAMETRIC_REPRESENTATION_CONTEXT() REPRESENTATION_CONTEXT('2D SPACE',''
  ) );
#4316 = PCURVE('',#1562,#4317);
#4317 = DEFINITIONAL_REPRESENTATION('',(#4318),#4322);
#4318 = LINE('',#4319,#4320);
#4319 = CARTESIAN_POINT('',(0.,-9.));
#4320 = VECTOR('',#4321,1.);
#4321 = DIRECTION('',(1.,0.));
#4322 = ( GEOMETRIC_REPRESENTATION_CONTEXT(2) 
PARAMETRIC_REPRESENTATION_CONTEXT() REPRESENTATION_CONTEXT('2D SPACE',''
  ) );
#4323 = ORIENTED_EDGE('',*,*,#4324,.T.);
#4324 = EDGE_CURVE('',#4302,#4325,#4327,.T.);
#4325 = VERTEX_POINT('',#4326);
#4326 = CARTESIAN_POINT('',(-10.48967540502,0.465521102773,6.));
#4327 = SURFACE_CURVE('',#4328,(#4342,#4359),.PCURVE_S1.);
#4328 = B_SPLINE_CURVE_WITH_KNOTS('',3,(#4329,#4330,#4331,#4332,#4333,
    #4334,#4335,#4336,#4337,#4338,#4339,#4340,#4341),.UNSPECIFIED.,.F.,
  .F.,(4,1,1,1,1,1,1,1,1,1,4),(0.,0.206463071868,0.418064650956,
    0.634628704967,0.856138693673,1.082589269896,1.31397802753,
    1.550303676965,1.79156544634,2.037762836919,2.288895507745),
  .UNSPECIFIED.);
#4329 = CARTESIAN_POINT('',(-8.367497288533,1.228734744649,6.));
#4330 = CARTESIAN_POINT('',(-8.4364617051,1.233784748619,6.));
#4331 = CARTESIAN_POINT('',(-8.575927849706,1.232649990461,6.));
#4332 = CARTESIAN_POINT('',(-8.786061479109,1.204391297421,6.));
#4333 = CARTESIAN_POINT('',(-8.998064072713,1.159676010092,6.));
#4334 = CARTESIAN_POINT('',(-9.211374161161,1.09935641794,6.));
#4335 = CARTESIAN_POINT('',(-9.425425332678,1.025120943167,6.));
#4336 = CARTESIAN_POINT('',(-9.639773929941,0.937695333848,6.));
#4337 = CARTESIAN_POINT('',(-9.853997135674,0.837693486654,6.));
#4338 = CARTESIAN_POINT('',(-10.06769808103,0.725535172392,6.));
#4339 = CARTESIAN_POINT('',(-10.28049033924,0.601566594517,6.));
#4340 = CARTESIAN_POINT('',(-10.42011393865,0.51208709976,6.));
#4341 = CARTESIAN_POINT('',(-10.48967540502,0.465521102773,6.));
#4342 = PCURVE('',#102,#4343);
#4343 = DEFINITIONAL_REPRESENTATION('',(#4344),#4358);
#4344 = B_SPLINE_CURVE_WITH_KNOTS('',3,(#4345,#4346,#4347,#4348,#4349,
    #4350,#4351,#4352,#4353,#4354,#4355,#4356,#4357),.UNSPECIFIED.,.F.,
  .F.,(4,1,1,1,1,1,1,1,1,1,4),(0.,0.206463071868,0.418064650956,
    0.634628704967,0.856138693673,1.082589269896,1.31397802753,
    1.550303676965,1.79156544634,2.037762836919,2.288895507745),
  .UNSPECIFIED.);
#4345 = CARTESIAN_POINT('',(-8.367497288533,1.228734744649));
#4346 = CARTESIAN_POINT('',(-8.4364617051,1.233784748619));
#4347 = CARTESIAN_POINT('',(-8.575927849706,1.232649990461));
#4348 = CARTESIAN_POINT('',(-8.786061479109,1.204391297421));
#4349 = CARTESIAN_POINT('',(-8.998064072713,1.159676010092));
#4350 = CARTESIAN_POINT('',(-9.211374161161,1.09935641794));
#4351 = CARTESIAN_POINT('',(-9.425425332678,1.025120943167));
#4352 = CARTESIAN_POINT('',(-9.639773929941,0.937695333848));
#4353 = CARTESIAN_POINT('',(-9.853997135674,0.837693486654));
#4354 = CARTESIAN_POINT('',(-10.06769808103,0.725535172392));
#4355 = CARTESIAN_POINT('',(-10.28049033924,0.601566594517));
#4356 = CARTESIAN_POINT('',(-10.42011393865,0.51208709976));
#4357 = CARTESIAN_POINT('',(-10.48967540502,0.465521102773));
#4358 = ( GEOMETRIC_REPRESENTATION_CONTEXT(2) 
PARAMETRIC_REPRESENTATION_CONTEXT() REPRESENTATION_CONTEXT('2D SPACE',''
  ) );
#4359 = PCURVE('',#4360,#4377);
#4360 = SURFACE_OF_LINEAR_EXTRUSION('',#4361,#4375);
#4361 = B_SPLINE_CURVE_WITH_KNOTS('',3,(#4362,#4363,#4364,#4365,#4366,
    #4367,#4368,#4369,#4370,#4371,#4372,#4373,#4374),.UNSPECIFIED.,.F.,
  .F.,(4,1,1,1,1,1,1,1,1,1,4),(0.,0.206463071868,0.418064650956,
    0.634628704967,0.856138693673,1.082589269896,1.31397802753,
    1.550303676965,1.79156544634,2.037762836919,2.288895507745),
  .UNSPECIFIED.);
#4362 = CARTESIAN_POINT('',(-8.367497288533,1.228734744649,0.));
#4363 = CARTESIAN_POINT('',(-8.4364617051,1.233784748619,0.));
#4364 = CARTESIAN_POINT('',(-8.575927849706,1.232649990461,0.));
#4365 = CARTESIAN_POINT('',(-8.786061479109,1.204391297421,0.));
#4366 = CARTESIAN_POINT('',(-8.998064072713,1.159676010092,0.));
#4367 = CARTESIAN_POINT('',(-9.211374161161,1.09935641794,0.));
#4368 = CARTESIAN_POINT('',(-9.425425332678,1.025120943167,0.));
#4369 = CARTESIAN_POINT('',(-9.639773929941,0.937695333848,0.));
#4370 = CARTESIAN_POINT('',(-9.853997135674,0.837693486654,0.));
#4371 = CARTESIAN_POINT('',(-10.06769808103,0.725535172392,0.));
#4372 = CARTESIAN_POINT('',(-10.28049033924,0.601566594517,0.));
#4373 = CARTESIAN_POINT('',(-10.42011393865,0.51208709976,0.));
#4374 = CARTESIAN_POINT('',(-10.48967540502,0.465521102773,0.));
#4375 = VECTOR('',#4376,1.);
#4376 = DIRECTION('',(-0.,-0.,-1.));
#4377 = DEFINITIONAL_REPRESENTATION('',(#4378),#4382);
#4378 = LINE('',#4379,#4380);
#4379 = CARTESIAN_POINT('',(0.,-6.));
#4380 = VECTOR('',#4381,1.);
#4381 = DIRECTION('',(1.,0.));
#4382 = ( GEOMETRIC_REPRESENTATION_CONTEXT(2) 
PARAMETRIC_REPRESENTATION_CONTEXT() REPRESENTATION_CONTEXT('2D SPACE',''
  ) );
#4383 = ORIENTED_EDGE('',*,*,#4384,.F.);
#4384 = EDGE_CURVE('',#4385,#4325,#4387,.T.);
#4385 = VERTEX_POINT('',#4386);
#4386 = CARTESIAN_POINT('',(-10.48967540502,-0.465521102773,6.));
#4387 = SURFACE_CURVE('',#4388,(#4393,#4404),.PCURVE_S1.);
#4388 = CIRCLE('',#4389,10.5);
#4389 = AXIS2_PLACEMENT_3D('',#4390,#4391,#4392);
#4390 = CARTESIAN_POINT('',(3.94890329165E-14,4.368959186164E-14,6.));
#4391 = DIRECTION('',(0.,0.,-1.));
#4392 = DIRECTION('',(-0.999016705241,-4.433534312129E-02,-0.));
#4393 = PCURVE('',#102,#4394);
#4394 = DEFINITIONAL_REPRESENTATION('',(#4395),#4403);
#4395 = ( BOUNDED_CURVE() B_SPLINE_CURVE(2,(#4396,#4397,#4398,#4399,
#4400,#4401,#4402),.UNSPECIFIED.,.T.,.F.) B_SPLINE_CURVE_WITH_KNOTS((1,2
    ,2,2,2,1),(-2.094395102393,0.,2.094395102393,4.188790204786,
6.28318530718,8.377580409573),.UNSPECIFIED.) CURVE() 
GEOMETRIC_REPRESENTATION_ITEM() RATIONAL_B_SPLINE_CURVE((1.,0.5,1.,0.5,
1.,0.5,1.)) REPRESENTATION_ITEM('') );
#4396 = CARTESIAN_POINT('',(-10.48967540502,-0.465521102773));
#4397 = CARTESIAN_POINT('',(-11.29598160702,17.703129653643));
#4398 = CARTESIAN_POINT('',(4.841684601515,9.317085929595));
#4399 = CARTESIAN_POINT('',(20.979350810058,0.931042205547));
#4400 = CARTESIAN_POINT('',(5.647990803514,-8.851564826821));
#4401 = CARTESIAN_POINT('',(-9.68336920303,-18.63417185919));
#4402 = CARTESIAN_POINT('',(-10.48967540502,-0.465521102773));
#4403 = ( GEOMETRIC_REPRESENTATION_CONTEXT(2) 
PARAMETRIC_REPRESENTATION_CONTEXT() REPRESENTATION_CONTEXT('2D SPACE',''
  ) );
#4404 = PCURVE('',#1651,#4405);
#4405 = DEFINITIONAL_REPRESENTATION('',(#4406),#4410);
#4406 = LINE('',#4407,#4408);
#4407 = CARTESIAN_POINT('',(-8.86997608188E-02,-9.));
#4408 = VECTOR('',#4409,1.);
#4409 = DIRECTION('',(1.,-0.));
#4410 = ( GEOMETRIC_REPRESENTATION_CONTEXT(2) 
PARAMETRIC_REPRESENTATION_CONTEXT() REPRESENTATION_CONTEXT('2D SPACE',''
  ) );
#4411 = ORIENTED_EDGE('',*,*,#4412,.F.);
#4412 = EDGE_CURVE('',#4413,#4385,#4415,.T.);
#4413 = VERTEX_POINT('',#4414);
#4414 = CARTESIAN_POINT('',(-8.367497288533,-1.228734744649,6.));
#4415 = SURFACE_CURVE('',#4416,(#4430,#4447),.PCURVE_S1.);
#4416 = B_SPLINE_CURVE_WITH_KNOTS('',3,(#4417,#4418,#4419,#4420,#4421,
    #4422,#4423,#4424,#4425,#4426,#4427,#4428,#4429),.UNSPECIFIED.,.F.,
  .F.,(4,1,1,1,1,1,1,1,1,1,4),(0.,0.206463071868,0.418064650956,
    0.634628704967,0.856138693673,1.082589269896,1.31397802753,
    1.550303676965,1.79156544634,2.037762836919,2.288895507745),
  .UNSPECIFIED.);
#4417 = CARTESIAN_POINT('',(-8.367497288533,-1.228734744649,6.));
#4418 = CARTESIAN_POINT('',(-8.4364617051,-1.233784748619,6.));
#4419 = CARTESIAN_POINT('',(-8.575927849706,-1.232649990461,6.));
#4420 = CARTESIAN_POINT('',(-8.786061479109,-1.204391297421,6.));
#4421 = CARTESIAN_POINT('',(-8.998064072713,-1.159676010092,6.));
#4422 = CARTESIAN_POINT('',(-9.211374161161,-1.09935641794,6.));
#4423 = CARTESIAN_POINT('',(-9.425425332678,-1.025120943167,6.));
#4424 = CARTESIAN_POINT('',(-9.639773929941,-0.937695333848,6.));
#4425 = CARTESIAN_POINT('',(-9.853997135674,-0.837693486654,6.));
#4426 = CARTESIAN_POINT('',(-10.06769808103,-0.725535172392,6.));
#4427 = CARTESIAN_POINT('',(-10.28049033924,-0.601566594517,6.));
#4428 = CARTESIAN_POINT('',(-10.42011393865,-0.51208709976,6.));
#4429 = CARTESIAN_POINT('',(-10.48967540502,-0.465521102773,6.));
#4430 = PCURVE('',#102,#4431);
#4431 = DEFINITIONAL_REPRESENTATION('',(#4432),#4446);
#4432 = B_SPLINE_CURVE_WITH_KNOTS('',3,(#4433,#4434,#4435,#4436,#4437,
    #4438,#4439,#4440,#4441,#4442,#4443,#4444,#4445),.UNSPECIFIED.,.F.,
  .F.,(4,1,1,1,1,1,1,1,1,1,4),(0.,0.206463071868,0.418064650956,
    0.634628704967,0.856138693673,1.082589269896,1.31397802753,
    1.550303676965,1.79156544634,2.037762836919,2.288895507745),
  .UNSPECIFIED.);
#4433 = CARTESIAN_POINT('',(-8.367497288533,-1.228734744649));
#4434 = CARTESIAN_POINT('',(-8.4364617051,-1.233784748619));
#4435 = CARTESIAN_POINT('',(-8.575927849706,-1.232649990461));
#4436 = CARTESIAN_POINT('',(-8.786061479109,-1.204391297421));
#4437 = CARTESIAN_POINT('',(-8.998064072713,-1.159676010092));
#4438 = CARTESIAN_POINT('',(-9.211374161161,-1.09935641794));
#4439 = CARTESIAN_POINT('',(-9.425425332678,-1.025120943167));
#4440 = CARTESIAN_POINT('',(-9.639773929941,-0.937695333848));
#4441 = CARTESIAN_POINT('',(-9.853997135674,-0.837693486654));
#4442 = CARTESIAN_POINT('',(-10.06769808103,-0.725535172392));
#4443 = CARTESIAN_POINT('',(-10.28049033924,-0.601566594517));
#4444 = CARTESIAN_POINT('',(-10.42011393865,-0.51208709976));
#4445 = CARTESIAN_POINT('',(-10.48967540502,-0.465521102773));
#4446 = ( GEOMETRIC_REPRESENTATION_CONTEXT(2) 
PARAMETRIC_REPRESENTATION_CONTEXT() REPRESENTATION_CONTEXT('2D SPACE',''
  ) );
#4447 = PCURVE('',#4448,#4465);
#4448 = SURFACE_OF_LINEAR_EXTRUSION('',#4449,#4463);
#4449 = B_SPLINE_CURVE_WITH_KNOTS('',3,(#4450,#4451,#4452,#4453,#4454,
    #4455,#4456,#4457,#4458,#4459,#4460,#4461,#4462),.UNSPECIFIED.,.F.,
  .F.,(4,1,1,1,1,1,1,1,1,1,4),(0.,0.206463071868,0.418064650956,
    0.634628704967,0.856138693673,1.082589269896,1.31397802753,
    1.550303676965,1.79156544634,2.037762836919,2.288895507745),
  .UNSPECIFIED.);
#4450 = CARTESIAN_POINT('',(-8.367497288533,-1.228734744649,0.));
#4451 = CARTESIAN_POINT('',(-8.4364617051,-1.233784748619,0.));
#4452 = CARTESIAN_POINT('',(-8.575927849706,-1.232649990461,0.));
#4453 = CARTESIAN_POINT('',(-8.786061479109,-1.204391297421,0.));
#4454 = CARTESIAN_POINT('',(-8.998064072713,-1.159676010092,0.));
#4455 = CARTESIAN_POINT('',(-9.211374161161,-1.09935641794,0.));
#4456 = CARTESIAN_POINT('',(-9.425425332678,-1.025120943167,0.));
#4457 = CARTESIAN_POINT('',(-9.639773929941,-0.937695333848,0.));
#4458 = CARTESIAN_POINT('',(-9.853997135674,-0.837693486654,0.));
#4459 = CARTESIAN_POINT('',(-10.06769808103,-0.725535172392,0.));
#4460 = CARTESIAN_POINT('',(-10.28049033924,-0.601566594517,0.));
#4461 = CARTESIAN_POINT('',(-10.42011393865,-0.51208709976,0.));
#4462 = CARTESIAN_POINT('',(-10.48967540502,-0.465521102773,0.));
#4463 = VECTOR('',#4464,1.);
#4464 = DIRECTION('',(-0.,-0.,-1.));
#4465 = DEFINITIONAL_REPRESENTATION('',(#4466),#4470);
#4466 = LINE('',#4467,#4468);
#4467 = CARTESIAN_POINT('',(0.,-6.));
#4468 = VECTOR('',#4469,1.);
#4469 = DIRECTION('',(1.,0.));
#4470 = ( GEOMETRIC_REPRESENTATION_CONTEXT(2) 
PARAMETRIC_REPRESENTATION_CONTEXT() REPRESENTATION_CONTEXT('2D SPACE',''
  ) );
#4471 = ORIENTED_EDGE('',*,*,#4472,.T.);
#4472 = EDGE_CURVE('',#4413,#4473,#4475,.T.);
#4473 = VERTEX_POINT('',#4474);
#4474 = CARTESIAN_POINT('',(-7.049399495353,-1.035177161123,6.));
#4475 = SURFACE_CURVE('',#4476,(#4480,#4487),.PCURVE_S1.);
#4476 = LINE('',#4477,#4478);
#4477 = CARTESIAN_POINT('',(-8.367497288533,-1.228734744649,6.));
#4478 = VECTOR('',#4479,1.);
#4479 = DIRECTION('',(0.989389402857,0.145288022614,0.));
#4480 = PCURVE('',#102,#4481);
#4481 = DEFINITIONAL_REPRESENTATION('',(#4482),#4486);
#4482 = LINE('',#4483,#4484);
#4483 = CARTESIAN_POINT('',(-8.367497288533,-1.228734744649));
#4484 = VECTOR('',#4485,1.);
#4485 = DIRECTION('',(0.989389402857,0.145288022614));
#4486 = ( GEOMETRIC_REPRESENTATION_CONTEXT(2) 
PARAMETRIC_REPRESENTATION_CONTEXT() REPRESENTATION_CONTEXT('2D SPACE',''
  ) );
#4487 = PCURVE('',#1739,#4488);
#4488 = DEFINITIONAL_REPRESENTATION('',(#4489),#4493);
#4489 = LINE('',#4490,#4491);
#4490 = CARTESIAN_POINT('',(0.,-9.));
#4491 = VECTOR('',#4492,1.);
#4492 = DIRECTION('',(1.,0.));
#4493 = ( GEOMETRIC_REPRESENTATION_CONTEXT(2) 
PARAMETRIC_REPRESENTATION_CONTEXT() REPRESENTATION_CONTEXT('2D SPACE',''
  ) );
#4494 = ORIENTED_EDGE('',*,*,#4495,.F.);
#4495 = EDGE_CURVE('',#4496,#4473,#4498,.T.);
#4496 = VERTEX_POINT('',#4497);
#4497 = CARTESIAN_POINT('',(-6.622547624963,-2.628210028727,6.));
#4498 = SURFACE_CURVE('',#4499,(#4504,#4515),.PCURVE_S1.);
#4499 = CIRCLE('',#4500,7.125);
#4500 = AXIS2_PLACEMENT_3D('',#4501,#4502,#4503);
#4501 = CARTESIAN_POINT('',(3.499849689103E-13,1.18521121811E-13,6.));
#4502 = DIRECTION('',(0.,0.,-1.));
#4503 = DIRECTION('',(-0.929480368416,-0.368871582979,-0.));
#4504 = PCURVE('',#102,#4505);
#4505 = DEFINITIONAL_REPRESENTATION('',(#4506),#4514);
#4506 = ( BOUNDED_CURVE() B_SPLINE_CURVE(2,(#4507,#4508,#4509,#4510,
#4511,#4512,#4513),.UNSPECIFIED.,.T.,.F.) B_SPLINE_CURVE_WITH_KNOTS((1,2
    ,2,2,2,1),(-2.094395102393,0.,2.094395102393,4.188790204786,
6.28318530718,8.377580409573),.UNSPECIFIED.) CURVE() 
GEOMETRIC_REPRESENTATION_ITEM() RATIONAL_B_SPLINE_CURVE((1.,0.5,1.,0.5,
1.,0.5,1.)) REPRESENTATION_ITEM('') );
#4507 = CARTESIAN_POINT('',(-6.622547624963,-2.628210028727));
#4508 = CARTESIAN_POINT('',(-11.17474092767,8.842378933254));
#4509 = CARTESIAN_POINT('',(1.035177161124,7.049399495354));
#4510 = CARTESIAN_POINT('',(13.245095249927,5.256420057453));
#4511 = CARTESIAN_POINT('',(5.58737046384,-4.421189466627));
#4512 = CARTESIAN_POINT('',(-2.070354322246,-14.0987989907));
#4513 = CARTESIAN_POINT('',(-6.622547624963,-2.628210028727));
#4514 = ( GEOMETRIC_REPRESENTATION_CONTEXT(2) 
PARAMETRIC_REPRESENTATION_CONTEXT() REPRESENTATION_CONTEXT('2D SPACE',''
  ) );
#4515 = PCURVE('',#1768,#4516);
#4516 = DEFINITIONAL_REPRESENTATION('',(#4517),#4521);
#4517 = LINE('',#4518,#4519);
#4518 = CARTESIAN_POINT('',(-0.231990620064,-9.));
#4519 = VECTOR('',#4520,1.);
#4520 = DIRECTION('',(1.,-0.));
#4521 = ( GEOMETRIC_REPRESENTATION_CONTEXT(2) 
PARAMETRIC_REPRESENTATION_CONTEXT() REPRESENTATION_CONTEXT('2D SPACE',''
  ) );
#4522 = ORIENTED_EDGE('',*,*,#4523,.F.);
#4523 = EDGE_CURVE('',#4524,#4496,#4526,.T.);
#4524 = VERTEX_POINT('',#4525);
#4525 = CARTESIAN_POINT('',(-7.860832590292,-3.119633140888,6.));
#4526 = SURFACE_CURVE('',#4527,(#4531,#4538),.PCURVE_S1.);
#4527 = LINE('',#4528,#4529);
#4528 = CARTESIAN_POINT('',(-7.860832590292,-3.119633140888,6.));
#4529 = VECTOR('',#4530,1.);
#4530 = DIRECTION('',(0.929480368416,0.368871582979,0.));
#4531 = PCURVE('',#102,#4532);
#4532 = DEFINITIONAL_REPRESENTATION('',(#4533),#4537);
#4533 = LINE('',#4534,#4535);
#4534 = CARTESIAN_POINT('',(-7.860832590292,-3.119633140888));
#4535 = VECTOR('',#4536,1.);
#4536 = DIRECTION('',(0.929480368416,0.368871582979));
#4537 = ( GEOMETRIC_REPRESENTATION_CONTEXT(2) 
PARAMETRIC_REPRESENTATION_CONTEXT() REPRESENTATION_CONTEXT('2D SPACE',''
  ) );
#4538 = PCURVE('',#1796,#4539);
#4539 = DEFINITIONAL_REPRESENTATION('',(#4540),#4544);
#4540 = LINE('',#4541,#4542);
#4541 = CARTESIAN_POINT('',(0.,-9.));
#4542 = VECTOR('',#4543,1.);
#4543 = DIRECTION('',(1.,0.));
#4544 = ( GEOMETRIC_REPRESENTATION_CONTEXT(2) 
PARAMETRIC_REPRESENTATION_CONTEXT() REPRESENTATION_CONTEXT('2D SPACE',''
  ) );
#4545 = ORIENTED_EDGE('',*,*,#4546,.T.);
#4546 = EDGE_CURVE('',#4524,#4547,#4549,.T.);
#4547 = VERTEX_POINT('',#4548);
#4548 = CARTESIAN_POINT('',(-9.317085929595,-4.841684601515,6.));
#4549 = SURFACE_CURVE('',#4550,(#4564,#4581),.PCURVE_S1.);
#4550 = B_SPLINE_CURVE_WITH_KNOTS('',3,(#4551,#4552,#4553,#4554,#4555,
    #4556,#4557,#4558,#4559,#4560,#4561,#4562,#4563),.UNSPECIFIED.,.F.,
  .F.,(4,1,1,1,1,1,1,1,1,1,4),(0.,0.206463071868,0.418064650956,
    0.634628704967,0.856138693673,1.082589269896,1.31397802753,
    1.550303676965,1.79156544634,2.037762836919,2.288895507745),
  .UNSPECIFIED.);
#4551 = CARTESIAN_POINT('',(-7.860832590292,-3.119633140888,6.));
#4552 = CARTESIAN_POINT('',(-7.92308252898,-3.149741917444,6.));
#4553 = CARTESIAN_POINT('',(-8.043296374098,-3.220457719139,6.));
#4554 = CARTESIAN_POINT('',(-8.211148088831,-3.349997279891,6.));
#4555 = CARTESIAN_POINT('',(-8.372390076896,-3.494723151458,6.));
#4556 = CARTESIAN_POINT('',(-8.526962236299,-3.653616494831,6.));
#4557 = CARTESIAN_POINT('',(-8.675218251156,-3.824931887605,6.));
#4558 = CARTESIAN_POINT('',(-8.817136776992,-4.007818984848,6.));
#4559 = CARTESIAN_POINT('',(-8.95265859164,-4.20153472781,6.));
#4560 = CARTESIAN_POINT('',(-9.081649882007,-4.405517149889,6.));
#4561 = CARTESIAN_POINT('',(-9.203949094402,-4.619273216701,6.));
#4562 = CARTESIAN_POINT('',(-9.280126931087,-4.766576531987,6.));
#4563 = CARTESIAN_POINT('',(-9.317085929595,-4.841684601515,6.));
#4564 = PCURVE('',#102,#4565);
#4565 = DEFINITIONAL_REPRESENTATION('',(#4566),#4580);
#4566 = B_SPLINE_CURVE_WITH_KNOTS('',3,(#4567,#4568,#4569,#4570,#4571,
    #4572,#4573,#4574,#4575,#4576,#4577,#4578,#4579),.UNSPECIFIED.,.F.,
  .F.,(4,1,1,1,1,1,1,1,1,1,4),(0.,0.206463071868,0.418064650956,
    0.634628704967,0.856138693673,1.082589269896,1.31397802753,
    1.550303676965,1.79156544634,2.037762836919,2.288895507745),
  .UNSPECIFIED.);
#4567 = CARTESIAN_POINT('',(-7.860832590292,-3.119633140888));
#4568 = CARTESIAN_POINT('',(-7.92308252898,-3.149741917444));
#4569 = CARTESIAN_POINT('',(-8.043296374098,-3.220457719139));
#4570 = CARTESIAN_POINT('',(-8.211148088831,-3.349997279891));
#4571 = CARTESIAN_POINT('',(-8.372390076896,-3.494723151458));
#4572 = CARTESIAN_POINT('',(-8.526962236299,-3.653616494831));
#4573 = CARTESIAN_POINT('',(-8.675218251156,-3.824931887605));
#4574 = CARTESIAN_POINT('',(-8.817136776992,-4.007818984848));
#4575 = CARTESIAN_POINT('',(-8.95265859164,-4.20153472781));
#4576 = CARTESIAN_POINT('',(-9.081649882007,-4.405517149889));
#4577 = CARTESIAN_POINT('',(-9.203949094402,-4.619273216701));
#4578 = CARTESIAN_POINT('',(-9.280126931087,-4.766576531987));
#4579 = CARTESIAN_POINT('',(-9.317085929595,-4.841684601515));
#4580 = ( GEOMETRIC_REPRESENTATION_CONTEXT(2) 
PARAMETRIC_REPRESENTATION_CONTEXT() REPRESENTATION_CONTEXT('2D SPACE',''
  ) );
#4581 = PCURVE('',#4582,#4599);
#4582 = SURFACE_OF_LINEAR_EXTRUSION('',#4583,#4597);
#4583 = B_SPLINE_CURVE_WITH_KNOTS('',3,(#4584,#4585,#4586,#4587,#4588,
    #4589,#4590,#4591,#4592,#4593,#4594,#4595,#4596),.UNSPECIFIED.,.F.,
  .F.,(4,1,1,1,1,1,1,1,1,1,4),(0.,0.206463071868,0.418064650956,
    0.634628704967,0.856138693673,1.082589269896,1.31397802753,
    1.550303676965,1.79156544634,2.037762836919,2.288895507745),
  .UNSPECIFIED.);
#4584 = CARTESIAN_POINT('',(-7.860832590292,-3.119633140888,0.));
#4585 = CARTESIAN_POINT('',(-7.92308252898,-3.149741917444,0.));
#4586 = CARTESIAN_POINT('',(-8.043296374098,-3.220457719139,0.));
#4587 = CARTESIAN_POINT('',(-8.211148088831,-3.349997279891,0.));
#4588 = CARTESIAN_POINT('',(-8.372390076896,-3.494723151458,0.));
#4589 = CARTESIAN_POINT('',(-8.526962236299,-3.653616494831,0.));
#4590 = CARTESIAN_POINT('',(-8.675218251156,-3.824931887605,0.));
#4591 = CARTESIAN_POINT('',(-8.817136776992,-4.007818984848,0.));
#4592 = CARTESIAN_POINT('',(-8.95265859164,-4.20153472781,0.));
#4593 = CARTESIAN_POINT('',(-9.081649882007,-4.405517149889,0.));
#4594 = CARTESIAN_POINT('',(-9.203949094402,-4.619273216701,0.));
#4595 = CARTESIAN_POINT('',(-9.280126931087,-4.766576531987,0.));
#4596 = CARTESIAN_POINT('',(-9.317085929595,-4.841684601515,0.));
#4597 = VECTOR('',#4598,1.);
#4598 = DIRECTION('',(-0.,-0.,-1.));
#4599 = DEFINITIONAL_REPRESENTATION('',(#4600),#4604);
#4600 = LINE('',#4601,#4602);
#4601 = CARTESIAN_POINT('',(0.,-6.));
#4602 = VECTOR('',#4603,1.);
#4603 = DIRECTION('',(1.,0.));
#4604 = ( GEOMETRIC_REPRESENTATION_CONTEXT(2) 
PARAMETRIC_REPRESENTATION_CONTEXT() REPRESENTATION_CONTEXT('2D SPACE',''
  ) );
#4605 = ORIENTED_EDGE('',*,*,#4606,.F.);
#4606 = EDGE_CURVE('',#4607,#4547,#4609,.T.);
#4607 = VERTEX_POINT('',#4608);
#4608 = CARTESIAN_POINT('',(-8.851564826821,-5.647990803514,6.));
#4609 = SURFACE_CURVE('',#4610,(#4615,#4626),.PCURVE_S1.);
#4610 = CIRCLE('',#4611,10.5);
#4611 = AXIS2_PLACEMENT_3D('',#4612,#4613,#4614);
#4612 = CARTESIAN_POINT('',(1.27977989556E-14,5.769980623655E-14,6.));
#4613 = DIRECTION('',(0.,0.,-1.));
#4614 = DIRECTION('',(-0.843006173983,-0.537903886049,-0.));
#4615 = PCURVE('',#102,#4616);
#4616 = DEFINITIONAL_REPRESENTATION('',(#4617),#4625);
#4617 = ( BOUNDED_CURVE() B_SPLINE_CURVE(2,(#4618,#4619,#4620,#4621,
#4622,#4623,#4624),.UNSPECIFIED.,.T.,.F.) B_SPLINE_CURVE_WITH_KNOTS((1,2
    ,2,2,2,1),(-2.094395102393,0.,2.094395102393,4.188790204786,
6.28318530718,8.377580409573),.UNSPECIFIED.) CURVE() 
GEOMETRIC_REPRESENTATION_ITEM() RATIONAL_B_SPLINE_CURVE((1.,0.5,1.,0.5,
1.,0.5,1.)) REPRESENTATION_ITEM('') );
#4618 = CARTESIAN_POINT('',(-8.851564826821,-5.647990803514));
#4619 = CARTESIAN_POINT('',(-18.63417185919,9.68336920303));
#4620 = CARTESIAN_POINT('',(-0.465521102774,10.489675405029));
#4621 = CARTESIAN_POINT('',(17.703129653643,11.295981607028));
#4622 = CARTESIAN_POINT('',(9.317085929595,-4.841684601515));
#4623 = CARTESIAN_POINT('',(0.931042205547,-20.97935081005));
#4624 = CARTESIAN_POINT('',(-8.851564826821,-5.647990803514));
#4625 = ( GEOMETRIC_REPRESENTATION_CONTEXT(2) 
PARAMETRIC_REPRESENTATION_CONTEXT() REPRESENTATION_CONTEXT('2D SPACE',''
  ) );
#4626 = PCURVE('',#1885,#4627);
#4627 = DEFINITIONAL_REPRESENTATION('',(#4628),#4632);
#4628 = LINE('',#4629,#4630);
#4629 = CARTESIAN_POINT('',(-8.86997608188E-02,-9.));
#4630 = VECTOR('',#4631,1.);
#4631 = DIRECTION('',(1.,-0.));
#4632 = ( GEOMETRIC_REPRESENTATION_CONTEXT(2) 
PARAMETRIC_REPRESENTATION_CONTEXT() REPRESENTATION_CONTEXT('2D SPACE',''
  ) );
#4633 = ORIENTED_EDGE('',*,*,#4634,.F.);
#4634 = EDGE_CURVE('',#4635,#4607,#4637,.T.);
#4635 = VERTEX_POINT('',#4636);
#4636 = CARTESIAN_POINT('',(-6.632097845643,-5.247864147645,6.));
#4637 = SURFACE_CURVE('',#4638,(#4652,#4669),.PCURVE_S1.);
#4638 = B_SPLINE_CURVE_WITH_KNOTS('',3,(#4639,#4640,#4641,#4642,#4643,
    #4644,#4645,#4646,#4647,#4648,#4649,#4650,#4651),.UNSPECIFIED.,.F.,
  .F.,(4,1,1,1,1,1,1,1,1,1,4),(0.,0.206463071868,0.418064650956,
    0.634628704967,0.856138693673,1.082589269896,1.31397802753,
    1.550303676965,1.79156544634,2.037762836919,2.288895507745),
  .UNSPECIFIED.);
#4639 = CARTESIAN_POINT('',(-6.632097845643,-5.247864147645,6.));
#4640 = CARTESIAN_POINT('',(-6.689297780361,-5.286719787656,6.));
#4641 = CARTESIAN_POINT('',(-6.810646383637,-5.355470130567,6.));
#4642 = CARTESIAN_POINT('',(-7.00675679141,-5.436064199218,6.));
#4643 = CARTESIAN_POINT('',(-7.212714066804,-5.503340921255,6.));
#4644 = CARTESIAN_POINT('',(-7.427605818359,-5.55775766633,6.));
#4645 = CARTESIAN_POINT('',(-7.650097307989,-5.600493445073,6.));
#4646 = CARTESIAN_POINT('',(-7.879441443144,-5.631954945093,6.));
#4647 = CARTESIAN_POINT('',(-8.114965104986,-5.652462407864,6.));
#4648 = CARTESIAN_POINT('',(-8.356114709616,-5.66218093115,6.));
#4649 = CARTESIAN_POINT('',(-8.602382499885,-5.66121712254,6.));
#4650 = CARTESIAN_POINT('',(-8.768039831327,-5.653537406672,6.));
#4651 = CARTESIAN_POINT('',(-8.851564826821,-5.647990803514,6.));
#4652 = PCURVE('',#102,#4653);
#4653 = DEFINITIONAL_REPRESENTATION('',(#4654),#4668);
#4654 = B_SPLINE_CURVE_WITH_KNOTS('',3,(#4655,#4656,#4657,#4658,#4659,
    #4660,#4661,#4662,#4663,#4664,#4665,#4666,#4667),.UNSPECIFIED.,.F.,
  .F.,(4,1,1,1,1,1,1,1,1,1,4),(0.,0.206463071868,0.418064650956,
    0.634628704967,0.856138693673,1.082589269896,1.31397802753,
    1.550303676965,1.79156544634,2.037762836919,2.288895507745),
  .UNSPECIFIED.);
#4655 = CARTESIAN_POINT('',(-6.632097845643,-5.247864147645));
#4656 = CARTESIAN_POINT('',(-6.689297780361,-5.286719787656));
#4657 = CARTESIAN_POINT('',(-6.810646383637,-5.355470130567));
#4658 = CARTESIAN_POINT('',(-7.00675679141,-5.436064199218));
#4659 = CARTESIAN_POINT('',(-7.212714066804,-5.503340921255));
#4660 = CARTESIAN_POINT('',(-7.427605818359,-5.55775766633));
#4661 = CARTESIAN_POINT('',(-7.650097307989,-5.600493445073));
#4662 = CARTESIAN_POINT('',(-7.879441443144,-5.631954945093));
#4663 = CARTESIAN_POINT('',(-8.114965104986,-5.652462407864));
#4664 = CARTESIAN_POINT('',(-8.356114709616,-5.66218093115));
#4665 = CARTESIAN_POINT('',(-8.602382499885,-5.66121712254));
#4666 = CARTESIAN_POINT('',(-8.768039831327,-5.653537406672));
#4667 = CARTESIAN_POINT('',(-8.851564826821,-5.647990803514));
#4668 = ( GEOMETRIC_REPRESENTATION_CONTEXT(2) 
PARAMETRIC_REPRESENTATION_CONTEXT() REPRESENTATION_CONTEXT('2D SPACE',''
  ) );
#4669 = PCURVE('',#4670,#4687);
#4670 = SURFACE_OF_LINEAR_EXTRUSION('',#4671,#4685);
#4671 = B_SPLINE_CURVE_WITH_KNOTS('',3,(#4672,#4673,#4674,#4675,#4676,
    #4677,#4678,#4679,#4680,#4681,#4682,#4683,#4684),.UNSPECIFIED.,.F.,
  .F.,(4,1,1,1,1,1,1,1,1,1,4),(0.,0.206463071868,0.418064650956,
    0.634628704967,0.856138693673,1.082589269896,1.31397802753,
    1.550303676965,1.79156544634,2.037762836919,2.288895507745),
  .UNSPECIFIED.);
#4672 = CARTESIAN_POINT('',(-6.632097845643,-5.247864147645,0.));
#4673 = CARTESIAN_POINT('',(-6.689297780361,-5.286719787656,0.));
#4674 = CARTESIAN_POINT('',(-6.810646383637,-5.355470130567,0.));
#4675 = CARTESIAN_POINT('',(-7.00675679141,-5.436064199218,0.));
#4676 = CARTESIAN_POINT('',(-7.212714066804,-5.503340921255,0.));
#4677 = CARTESIAN_POINT('',(-7.427605818359,-5.55775766633,0.));
#4678 = CARTESIAN_POINT('',(-7.650097307989,-5.600493445073,0.));
#4679 = CARTESIAN_POINT('',(-7.879441443144,-5.631954945093,0.));
#4680 = CARTESIAN_POINT('',(-8.114965104986,-5.652462407864,0.));
#4681 = CARTESIAN_POINT('',(-8.356114709616,-5.66218093115,0.));
#4682 = CARTESIAN_POINT('',(-8.602382499885,-5.66121712254,0.));
#4683 = CARTESIAN_POINT('',(-8.768039831327,-5.653537406672,0.));
#4684 = CARTESIAN_POINT('',(-8.851564826821,-5.647990803514,0.));
#4685 = VECTOR('',#4686,1.);
#4686 = DIRECTION('',(-0.,-0.,-1.));
#4687 = DEFINITIONAL_REPRESENTATION('',(#4688),#4692);
#4688 = LINE('',#4689,#4690);
#4689 = CARTESIAN_POINT('',(0.,-6.));
#4690 = VECTOR('',#4691,1.);
#4691 = DIRECTION('',(1.,0.));
#4692 = ( GEOMETRIC_REPRESENTATION_CONTEXT(2) 
PARAMETRIC_REPRESENTATION_CONTEXT() REPRESENTATION_CONTEXT('2D SPACE',''
  ) );
#4693 = ORIENTED_EDGE('',*,*,#4694,.T.);
#4694 = EDGE_CURVE('',#4635,#4695,#4697,.T.);
#4695 = VERTEX_POINT('',#4696);
#4696 = CARTESIAN_POINT('',(-5.58737046384,-4.421189466627,6.));
#4697 = SURFACE_CURVE('',#4698,(#4702,#4709),.PCURVE_S1.);
#4698 = LINE('',#4699,#4700);
#4699 = CARTESIAN_POINT('',(-6.632097845643,-5.247864147645,6.));
#4700 = VECTOR('',#4701,1.);
#4701 = DIRECTION('',(0.784192345802,0.620517819877,0.));
#4702 = PCURVE('',#102,#4703);
#4703 = DEFINITIONAL_REPRESENTATION('',(#4704),#4708);
#4704 = LINE('',#4705,#4706);
#4705 = CARTESIAN_POINT('',(-6.632097845643,-5.247864147645));
#4706 = VECTOR('',#4707,1.);
#4707 = DIRECTION('',(0.784192345802,0.620517819877));
#4708 = ( GEOMETRIC_REPRESENTATION_CONTEXT(2) 
PARAMETRIC_REPRESENTATION_CONTEXT() REPRESENTATION_CONTEXT('2D SPACE',''
  ) );
#4709 = PCURVE('',#1973,#4710);
#4710 = DEFINITIONAL_REPRESENTATION('',(#4711),#4715);
#4711 = LINE('',#4712,#4713);
#4712 = CARTESIAN_POINT('',(0.,-9.));
#4713 = VECTOR('',#4714,1.);
#4714 = DIRECTION('',(1.,0.));
#4715 = ( GEOMETRIC_REPRESENTATION_CONTEXT(2) 
PARAMETRIC_REPRESENTATION_CONTEXT() REPRESENTATION_CONTEXT('2D SPACE',''
  ) );
#4716 = ORIENTED_EDGE('',*,*,#4717,.F.);
#4717 = EDGE_CURVE('',#4718,#4695,#4720,.T.);
#4718 = VERTEX_POINT('',#4719);
#4719 = CARTESIAN_POINT('',(-4.421189466627,-5.58737046384,6.));
#4720 = SURFACE_CURVE('',#4721,(#4726,#4737),.PCURVE_S1.);
#4721 = CIRCLE('',#4722,7.125);
#4722 = AXIS2_PLACEMENT_3D('',#4723,#4724,#4725);
#4723 = CARTESIAN_POINT('',(2.442794023233E-13,2.777537801736E-13,6.));
#4724 = DIRECTION('',(0.,0.,-1.));
#4725 = DIRECTION('',(-0.620517819877,-0.784192345802,-0.));
#4726 = PCURVE('',#102,#4727);
#4727 = DEFINITIONAL_REPRESENTATION('',(#4728),#4736);
#4728 = ( BOUNDED_CURVE() B_SPLINE_CURVE(2,(#4729,#4730,#4731,#4732,
#4733,#4734,#4735),.UNSPECIFIED.,.T.,.F.) B_SPLINE_CURVE_WITH_KNOTS((1,2
    ,2,2,2,1),(-2.094395102393,0.,2.094395102393,4.188790204786,
6.28318530718,8.377580409573),.UNSPECIFIED.) CURVE() 
GEOMETRIC_REPRESENTATION_ITEM() RATIONAL_B_SPLINE_CURVE((1.,0.5,1.,0.5,
1.,0.5,1.)) REPRESENTATION_ITEM('') );
#4729 = CARTESIAN_POINT('',(-4.421189466627,-5.58737046384));
#4730 = CARTESIAN_POINT('',(-14.0987989907,2.070354322247));
#4731 = CARTESIAN_POINT('',(-2.628210028726,6.622547624963));
#4732 = CARTESIAN_POINT('',(8.842378933255,11.17474092768));
#4733 = CARTESIAN_POINT('',(7.049399495354,-1.035177161123));
#4734 = CARTESIAN_POINT('',(5.256420057454,-13.24509524992));
#4735 = CARTESIAN_POINT('',(-4.421189466627,-5.58737046384));
#4736 = ( GEOMETRIC_REPRESENTATION_CONTEXT(2) 
PARAMETRIC_REPRESENTATION_CONTEXT() REPRESENTATION_CONTEXT('2D SPACE',''
  ) );
#4737 = PCURVE('',#2002,#4738);
#4738 = DEFINITIONAL_REPRESENTATION('',(#4739),#4743);
#4739 = LINE('',#4740,#4741);
#4740 = CARTESIAN_POINT('',(-0.231990620064,-9.));
#4741 = VECTOR('',#4742,1.);
#4742 = DIRECTION('',(1.,-0.));
#4743 = ( GEOMETRIC_REPRESENTATION_CONTEXT(2) 
PARAMETRIC_REPRESENTATION_CONTEXT() REPRESENTATION_CONTEXT('2D SPACE',''
  ) );
#4744 = ORIENTED_EDGE('',*,*,#4745,.F.);
#4745 = EDGE_CURVE('',#4746,#4718,#4748,.T.);
#4746 = VERTEX_POINT('',#4747);
#4747 = CARTESIAN_POINT('',(-5.247864147645,-6.632097845643,6.));
#4748 = SURFACE_CURVE('',#4749,(#4753,#4760),.PCURVE_S1.);
#4749 = LINE('',#4750,#4751);
#4750 = CARTESIAN_POINT('',(-5.247864147645,-6.632097845643,6.));
#4751 = VECTOR('',#4752,1.);
#4752 = DIRECTION('',(0.620517819877,0.784192345802,0.));
#4753 = PCURVE('',#102,#4754);
#4754 = DEFINITIONAL_REPRESENTATION('',(#4755),#4759);
#4755 = LINE('',#4756,#4757);
#4756 = CARTESIAN_POINT('',(-5.247864147645,-6.632097845643));
#4757 = VECTOR('',#4758,1.);
#4758 = DIRECTION('',(0.620517819877,0.784192345802));
#4759 = ( GEOMETRIC_REPRESENTATION_CONTEXT(2) 
PARAMETRIC_REPRESENTATION_CONTEXT() REPRESENTATION_CONTEXT('2D SPACE',''
  ) );
#4760 = PCURVE('',#2030,#4761);
#4761 = DEFINITIONAL_REPRESENTATION('',(#4762),#4766);
#4762 = LINE('',#4763,#4764);
#4763 = CARTESIAN_POINT('',(6.965027184354E-16,-9.));
#4764 = VECTOR('',#4765,1.);
#4765 = DIRECTION('',(1.,0.));
#4766 = ( GEOMETRIC_REPRESENTATION_CONTEXT(2) 
PARAMETRIC_REPRESENTATION_CONTEXT() REPRESENTATION_CONTEXT('2D SPACE',''
  ) );
#4767 = ORIENTED_EDGE('',*,*,#4768,.T.);
#4768 = EDGE_CURVE('',#4746,#4769,#4771,.T.);
#4769 = VERTEX_POINT('',#4770);
#4770 = CARTESIAN_POINT('',(-5.647990803514,-8.851564826821,6.));
#4771 = SURFACE_CURVE('',#4772,(#4786,#4803),.PCURVE_S1.);
#4772 = B_SPLINE_CURVE_WITH_KNOTS('',3,(#4773,#4774,#4775,#4776,#4777,
    #4778,#4779,#4780,#4781,#4782,#4783,#4784,#4785),.UNSPECIFIED.,.F.,
  .F.,(4,1,1,1,1,1,1,1,1,1,4),(0.,0.206463071868,0.418064650956,
    0.634628704967,0.856138693673,1.082589269896,1.31397802753,
    1.550303676965,1.79156544634,2.037762836919,2.288895507745),
  .UNSPECIFIED.);
#4773 = CARTESIAN_POINT('',(-5.247864147645,-6.632097845643,6.));
#4774 = CARTESIAN_POINT('',(-5.286719787656,-6.689297780361,6.));
#4775 = CARTESIAN_POINT('',(-5.355470130567,-6.810646383637,6.));
#4776 = CARTESIAN_POINT('',(-5.436064199218,-7.00675679141,6.));
#4777 = CARTESIAN_POINT('',(-5.503340921255,-7.212714066804,6.));
#4778 = CARTESIAN_POINT('',(-5.55775766633,-7.427605818359,6.));
#4779 = CARTESIAN_POINT('',(-5.600493445073,-7.650097307989,6.));
#4780 = CARTESIAN_POINT('',(-5.631954945093,-7.879441443144,6.));
#4781 = CARTESIAN_POINT('',(-5.652462407864,-8.114965104986,6.));
#4782 = CARTESIAN_POINT('',(-5.66218093115,-8.356114709616,6.));
#4783 = CARTESIAN_POINT('',(-5.66121712254,-8.602382499885,6.));
#4784 = CARTESIAN_POINT('',(-5.653537406672,-8.768039831327,6.));
#4785 = CARTESIAN_POINT('',(-5.647990803514,-8.851564826821,6.));
#4786 = PCURVE('',#102,#4787);
#4787 = DEFINITIONAL_REPRESENTATION('',(#4788),#4802);
#4788 = B_SPLINE_CURVE_WITH_KNOTS('',3,(#4789,#4790,#4791,#4792,#4793,
    #4794,#4795,#4796,#4797,#4798,#4799,#4800,#4801),.UNSPECIFIED.,.F.,
  .F.,(4,1,1,1,1,1,1,1,1,1,4),(0.,0.206463071868,0.418064650956,
    0.634628704967,0.856138693673,1.082589269896,1.31397802753,
    1.550303676965,1.79156544634,2.037762836919,2.288895507745),
  .UNSPECIFIED.);
#4789 = CARTESIAN_POINT('',(-5.247864147645,-6.632097845643));
#4790 = CARTESIAN_POINT('',(-5.286719787656,-6.689297780361));
#4791 = CARTESIAN_POINT('',(-5.355470130567,-6.810646383637));
#4792 = CARTESIAN_POINT('',(-5.436064199218,-7.00675679141));
#4793 = CARTESIAN_POINT('',(-5.503340921255,-7.212714066804));
#4794 = CARTESIAN_POINT('',(-5.55775766633,-7.427605818359));
#4795 = CARTESIAN_POINT('',(-5.600493445073,-7.650097307989));
#4796 = CARTESIAN_POINT('',(-5.631954945093,-7.879441443144));
#4797 = CARTESIAN_POINT('',(-5.652462407864,-8.114965104986));
#4798 = CARTESIAN_POINT('',(-5.66218093115,-8.356114709616));
#4799 = CARTESIAN_POINT('',(-5.66121712254,-8.602382499885));
#4800 = CARTESIAN_POINT('',(-5.653537406672,-8.768039831327));
#4801 = CARTESIAN_POINT('',(-5.647990803514,-8.851564826821));
#4802 = ( GEOMETRIC_REPRESENTATION_CONTEXT(2) 
PARAMETRIC_REPRESENTATION_CONTEXT() REPRESENTATION_CONTEXT('2D SPACE',''
  ) );
#4803 = PCURVE('',#4804,#4821);
#4804 = SURFACE_OF_LINEAR_EXTRUSION('',#4805,#4819);
#4805 = B_SPLINE_CURVE_WITH_KNOTS('',3,(#4806,#4807,#4808,#4809,#4810,
    #4811,#4812,#4813,#4814,#4815,#4816,#4817,#4818),.UNSPECIFIED.,.F.,
  .F.,(4,1,1,1,1,1,1,1,1,1,4),(0.,0.206463071868,0.418064650956,
    0.634628704967,0.856138693673,1.082589269896,1.31397802753,
    1.550303676965,1.79156544634,2.037762836919,2.288895507745),
  .UNSPECIFIED.);
#4806 = CARTESIAN_POINT('',(-5.247864147645,-6.632097845643,0.));
#4807 = CARTESIAN_POINT('',(-5.286719787656,-6.689297780361,0.));
#4808 = CARTESIAN_POINT('',(-5.355470130567,-6.810646383637,0.));
#4809 = CARTESIAN_POINT('',(-5.436064199218,-7.00675679141,0.));
#4810 = CARTESIAN_POINT('',(-5.503340921255,-7.212714066804,0.));
#4811 = CARTESIAN_POINT('',(-5.55775766633,-7.427605818359,0.));
#4812 = CARTESIAN_POINT('',(-5.600493445073,-7.650097307989,0.));
#4813 = CARTESIAN_POINT('',(-5.631954945093,-7.879441443144,0.));
#4814 = CARTESIAN_POINT('',(-5.652462407864,-8.114965104986,0.));
#4815 = CARTESIAN_POINT('',(-5.66218093115,-8.356114709616,0.));
#4816 = CARTESIAN_POINT('',(-5.66121712254,-8.602382499885,0.));
#4817 = CARTESIAN_POINT('',(-5.653537406672,-8.768039831327,0.));
#4818 = CARTESIAN_POINT('',(-5.647990803514,-8.851564826821,0.));
#4819 = VECTOR('',#4820,1.);
#4820 = DIRECTION('',(-0.,-0.,-1.));
#4821 = DEFINITIONAL_REPRESENTATION('',(#4822),#4826);
#4822 = LINE('',#4823,#4824);
#4823 = CARTESIAN_POINT('',(0.,-6.));
#4824 = VECTOR('',#4825,1.);
#4825 = DIRECTION('',(1.,0.));
#4826 = ( GEOMETRIC_REPRESENTATION_CONTEXT(2) 
PARAMETRIC_REPRESENTATION_CONTEXT() REPRESENTATION_CONTEXT('2D SPACE',''
  ) );
#4827 = ORIENTED_EDGE('',*,*,#4828,.F.);
#4828 = EDGE_CURVE('',#4829,#4769,#4831,.T.);
#4829 = VERTEX_POINT('',#4830);
#4830 = CARTESIAN_POINT('',(-4.841684601515,-9.317085929595,6.));
#4831 = SURFACE_CURVE('',#4832,(#4837,#4848),.PCURVE_S1.);
#4832 = CIRCLE('',#4833,10.5);
#4833 = AXIS2_PLACEMENT_3D('',#4834,#4835,#4836);
#4834 = CARTESIAN_POINT('',(-1.732259490035E-14,5.648739081724E-14,6.));
#4835 = DIRECTION('',(0.,0.,-1.));
#4836 = DIRECTION('',(-0.461112819192,-0.887341517104,-0.));
#4837 = PCURVE('',#102,#4838);
#4838 = DEFINITIONAL_REPRESENTATION('',(#4839),#4847);
#4839 = ( BOUNDED_CURVE() B_SPLINE_CURVE(2,(#4840,#4841,#4842,#4843,
#4844,#4845,#4846),.UNSPECIFIED.,.T.,.F.) B_SPLINE_CURVE_WITH_KNOTS((1,2
    ,2,2,2,1),(-2.094395102393,0.,2.094395102393,4.188790204786,
6.28318530718,8.377580409573),.UNSPECIFIED.) CURVE() 
GEOMETRIC_REPRESENTATION_ITEM() RATIONAL_B_SPLINE_CURVE((1.,0.5,1.,0.5,
1.,0.5,1.)) REPRESENTATION_ITEM('') );
#4840 = CARTESIAN_POINT('',(-4.841684601515,-9.317085929595));
#4841 = CARTESIAN_POINT('',(-20.97935081005,-0.931042205547));
#4842 = CARTESIAN_POINT('',(-5.647990803514,8.851564826821));
#4843 = CARTESIAN_POINT('',(9.68336920303,18.63417185919));
#4844 = CARTESIAN_POINT('',(10.489675405029,0.465521102774));
#4845 = CARTESIAN_POINT('',(11.295981607028,-17.70312965364));
#4846 = CARTESIAN_POINT('',(-4.841684601515,-9.317085929595));
#4847 = ( GEOMETRIC_REPRESENTATION_CONTEXT(2) 
PARAMETRIC_REPRESENTATION_CONTEXT() REPRESENTATION_CONTEXT('2D SPACE',''
  ) );
#4848 = PCURVE('',#2119,#4849);
#4849 = DEFINITIONAL_REPRESENTATION('',(#4850),#4854);
#4850 = LINE('',#4851,#4852);
#4851 = CARTESIAN_POINT('',(-8.86997608188E-02,-9.));
#4852 = VECTOR('',#4853,1.);
#4853 = DIRECTION('',(1.,-0.));
#4854 = ( GEOMETRIC_REPRESENTATION_CONTEXT(2) 
PARAMETRIC_REPRESENTATION_CONTEXT() REPRESENTATION_CONTEXT('2D SPACE',''
  ) );
#4855 = ORIENTED_EDGE('',*,*,#4856,.F.);
#4856 = EDGE_CURVE('',#4857,#4829,#4859,.T.);
#4857 = VERTEX_POINT('',#4858);
#4858 = CARTESIAN_POINT('',(-3.119633140888,-7.860832590292,6.));
#4859 = SURFACE_CURVE('',#4860,(#4874,#4891),.PCURVE_S1.);
#4860 = B_SPLINE_CURVE_WITH_KNOTS('',3,(#4861,#4862,#4863,#4864,#4865,
    #4866,#4867,#4868,#4869,#4870,#4871,#4872,#4873),.UNSPECIFIED.,.F.,
  .F.,(4,1,1,1,1,1,1,1,1,1,4),(0.,0.206463071868,0.418064650956,
    0.634628704967,0.856138693673,1.082589269896,1.31397802753,
    1.550303676965,1.79156544634,2.037762836919,2.288895507745),
  .UNSPECIFIED.);
#4861 = CARTESIAN_POINT('',(-3.119633140888,-7.860832590292,6.));
#4862 = CARTESIAN_POINT('',(-3.149741917444,-7.92308252898,6.));
#4863 = CARTESIAN_POINT('',(-3.220457719139,-8.043296374098,6.));
#4864 = CARTESIAN_POINT('',(-3.349997279891,-8.211148088831,6.));
#4865 = CARTESIAN_POINT('',(-3.494723151458,-8.372390076896,6.));
#4866 = CARTESIAN_POINT('',(-3.653616494831,-8.526962236299,6.));
#4867 = CARTESIAN_POINT('',(-3.824931887605,-8.675218251156,6.));
#4868 = CARTESIAN_POINT('',(-4.007818984848,-8.817136776992,6.));
#4869 = CARTESIAN_POINT('',(-4.20153472781,-8.95265859164,6.));
#4870 = CARTESIAN_POINT('',(-4.405517149889,-9.081649882007,6.));
#4871 = CARTESIAN_POINT('',(-4.619273216701,-9.203949094402,6.));
#4872 = CARTESIAN_POINT('',(-4.766576531987,-9.280126931087,6.));
#4873 = CARTESIAN_POINT('',(-4.841684601515,-9.317085929595,6.));
#4874 = PCURVE('',#102,#4875);
#4875 = DEFINITIONAL_REPRESENTATION('',(#4876),#4890);
#4876 = B_SPLINE_CURVE_WITH_KNOTS('',3,(#4877,#4878,#4879,#4880,#4881,
    #4882,#4883,#4884,#4885,#4886,#4887,#4888,#4889),.UNSPECIFIED.,.F.,
  .F.,(4,1,1,1,1,1,1,1,1,1,4),(0.,0.206463071868,0.418064650956,
    0.634628704967,0.856138693673,1.082589269896,1.31397802753,
    1.550303676965,1.79156544634,2.037762836919,2.288895507745),
  .UNSPECIFIED.);
#4877 = CARTESIAN_POINT('',(-3.119633140888,-7.860832590292));
#4878 = CARTESIAN_POINT('',(-3.149741917444,-7.92308252898));
#4879 = CARTESIAN_POINT('',(-3.220457719139,-8.043296374098));
#4880 = CARTESIAN_POINT('',(-3.349997279891,-8.211148088831));
#4881 = CARTESIAN_POINT('',(-3.494723151458,-8.372390076896));
#4882 = CARTESIAN_POINT('',(-3.653616494831,-8.526962236299));
#4883 = CARTESIAN_POINT('',(-3.824931887605,-8.675218251156));
#4884 = CARTESIAN_POINT('',(-4.007818984848,-8.817136776992));
#4885 = CARTESIAN_POINT('',(-4.20153472781,-8.95265859164));
#4886 = CARTESIAN_POINT('',(-4.405517149889,-9.081649882007));
#4887 = CARTESIAN_POINT('',(-4.619273216701,-9.203949094402));
#4888 = CARTESIAN_POINT('',(-4.766576531987,-9.280126931087));
#4889 = CARTESIAN_POINT('',(-4.841684601515,-9.317085929595));
#4890 = ( GEOMETRIC_REPRESENTATION_CONTEXT(2) 
PARAMETRIC_REPRESENTATION_CONTEXT() REPRESENTATION_CONTEXT('2D SPACE',''
  ) );
#4891 = PCURVE('',#4892,#4909);
#4892 = SURFACE_OF_LINEAR_EXTRUSION('',#4893,#4907);
#4893 = B_SPLINE_CURVE_WITH_KNOTS('',3,(#4894,#4895,#4896,#4897,#4898,
    #4899,#4900,#4901,#4902,#4903,#4904,#4905,#4906),.UNSPECIFIED.,.F.,
  .F.,(4,1,1,1,1,1,1,1,1,1,4),(0.,0.206463071868,0.418064650956,
    0.634628704967,0.856138693673,1.082589269896,1.31397802753,
    1.550303676965,1.79156544634,2.037762836919,2.288895507745),
  .UNSPECIFIED.);
#4894 = CARTESIAN_POINT('',(-3.119633140888,-7.860832590292,0.));
#4895 = CARTESIAN_POINT('',(-3.149741917444,-7.92308252898,0.));
#4896 = CARTESIAN_POINT('',(-3.220457719139,-8.043296374098,0.));
#4897 = CARTESIAN_POINT('',(-3.349997279891,-8.211148088831,0.));
#4898 = CARTESIAN_POINT('',(-3.494723151458,-8.372390076896,0.));
#4899 = CARTESIAN_POINT('',(-3.653616494831,-8.526962236299,0.));
#4900 = CARTESIAN_POINT('',(-3.824931887605,-8.675218251156,0.));
#4901 = CARTESIAN_POINT('',(-4.007818984848,-8.817136776992,0.));
#4902 = CARTESIAN_POINT('',(-4.20153472781,-8.95265859164,0.));
#4903 = CARTESIAN_POINT('',(-4.405517149889,-9.081649882007,0.));
#4904 = CARTESIAN_POINT('',(-4.619273216701,-9.203949094402,0.));
#4905 = CARTESIAN_POINT('',(-4.766576531987,-9.280126931087,0.));
#4906 = CARTESIAN_POINT('',(-4.841684601515,-9.317085929595,0.));
#4907 = VECTOR('',#4908,1.);
#4908 = DIRECTION('',(-0.,-0.,-1.));
#4909 = DEFINITIONAL_REPRESENTATION('',(#4910),#4914);
#4910 = LINE('',#4911,#4912);
#4911 = CARTESIAN_POINT('',(0.,-6.));
#4912 = VECTOR('',#4913,1.);
#4913 = DIRECTION('',(1.,0.));
#4914 = ( GEOMETRIC_REPRESENTATION_CONTEXT(2) 
PARAMETRIC_REPRESENTATION_CONTEXT() REPRESENTATION_CONTEXT('2D SPACE',''
  ) );
#4915 = ORIENTED_EDGE('',*,*,#4916,.T.);
#4916 = EDGE_CURVE('',#4857,#4917,#4919,.T.);
#4917 = VERTEX_POINT('',#4918);
#4918 = CARTESIAN_POINT('',(-2.628210028727,-6.622547624963,6.));
#4919 = SURFACE_CURVE('',#4920,(#4924,#4931),.PCURVE_S1.);
#4920 = LINE('',#4921,#4922);
#4921 = CARTESIAN_POINT('',(-3.119633140888,-7.860832590292,6.));
#4922 = VECTOR('',#4923,1.);
#4923 = DIRECTION('',(0.368871582979,0.929480368416,0.));
#4924 = PCURVE('',#102,#4925);
#4925 = DEFINITIONAL_REPRESENTATION('',(#4926),#4930);
#4926 = LINE('',#4927,#4928);
#4927 = CARTESIAN_POINT('',(-3.119633140888,-7.860832590292));
#4928 = VECTOR('',#4929,1.);
#4929 = DIRECTION('',(0.368871582979,0.929480368416));
#4930 = ( GEOMETRIC_REPRESENTATION_CONTEXT(2) 
PARAMETRIC_REPRESENTATION_CONTEXT() REPRESENTATION_CONTEXT('2D SPACE',''
  ) );
#4931 = PCURVE('',#2207,#4932);
#4932 = DEFINITIONAL_REPRESENTATION('',(#4933),#4937);
#4933 = LINE('',#4934,#4935);
#4934 = CARTESIAN_POINT('',(9.893562945832E-16,-9.));
#4935 = VECTOR('',#4936,1.);
#4936 = DIRECTION('',(1.,0.));
#4937 = ( GEOMETRIC_REPRESENTATION_CONTEXT(2) 
PARAMETRIC_REPRESENTATION_CONTEXT() REPRESENTATION_CONTEXT('2D SPACE',''
  ) );
#4938 = ORIENTED_EDGE('',*,*,#4939,.F.);
#4939 = EDGE_CURVE('',#4940,#4917,#4942,.T.);
#4940 = VERTEX_POINT('',#4941);
#4941 = CARTESIAN_POINT('',(-1.035177161123,-7.049399495353,6.));
#4942 = SURFACE_CURVE('',#4943,(#4948,#4959),.PCURVE_S1.);
#4943 = CIRCLE('',#4944,7.125);
#4944 = AXIS2_PLACEMENT_3D('',#4945,#4946,#4947);
#4945 = CARTESIAN_POINT('',(7.311936715634E-14,3.628005241343E-13,6.));
#4946 = DIRECTION('',(0.,0.,-1.));
#4947 = DIRECTION('',(-0.145288022614,-0.989389402857,-0.));
#4948 = PCURVE('',#102,#4949);
#4949 = DEFINITIONAL_REPRESENTATION('',(#4950),#4958);
#4950 = ( BOUNDED_CURVE() B_SPLINE_CURVE(2,(#4951,#4952,#4953,#4954,
#4955,#4956,#4957),.UNSPECIFIED.,.T.,.F.) B_SPLINE_CURVE_WITH_KNOTS((1,2
    ,2,2,2,1),(-2.094395102393,0.,2.094395102393,4.188790204786,
6.28318530718,8.377580409573),.UNSPECIFIED.) CURVE() 
GEOMETRIC_REPRESENTATION_ITEM() RATIONAL_B_SPLINE_CURVE((1.,0.5,1.,0.5,
1.,0.5,1.)) REPRESENTATION_ITEM('') );
#4951 = CARTESIAN_POINT('',(-1.035177161123,-7.049399495353));
#4952 = CARTESIAN_POINT('',(-13.24509524992,-5.256420057453));
#4953 = CARTESIAN_POINT('',(-5.58737046384,4.421189466627));
#4954 = CARTESIAN_POINT('',(2.070354322247,14.098798990708));
#4955 = CARTESIAN_POINT('',(6.622547624963,2.628210028727));
#4956 = CARTESIAN_POINT('',(11.17474092768,-8.842378933254));
#4957 = CARTESIAN_POINT('',(-1.035177161123,-7.049399495353));
#4958 = ( GEOMETRIC_REPRESENTATION_CONTEXT(2) 
PARAMETRIC_REPRESENTATION_CONTEXT() REPRESENTATION_CONTEXT('2D SPACE',''
  ) );
#4959 = PCURVE('',#2236,#4960);
#4960 = DEFINITIONAL_REPRESENTATION('',(#4961),#4965);
#4961 = LINE('',#4962,#4963);
#4962 = CARTESIAN_POINT('',(-0.231990620064,-9.));
#4963 = VECTOR('',#4964,1.);
#4964 = DIRECTION('',(1.,-0.));
#4965 = ( GEOMETRIC_REPRESENTATION_CONTEXT(2) 
PARAMETRIC_REPRESENTATION_CONTEXT() REPRESENTATION_CONTEXT('2D SPACE',''
  ) );
#4966 = ORIENTED_EDGE('',*,*,#4967,.F.);
#4967 = EDGE_CURVE('',#4968,#4940,#4970,.T.);
#4968 = VERTEX_POINT('',#4969);
#4969 = CARTESIAN_POINT('',(-1.228734744649,-8.367497288533,6.));
#4970 = SURFACE_CURVE('',#4971,(#4975,#4982),.PCURVE_S1.);
#4971 = LINE('',#4972,#4973);
#4972 = CARTESIAN_POINT('',(-1.228734744649,-8.367497288533,6.));
#4973 = VECTOR('',#4974,1.);
#4974 = DIRECTION('',(0.145288022614,0.989389402857,0.));
#4975 = PCURVE('',#102,#4976);
#4976 = DEFINITIONAL_REPRESENTATION('',(#4977),#4981);
#4977 = LINE('',#4978,#4979);
#4978 = CARTESIAN_POINT('',(-1.228734744649,-8.367497288533));
#4979 = VECTOR('',#4980,1.);
#4980 = DIRECTION('',(0.145288022614,0.989389402857));
#4981 = ( GEOMETRIC_REPRESENTATION_CONTEXT(2) 
PARAMETRIC_REPRESENTATION_CONTEXT() REPRESENTATION_CONTEXT('2D SPACE',''
  ) );
#4982 = PCURVE('',#2264,#4983);
#4983 = DEFINITIONAL_REPRESENTATION('',(#4984),#4988);
#4984 = LINE('',#4985,#4986);
#4985 = CARTESIAN_POINT('',(0.,-9.));
#4986 = VECTOR('',#4987,1.);
#4987 = DIRECTION('',(1.,0.));
#4988 = ( GEOMETRIC_REPRESENTATION_CONTEXT(2) 
PARAMETRIC_REPRESENTATION_CONTEXT() REPRESENTATION_CONTEXT('2D SPACE',''
  ) );
#4989 = ORIENTED_EDGE('',*,*,#4990,.T.);
#4990 = EDGE_CURVE('',#4968,#4991,#4993,.T.);
#4991 = VERTEX_POINT('',#4992);
#4992 = CARTESIAN_POINT('',(-0.465521102773,-10.48967540502,6.));
#4993 = SURFACE_CURVE('',#4994,(#5008,#5025),.PCURVE_S1.);
#4994 = B_SPLINE_CURVE_WITH_KNOTS('',3,(#4995,#4996,#4997,#4998,#4999,
    #5000,#5001,#5002,#5003,#5004,#5005,#5006,#5007),.UNSPECIFIED.,.F.,
  .F.,(4,1,1,1,1,1,1,1,1,1,4),(0.,0.206463071868,0.418064650956,
    0.634628704967,0.856138693673,1.082589269896,1.31397802753,
    1.550303676965,1.79156544634,2.037762836919,2.288895507745),
  .UNSPECIFIED.);
#4995 = CARTESIAN_POINT('',(-1.228734744649,-8.367497288533,6.));
#4996 = CARTESIAN_POINT('',(-1.233784748619,-8.4364617051,6.));
#4997 = CARTESIAN_POINT('',(-1.232649990461,-8.575927849706,6.));
#4998 = CARTESIAN_POINT('',(-1.204391297421,-8.786061479109,6.));
#4999 = CARTESIAN_POINT('',(-1.159676010092,-8.998064072713,6.));
#5000 = CARTESIAN_POINT('',(-1.09935641794,-9.211374161161,6.));
#5001 = CARTESIAN_POINT('',(-1.025120943167,-9.425425332678,6.));
#5002 = CARTESIAN_POINT('',(-0.937695333848,-9.639773929941,6.));
#5003 = CARTESIAN_POINT('',(-0.837693486654,-9.853997135674,6.));
#5004 = CARTESIAN_POINT('',(-0.725535172392,-10.06769808103,6.));
#5005 = CARTESIAN_POINT('',(-0.601566594517,-10.28049033924,6.));
#5006 = CARTESIAN_POINT('',(-0.51208709976,-10.42011393865,6.));
#5007 = CARTESIAN_POINT('',(-0.465521102773,-10.48967540502,6.));
#5008 = PCURVE('',#102,#5009);
#5009 = DEFINITIONAL_REPRESENTATION('',(#5010),#5024);
#5010 = B_SPLINE_CURVE_WITH_KNOTS('',3,(#5011,#5012,#5013,#5014,#5015,
    #5016,#5017,#5018,#5019,#5020,#5021,#5022,#5023),.UNSPECIFIED.,.F.,
  .F.,(4,1,1,1,1,1,1,1,1,1,4),(0.,0.206463071868,0.418064650956,
    0.634628704967,0.856138693673,1.082589269896,1.31397802753,
    1.550303676965,1.79156544634,2.037762836919,2.288895507745),
  .UNSPECIFIED.);
#5011 = CARTESIAN_POINT('',(-1.228734744649,-8.367497288533));
#5012 = CARTESIAN_POINT('',(-1.233784748619,-8.4364617051));
#5013 = CARTESIAN_POINT('',(-1.232649990461,-8.575927849706));
#5014 = CARTESIAN_POINT('',(-1.204391297421,-8.786061479109));
#5015 = CARTESIAN_POINT('',(-1.159676010092,-8.998064072713));
#5016 = CARTESIAN_POINT('',(-1.09935641794,-9.211374161161));
#5017 = CARTESIAN_POINT('',(-1.025120943167,-9.425425332678));
#5018 = CARTESIAN_POINT('',(-0.937695333848,-9.639773929941));
#5019 = CARTESIAN_POINT('',(-0.837693486654,-9.853997135674));
#5020 = CARTESIAN_POINT('',(-0.725535172392,-10.06769808103));
#5021 = CARTESIAN_POINT('',(-0.601566594517,-10.28049033924));
#5022 = CARTESIAN_POINT('',(-0.51208709976,-10.42011393865));
#5023 = CARTESIAN_POINT('',(-0.465521102773,-10.48967540502));
#5024 = ( GEOMETRIC_REPRESENTATION_CONTEXT(2) 
PARAMETRIC_REPRESENTATION_CONTEXT() REPRESENTATION_CONTEXT('2D SPACE',''
  ) );
#5025 = PCURVE('',#5026,#5043);
#5026 = SURFACE_OF_LINEAR_EXTRUSION('',#5027,#5041);
#5027 = B_SPLINE_CURVE_WITH_KNOTS('',3,(#5028,#5029,#5030,#5031,#5032,
    #5033,#5034,#5035,#5036,#5037,#5038,#5039,#5040),.UNSPECIFIED.,.F.,
  .F.,(4,1,1,1,1,1,1,1,1,1,4),(0.,0.206463071868,0.418064650956,
    0.634628704967,0.856138693673,1.082589269896,1.31397802753,
    1.550303676965,1.79156544634,2.037762836919,2.288895507745),
  .UNSPECIFIED.);
#5028 = CARTESIAN_POINT('',(-1.228734744649,-8.367497288533,0.));
#5029 = CARTESIAN_POINT('',(-1.233784748619,-8.4364617051,0.));
#5030 = CARTESIAN_POINT('',(-1.232649990461,-8.575927849706,0.));
#5031 = CARTESIAN_POINT('',(-1.204391297421,-8.786061479109,0.));
#5032 = CARTESIAN_POINT('',(-1.159676010092,-8.998064072713,0.));
#5033 = CARTESIAN_POINT('',(-1.09935641794,-9.211374161161,0.));
#5034 = CARTESIAN_POINT('',(-1.025120943167,-9.425425332678,0.));
#5035 = CARTESIAN_POINT('',(-0.937695333848,-9.639773929941,0.));
#5036 = CARTESIAN_POINT('',(-0.837693486654,-9.853997135674,0.));
#5037 = CARTESIAN_POINT('',(-0.725535172392,-10.06769808103,0.));
#5038 = CARTESIAN_POINT('',(-0.601566594517,-10.28049033924,0.));
#5039 = CARTESIAN_POINT('',(-0.51208709976,-10.42011393865,0.));
#5040 = CARTESIAN_POINT('',(-0.465521102773,-10.48967540502,0.));
#5041 = VECTOR('',#5042,1.);
#5042 = DIRECTION('',(-0.,-0.,-1.));
#5043 = DEFINITIONAL_REPRESENTATION('',(#5044),#5048);
#5044 = LINE('',#5045,#5046);
#5045 = CARTESIAN_POINT('',(0.,-6.));
#5046 = VECTOR('',#5047,1.);
#5047 = DIRECTION('',(1.,0.));
#5048 = ( GEOMETRIC_REPRESENTATION_CONTEXT(2) 
PARAMETRIC_REPRESENTATION_CONTEXT() REPRESENTATION_CONTEXT('2D SPACE',''
  ) );
#5049 = ORIENTED_EDGE('',*,*,#5050,.F.);
#5050 = EDGE_CURVE('',#5051,#4991,#5053,.T.);
#5051 = VERTEX_POINT('',#5052);
#5052 = CARTESIAN_POINT('',(0.465521102773,-10.48967540502,6.));
#5053 = SURFACE_CURVE('',#5054,(#5059,#5070),.PCURVE_S1.);
#5054 = CIRCLE('',#5055,10.5);
#5055 = AXIS2_PLACEMENT_3D('',#5056,#5057,#5058);
#5056 = CARTESIAN_POINT('',(-4.280141344194E-14,4.03772113362E-14,6.));
#5057 = DIRECTION('',(0.,0.,-1.));
#5058 = DIRECTION('',(4.433534312129E-02,-0.999016705241,0.));
#5059 = PCURVE('',#102,#5060);
#5060 = DEFINITIONAL_REPRESENTATION('',(#5061),#5069);
#5061 = ( BOUNDED_CURVE() B_SPLINE_CURVE(2,(#5062,#5063,#5064,#5065,
#5066,#5067,#5068),.UNSPECIFIED.,.T.,.F.) B_SPLINE_CURVE_WITH_KNOTS((1,2
    ,2,2,2,1),(-2.094395102393,0.,2.094395102393,4.188790204786,
6.28318530718,8.377580409573),.UNSPECIFIED.) CURVE() 
GEOMETRIC_REPRESENTATION_ITEM() RATIONAL_B_SPLINE_CURVE((1.,0.5,1.,0.5,
1.,0.5,1.)) REPRESENTATION_ITEM('') );
#5062 = CARTESIAN_POINT('',(0.465521102773,-10.48967540502));
#5063 = CARTESIAN_POINT('',(-17.70312965364,-11.29598160702));
#5064 = CARTESIAN_POINT('',(-9.317085929595,4.841684601515));
#5065 = CARTESIAN_POINT('',(-0.931042205547,20.979350810058));
#5066 = CARTESIAN_POINT('',(8.851564826821,5.647990803514));
#5067 = CARTESIAN_POINT('',(18.63417185919,-9.68336920303));
#5068 = CARTESIAN_POINT('',(0.465521102773,-10.48967540502));
#5069 = ( GEOMETRIC_REPRESENTATION_CONTEXT(2) 
PARAMETRIC_REPRESENTATION_CONTEXT() REPRESENTATION_CONTEXT('2D SPACE',''
  ) );
#5070 = PCURVE('',#2353,#5071);
#5071 = DEFINITIONAL_REPRESENTATION('',(#5072),#5076);
#5072 = LINE('',#5073,#5074);
#5073 = CARTESIAN_POINT('',(-8.86997608188E-02,-9.));
#5074 = VECTOR('',#5075,1.);
#5075 = DIRECTION('',(1.,-0.));
#5076 = ( GEOMETRIC_REPRESENTATION_CONTEXT(2) 
PARAMETRIC_REPRESENTATION_CONTEXT() REPRESENTATION_CONTEXT('2D SPACE',''
  ) );
#5077 = ORIENTED_EDGE('',*,*,#5078,.F.);
#5078 = EDGE_CURVE('',#5079,#5051,#5081,.T.);
#5079 = VERTEX_POINT('',#5080);
#5080 = CARTESIAN_POINT('',(1.228734744649,-8.367497288533,6.));
#5081 = SURFACE_CURVE('',#5082,(#5096,#5113),.PCURVE_S1.);
#5082 = B_SPLINE_CURVE_WITH_KNOTS('',3,(#5083,#5084,#5085,#5086,#5087,
    #5088,#5089,#5090,#5091,#5092,#5093,#5094,#5095),.UNSPECIFIED.,.F.,
  .F.,(4,1,1,1,1,1,1,1,1,1,4),(0.,0.206463071868,0.418064650956,
    0.634628704967,0.856138693673,1.082589269896,1.31397802753,
    1.550303676965,1.79156544634,2.037762836919,2.288895507745),
  .UNSPECIFIED.);
#5083 = CARTESIAN_POINT('',(1.228734744649,-8.367497288533,6.));
#5084 = CARTESIAN_POINT('',(1.233784748619,-8.4364617051,6.));
#5085 = CARTESIAN_POINT('',(1.232649990461,-8.575927849706,6.));
#5086 = CARTESIAN_POINT('',(1.204391297421,-8.786061479109,6.));
#5087 = CARTESIAN_POINT('',(1.159676010092,-8.998064072713,6.));
#5088 = CARTESIAN_POINT('',(1.09935641794,-9.211374161161,6.));
#5089 = CARTESIAN_POINT('',(1.025120943167,-9.425425332678,6.));
#5090 = CARTESIAN_POINT('',(0.937695333848,-9.639773929941,6.));
#5091 = CARTESIAN_POINT('',(0.837693486654,-9.853997135674,6.));
#5092 = CARTESIAN_POINT('',(0.725535172392,-10.06769808103,6.));
#5093 = CARTESIAN_POINT('',(0.601566594517,-10.28049033924,6.));
#5094 = CARTESIAN_POINT('',(0.51208709976,-10.42011393865,6.));
#5095 = CARTESIAN_POINT('',(0.465521102773,-10.48967540502,6.));
#5096 = PCURVE('',#102,#5097);
#5097 = DEFINITIONAL_REPRESENTATION('',(#5098),#5112);
#5098 = B_SPLINE_CURVE_WITH_KNOTS('',3,(#5099,#5100,#5101,#5102,#5103,
    #5104,#5105,#5106,#5107,#5108,#5109,#5110,#5111),.UNSPECIFIED.,.F.,
  .F.,(4,1,1,1,1,1,1,1,1,1,4),(0.,0.206463071868,0.418064650956,
    0.634628704967,0.856138693673,1.082589269896,1.31397802753,
    1.550303676965,1.79156544634,2.037762836919,2.288895507745),
  .UNSPECIFIED.);
#5099 = CARTESIAN_POINT('',(1.228734744649,-8.367497288533));
#5100 = CARTESIAN_POINT('',(1.233784748619,-8.4364617051));
#5101 = CARTESIAN_POINT('',(1.232649990461,-8.575927849706));
#5102 = CARTESIAN_POINT('',(1.204391297421,-8.786061479109));
#5103 = CARTESIAN_POINT('',(1.159676010092,-8.998064072713));
#5104 = CARTESIAN_POINT('',(1.09935641794,-9.211374161161));
#5105 = CARTESIAN_POINT('',(1.025120943167,-9.425425332678));
#5106 = CARTESIAN_POINT('',(0.937695333848,-9.639773929941));
#5107 = CARTESIAN_POINT('',(0.837693486654,-9.853997135674));
#5108 = CARTESIAN_POINT('',(0.725535172392,-10.06769808103));
#5109 = CARTESIAN_POINT('',(0.601566594517,-10.28049033924));
#5110 = CARTESIAN_POINT('',(0.51208709976,-10.42011393865));
#5111 = CARTESIAN_POINT('',(0.465521102773,-10.48967540502));
#5112 = ( GEOMETRIC_REPRESENTATION_CONTEXT(2) 
PARAMETRIC_REPRESENTATION_CONTEXT() REPRESENTATION_CONTEXT('2D SPACE',''
  ) );
#5113 = PCURVE('',#5114,#5131);
#5114 = SURFACE_OF_LINEAR_EXTRUSION('',#5115,#5129);
#5115 = B_SPLINE_CURVE_WITH_KNOTS('',3,(#5116,#5117,#5118,#5119,#5120,
    #5121,#5122,#5123,#5124,#5125,#5126,#5127,#5128),.UNSPECIFIED.,.F.,
  .F.,(4,1,1,1,1,1,1,1,1,1,4),(0.,0.206463071868,0.418064650956,
    0.634628704967,0.856138693673,1.082589269896,1.31397802753,
    1.550303676965,1.79156544634,2.037762836919,2.288895507745),
  .UNSPECIFIED.);
#5116 = CARTESIAN_POINT('',(1.228734744649,-8.367497288533,0.));
#5117 = CARTESIAN_POINT('',(1.233784748619,-8.4364617051,0.));
#5118 = CARTESIAN_POINT('',(1.232649990461,-8.575927849706,0.));
#5119 = CARTESIAN_POINT('',(1.204391297421,-8.786061479109,0.));
#5120 = CARTESIAN_POINT('',(1.159676010092,-8.998064072713,0.));
#5121 = CARTESIAN_POINT('',(1.09935641794,-9.211374161161,0.));
#5122 = CARTESIAN_POINT('',(1.025120943167,-9.425425332678,0.));
#5123 = CARTESIAN_POINT('',(0.937695333848,-9.639773929941,0.));
#5124 = CARTESIAN_POINT('',(0.837693486654,-9.853997135674,0.));
#5125 = CARTESIAN_POINT('',(0.725535172392,-10.06769808103,0.));
#5126 = CARTESIAN_POINT('',(0.601566594517,-10.28049033924,0.));
#5127 = CARTESIAN_POINT('',(0.51208709976,-10.42011393865,0.));
#5128 = CARTESIAN_POINT('',(0.465521102773,-10.48967540502,0.));
#5129 = VECTOR('',#5130,1.);
#5130 = DIRECTION('',(-0.,-0.,-1.));
#5131 = DEFINITIONAL_REPRESENTATION('',(#5132),#5136);
#5132 = LINE('',#5133,#5134);
#5133 = CARTESIAN_POINT('',(0.,-6.));
#5134 = VECTOR('',#5135,1.);
#5135 = DIRECTION('',(1.,0.));
#5136 = ( GEOMETRIC_REPRESENTATION_CONTEXT(2) 
PARAMETRIC_REPRESENTATION_CONTEXT() REPRESENTATION_CONTEXT('2D SPACE',''
  ) );
#5137 = ORIENTED_EDGE('',*,*,#5138,.T.);
#5138 = EDGE_CURVE('',#5079,#5139,#5141,.T.);
#5139 = VERTEX_POINT('',#5140);
#5140 = CARTESIAN_POINT('',(1.035177161123,-7.049399495353,6.));
#5141 = SURFACE_CURVE('',#5142,(#5146,#5153),.PCURVE_S1.);
#5142 = LINE('',#5143,#5144);
#5143 = CARTESIAN_POINT('',(1.228734744649,-8.367497288533,6.));
#5144 = VECTOR('',#5145,1.);
#5145 = DIRECTION('',(-0.145288022614,0.989389402857,0.));
#5146 = PCURVE('',#102,#5147);
#5147 = DEFINITIONAL_REPRESENTATION('',(#5148),#5152);
#5148 = LINE('',#5149,#5150);
#5149 = CARTESIAN_POINT('',(1.228734744649,-8.367497288533));
#5150 = VECTOR('',#5151,1.);
#5151 = DIRECTION('',(-0.145288022614,0.989389402857));
#5152 = ( GEOMETRIC_REPRESENTATION_CONTEXT(2) 
PARAMETRIC_REPRESENTATION_CONTEXT() REPRESENTATION_CONTEXT('2D SPACE',''
  ) );
#5153 = PCURVE('',#2441,#5154);
#5154 = DEFINITIONAL_REPRESENTATION('',(#5155),#5159);
#5155 = LINE('',#5156,#5157);
#5156 = CARTESIAN_POINT('',(0.,-9.));
#5157 = VECTOR('',#5158,1.);
#5158 = DIRECTION('',(1.,0.));
#5159 = ( GEOMETRIC_REPRESENTATION_CONTEXT(2) 
PARAMETRIC_REPRESENTATION_CONTEXT() REPRESENTATION_CONTEXT('2D SPACE',''
  ) );
#5160 = ORIENTED_EDGE('',*,*,#5161,.F.);
#5161 = EDGE_CURVE('',#5162,#5139,#5164,.T.);
#5162 = VERTEX_POINT('',#5163);
#5163 = CARTESIAN_POINT('',(2.628210028727,-6.622547624963,6.));
#5164 = SURFACE_CURVE('',#5165,(#5170,#5181),.PCURVE_S1.);
#5165 = CIRCLE('',#5166,7.125);
#5166 = AXIS2_PLACEMENT_3D('',#5167,#5168,#5169);
#5167 = CARTESIAN_POINT('',(-1.176329433913E-13,3.5087314733E-13,6.));
#5168 = DIRECTION('',(0.,0.,-1.));
#5169 = DIRECTION('',(0.368871582979,-0.929480368416,0.));
#5170 = PCURVE('',#102,#5171);
#5171 = DEFINITIONAL_REPRESENTATION('',(#5172),#5180);
#5172 = ( BOUNDED_CURVE() B_SPLINE_CURVE(2,(#5173,#5174,#5175,#5176,
#5177,#5178,#5179),.UNSPECIFIED.,.T.,.F.) B_SPLINE_CURVE_WITH_KNOTS((1,2
    ,2,2,2,1),(-2.094395102393,0.,2.094395102393,4.188790204786,
6.28318530718,8.377580409573),.UNSPECIFIED.) CURVE() 
GEOMETRIC_REPRESENTATION_ITEM() RATIONAL_B_SPLINE_CURVE((1.,0.5,1.,0.5,
1.,0.5,1.)) REPRESENTATION_ITEM('') );
#5173 = CARTESIAN_POINT('',(2.628210028727,-6.622547624963));
#5174 = CARTESIAN_POINT('',(-8.842378933254,-11.17474092767));
#5175 = CARTESIAN_POINT('',(-7.049399495354,1.035177161124));
#5176 = CARTESIAN_POINT('',(-5.256420057453,13.245095249927));
#5177 = CARTESIAN_POINT('',(4.421189466627,5.58737046384));
#5178 = CARTESIAN_POINT('',(14.098798990707,-2.070354322246));
#5179 = CARTESIAN_POINT('',(2.628210028727,-6.622547624963));
#5180 = ( GEOMETRIC_REPRESENTATION_CONTEXT(2) 
PARAMETRIC_REPRESENTATION_CONTEXT() REPRESENTATION_CONTEXT('2D SPACE',''
  ) );
#5181 = PCURVE('',#2470,#5182);
#5182 = DEFINITIONAL_REPRESENTATION('',(#5183),#5187);
#5183 = LINE('',#5184,#5185);
#5184 = CARTESIAN_POINT('',(-0.231990620064,-9.));
#5185 = VECTOR('',#5186,1.);
#5186 = DIRECTION('',(1.,-0.));
#5187 = ( GEOMETRIC_REPRESENTATION_CONTEXT(2) 
PARAMETRIC_REPRESENTATION_CONTEXT() REPRESENTATION_CONTEXT('2D SPACE',''
  ) );
#5188 = ORIENTED_EDGE('',*,*,#5189,.F.);
#5189 = EDGE_CURVE('',#5190,#5162,#5192,.T.);
#5190 = VERTEX_POINT('',#5191);
#5191 = CARTESIAN_POINT('',(3.119633140888,-7.860832590292,6.));
#5192 = SURFACE_CURVE('',#5193,(#5197,#5204),.PCURVE_S1.);
#5193 = LINE('',#5194,#5195);
#5194 = CARTESIAN_POINT('',(3.119633140888,-7.860832590292,6.));
#5195 = VECTOR('',#5196,1.);
#5196 = DIRECTION('',(-0.368871582979,0.929480368416,0.));
#5197 = PCURVE('',#102,#5198);
#5198 = DEFINITIONAL_REPRESENTATION('',(#5199),#5203);
#5199 = LINE('',#5200,#5201);
#5200 = CARTESIAN_POINT('',(3.119633140888,-7.860832590292));
#5201 = VECTOR('',#5202,1.);
#5202 = DIRECTION('',(-0.368871582979,0.929480368416));
#5203 = ( GEOMETRIC_REPRESENTATION_CONTEXT(2) 
PARAMETRIC_REPRESENTATION_CONTEXT() REPRESENTATION_CONTEXT('2D SPACE',''
  ) );
#5204 = PCURVE('',#2498,#5205);
#5205 = DEFINITIONAL_REPRESENTATION('',(#5206),#5210);
#5206 = LINE('',#5207,#5208);
#5207 = CARTESIAN_POINT('',(9.893562945832E-16,-9.));
#5208 = VECTOR('',#5209,1.);
#5209 = DIRECTION('',(1.,0.));
#5210 = ( GEOMETRIC_REPRESENTATION_CONTEXT(2) 
PARAMETRIC_REPRESENTATION_CONTEXT() REPRESENTATION_CONTEXT('2D SPACE',''
  ) );
#5211 = ORIENTED_EDGE('',*,*,#5212,.T.);
#5212 = EDGE_CURVE('',#5190,#5213,#5215,.T.);
#5213 = VERTEX_POINT('',#5214);
#5214 = CARTESIAN_POINT('',(4.841684601515,-9.317085929595,6.));
#5215 = SURFACE_CURVE('',#5216,(#5230,#5247),.PCURVE_S1.);
#5216 = B_SPLINE_CURVE_WITH_KNOTS('',3,(#5217,#5218,#5219,#5220,#5221,
    #5222,#5223,#5224,#5225,#5226,#5227,#5228,#5229),.UNSPECIFIED.,.F.,
  .F.,(4,1,1,1,1,1,1,1,1,1,4),(0.,0.206463071868,0.418064650956,
    0.634628704967,0.856138693673,1.082589269896,1.31397802753,
    1.550303676965,1.79156544634,2.037762836919,2.288895507745),
  .UNSPECIFIED.);
#5217 = CARTESIAN_POINT('',(3.119633140888,-7.860832590292,6.));
#5218 = CARTESIAN_POINT('',(3.149741917444,-7.92308252898,6.));
#5219 = CARTESIAN_POINT('',(3.220457719139,-8.043296374098,6.));
#5220 = CARTESIAN_POINT('',(3.349997279891,-8.211148088831,6.));
#5221 = CARTESIAN_POINT('',(3.494723151458,-8.372390076896,6.));
#5222 = CARTESIAN_POINT('',(3.653616494831,-8.526962236299,6.));
#5223 = CARTESIAN_POINT('',(3.824931887605,-8.675218251156,6.));
#5224 = CARTESIAN_POINT('',(4.007818984848,-8.817136776992,6.));
#5225 = CARTESIAN_POINT('',(4.20153472781,-8.95265859164,6.));
#5226 = CARTESIAN_POINT('',(4.405517149889,-9.081649882007,6.));
#5227 = CARTESIAN_POINT('',(4.619273216701,-9.203949094402,6.));
#5228 = CARTESIAN_POINT('',(4.766576531987,-9.280126931087,6.));
#5229 = CARTESIAN_POINT('',(4.841684601515,-9.317085929595,6.));
#5230 = PCURVE('',#102,#5231);
#5231 = DEFINITIONAL_REPRESENTATION('',(#5232),#5246);
#5232 = B_SPLINE_CURVE_WITH_KNOTS('',3,(#5233,#5234,#5235,#5236,#5237,
    #5238,#5239,#5240,#5241,#5242,#5243,#5244,#5245),.UNSPECIFIED.,.F.,
  .F.,(4,1,1,1,1,1,1,1,1,1,4),(0.,0.206463071868,0.418064650956,
    0.634628704967,0.856138693673,1.082589269896,1.31397802753,
    1.550303676965,1.79156544634,2.037762836919,2.288895507745),
  .UNSPECIFIED.);
#5233 = CARTESIAN_POINT('',(3.119633140888,-7.860832590292));
#5234 = CARTESIAN_POINT('',(3.149741917444,-7.92308252898));
#5235 = CARTESIAN_POINT('',(3.220457719139,-8.043296374098));
#5236 = CARTESIAN_POINT('',(3.349997279891,-8.211148088831));
#5237 = CARTESIAN_POINT('',(3.494723151458,-8.372390076896));
#5238 = CARTESIAN_POINT('',(3.653616494831,-8.526962236299));
#5239 = CARTESIAN_POINT('',(3.824931887605,-8.675218251156));
#5240 = CARTESIAN_POINT('',(4.007818984848,-8.817136776992));
#5241 = CARTESIAN_POINT('',(4.20153472781,-8.95265859164));
#5242 = CARTESIAN_POINT('',(4.405517149889,-9.081649882007));
#5243 = CARTESIAN_POINT('',(4.619273216701,-9.203949094402));
#5244 = CARTESIAN_POINT('',(4.766576531987,-9.280126931087));
#5245 = CARTESIAN_POINT('',(4.841684601515,-9.317085929595));
#5246 = ( GEOMETRIC_REPRESENTATION_CONTEXT(2) 
PARAMETRIC_REPRESENTATION_CONTEXT() REPRESENTATION_CONTEXT('2D SPACE',''
  ) );
#5247 = PCURVE('',#5248,#5265);
#5248 = SURFACE_OF_LINEAR_EXTRUSION('',#5249,#5263);
#5249 = B_SPLINE_CURVE_WITH_KNOTS('',3,(#5250,#5251,#5252,#5253,#5254,
    #5255,#5256,#5257,#5258,#5259,#5260,#5261,#5262),.UNSPECIFIED.,.F.,
  .F.,(4,1,1,1,1,1,1,1,1,1,4),(0.,0.206463071868,0.418064650956,
    0.634628704967,0.856138693673,1.082589269896,1.31397802753,
    1.550303676965,1.79156544634,2.037762836919,2.288895507745),
  .UNSPECIFIED.);
#5250 = CARTESIAN_POINT('',(3.119633140888,-7.860832590292,0.));
#5251 = CARTESIAN_POINT('',(3.149741917444,-7.92308252898,0.));
#5252 = CARTESIAN_POINT('',(3.220457719139,-8.043296374098,0.));
#5253 = CARTESIAN_POINT('',(3.349997279891,-8.211148088831,0.));
#5254 = CARTESIAN_POINT('',(3.494723151458,-8.372390076896,0.));
#5255 = CARTESIAN_POINT('',(3.653616494831,-8.526962236299,0.));
#5256 = CARTESIAN_POINT('',(3.824931887605,-8.675218251156,0.));
#5257 = CARTESIAN_POINT('',(4.007818984848,-8.817136776992,0.));
#5258 = CARTESIAN_POINT('',(4.20153472781,-8.95265859164,0.));
#5259 = CARTESIAN_POINT('',(4.405517149889,-9.081649882007,0.));
#5260 = CARTESIAN_POINT('',(4.619273216701,-9.203949094402,0.));
#5261 = CARTESIAN_POINT('',(4.766576531987,-9.280126931087,0.));
#5262 = CARTESIAN_POINT('',(4.841684601515,-9.317085929595,0.));
#5263 = VECTOR('',#5264,1.);
#5264 = DIRECTION('',(-0.,-0.,-1.));
#5265 = DEFINITIONAL_REPRESENTATION('',(#5266),#5270);
#5266 = LINE('',#5267,#5268);
#5267 = CARTESIAN_POINT('',(0.,-6.));
#5268 = VECTOR('',#5269,1.);
#5269 = DIRECTION('',(1.,0.));
#5270 = ( GEOMETRIC_REPRESENTATION_CONTEXT(2) 
PARAMETRIC_REPRESENTATION_CONTEXT() REPRESENTATION_CONTEXT('2D SPACE',''
  ) );
#5271 = ORIENTED_EDGE('',*,*,#5272,.F.);
#5272 = EDGE_CURVE('',#5273,#5213,#5275,.T.);
#5273 = VERTEX_POINT('',#5274);
#5274 = CARTESIAN_POINT('',(5.647990803514,-8.851564826821,6.));
#5275 = SURFACE_CURVE('',#5276,(#5281,#5292),.PCURVE_S1.);
#5276 = CIRCLE('',#5277,10.5);
#5277 = AXIS2_PLACEMENT_3D('',#5278,#5279,#5280);
#5278 = CARTESIAN_POINT('',(-5.681162781685E-14,1.36859773753E-14,6.));
#5279 = DIRECTION('',(0.,0.,-1.));
#5280 = DIRECTION('',(0.537903886049,-0.843006173983,0.));
#5281 = PCURVE('',#102,#5282);
#5282 = DEFINITIONAL_REPRESENTATION('',(#5283),#5291);
#5283 = ( BOUNDED_CURVE() B_SPLINE_CURVE(2,(#5284,#5285,#5286,#5287,
#5288,#5289,#5290),.UNSPECIFIED.,.T.,.F.) B_SPLINE_CURVE_WITH_KNOTS((1,2
    ,2,2,2,1),(-2.094395102393,0.,2.094395102393,4.188790204786,
6.28318530718,8.377580409573),.UNSPECIFIED.) CURVE() 
GEOMETRIC_REPRESENTATION_ITEM() RATIONAL_B_SPLINE_CURVE((1.,0.5,1.,0.5,
1.,0.5,1.)) REPRESENTATION_ITEM('') );
#5284 = CARTESIAN_POINT('',(5.647990803514,-8.851564826821));
#5285 = CARTESIAN_POINT('',(-9.68336920303,-18.63417185919));
#5286 = CARTESIAN_POINT('',(-10.48967540502,-0.465521102774));
#5287 = CARTESIAN_POINT('',(-11.29598160702,17.703129653643));
#5288 = CARTESIAN_POINT('',(4.841684601515,9.317085929595));
#5289 = CARTESIAN_POINT('',(20.979350810058,0.931042205547));
#5290 = CARTESIAN_POINT('',(5.647990803514,-8.851564826821));
#5291 = ( GEOMETRIC_REPRESENTATION_CONTEXT(2) 
PARAMETRIC_REPRESENTATION_CONTEXT() REPRESENTATION_CONTEXT('2D SPACE',''
  ) );
#5292 = PCURVE('',#2587,#5293);
#5293 = DEFINITIONAL_REPRESENTATION('',(#5294),#5298);
#5294 = LINE('',#5295,#5296);
#5295 = CARTESIAN_POINT('',(-8.86997608188E-02,-9.));
#5296 = VECTOR('',#5297,1.);
#5297 = DIRECTION('',(1.,-0.));
#5298 = ( GEOMETRIC_REPRESENTATION_CONTEXT(2) 
PARAMETRIC_REPRESENTATION_CONTEXT() REPRESENTATION_CONTEXT('2D SPACE',''
  ) );
#5299 = ORIENTED_EDGE('',*,*,#5300,.F.);
#5300 = EDGE_CURVE('',#5301,#5273,#5303,.T.);
#5301 = VERTEX_POINT('',#5302);
#5302 = CARTESIAN_POINT('',(5.247864147645,-6.632097845643,6.));
#5303 = SURFACE_CURVE('',#5304,(#5318,#5335),.PCURVE_S1.);
#5304 = B_SPLINE_CURVE_WITH_KNOTS('',3,(#5305,#5306,#5307,#5308,#5309,
    #5310,#5311,#5312,#5313,#5314,#5315,#5316,#5317),.UNSPECIFIED.,.F.,
  .F.,(4,1,1,1,1,1,1,1,1,1,4),(0.,0.206463071868,0.418064650956,
    0.634628704967,0.856138693673,1.082589269896,1.31397802753,
    1.550303676965,1.79156544634,2.037762836919,2.288895507745),
  .UNSPECIFIED.);
#5305 = CARTESIAN_POINT('',(5.247864147645,-6.632097845643,6.));
#5306 = CARTESIAN_POINT('',(5.286719787656,-6.689297780361,6.));
#5307 = CARTESIAN_POINT('',(5.355470130567,-6.810646383637,6.));
#5308 = CARTESIAN_POINT('',(5.436064199218,-7.00675679141,6.));
#5309 = CARTESIAN_POINT('',(5.503340921255,-7.212714066804,6.));
#5310 = CARTESIAN_POINT('',(5.55775766633,-7.427605818359,6.));
#5311 = CARTESIAN_POINT('',(5.600493445073,-7.650097307989,6.));
#5312 = CARTESIAN_POINT('',(5.631954945093,-7.879441443144,6.));
#5313 = CARTESIAN_POINT('',(5.652462407864,-8.114965104986,6.));
#5314 = CARTESIAN_POINT('',(5.66218093115,-8.356114709616,6.));
#5315 = CARTESIAN_POINT('',(5.66121712254,-8.602382499885,6.));
#5316 = CARTESIAN_POINT('',(5.653537406672,-8.768039831327,6.));
#5317 = CARTESIAN_POINT('',(5.647990803514,-8.851564826821,6.));
#5318 = PCURVE('',#102,#5319);
#5319 = DEFINITIONAL_REPRESENTATION('',(#5320),#5334);
#5320 = B_SPLINE_CURVE_WITH_KNOTS('',3,(#5321,#5322,#5323,#5324,#5325,
    #5326,#5327,#5328,#5329,#5330,#5331,#5332,#5333),.UNSPECIFIED.,.F.,
  .F.,(4,1,1,1,1,1,1,1,1,1,4),(0.,0.206463071868,0.418064650956,
    0.634628704967,0.856138693673,1.082589269896,1.31397802753,
    1.550303676965,1.79156544634,2.037762836919,2.288895507745),
  .UNSPECIFIED.);
#5321 = CARTESIAN_POINT('',(5.247864147645,-6.632097845643));
#5322 = CARTESIAN_POINT('',(5.286719787656,-6.689297780361));
#5323 = CARTESIAN_POINT('',(5.355470130567,-6.810646383637));
#5324 = CARTESIAN_POINT('',(5.436064199218,-7.00675679141));
#5325 = CARTESIAN_POINT('',(5.503340921255,-7.212714066804));
#5326 = CARTESIAN_POINT('',(5.55775766633,-7.427605818359));
#5327 = CARTESIAN_POINT('',(5.600493445073,-7.650097307989));
#5328 = CARTESIAN_POINT('',(5.631954945093,-7.879441443144));
#5329 = CARTESIAN_POINT('',(5.652462407864,-8.114965104986));
#5330 = CARTESIAN_POINT('',(5.66218093115,-8.356114709616));
#5331 = CARTESIAN_POINT('',(5.66121712254,-8.602382499885));
#5332 = CARTESIAN_POINT('',(5.653537406672,-8.768039831327));
#5333 = CARTESIAN_POINT('',(5.647990803514,-8.851564826821));
#5334 = ( GEOMETRIC_REPRESENTATION_CONTEXT(2) 
PARAMETRIC_REPRESENTATION_CONTEXT() REPRESENTATION_CONTEXT('2D SPACE',''
  ) );
#5335 = PCURVE('',#5336,#5353);
#5336 = SURFACE_OF_LINEAR_EXTRUSION('',#5337,#5351);
#5337 = B_SPLINE_CURVE_WITH_KNOTS('',3,(#5338,#5339,#5340,#5341,#5342,
    #5343,#5344,#5345,#5346,#5347,#5348,#5349,#5350),.UNSPECIFIED.,.F.,
  .F.,(4,1,1,1,1,1,1,1,1,1,4),(0.,0.206463071868,0.418064650956,
    0.634628704967,0.856138693673,1.082589269896,1.31397802753,
    1.550303676965,1.79156544634,2.037762836919,2.288895507745),
  .UNSPECIFIED.);
#5338 = CARTESIAN_POINT('',(5.247864147645,-6.632097845643,0.));
#5339 = CARTESIAN_POINT('',(5.286719787656,-6.689297780361,0.));
#5340 = CARTESIAN_POINT('',(5.355470130567,-6.810646383637,0.));
#5341 = CARTESIAN_POINT('',(5.436064199218,-7.00675679141,0.));
#5342 = CARTESIAN_POINT('',(5.503340921255,-7.212714066804,0.));
#5343 = CARTESIAN_POINT('',(5.55775766633,-7.427605818359,0.));
#5344 = CARTESIAN_POINT('',(5.600493445073,-7.650097307989,0.));
#5345 = CARTESIAN_POINT('',(5.631954945093,-7.879441443144,0.));
#5346 = CARTESIAN_POINT('',(5.652462407864,-8.114965104986,0.));
#5347 = CARTESIAN_POINT('',(5.66218093115,-8.356114709616,0.));
#5348 = CARTESIAN_POINT('',(5.66121712254,-8.602382499885,0.));
#5349 = CARTESIAN_POINT('',(5.653537406672,-8.768039831327,0.));
#5350 = CARTESIAN_POINT('',(5.647990803514,-8.851564826821,0.));
#5351 = VECTOR('',#5352,1.);
#5352 = DIRECTION('',(-0.,-0.,-1.));
#5353 = DEFINITIONAL_REPRESENTATION('',(#5354),#5358);
#5354 = LINE('',#5355,#5356);
#5355 = CARTESIAN_POINT('',(0.,-6.));
#5356 = VECTOR('',#5357,1.);
#5357 = DIRECTION('',(1.,0.));
#5358 = ( GEOMETRIC_REPRESENTATION_CONTEXT(2) 
PARAMETRIC_REPRESENTATION_CONTEXT() REPRESENTATION_CONTEXT('2D SPACE',''
  ) );
#5359 = ORIENTED_EDGE('',*,*,#5360,.T.);
#5360 = EDGE_CURVE('',#5301,#5361,#5363,.T.);
#5361 = VERTEX_POINT('',#5362);
#5362 = CARTESIAN_POINT('',(4.421189466627,-5.58737046384,6.));
#5363 = SURFACE_CURVE('',#5364,(#5368,#5375),.PCURVE_S1.);
#5364 = LINE('',#5365,#5366);
#5365 = CARTESIAN_POINT('',(5.247864147645,-6.632097845643,6.));
#5366 = VECTOR('',#5367,1.);
#5367 = DIRECTION('',(-0.620517819877,0.784192345802,0.));
#5368 = PCURVE('',#102,#5369);
#5369 = DEFINITIONAL_REPRESENTATION('',(#5370),#5374);
#5370 = LINE('',#5371,#5372);
#5371 = CARTESIAN_POINT('',(5.247864147645,-6.632097845643));
#5372 = VECTOR('',#5373,1.);
#5373 = DIRECTION('',(-0.620517819877,0.784192345802));
#5374 = ( GEOMETRIC_REPRESENTATION_CONTEXT(2) 
PARAMETRIC_REPRESENTATION_CONTEXT() REPRESENTATION_CONTEXT('2D SPACE',''
  ) );
#5375 = PCURVE('',#2675,#5376);
#5376 = DEFINITIONAL_REPRESENTATION('',(#5377),#5381);
#5377 = LINE('',#5378,#5379);
#5378 = CARTESIAN_POINT('',(6.965027184354E-16,-9.));
#5379 = VECTOR('',#5380,1.);
#5380 = DIRECTION('',(1.,0.));
#5381 = ( GEOMETRIC_REPRESENTATION_CONTEXT(2) 
PARAMETRIC_REPRESENTATION_CONTEXT() REPRESENTATION_CONTEXT('2D SPACE',''
  ) );
#5382 = ORIENTED_EDGE('',*,*,#5383,.F.);
#5383 = EDGE_CURVE('',#5384,#5361,#5386,.T.);
#5384 = VERTEX_POINT('',#5385);
#5385 = CARTESIAN_POINT('',(5.58737046384,-4.421189466627,6.));
#5386 = SURFACE_CURVE('',#5387,(#5392,#5403),.PCURVE_S1.);
#5387 = CIRCLE('',#5388,7.125);
#5388 = AXIS2_PLACEMENT_3D('',#5389,#5390,#5391);
#5389 = CARTESIAN_POINT('',(-2.768656017539E-13,2.45167580743E-13,6.));
#5390 = DIRECTION('',(0.,0.,-1.));
#5391 = DIRECTION('',(0.784192345802,-0.620517819877,0.));
#5392 = PCURVE('',#102,#5393);
#5393 = DEFINITIONAL_REPRESENTATION('',(#5394),#5402);
#5394 = ( BOUNDED_CURVE() B_SPLINE_CURVE(2,(#5395,#5396,#5397,#5398,
#5399,#5400,#5401),.UNSPECIFIED.,.T.,.F.) B_SPLINE_CURVE_WITH_KNOTS((1,2
    ,2,2,2,1),(-2.094395102393,0.,2.094395102393,4.188790204786,
6.28318530718,8.377580409573),.UNSPECIFIED.) CURVE() 
GEOMETRIC_REPRESENTATION_ITEM() RATIONAL_B_SPLINE_CURVE((1.,0.5,1.,0.5,
1.,0.5,1.)) REPRESENTATION_ITEM('') );
#5395 = CARTESIAN_POINT('',(5.58737046384,-4.421189466627));
#5396 = CARTESIAN_POINT('',(-2.070354322247,-14.0987989907));
#5397 = CARTESIAN_POINT('',(-6.622547624963,-2.628210028726));
#5398 = CARTESIAN_POINT('',(-11.17474092768,8.842378933255));
#5399 = CARTESIAN_POINT('',(1.035177161123,7.049399495354));
#5400 = CARTESIAN_POINT('',(13.245095249926,5.256420057454));
#5401 = CARTESIAN_POINT('',(5.58737046384,-4.421189466627));
#5402 = ( GEOMETRIC_REPRESENTATION_CONTEXT(2) 
PARAMETRIC_REPRESENTATION_CONTEXT() REPRESENTATION_CONTEXT('2D SPACE',''
  ) );
#5403 = PCURVE('',#2704,#5404);
#5404 = DEFINITIONAL_REPRESENTATION('',(#5405),#5409);
#5405 = LINE('',#5406,#5407);
#5406 = CARTESIAN_POINT('',(-0.231990620064,-9.));
#5407 = VECTOR('',#5408,1.);
#5408 = DIRECTION('',(1.,-0.));
#5409 = ( GEOMETRIC_REPRESENTATION_CONTEXT(2) 
PARAMETRIC_REPRESENTATION_CONTEXT() REPRESENTATION_CONTEXT('2D SPACE',''
  ) );
#5410 = ORIENTED_EDGE('',*,*,#5411,.F.);
#5411 = EDGE_CURVE('',#5412,#5384,#5414,.T.);
#5412 = VERTEX_POINT('',#5413);
#5413 = CARTESIAN_POINT('',(6.632097845643,-5.247864147645,6.));
#5414 = SURFACE_CURVE('',#5415,(#5419,#5426),.PCURVE_S1.);
#5415 = LINE('',#5416,#5417);
#5416 = CARTESIAN_POINT('',(6.632097845643,-5.247864147645,6.));
#5417 = VECTOR('',#5418,1.);
#5418 = DIRECTION('',(-0.784192345802,0.620517819877,0.));
#5419 = PCURVE('',#102,#5420);
#5420 = DEFINITIONAL_REPRESENTATION('',(#5421),#5425);
#5421 = LINE('',#5422,#5423);
#5422 = CARTESIAN_POINT('',(6.632097845643,-5.247864147645));
#5423 = VECTOR('',#5424,1.);
#5424 = DIRECTION('',(-0.784192345802,0.620517819877));
#5425 = ( GEOMETRIC_REPRESENTATION_CONTEXT(2) 
PARAMETRIC_REPRESENTATION_CONTEXT() REPRESENTATION_CONTEXT('2D SPACE',''
  ) );
#5426 = PCURVE('',#2732,#5427);
#5427 = DEFINITIONAL_REPRESENTATION('',(#5428),#5432);
#5428 = LINE('',#5429,#5430);
#5429 = CARTESIAN_POINT('',(0.,-9.));
#5430 = VECTOR('',#5431,1.);
#5431 = DIRECTION('',(1.,0.));
#5432 = ( GEOMETRIC_REPRESENTATION_CONTEXT(2) 
PARAMETRIC_REPRESENTATION_CONTEXT() REPRESENTATION_CONTEXT('2D SPACE',''
  ) );
#5433 = ORIENTED_EDGE('',*,*,#5434,.T.);
#5434 = EDGE_CURVE('',#5412,#5435,#5437,.T.);
#5435 = VERTEX_POINT('',#5436);
#5436 = CARTESIAN_POINT('',(8.851564826821,-5.647990803514,6.));
#5437 = SURFACE_CURVE('',#5438,(#5452,#5469),.PCURVE_S1.);
#5438 = B_SPLINE_CURVE_WITH_KNOTS('',3,(#5439,#5440,#5441,#5442,#5443,
    #5444,#5445,#5446,#5447,#5448,#5449,#5450,#5451),.UNSPECIFIED.,.F.,
  .F.,(4,1,1,1,1,1,1,1,1,1,4),(0.,0.206463071868,0.418064650956,
    0.634628704967,0.856138693673,1.082589269896,1.31397802753,
    1.550303676965,1.79156544634,2.037762836919,2.288895507745),
  .UNSPECIFIED.);
#5439 = CARTESIAN_POINT('',(6.632097845643,-5.247864147645,6.));
#5440 = CARTESIAN_POINT('',(6.689297780361,-5.286719787656,6.));
#5441 = CARTESIAN_POINT('',(6.810646383637,-5.355470130567,6.));
#5442 = CARTESIAN_POINT('',(7.00675679141,-5.436064199218,6.));
#5443 = CARTESIAN_POINT('',(7.212714066804,-5.503340921255,6.));
#5444 = CARTESIAN_POINT('',(7.427605818359,-5.55775766633,6.));
#5445 = CARTESIAN_POINT('',(7.650097307989,-5.600493445073,6.));
#5446 = CARTESIAN_POINT('',(7.879441443144,-5.631954945093,6.));
#5447 = CARTESIAN_POINT('',(8.114965104986,-5.652462407864,6.));
#5448 = CARTESIAN_POINT('',(8.356114709616,-5.66218093115,6.));
#5449 = CARTESIAN_POINT('',(8.602382499885,-5.66121712254,6.));
#5450 = CARTESIAN_POINT('',(8.768039831327,-5.653537406672,6.));
#5451 = CARTESIAN_POINT('',(8.851564826821,-5.647990803514,6.));
#5452 = PCURVE('',#102,#5453);
#5453 = DEFINITIONAL_REPRESENTATION('',(#5454),#5468);
#5454 = B_SPLINE_CURVE_WITH_KNOTS('',3,(#5455,#5456,#5457,#5458,#5459,
    #5460,#5461,#5462,#5463,#5464,#5465,#5466,#5467),.UNSPECIFIED.,.F.,
  .F.,(4,1,1,1,1,1,1,1,1,1,4),(0.,0.206463071868,0.418064650956,
    0.634628704967,0.856138693673,1.082589269896,1.31397802753,
    1.550303676965,1.79156544634,2.037762836919,2.288895507745),
  .UNSPECIFIED.);
#5455 = CARTESIAN_POINT('',(6.632097845643,-5.247864147645));
#5456 = CARTESIAN_POINT('',(6.689297780361,-5.286719787656));
#5457 = CARTESIAN_POINT('',(6.810646383637,-5.355470130567));
#5458 = CARTESIAN_POINT('',(7.00675679141,-5.436064199218));
#5459 = CARTESIAN_POINT('',(7.212714066804,-5.503340921255));
#5460 = CARTESIAN_POINT('',(7.427605818359,-5.55775766633));
#5461 = CARTESIAN_POINT('',(7.650097307989,-5.600493445073));
#5462 = CARTESIAN_POINT('',(7.879441443144,-5.631954945093));
#5463 = CARTESIAN_POINT('',(8.114965104986,-5.652462407864));
#5464 = CARTESIAN_POINT('',(8.356114709616,-5.66218093115));
#5465 = CARTESIAN_POINT('',(8.602382499885,-5.66121712254));
#5466 = CARTESIAN_POINT('',(8.768039831327,-5.653537406672));
#5467 = CARTESIAN_POINT('',(8.851564826821,-5.647990803514));
#5468 = ( GEOMETRIC_REPRESENTATION_CONTEXT(2) 
PARAMETRIC_REPRESENTATION_CONTEXT() REPRESENTATION_CONTEXT('2D SPACE',''
  ) );
#5469 = PCURVE('',#5470,#5487);
#5470 = SURFACE_OF_LINEAR_EXTRUSION('',#5471,#5485);
#5471 = B_SPLINE_CURVE_WITH_KNOTS('',3,(#5472,#5473,#5474,#5475,#5476,
    #5477,#5478,#5479,#5480,#5481,#5482,#5483,#5484),.UNSPECIFIED.,.F.,
  .F.,(4,1,1,1,1,1,1,1,1,1,4),(0.,0.206463071868,0.418064650956,
    0.634628704967,0.856138693673,1.082589269896,1.31397802753,
    1.550303676965,1.79156544634,2.037762836919,2.288895507745),
  .UNSPECIFIED.);
#5472 = CARTESIAN_POINT('',(6.632097845643,-5.247864147645,0.));
#5473 = CARTESIAN_POINT('',(6.689297780361,-5.286719787656,0.));
#5474 = CARTESIAN_POINT('',(6.810646383637,-5.355470130567,0.));
#5475 = CARTESIAN_POINT('',(7.00675679141,-5.436064199218,0.));
#5476 = CARTESIAN_POINT('',(7.212714066804,-5.503340921255,0.));
#5477 = CARTESIAN_POINT('',(7.427605818359,-5.55775766633,0.));
#5478 = CARTESIAN_POINT('',(7.650097307989,-5.600493445073,0.));
#5479 = CARTESIAN_POINT('',(7.879441443144,-5.631954945093,0.));
#5480 = CARTESIAN_POINT('',(8.114965104986,-5.652462407864,0.));
#5481 = CARTESIAN_POINT('',(8.356114709616,-5.66218093115,0.));
#5482 = CARTESIAN_POINT('',(8.602382499885,-5.66121712254,0.));
#5483 = CARTESIAN_POINT('',(8.768039831327,-5.653537406672,0.));
#5484 = CARTESIAN_POINT('',(8.851564826821,-5.647990803514,0.));
#5485 = VECTOR('',#5486,1.);
#5486 = DIRECTION('',(-0.,-0.,-1.));
#5487 = DEFINITIONAL_REPRESENTATION('',(#5488),#5492);
#5488 = LINE('',#5489,#5490);
#5489 = CARTESIAN_POINT('',(0.,-6.));
#5490 = VECTOR('',#5491,1.);
#5491 = DIRECTION('',(1.,0.));
#5492 = ( GEOMETRIC_REPRESENTATION_CONTEXT(2) 
PARAMETRIC_REPRESENTATION_CONTEXT() REPRESENTATION_CONTEXT('2D SPACE',''
  ) );
#5493 = ORIENTED_EDGE('',*,*,#5494,.F.);
#5494 = EDGE_CURVE('',#5495,#5435,#5497,.T.);
#5495 = VERTEX_POINT('',#5496);
#5496 = CARTESIAN_POINT('',(9.317085929595,-4.841684601515,6.));
#5497 = SURFACE_CURVE('',#5498,(#5503,#5514),.PCURVE_S1.);
#5498 = CIRCLE('',#5499,10.5);
#5499 = AXIS2_PLACEMENT_3D('',#5500,#5501,#5502);
#5500 = CARTESIAN_POINT('',(-5.559921239754E-14,-1.643441648065E-14,6.)
  );
#5501 = DIRECTION('',(0.,0.,-1.));
#5502 = DIRECTION('',(0.887341517104,-0.461112819192,0.));
#5503 = PCURVE('',#102,#5504);
#5504 = DEFINITIONAL_REPRESENTATION('',(#5505),#5513);
#5505 = ( BOUNDED_CURVE() B_SPLINE_CURVE(2,(#5506,#5507,#5508,#5509,
#5510,#5511,#5512),.UNSPECIFIED.,.T.,.F.) B_SPLINE_CURVE_WITH_KNOTS((1,2
    ,2,2,2,1),(-2.094395102393,0.,2.094395102393,4.188790204786,
6.28318530718,8.377580409573),.UNSPECIFIED.) CURVE() 
GEOMETRIC_REPRESENTATION_ITEM() RATIONAL_B_SPLINE_CURVE((1.,0.5,1.,0.5,
1.,0.5,1.)) REPRESENTATION_ITEM('') );
#5506 = CARTESIAN_POINT('',(9.317085929595,-4.841684601515));
#5507 = CARTESIAN_POINT('',(0.931042205547,-20.97935081005));
#5508 = CARTESIAN_POINT('',(-8.851564826821,-5.647990803514));
#5509 = CARTESIAN_POINT('',(-18.63417185919,9.68336920303));
#5510 = CARTESIAN_POINT('',(-0.465521102774,10.489675405029));
#5511 = CARTESIAN_POINT('',(17.703129653643,11.295981607028));
#5512 = CARTESIAN_POINT('',(9.317085929595,-4.841684601515));
#5513 = ( GEOMETRIC_REPRESENTATION_CONTEXT(2) 
PARAMETRIC_REPRESENTATION_CONTEXT() REPRESENTATION_CONTEXT('2D SPACE',''
  ) );
#5514 = PCURVE('',#2821,#5515);
#5515 = DEFINITIONAL_REPRESENTATION('',(#5516),#5520);
#5516 = LINE('',#5517,#5518);
#5517 = CARTESIAN_POINT('',(-8.86997608188E-02,-9.));
#5518 = VECTOR('',#5519,1.);
#5519 = DIRECTION('',(1.,-0.));
#5520 = ( GEOMETRIC_REPRESENTATION_CONTEXT(2) 
PARAMETRIC_REPRESENTATION_CONTEXT() REPRESENTATION_CONTEXT('2D SPACE',''
  ) );
#5521 = ORIENTED_EDGE('',*,*,#5522,.F.);
#5522 = EDGE_CURVE('',#5523,#5495,#5525,.T.);
#5523 = VERTEX_POINT('',#5524);
#5524 = CARTESIAN_POINT('',(7.860832590292,-3.119633140888,6.));
#5525 = SURFACE_CURVE('',#5526,(#5540,#5557),.PCURVE_S1.);
#5526 = B_SPLINE_CURVE_WITH_KNOTS('',3,(#5527,#5528,#5529,#5530,#5531,
    #5532,#5533,#5534,#5535,#5536,#5537,#5538,#5539),.UNSPECIFIED.,.F.,
  .F.,(4,1,1,1,1,1,1,1,1,1,4),(0.,0.206463071868,0.418064650956,
    0.634628704967,0.856138693673,1.082589269896,1.31397802753,
    1.550303676965,1.79156544634,2.037762836919,2.288895507745),
  .UNSPECIFIED.);
#5527 = CARTESIAN_POINT('',(7.860832590292,-3.119633140888,6.));
#5528 = CARTESIAN_POINT('',(7.92308252898,-3.149741917444,6.));
#5529 = CARTESIAN_POINT('',(8.043296374098,-3.220457719139,6.));
#5530 = CARTESIAN_POINT('',(8.211148088831,-3.349997279891,6.));
#5531 = CARTESIAN_POINT('',(8.372390076896,-3.494723151458,6.));
#5532 = CARTESIAN_POINT('',(8.526962236299,-3.653616494831,6.));
#5533 = CARTESIAN_POINT('',(8.675218251156,-3.824931887605,6.));
#5534 = CARTESIAN_POINT('',(8.817136776992,-4.007818984848,6.));
#5535 = CARTESIAN_POINT('',(8.95265859164,-4.20153472781,6.));
#5536 = CARTESIAN_POINT('',(9.081649882007,-4.405517149889,6.));
#5537 = CARTESIAN_POINT('',(9.203949094402,-4.619273216701,6.));
#5538 = CARTESIAN_POINT('',(9.280126931087,-4.766576531987,6.));
#5539 = CARTESIAN_POINT('',(9.317085929595,-4.841684601515,6.));
#5540 = PCURVE('',#102,#5541);
#5541 = DEFINITIONAL_REPRESENTATION('',(#5542),#5556);
#5542 = B_SPLINE_CURVE_WITH_KNOTS('',3,(#5543,#5544,#5545,#5546,#5547,
    #5548,#5549,#5550,#5551,#5552,#5553,#5554,#5555),.UNSPECIFIED.,.F.,
  .F.,(4,1,1,1,1,1,1,1,1,1,4),(0.,0.206463071868,0.418064650956,
    0.634628704967,0.856138693673,1.082589269896,1.31397802753,
    1.550303676965,1.79156544634,2.037762836919,2.288895507745),
  .UNSPECIFIED.);
#5543 = CARTESIAN_POINT('',(7.860832590292,-3.119633140888));
#5544 = CARTESIAN_POINT('',(7.92308252898,-3.149741917444));
#5545 = CARTESIAN_POINT('',(8.043296374098,-3.220457719139));
#5546 = CARTESIAN_POINT('',(8.211148088831,-3.349997279891));
#5547 = CARTESIAN_POINT('',(8.372390076896,-3.494723151458));
#5548 = CARTESIAN_POINT('',(8.526962236299,-3.653616494831));
#5549 = CARTESIAN_POINT('',(8.675218251156,-3.824931887605));
#5550 = CARTESIAN_POINT('',(8.817136776992,-4.007818984848));
#5551 = CARTESIAN_POINT('',(8.95265859164,-4.20153472781));
#5552 = CARTESIAN_POINT('',(9.081649882007,-4.405517149889));
#5553 = CARTESIAN_POINT('',(9.203949094402,-4.619273216701));
#5554 = CARTESIAN_POINT('',(9.280126931087,-4.766576531987));
#5555 = CARTESIAN_POINT('',(9.317085929595,-4.841684601515));
#5556 = ( GEOMETRIC_REPRESENTATION_CONTEXT(2) 
PARAMETRIC_REPRESENTATION_CONTEXT() REPRESENTATION_CONTEXT('2D SPACE',''
  ) );
#5557 = PCURVE('',#5558,#5575);
#5558 = SURFACE_OF_LINEAR_EXTRUSION('',#5559,#5573);
#5559 = B_SPLINE_CURVE_WITH_KNOTS('',3,(#5560,#5561,#5562,#5563,#5564,
    #5565,#5566,#5567,#5568,#5569,#5570,#5571,#5572),.UNSPECIFIED.,.F.,
  .F.,(4,1,1,1,1,1,1,1,1,1,4),(0.,0.206463071868,0.418064650956,
    0.634628704967,0.856138693673,1.082589269896,1.31397802753,
    1.550303676965,1.79156544634,2.037762836919,2.288895507745),
  .UNSPECIFIED.);
#5560 = CARTESIAN_POINT('',(7.860832590292,-3.119633140888,0.));
#5561 = CARTESIAN_POINT('',(7.92308252898,-3.149741917444,0.));
#5562 = CARTESIAN_POINT('',(8.043296374098,-3.220457719139,0.));
#5563 = CARTESIAN_POINT('',(8.211148088831,-3.349997279891,0.));
#5564 = CARTESIAN_POINT('',(8.372390076896,-3.494723151458,0.));
#5565 = CARTESIAN_POINT('',(8.526962236299,-3.653616494831,0.));
#5566 = CARTESIAN_POINT('',(8.675218251156,-3.824931887605,0.));
#5567 = CARTESIAN_POINT('',(8.817136776992,-4.007818984848,0.));
#5568 = CARTESIAN_POINT('',(8.95265859164,-4.20153472781,0.));
#5569 = CARTESIAN_POINT('',(9.081649882007,-4.405517149889,0.));
#5570 = CARTESIAN_POINT('',(9.203949094402,-4.619273216701,0.));
#5571 = CARTESIAN_POINT('',(9.280126931087,-4.766576531987,0.));
#5572 = CARTESIAN_POINT('',(9.317085929595,-4.841684601515,0.));
#5573 = VECTOR('',#5574,1.);
#5574 = DIRECTION('',(-0.,-0.,-1.));
#5575 = DEFINITIONAL_REPRESENTATION('',(#5576),#5580);
#5576 = LINE('',#5577,#5578);
#5577 = CARTESIAN_POINT('',(0.,-6.));
#5578 = VECTOR('',#5579,1.);
#5579 = DIRECTION('',(1.,0.));
#5580 = ( GEOMETRIC_REPRESENTATION_CONTEXT(2) 
PARAMETRIC_REPRESENTATION_CONTEXT() REPRESENTATION_CONTEXT('2D SPACE',''
  ) );
#5581 = ORIENTED_EDGE('',*,*,#5582,.T.);
#5582 = EDGE_CURVE('',#5523,#86,#5583,.T.);
#5583 = SURFACE_CURVE('',#5584,(#5588,#5595),.PCURVE_S1.);
#5584 = LINE('',#5585,#5586);
#5585 = CARTESIAN_POINT('',(7.860832590292,-3.119633140888,6.));
#5586 = VECTOR('',#5587,1.);
#5587 = DIRECTION('',(-0.929480368416,0.368871582979,0.));
#5588 = PCURVE('',#102,#5589);
#5589 = DEFINITIONAL_REPRESENTATION('',(#5590),#5594);
#5590 = LINE('',#5591,#5592);
#5591 = CARTESIAN_POINT('',(7.860832590292,-3.119633140888));
#5592 = VECTOR('',#5593,1.);
#5593 = DIRECTION('',(-0.929480368416,0.368871582979));
#5594 = ( GEOMETRIC_REPRESENTATION_CONTEXT(2) 
PARAMETRIC_REPRESENTATION_CONTEXT() REPRESENTATION_CONTEXT('2D SPACE',''
  ) );
#5595 = PCURVE('',#132,#5596);
#5596 = DEFINITIONAL_REPRESENTATION('',(#5597),#5601);
#5597 = LINE('',#5598,#5599);
#5598 = CARTESIAN_POINT('',(0.,-9.));
#5599 = VECTOR('',#5600,1.);
#5600 = DIRECTION('',(1.,0.));
#5601 = ( GEOMETRIC_REPRESENTATION_CONTEXT(2) 
PARAMETRIC_REPRESENTATION_CONTEXT() REPRESENTATION_CONTEXT('2D SPACE',''
  ) );
#5602 = FACE_BOUND('',#5603,.T.);
#5603 = EDGE_LOOP('',(#5604));
#5604 = ORIENTED_EDGE('',*,*,#5605,.T.);
#5605 = EDGE_CURVE('',#5606,#5606,#5608,.T.);
#5606 = VERTEX_POINT('',#5607);
#5607 = CARTESIAN_POINT('',(2.75,0.,6.));
#5608 = SURFACE_CURVE('',#5609,(#5614,#5625),.PCURVE_S1.);
#5609 = CIRCLE('',#5610,2.75);
#5610 = AXIS2_PLACEMENT_3D('',#5611,#5612,#5613);
#5611 = CARTESIAN_POINT('',(0.,0.,6.));
#5612 = DIRECTION('',(0.,0.,-1.));
#5613 = DIRECTION('',(1.,0.,0.));
#5614 = PCURVE('',#102,#5615);
#5615 = DEFINITIONAL_REPRESENTATION('',(#5616),#5624);
#5616 = ( BOUNDED_CURVE() B_SPLINE_CURVE(2,(#5617,#5618,#5619,#5620,
#5621,#5622,#5623),.UNSPECIFIED.,.T.,.F.) B_SPLINE_CURVE_WITH_KNOTS((1,2
    ,2,2,2,1),(-2.094395102393,0.,2.094395102393,4.188790204786,
6.28318530718,8.377580409573),.UNSPECIFIED.) CURVE() 
GEOMETRIC_REPRESENTATION_ITEM() RATIONAL_B_SPLINE_CURVE((1.,0.5,1.,0.5,
1.,0.5,1.)) REPRESENTATION_ITEM('') );
#5617 = CARTESIAN_POINT('',(2.75,-1.016215053479E-15));
#5618 = CARTESIAN_POINT('',(2.75,-4.763139720814));
#5619 = CARTESIAN_POINT('',(-1.375,-2.381569860407));
#5620 = CARTESIAN_POINT('',(-5.5,-1.68977079301E-15));
#5621 = CARTESIAN_POINT('',(-1.375,2.381569860407));
#5622 = CARTESIAN_POINT('',(2.75,4.763139720814));
#5623 = CARTESIAN_POINT('',(2.75,-1.016215053479E-15));
#5624 = ( GEOMETRIC_REPRESENTATION_CONTEXT(2) 
PARAMETRIC_REPRESENTATION_CONTEXT() REPRESENTATION_CONTEXT('2D SPACE',''
  ) );
#5625 = PCURVE('',#5626,#5631);
#5626 = CYLINDRICAL_SURFACE('',#5627,2.75);
#5627 = AXIS2_PLACEMENT_3D('',#5628,#5629,#5630);
#5628 = CARTESIAN_POINT('',(0.,0.,3.));
#5629 = DIRECTION('',(-0.,-0.,-1.));
#5630 = DIRECTION('',(1.,0.,0.));
#5631 = DEFINITIONAL_REPRESENTATION('',(#5632),#5636);
#5632 = LINE('',#5633,#5634);
#5633 = CARTESIAN_POINT('',(-6.28318530718,-3.));
#5634 = VECTOR('',#5635,1.);
#5635 = DIRECTION('',(1.,-0.));
#5636 = ( GEOMETRIC_REPRESENTATION_CONTEXT(2) 
PARAMETRIC_REPRESENTATION_CONTEXT() REPRESENTATION_CONTEXT('2D SPACE',''
  ) );
#5637 = ADVANCED_FACE('',(#5638),#132,.F.);
#5638 = FACE_BOUND('',#5639,.F.);
#5639 = EDGE_LOOP('',(#5640,#5641,#5664,#5685,#5686));
#5640 = ORIENTED_EDGE('',*,*,#2893,.F.);
#5641 = ORIENTED_EDGE('',*,*,#5642,.T.);
#5642 = EDGE_CURVE('',#2834,#5643,#5645,.T.);
#5643 = VERTEX_POINT('',#5644);
#5644 = CARTESIAN_POINT('',(7.860832590292,-3.119633140888,0.));
#5645 = SURFACE_CURVE('',#5646,(#5650,#5657),.PCURVE_S1.);
#5646 = LINE('',#5647,#5648);
#5647 = CARTESIAN_POINT('',(7.860832590292,-3.119633140888,-3.));
#5648 = VECTOR('',#5649,1.);
#5649 = DIRECTION('',(0.,0.,1.));
#5650 = PCURVE('',#132,#5651);
#5651 = DEFINITIONAL_REPRESENTATION('',(#5652),#5656);
#5652 = LINE('',#5653,#5654);
#5653 = CARTESIAN_POINT('',(0.,0.));
#5654 = VECTOR('',#5655,1.);
#5655 = DIRECTION('',(0.,-1.));
#5656 = ( GEOMETRIC_REPRESENTATION_CONTEXT(2) 
PARAMETRIC_REPRESENTATION_CONTEXT() REPRESENTATION_CONTEXT('2D SPACE',''
  ) );
#5657 = PCURVE('',#2869,#5658);
#5658 = DEFINITIONAL_REPRESENTATION('',(#5659),#5663);
#5659 = LINE('',#5660,#5661);
#5660 = CARTESIAN_POINT('',(0.,0.));
#5661 = VECTOR('',#5662,1.);
#5662 = DIRECTION('',(0.,-1.));
#5663 = ( GEOMETRIC_REPRESENTATION_CONTEXT(2) 
PARAMETRIC_REPRESENTATION_CONTEXT() REPRESENTATION_CONTEXT('2D SPACE',''
  ) );
#5664 = ORIENTED_EDGE('',*,*,#5665,.F.);
#5665 = EDGE_CURVE('',#5523,#5643,#5666,.T.);
#5666 = SURFACE_CURVE('',#5667,(#5671,#5678),.PCURVE_S1.);
#5667 = LINE('',#5668,#5669);
#5668 = CARTESIAN_POINT('',(7.860832590292,-3.119633140888,6.));
#5669 = VECTOR('',#5670,1.);
#5670 = DIRECTION('',(0.,0.,-1.));
#5671 = PCURVE('',#132,#5672);
#5672 = DEFINITIONAL_REPRESENTATION('',(#5673),#5677);
#5673 = LINE('',#5674,#5675);
#5674 = CARTESIAN_POINT('',(0.,-9.));
#5675 = VECTOR('',#5676,1.);
#5676 = DIRECTION('',(0.,1.));
#5677 = ( GEOMETRIC_REPRESENTATION_CONTEXT(2) 
PARAMETRIC_REPRESENTATION_CONTEXT() REPRESENTATION_CONTEXT('2D SPACE',''
  ) );
#5678 = PCURVE('',#5558,#5679);
#5679 = DEFINITIONAL_REPRESENTATION('',(#5680),#5684);
#5680 = LINE('',#5681,#5682);
#5681 = CARTESIAN_POINT('',(0.,-6.));
#5682 = VECTOR('',#5683,1.);
#5683 = DIRECTION('',(-0.,1.));
#5684 = ( GEOMETRIC_REPRESENTATION_CONTEXT(2) 
PARAMETRIC_REPRESENTATION_CONTEXT() REPRESENTATION_CONTEXT('2D SPACE',''
  ) );
#5685 = ORIENTED_EDGE('',*,*,#5582,.T.);
#5686 = ORIENTED_EDGE('',*,*,#118,.T.);
#5687 = ADVANCED_FACE('',(#5688),#206,.F.);
#5688 = FACE_BOUND('',#5689,.F.);
#5689 = EDGE_LOOP('',(#5690,#5691,#5692,#5724));
#5690 = ORIENTED_EDGE('',*,*,#170,.F.);
#5691 = ORIENTED_EDGE('',*,*,#2919,.T.);
#5692 = ORIENTED_EDGE('',*,*,#5693,.T.);
#5693 = EDGE_CURVE('',#2920,#5694,#5696,.T.);
#5694 = VERTEX_POINT('',#5695);
#5695 = CARTESIAN_POINT('',(10.489675405029,-0.465521102773,0.));
#5696 = SURFACE_CURVE('',#5697,(#5711,#5717),.PCURVE_S1.);
#5697 = B_SPLINE_CURVE_WITH_KNOTS('',3,(#5698,#5699,#5700,#5701,#5702,
    #5703,#5704,#5705,#5706,#5707,#5708,#5709,#5710),.UNSPECIFIED.,.F.,
  .F.,(4,1,1,1,1,1,1,1,1,1,4),(0.,0.206463071868,0.418064650956,
    0.634628704967,0.856138693673,1.082589269896,1.31397802753,
    1.550303676965,1.79156544634,2.037762836919,2.288895507745),
  .UNSPECIFIED.);
#5698 = CARTESIAN_POINT('',(8.367497288533,-1.228734744649,0.));
#5699 = CARTESIAN_POINT('',(8.4364617051,-1.233784748619,0.));
#5700 = CARTESIAN_POINT('',(8.575927849706,-1.232649990461,0.));
#5701 = CARTESIAN_POINT('',(8.786061479109,-1.204391297421,0.));
#5702 = CARTESIAN_POINT('',(8.998064072713,-1.159676010092,0.));
#5703 = CARTESIAN_POINT('',(9.211374161161,-1.09935641794,0.));
#5704 = CARTESIAN_POINT('',(9.425425332678,-1.025120943167,0.));
#5705 = CARTESIAN_POINT('',(9.639773929941,-0.937695333848,0.));
#5706 = CARTESIAN_POINT('',(9.853997135674,-0.837693486654,0.));
#5707 = CARTESIAN_POINT('',(10.067698081039,-0.725535172392,0.));
#5708 = CARTESIAN_POINT('',(10.280490339242,-0.601566594517,0.));
#5709 = CARTESIAN_POINT('',(10.420113938659,-0.51208709976,0.));
#5710 = CARTESIAN_POINT('',(10.489675405029,-0.465521102773,0.));
#5711 = PCURVE('',#206,#5712);
#5712 = DEFINITIONAL_REPRESENTATION('',(#5713),#5716);
#5713 = B_SPLINE_CURVE_WITH_KNOTS('',1,(#5714,#5715),.UNSPECIFIED.,.F.,
  .F.,(2,2),(0.,2.288895507745),.PIECEWISE_BEZIER_KNOTS.);
#5714 = CARTESIAN_POINT('',(4.440892098501E-16,-3.));
#5715 = CARTESIAN_POINT('',(2.288895507745,-3.));
#5716 = ( GEOMETRIC_REPRESENTATION_CONTEXT(2) 
PARAMETRIC_REPRESENTATION_CONTEXT() REPRESENTATION_CONTEXT('2D SPACE',''
  ) );
#5717 = PCURVE('',#2958,#5718);
#5718 = DEFINITIONAL_REPRESENTATION('',(#5719),#5723);
#5719 = LINE('',#5720,#5721);
#5720 = CARTESIAN_POINT('',(0.,0.));
#5721 = VECTOR('',#5722,1.);
#5722 = DIRECTION('',(1.,0.));
#5723 = ( GEOMETRIC_REPRESENTATION_CONTEXT(2) 
PARAMETRIC_REPRESENTATION_CONTEXT() REPRESENTATION_CONTEXT('2D SPACE',''
  ) );
#5724 = ORIENTED_EDGE('',*,*,#5725,.F.);
#5725 = EDGE_CURVE('',#171,#5694,#5726,.T.);
#5726 = SURFACE_CURVE('',#5727,(#5731,#5738),.PCURVE_S1.);
#5727 = LINE('',#5728,#5729);
#5728 = CARTESIAN_POINT('',(10.489675405029,-0.465521102773,-3.));
#5729 = VECTOR('',#5730,1.);
#5730 = DIRECTION('',(0.,0.,1.));
#5731 = PCURVE('',#206,#5732);
#5732 = DEFINITIONAL_REPRESENTATION('',(#5733),#5737);
#5733 = LINE('',#5734,#5735);
#5734 = CARTESIAN_POINT('',(2.288895507745,0.));
#5735 = VECTOR('',#5736,1.);
#5736 = DIRECTION('',(0.,-1.));
#5737 = ( GEOMETRIC_REPRESENTATION_CONTEXT(2) 
PARAMETRIC_REPRESENTATION_CONTEXT() REPRESENTATION_CONTEXT('2D SPACE',''
  ) );
#5738 = PCURVE('',#247,#5739);
#5739 = DEFINITIONAL_REPRESENTATION('',(#5740),#5743);
#5740 = B_SPLINE_CURVE_WITH_KNOTS('',1,(#5741,#5742),.UNSPECIFIED.,.F.,
  .F.,(2,2),(0.,6.),.PIECEWISE_BEZIER_KNOTS.);
#5741 = CARTESIAN_POINT('',(0.,0.));
#5742 = CARTESIAN_POINT('',(0.,-6.));
#5743 = ( GEOMETRIC_REPRESENTATION_CONTEXT(2) 
PARAMETRIC_REPRESENTATION_CONTEXT() REPRESENTATION_CONTEXT('2D SPACE',''
  ) );
#5744 = ADVANCED_FACE('',(#5745),#247,.T.);
#5745 = FACE_BOUND('',#5746,.F.);
#5746 = EDGE_LOOP('',(#5747,#5748,#5749,#5770,#5771,#5794));
#5747 = ORIENTED_EDGE('',*,*,#230,.F.);
#5748 = ORIENTED_EDGE('',*,*,#5725,.T.);
#5749 = ORIENTED_EDGE('',*,*,#5750,.F.);
#5750 = EDGE_CURVE('',#3010,#5694,#5751,.T.);
#5751 = SURFACE_CURVE('',#5752,(#5756,#5763),.PCURVE_S1.);
#5752 = LINE('',#5753,#5754);
#5753 = CARTESIAN_POINT('',(10.489675405029,-0.465521102773,6.));
#5754 = VECTOR('',#5755,1.);
#5755 = DIRECTION('',(0.,0.,-1.));
#5756 = PCURVE('',#247,#5757);
#5757 = DEFINITIONAL_REPRESENTATION('',(#5758),#5762);
#5758 = LINE('',#5759,#5760);
#5759 = CARTESIAN_POINT('',(-0.,-9.));
#5760 = VECTOR('',#5761,1.);
#5761 = DIRECTION('',(0.,1.));
#5762 = ( GEOMETRIC_REPRESENTATION_CONTEXT(2) 
PARAMETRIC_REPRESENTATION_CONTEXT() REPRESENTATION_CONTEXT('2D SPACE',''
  ) );
#5763 = PCURVE('',#2958,#5764);
#5764 = DEFINITIONAL_REPRESENTATION('',(#5765),#5769);
#5765 = LINE('',#5766,#5767);
#5766 = CARTESIAN_POINT('',(2.288895507745,-6.));
#5767 = VECTOR('',#5768,1.);
#5768 = DIRECTION('',(-0.,1.));
#5769 = ( GEOMETRIC_REPRESENTATION_CONTEXT(2) 
PARAMETRIC_REPRESENTATION_CONTEXT() REPRESENTATION_CONTEXT('2D SPACE',''
  ) );
#5770 = ORIENTED_EDGE('',*,*,#3052,.F.);
#5771 = ORIENTED_EDGE('',*,*,#5772,.F.);
#5772 = EDGE_CURVE('',#5773,#3053,#5775,.T.);
#5773 = VERTEX_POINT('',#5774);
#5774 = CARTESIAN_POINT('',(10.489675405029,0.465521102773,0.));
#5775 = SURFACE_CURVE('',#5776,(#5780,#5787),.PCURVE_S1.);
#5776 = LINE('',#5777,#5778);
#5777 = CARTESIAN_POINT('',(10.489675405029,0.465521102773,0.));
#5778 = VECTOR('',#5779,1.);
#5779 = DIRECTION('',(0.,0.,1.));
#5780 = PCURVE('',#247,#5781);
#5781 = DEFINITIONAL_REPRESENTATION('',(#5782),#5786);
#5782 = LINE('',#5783,#5784);
#5783 = CARTESIAN_POINT('',(-8.86997608188E-02,-3.));
#5784 = VECTOR('',#5785,1.);
#5785 = DIRECTION('',(-0.,-1.));
#5786 = ( GEOMETRIC_REPRESENTATION_CONTEXT(2) 
PARAMETRIC_REPRESENTATION_CONTEXT() REPRESENTATION_CONTEXT('2D SPACE',''
  ) );
#5787 = PCURVE('',#3116,#5788);
#5788 = DEFINITIONAL_REPRESENTATION('',(#5789),#5793);
#5789 = LINE('',#5790,#5791);
#5790 = CARTESIAN_POINT('',(2.288895507745,0.));
#5791 = VECTOR('',#5792,1.);
#5792 = DIRECTION('',(0.,-1.));
#5793 = ( GEOMETRIC_REPRESENTATION_CONTEXT(2) 
PARAMETRIC_REPRESENTATION_CONTEXT() REPRESENTATION_CONTEXT('2D SPACE',''
  ) );
#5794 = ORIENTED_EDGE('',*,*,#5795,.F.);
#5795 = EDGE_CURVE('',#231,#5773,#5796,.T.);
#5796 = SURFACE_CURVE('',#5797,(#5801,#5807),.PCURVE_S1.);
#5797 = LINE('',#5798,#5799);
#5798 = CARTESIAN_POINT('',(10.489675405029,0.465521102773,-3.));
#5799 = VECTOR('',#5800,1.);
#5800 = DIRECTION('',(0.,0.,1.));
#5801 = PCURVE('',#247,#5802);
#5802 = DEFINITIONAL_REPRESENTATION('',(#5803),#5806);
#5803 = B_SPLINE_CURVE_WITH_KNOTS('',1,(#5804,#5805),.UNSPECIFIED.,.F.,
  .F.,(2,2),(0.,6.),.PIECEWISE_BEZIER_KNOTS.);
#5804 = CARTESIAN_POINT('',(-8.86997608188E-02,0.));
#5805 = CARTESIAN_POINT('',(-8.86997608188E-02,-6.));
#5806 = ( GEOMETRIC_REPRESENTATION_CONTEXT(2) 
PARAMETRIC_REPRESENTATION_CONTEXT() REPRESENTATION_CONTEXT('2D SPACE',''
  ) );
#5807 = PCURVE('',#295,#5808);
#5808 = DEFINITIONAL_REPRESENTATION('',(#5809),#5813);
#5809 = LINE('',#5810,#5811);
#5810 = CARTESIAN_POINT('',(2.288895507745,0.));
#5811 = VECTOR('',#5812,1.);
#5812 = DIRECTION('',(0.,-1.));
#5813 = ( GEOMETRIC_REPRESENTATION_CONTEXT(2) 
PARAMETRIC_REPRESENTATION_CONTEXT() REPRESENTATION_CONTEXT('2D SPACE',''
  ) );
#5814 = ADVANCED_FACE('',(#5815),#295,.T.);
#5815 = FACE_BOUND('',#5816,.T.);
#5816 = EDGE_LOOP('',(#5817,#5818,#5841,#5871));
#5817 = ORIENTED_EDGE('',*,*,#259,.F.);
#5818 = ORIENTED_EDGE('',*,*,#5819,.T.);
#5819 = EDGE_CURVE('',#260,#5820,#5822,.T.);
#5820 = VERTEX_POINT('',#5821);
#5821 = CARTESIAN_POINT('',(8.367497288533,1.228734744649,0.));
#5822 = SURFACE_CURVE('',#5823,(#5827,#5834),.PCURVE_S1.);
#5823 = LINE('',#5824,#5825);
#5824 = CARTESIAN_POINT('',(8.367497288533,1.228734744649,-3.));
#5825 = VECTOR('',#5826,1.);
#5826 = DIRECTION('',(0.,0.,1.));
#5827 = PCURVE('',#295,#5828);
#5828 = DEFINITIONAL_REPRESENTATION('',(#5829),#5833);
#5829 = LINE('',#5830,#5831);
#5830 = CARTESIAN_POINT('',(0.,0.));
#5831 = VECTOR('',#5832,1.);
#5832 = DIRECTION('',(0.,-1.));
#5833 = ( GEOMETRIC_REPRESENTATION_CONTEXT(2) 
PARAMETRIC_REPRESENTATION_CONTEXT() REPRESENTATION_CONTEXT('2D SPACE',''
  ) );
#5834 = PCURVE('',#335,#5835);
#5835 = DEFINITIONAL_REPRESENTATION('',(#5836),#5840);
#5836 = LINE('',#5837,#5838);
#5837 = CARTESIAN_POINT('',(0.,0.));
#5838 = VECTOR('',#5839,1.);
#5839 = DIRECTION('',(0.,-1.));
#5840 = ( GEOMETRIC_REPRESENTATION_CONTEXT(2) 
PARAMETRIC_REPRESENTATION_CONTEXT() REPRESENTATION_CONTEXT('2D SPACE',''
  ) );
#5841 = ORIENTED_EDGE('',*,*,#5842,.T.);
#5842 = EDGE_CURVE('',#5820,#5773,#5843,.T.);
#5843 = SURFACE_CURVE('',#5844,(#5858,#5864),.PCURVE_S1.);
#5844 = B_SPLINE_CURVE_WITH_KNOTS('',3,(#5845,#5846,#5847,#5848,#5849,
    #5850,#5851,#5852,#5853,#5854,#5855,#5856,#5857),.UNSPECIFIED.,.F.,
  .F.,(4,1,1,1,1,1,1,1,1,1,4),(0.,0.206463071868,0.418064650956,
    0.634628704967,0.856138693673,1.082589269896,1.31397802753,
    1.550303676965,1.79156544634,2.037762836919,2.288895507745),
  .UNSPECIFIED.);
#5845 = CARTESIAN_POINT('',(8.367497288533,1.228734744649,0.));
#5846 = CARTESIAN_POINT('',(8.4364617051,1.233784748619,0.));
#5847 = CARTESIAN_POINT('',(8.575927849706,1.232649990461,0.));
#5848 = CARTESIAN_POINT('',(8.786061479109,1.204391297421,0.));
#5849 = CARTESIAN_POINT('',(8.998064072713,1.159676010092,0.));
#5850 = CARTESIAN_POINT('',(9.211374161161,1.09935641794,0.));
#5851 = CARTESIAN_POINT('',(9.425425332678,1.025120943167,0.));
#5852 = CARTESIAN_POINT('',(9.639773929941,0.937695333848,0.));
#5853 = CARTESIAN_POINT('',(9.853997135674,0.837693486654,0.));
#5854 = CARTESIAN_POINT('',(10.067698081039,0.725535172392,0.));
#5855 = CARTESIAN_POINT('',(10.280490339242,0.601566594517,0.));
#5856 = CARTESIAN_POINT('',(10.420113938659,0.51208709976,0.));
#5857 = CARTESIAN_POINT('',(10.489675405029,0.465521102773,0.));
#5858 = PCURVE('',#295,#5859);
#5859 = DEFINITIONAL_REPRESENTATION('',(#5860),#5863);
#5860 = B_SPLINE_CURVE_WITH_KNOTS('',1,(#5861,#5862),.UNSPECIFIED.,.F.,
  .F.,(2,2),(0.,2.288895507745),.PIECEWISE_BEZIER_KNOTS.);
#5861 = CARTESIAN_POINT('',(-4.440892098501E-16,-3.));
#5862 = CARTESIAN_POINT('',(2.288895507745,-3.));
#5863 = ( GEOMETRIC_REPRESENTATION_CONTEXT(2) 
PARAMETRIC_REPRESENTATION_CONTEXT() REPRESENTATION_CONTEXT('2D SPACE',''
  ) );
#5864 = PCURVE('',#3116,#5865);
#5865 = DEFINITIONAL_REPRESENTATION('',(#5866),#5870);
#5866 = LINE('',#5867,#5868);
#5867 = CARTESIAN_POINT('',(0.,0.));
#5868 = VECTOR('',#5869,1.);
#5869 = DIRECTION('',(1.,0.));
#5870 = ( GEOMETRIC_REPRESENTATION_CONTEXT(2) 
PARAMETRIC_REPRESENTATION_CONTEXT() REPRESENTATION_CONTEXT('2D SPACE',''
  ) );
#5871 = ORIENTED_EDGE('',*,*,#5795,.F.);
#5872 = ADVANCED_FACE('',(#5873),#335,.F.);
#5873 = FACE_BOUND('',#5874,.F.);
#5874 = EDGE_LOOP('',(#5875,#5876,#5877,#5898,#5899));
#5875 = ORIENTED_EDGE('',*,*,#319,.F.);
#5876 = ORIENTED_EDGE('',*,*,#5819,.T.);
#5877 = ORIENTED_EDGE('',*,*,#5878,.F.);
#5878 = EDGE_CURVE('',#3081,#5820,#5879,.T.);
#5879 = SURFACE_CURVE('',#5880,(#5884,#5891),.PCURVE_S1.);
#5880 = LINE('',#5881,#5882);
#5881 = CARTESIAN_POINT('',(8.367497288533,1.228734744649,6.));
#5882 = VECTOR('',#5883,1.);
#5883 = DIRECTION('',(0.,0.,-1.));
#5884 = PCURVE('',#335,#5885);
#5885 = DEFINITIONAL_REPRESENTATION('',(#5886),#5890);
#5886 = LINE('',#5887,#5888);
#5887 = CARTESIAN_POINT('',(0.,-9.));
#5888 = VECTOR('',#5889,1.);
#5889 = DIRECTION('',(-0.,1.));
#5890 = ( GEOMETRIC_REPRESENTATION_CONTEXT(2) 
PARAMETRIC_REPRESENTATION_CONTEXT() REPRESENTATION_CONTEXT('2D SPACE',''
  ) );
#5891 = PCURVE('',#3116,#5892);
#5892 = DEFINITIONAL_REPRESENTATION('',(#5893),#5897);
#5893 = LINE('',#5894,#5895);
#5894 = CARTESIAN_POINT('',(0.,-6.));
#5895 = VECTOR('',#5896,1.);
#5896 = DIRECTION('',(-0.,1.));
#5897 = ( GEOMETRIC_REPRESENTATION_CONTEXT(2) 
PARAMETRIC_REPRESENTATION_CONTEXT() REPRESENTATION_CONTEXT('2D SPACE',''
  ) );
#5898 = ORIENTED_EDGE('',*,*,#3140,.T.);
#5899 = ORIENTED_EDGE('',*,*,#5900,.F.);
#5900 = EDGE_CURVE('',#320,#3141,#5901,.T.);
#5901 = SURFACE_CURVE('',#5902,(#5906,#5913),.PCURVE_S1.);
#5902 = LINE('',#5903,#5904);
#5903 = CARTESIAN_POINT('',(7.049399495353,1.035177161123,-3.));
#5904 = VECTOR('',#5905,1.);
#5905 = DIRECTION('',(0.,9.868649107779E-17,1.));
#5906 = PCURVE('',#335,#5907);
#5907 = DEFINITIONAL_REPRESENTATION('',(#5908),#5912);
#5908 = LINE('',#5909,#5910);
#5909 = CARTESIAN_POINT('',(1.332233587073,0.));
#5910 = VECTOR('',#5911,1.);
#5911 = DIRECTION('',(-1.433796514739E-17,-1.));
#5912 = ( GEOMETRIC_REPRESENTATION_CONTEXT(2) 
PARAMETRIC_REPRESENTATION_CONTEXT() REPRESENTATION_CONTEXT('2D SPACE',''
  ) );
#5913 = PCURVE('',#364,#5914);
#5914 = DEFINITIONAL_REPRESENTATION('',(#5915),#5919);
#5915 = LINE('',#5916,#5917);
#5916 = CARTESIAN_POINT('',(-0.,0.));
#5917 = VECTOR('',#5918,1.);
#5918 = DIRECTION('',(-0.,-1.));
#5919 = ( GEOMETRIC_REPRESENTATION_CONTEXT(2) 
PARAMETRIC_REPRESENTATION_CONTEXT() REPRESENTATION_CONTEXT('2D SPACE',''
  ) );
#5920 = ADVANCED_FACE('',(#5921),#364,.T.);
#5921 = FACE_BOUND('',#5922,.F.);
#5922 = EDGE_LOOP('',(#5923,#5924,#5925,#5926));
#5923 = ORIENTED_EDGE('',*,*,#347,.F.);
#5924 = ORIENTED_EDGE('',*,*,#5900,.T.);
#5925 = ORIENTED_EDGE('',*,*,#3163,.F.);
#5926 = ORIENTED_EDGE('',*,*,#5927,.F.);
#5927 = EDGE_CURVE('',#348,#3164,#5928,.T.);
#5928 = SURFACE_CURVE('',#5929,(#5933,#5940),.PCURVE_S1.);
#5929 = LINE('',#5930,#5931);
#5930 = CARTESIAN_POINT('',(6.622547624963,2.628210028727,-3.));
#5931 = VECTOR('',#5932,1.);
#5932 = DIRECTION('',(0.,9.868649107779E-17,1.));
#5933 = PCURVE('',#364,#5934);
#5934 = DEFINITIONAL_REPRESENTATION('',(#5935),#5939);
#5935 = LINE('',#5936,#5937);
#5936 = CARTESIAN_POINT('',(-0.231990620064,0.));
#5937 = VECTOR('',#5938,1.);
#5938 = DIRECTION('',(-0.,-1.));
#5939 = ( GEOMETRIC_REPRESENTATION_CONTEXT(2) 
PARAMETRIC_REPRESENTATION_CONTEXT() REPRESENTATION_CONTEXT('2D SPACE',''
  ) );
#5940 = PCURVE('',#392,#5941);
#5941 = DEFINITIONAL_REPRESENTATION('',(#5942),#5946);
#5942 = LINE('',#5943,#5944);
#5943 = CARTESIAN_POINT('',(1.332233587073,0.));
#5944 = VECTOR('',#5945,1.);
#5945 = DIRECTION('',(-3.640264218252E-17,-1.));
#5946 = ( GEOMETRIC_REPRESENTATION_CONTEXT(2) 
PARAMETRIC_REPRESENTATION_CONTEXT() REPRESENTATION_CONTEXT('2D SPACE',''
  ) );
#5947 = ADVANCED_FACE('',(#5948),#392,.T.);
#5948 = FACE_BOUND('',#5949,.T.);
#5949 = EDGE_LOOP('',(#5950,#5951,#5974,#5995,#5996));
#5950 = ORIENTED_EDGE('',*,*,#376,.F.);
#5951 = ORIENTED_EDGE('',*,*,#5952,.T.);
#5952 = EDGE_CURVE('',#377,#5953,#5955,.T.);
#5953 = VERTEX_POINT('',#5954);
#5954 = CARTESIAN_POINT('',(7.860832590292,3.119633140888,0.));
#5955 = SURFACE_CURVE('',#5956,(#5960,#5967),.PCURVE_S1.);
#5956 = LINE('',#5957,#5958);
#5957 = CARTESIAN_POINT('',(7.860832590292,3.119633140888,-3.));
#5958 = VECTOR('',#5959,1.);
#5959 = DIRECTION('',(0.,0.,1.));
#5960 = PCURVE('',#392,#5961);
#5961 = DEFINITIONAL_REPRESENTATION('',(#5962),#5966);
#5962 = LINE('',#5963,#5964);
#5963 = CARTESIAN_POINT('',(0.,0.));
#5964 = VECTOR('',#5965,1.);
#5965 = DIRECTION('',(0.,-1.));
#5966 = ( GEOMETRIC_REPRESENTATION_CONTEXT(2) 
PARAMETRIC_REPRESENTATION_CONTEXT() REPRESENTATION_CONTEXT('2D SPACE',''
  ) );
#5967 = PCURVE('',#440,#5968);
#5968 = DEFINITIONAL_REPRESENTATION('',(#5969),#5973);
#5969 = LINE('',#5970,#5971);
#5970 = CARTESIAN_POINT('',(0.,0.));
#5971 = VECTOR('',#5972,1.);
#5972 = DIRECTION('',(0.,-1.));
#5973 = ( GEOMETRIC_REPRESENTATION_CONTEXT(2) 
PARAMETRIC_REPRESENTATION_CONTEXT() REPRESENTATION_CONTEXT('2D SPACE',''
  ) );
#5974 = ORIENTED_EDGE('',*,*,#5975,.T.);
#5975 = EDGE_CURVE('',#5953,#3192,#5976,.T.);
#5976 = SURFACE_CURVE('',#5977,(#5981,#5988),.PCURVE_S1.);
#5977 = LINE('',#5978,#5979);
#5978 = CARTESIAN_POINT('',(7.860832590292,3.119633140888,0.));
#5979 = VECTOR('',#5980,1.);
#5980 = DIRECTION('',(0.,0.,1.));
#5981 = PCURVE('',#392,#5982);
#5982 = DEFINITIONAL_REPRESENTATION('',(#5983),#5987);
#5983 = LINE('',#5984,#5985);
#5984 = CARTESIAN_POINT('',(0.,-3.));
#5985 = VECTOR('',#5986,1.);
#5986 = DIRECTION('',(0.,-1.));
#5987 = ( GEOMETRIC_REPRESENTATION_CONTEXT(2) 
PARAMETRIC_REPRESENTATION_CONTEXT() REPRESENTATION_CONTEXT('2D SPACE',''
  ) );
#5988 = PCURVE('',#3250,#5989);
#5989 = DEFINITIONAL_REPRESENTATION('',(#5990),#5994);
#5990 = LINE('',#5991,#5992);
#5991 = CARTESIAN_POINT('',(0.,0.));
#5992 = VECTOR('',#5993,1.);
#5993 = DIRECTION('',(0.,-1.));
#5994 = ( GEOMETRIC_REPRESENTATION_CONTEXT(2) 
PARAMETRIC_REPRESENTATION_CONTEXT() REPRESENTATION_CONTEXT('2D SPACE',''
  ) );
#5995 = ORIENTED_EDGE('',*,*,#3191,.T.);
#5996 = ORIENTED_EDGE('',*,*,#5927,.F.);
#5997 = ADVANCED_FACE('',(#5998),#440,.F.);
#5998 = FACE_BOUND('',#5999,.F.);
#5999 = EDGE_LOOP('',(#6000,#6001,#6002,#6034));
#6000 = ORIENTED_EDGE('',*,*,#404,.F.);
#6001 = ORIENTED_EDGE('',*,*,#5952,.T.);
#6002 = ORIENTED_EDGE('',*,*,#6003,.T.);
#6003 = EDGE_CURVE('',#5953,#6004,#6006,.T.);
#6004 = VERTEX_POINT('',#6005);
#6005 = CARTESIAN_POINT('',(9.317085929595,4.841684601515,0.));
#6006 = SURFACE_CURVE('',#6007,(#6021,#6027),.PCURVE_S1.);
#6007 = B_SPLINE_CURVE_WITH_KNOTS('',3,(#6008,#6009,#6010,#6011,#6012,
    #6013,#6014,#6015,#6016,#6017,#6018,#6019,#6020),.UNSPECIFIED.,.F.,
  .F.,(4,1,1,1,1,1,1,1,1,1,4),(0.,0.206463071868,0.418064650956,
    0.634628704967,0.856138693673,1.082589269896,1.31397802753,
    1.550303676965,1.79156544634,2.037762836919,2.288895507745),
  .UNSPECIFIED.);
#6008 = CARTESIAN_POINT('',(7.860832590292,3.119633140888,0.));
#6009 = CARTESIAN_POINT('',(7.92308252898,3.149741917444,0.));
#6010 = CARTESIAN_POINT('',(8.043296374098,3.220457719139,0.));
#6011 = CARTESIAN_POINT('',(8.211148088831,3.349997279891,0.));
#6012 = CARTESIAN_POINT('',(8.372390076896,3.494723151458,0.));
#6013 = CARTESIAN_POINT('',(8.526962236299,3.653616494831,0.));
#6014 = CARTESIAN_POINT('',(8.675218251156,3.824931887605,0.));
#6015 = CARTESIAN_POINT('',(8.817136776992,4.007818984848,0.));
#6016 = CARTESIAN_POINT('',(8.95265859164,4.20153472781,0.));
#6017 = CARTESIAN_POINT('',(9.081649882007,4.405517149889,0.));
#6018 = CARTESIAN_POINT('',(9.203949094402,4.619273216701,0.));
#6019 = CARTESIAN_POINT('',(9.280126931087,4.766576531987,0.));
#6020 = CARTESIAN_POINT('',(9.317085929595,4.841684601515,0.));
#6021 = PCURVE('',#440,#6022);
#6022 = DEFINITIONAL_REPRESENTATION('',(#6023),#6026);
#6023 = B_SPLINE_CURVE_WITH_KNOTS('',1,(#6024,#6025),.UNSPECIFIED.,.F.,
  .F.,(2,2),(0.,2.288895507745),.PIECEWISE_BEZIER_KNOTS.);
#6024 = CARTESIAN_POINT('',(8.881784197001E-16,-3.));
#6025 = CARTESIAN_POINT('',(2.288895507745,-3.));
#6026 = ( GEOMETRIC_REPRESENTATION_CONTEXT(2) 
PARAMETRIC_REPRESENTATION_CONTEXT() REPRESENTATION_CONTEXT('2D SPACE',''
  ) );
#6027 = PCURVE('',#3250,#6028);
#6028 = DEFINITIONAL_REPRESENTATION('',(#6029),#6033);
#6029 = LINE('',#6030,#6031);
#6030 = CARTESIAN_POINT('',(0.,0.));
#6031 = VECTOR('',#6032,1.);
#6032 = DIRECTION('',(1.,0.));
#6033 = ( GEOMETRIC_REPRESENTATION_CONTEXT(2) 
PARAMETRIC_REPRESENTATION_CONTEXT() REPRESENTATION_CONTEXT('2D SPACE',''
  ) );
#6034 = ORIENTED_EDGE('',*,*,#6035,.F.);
#6035 = EDGE_CURVE('',#405,#6004,#6036,.T.);
#6036 = SURFACE_CURVE('',#6037,(#6041,#6048),.PCURVE_S1.);
#6037 = LINE('',#6038,#6039);
#6038 = CARTESIAN_POINT('',(9.317085929595,4.841684601515,-3.));
#6039 = VECTOR('',#6040,1.);
#6040 = DIRECTION('',(0.,0.,1.));
#6041 = PCURVE('',#440,#6042);
#6042 = DEFINITIONAL_REPRESENTATION('',(#6043),#6047);
#6043 = LINE('',#6044,#6045);
#6044 = CARTESIAN_POINT('',(2.288895507745,0.));
#6045 = VECTOR('',#6046,1.);
#6046 = DIRECTION('',(0.,-1.));
#6047 = ( GEOMETRIC_REPRESENTATION_CONTEXT(2) 
PARAMETRIC_REPRESENTATION_CONTEXT() REPRESENTATION_CONTEXT('2D SPACE',''
  ) );
#6048 = PCURVE('',#481,#6049);
#6049 = DEFINITIONAL_REPRESENTATION('',(#6050),#6053);
#6050 = B_SPLINE_CURVE_WITH_KNOTS('',1,(#6051,#6052),.UNSPECIFIED.,.F.,
  .F.,(2,2),(0.,6.),.PIECEWISE_BEZIER_KNOTS.);
#6051 = CARTESIAN_POINT('',(0.,0.));
#6052 = CARTESIAN_POINT('',(0.,-6.));
#6053 = ( GEOMETRIC_REPRESENTATION_CONTEXT(2) 
PARAMETRIC_REPRESENTATION_CONTEXT() REPRESENTATION_CONTEXT('2D SPACE',''
  ) );
#6054 = ADVANCED_FACE('',(#6055),#481,.T.);
#6055 = FACE_BOUND('',#6056,.F.);
#6056 = EDGE_LOOP('',(#6057,#6058,#6059,#6080,#6081,#6104));
#6057 = ORIENTED_EDGE('',*,*,#464,.F.);
#6058 = ORIENTED_EDGE('',*,*,#6035,.T.);
#6059 = ORIENTED_EDGE('',*,*,#6060,.F.);
#6060 = EDGE_CURVE('',#3215,#6004,#6061,.T.);
#6061 = SURFACE_CURVE('',#6062,(#6066,#6073),.PCURVE_S1.);
#6062 = LINE('',#6063,#6064);
#6063 = CARTESIAN_POINT('',(9.317085929595,4.841684601515,6.));
#6064 = VECTOR('',#6065,1.);
#6065 = DIRECTION('',(0.,0.,-1.));
#6066 = PCURVE('',#481,#6067);
#6067 = DEFINITIONAL_REPRESENTATION('',(#6068),#6072);
#6068 = LINE('',#6069,#6070);
#6069 = CARTESIAN_POINT('',(-0.,-9.));
#6070 = VECTOR('',#6071,1.);
#6071 = DIRECTION('',(0.,1.));
#6072 = ( GEOMETRIC_REPRESENTATION_CONTEXT(2) 
PARAMETRIC_REPRESENTATION_CONTEXT() REPRESENTATION_CONTEXT('2D SPACE',''
  ) );
#6073 = PCURVE('',#3250,#6074);
#6074 = DEFINITIONAL_REPRESENTATION('',(#6075),#6079);
#6075 = LINE('',#6076,#6077);
#6076 = CARTESIAN_POINT('',(2.288895507745,-6.));
#6077 = VECTOR('',#6078,1.);
#6078 = DIRECTION('',(-0.,1.));
#6079 = ( GEOMETRIC_REPRESENTATION_CONTEXT(2) 
PARAMETRIC_REPRESENTATION_CONTEXT() REPRESENTATION_CONTEXT('2D SPACE',''
  ) );
#6080 = ORIENTED_EDGE('',*,*,#3274,.F.);
#6081 = ORIENTED_EDGE('',*,*,#6082,.F.);
#6082 = EDGE_CURVE('',#6083,#3275,#6085,.T.);
#6083 = VERTEX_POINT('',#6084);
#6084 = CARTESIAN_POINT('',(8.851564826821,5.647990803514,0.));
#6085 = SURFACE_CURVE('',#6086,(#6090,#6097),.PCURVE_S1.);
#6086 = LINE('',#6087,#6088);
#6087 = CARTESIAN_POINT('',(8.851564826821,5.647990803514,0.));
#6088 = VECTOR('',#6089,1.);
#6089 = DIRECTION('',(0.,0.,1.));
#6090 = PCURVE('',#481,#6091);
#6091 = DEFINITIONAL_REPRESENTATION('',(#6092),#6096);
#6092 = LINE('',#6093,#6094);
#6093 = CARTESIAN_POINT('',(-8.86997608188E-02,-3.));
#6094 = VECTOR('',#6095,1.);
#6095 = DIRECTION('',(-0.,-1.));
#6096 = ( GEOMETRIC_REPRESENTATION_CONTEXT(2) 
PARAMETRIC_REPRESENTATION_CONTEXT() REPRESENTATION_CONTEXT('2D SPACE',''
  ) );
#6097 = PCURVE('',#3338,#6098);
#6098 = DEFINITIONAL_REPRESENTATION('',(#6099),#6103);
#6099 = LINE('',#6100,#6101);
#6100 = CARTESIAN_POINT('',(2.288895507745,0.));
#6101 = VECTOR('',#6102,1.);
#6102 = DIRECTION('',(0.,-1.));
#6103 = ( GEOMETRIC_REPRESENTATION_CONTEXT(2) 
PARAMETRIC_REPRESENTATION_CONTEXT() REPRESENTATION_CONTEXT('2D SPACE',''
  ) );
#6104 = ORIENTED_EDGE('',*,*,#6105,.F.);
#6105 = EDGE_CURVE('',#465,#6083,#6106,.T.);
#6106 = SURFACE_CURVE('',#6107,(#6111,#6117),.PCURVE_S1.);
#6107 = LINE('',#6108,#6109);
#6108 = CARTESIAN_POINT('',(8.851564826821,5.647990803514,-3.));
#6109 = VECTOR('',#6110,1.);
#6110 = DIRECTION('',(0.,0.,1.));
#6111 = PCURVE('',#481,#6112);
#6112 = DEFINITIONAL_REPRESENTATION('',(#6113),#6116);
#6113 = B_SPLINE_CURVE_WITH_KNOTS('',1,(#6114,#6115),.UNSPECIFIED.,.F.,
  .F.,(2,2),(0.,6.),.PIECEWISE_BEZIER_KNOTS.);
#6114 = CARTESIAN_POINT('',(-8.86997608188E-02,0.));
#6115 = CARTESIAN_POINT('',(-8.86997608188E-02,-6.));
#6116 = ( GEOMETRIC_REPRESENTATION_CONTEXT(2) 
PARAMETRIC_REPRESENTATION_CONTEXT() REPRESENTATION_CONTEXT('2D SPACE',''
  ) );
#6117 = PCURVE('',#529,#6118);
#6118 = DEFINITIONAL_REPRESENTATION('',(#6119),#6123);
#6119 = LINE('',#6120,#6121);
#6120 = CARTESIAN_POINT('',(2.288895507745,0.));
#6121 = VECTOR('',#6122,1.);
#6122 = DIRECTION('',(0.,-1.));
#6123 = ( GEOMETRIC_REPRESENTATION_CONTEXT(2) 
PARAMETRIC_REPRESENTATION_CONTEXT() REPRESENTATION_CONTEXT('2D SPACE',''
  ) );
#6124 = ADVANCED_FACE('',(#6125),#529,.T.);
#6125 = FACE_BOUND('',#6126,.T.);
#6126 = EDGE_LOOP('',(#6127,#6128,#6151,#6181));
#6127 = ORIENTED_EDGE('',*,*,#493,.F.);
#6128 = ORIENTED_EDGE('',*,*,#6129,.T.);
#6129 = EDGE_CURVE('',#494,#6130,#6132,.T.);
#6130 = VERTEX_POINT('',#6131);
#6131 = CARTESIAN_POINT('',(6.632097845643,5.247864147645,0.));
#6132 = SURFACE_CURVE('',#6133,(#6137,#6144),.PCURVE_S1.);
#6133 = LINE('',#6134,#6135);
#6134 = CARTESIAN_POINT('',(6.632097845643,5.247864147645,-3.));
#6135 = VECTOR('',#6136,1.);
#6136 = DIRECTION('',(0.,0.,1.));
#6137 = PCURVE('',#529,#6138);
#6138 = DEFINITIONAL_REPRESENTATION('',(#6139),#6143);
#6139 = LINE('',#6140,#6141);
#6140 = CARTESIAN_POINT('',(0.,0.));
#6141 = VECTOR('',#6142,1.);
#6142 = DIRECTION('',(0.,-1.));
#6143 = ( GEOMETRIC_REPRESENTATION_CONTEXT(2) 
PARAMETRIC_REPRESENTATION_CONTEXT() REPRESENTATION_CONTEXT('2D SPACE',''
  ) );
#6144 = PCURVE('',#569,#6145);
#6145 = DEFINITIONAL_REPRESENTATION('',(#6146),#6150);
#6146 = LINE('',#6147,#6148);
#6147 = CARTESIAN_POINT('',(0.,0.));
#6148 = VECTOR('',#6149,1.);
#6149 = DIRECTION('',(0.,-1.));
#6150 = ( GEOMETRIC_REPRESENTATION_CONTEXT(2) 
PARAMETRIC_REPRESENTATION_CONTEXT() REPRESENTATION_CONTEXT('2D SPACE',''
  ) );
#6151 = ORIENTED_EDGE('',*,*,#6152,.T.);
#6152 = EDGE_CURVE('',#6130,#6083,#6153,.T.);
#6153 = SURFACE_CURVE('',#6154,(#6168,#6174),.PCURVE_S1.);
#6154 = B_SPLINE_CURVE_WITH_KNOTS('',3,(#6155,#6156,#6157,#6158,#6159,
    #6160,#6161,#6162,#6163,#6164,#6165,#6166,#6167),.UNSPECIFIED.,.F.,
  .F.,(4,1,1,1,1,1,1,1,1,1,4),(0.,0.206463071868,0.418064650956,
    0.634628704967,0.856138693673,1.082589269896,1.31397802753,
    1.550303676965,1.79156544634,2.037762836919,2.288895507745),
  .UNSPECIFIED.);
#6155 = CARTESIAN_POINT('',(6.632097845643,5.247864147645,0.));
#6156 = CARTESIAN_POINT('',(6.689297780361,5.286719787656,0.));
#6157 = CARTESIAN_POINT('',(6.810646383637,5.355470130567,0.));
#6158 = CARTESIAN_POINT('',(7.00675679141,5.436064199218,0.));
#6159 = CARTESIAN_POINT('',(7.212714066804,5.503340921255,0.));
#6160 = CARTESIAN_POINT('',(7.427605818359,5.55775766633,0.));
#6161 = CARTESIAN_POINT('',(7.650097307989,5.600493445073,0.));
#6162 = CARTESIAN_POINT('',(7.879441443144,5.631954945093,0.));
#6163 = CARTESIAN_POINT('',(8.114965104986,5.652462407864,0.));
#6164 = CARTESIAN_POINT('',(8.356114709616,5.66218093115,0.));
#6165 = CARTESIAN_POINT('',(8.602382499885,5.66121712254,0.));
#6166 = CARTESIAN_POINT('',(8.768039831327,5.653537406672,0.));
#6167 = CARTESIAN_POINT('',(8.851564826821,5.647990803514,0.));
#6168 = PCURVE('',#529,#6169);
#6169 = DEFINITIONAL_REPRESENTATION('',(#6170),#6173);
#6170 = B_SPLINE_CURVE_WITH_KNOTS('',1,(#6171,#6172),.UNSPECIFIED.,.F.,
  .F.,(2,2),(0.,2.288895507745),.PIECEWISE_BEZIER_KNOTS.);
#6171 = CARTESIAN_POINT('',(8.881784197001E-16,-3.));
#6172 = CARTESIAN_POINT('',(2.288895507745,-3.));
#6173 = ( GEOMETRIC_REPRESENTATION_CONTEXT(2) 
PARAMETRIC_REPRESENTATION_CONTEXT() REPRESENTATION_CONTEXT('2D SPACE',''
  ) );
#6174 = PCURVE('',#3338,#6175);
#6175 = DEFINITIONAL_REPRESENTATION('',(#6176),#6180);
#6176 = LINE('',#6177,#6178);
#6177 = CARTESIAN_POINT('',(0.,0.));
#6178 = VECTOR('',#6179,1.);
#6179 = DIRECTION('',(1.,0.));
#6180 = ( GEOMETRIC_REPRESENTATION_CONTEXT(2) 
PARAMETRIC_REPRESENTATION_CONTEXT() REPRESENTATION_CONTEXT('2D SPACE',''
  ) );
#6181 = ORIENTED_EDGE('',*,*,#6105,.F.);
#6182 = ADVANCED_FACE('',(#6183),#569,.F.);
#6183 = FACE_BOUND('',#6184,.F.);
#6184 = EDGE_LOOP('',(#6185,#6186,#6187,#6208,#6209));
#6185 = ORIENTED_EDGE('',*,*,#553,.F.);
#6186 = ORIENTED_EDGE('',*,*,#6129,.T.);
#6187 = ORIENTED_EDGE('',*,*,#6188,.F.);
#6188 = EDGE_CURVE('',#3303,#6130,#6189,.T.);
#6189 = SURFACE_CURVE('',#6190,(#6194,#6201),.PCURVE_S1.);
#6190 = LINE('',#6191,#6192);
#6191 = CARTESIAN_POINT('',(6.632097845643,5.247864147645,6.));
#6192 = VECTOR('',#6193,1.);
#6193 = DIRECTION('',(0.,0.,-1.));
#6194 = PCURVE('',#569,#6195);
#6195 = DEFINITIONAL_REPRESENTATION('',(#6196),#6200);
#6196 = LINE('',#6197,#6198);
#6197 = CARTESIAN_POINT('',(0.,-9.));
#6198 = VECTOR('',#6199,1.);
#6199 = DIRECTION('',(-0.,1.));
#6200 = ( GEOMETRIC_REPRESENTATION_CONTEXT(2) 
PARAMETRIC_REPRESENTATION_CONTEXT() REPRESENTATION_CONTEXT('2D SPACE',''
  ) );
#6201 = PCURVE('',#3338,#6202);
#6202 = DEFINITIONAL_REPRESENTATION('',(#6203),#6207);
#6203 = LINE('',#6204,#6205);
#6204 = CARTESIAN_POINT('',(0.,-6.));
#6205 = VECTOR('',#6206,1.);
#6206 = DIRECTION('',(-0.,1.));
#6207 = ( GEOMETRIC_REPRESENTATION_CONTEXT(2) 
PARAMETRIC_REPRESENTATION_CONTEXT() REPRESENTATION_CONTEXT('2D SPACE',''
  ) );
#6208 = ORIENTED_EDGE('',*,*,#3362,.T.);
#6209 = ORIENTED_EDGE('',*,*,#6210,.F.);
#6210 = EDGE_CURVE('',#554,#3363,#6211,.T.);
#6211 = SURFACE_CURVE('',#6212,(#6216,#6223),.PCURVE_S1.);
#6212 = LINE('',#6213,#6214);
#6213 = CARTESIAN_POINT('',(5.58737046384,4.421189466627,-3.));
#6214 = VECTOR('',#6215,1.);
#6215 = DIRECTION('',(0.,9.868649107779E-17,1.));
#6216 = PCURVE('',#569,#6217);
#6217 = DEFINITIONAL_REPRESENTATION('',(#6218),#6222);
#6218 = LINE('',#6219,#6220);
#6219 = CARTESIAN_POINT('',(1.332233587073,0.));
#6220 = VECTOR('',#6221,1.);
#6221 = DIRECTION('',(-6.123672629495E-17,-1.));
#6222 = ( GEOMETRIC_REPRESENTATION_CONTEXT(2) 
PARAMETRIC_REPRESENTATION_CONTEXT() REPRESENTATION_CONTEXT('2D SPACE',''
  ) );
#6223 = PCURVE('',#598,#6224);
#6224 = DEFINITIONAL_REPRESENTATION('',(#6225),#6229);
#6225 = LINE('',#6226,#6227);
#6226 = CARTESIAN_POINT('',(-0.,0.));
#6227 = VECTOR('',#6228,1.);
#6228 = DIRECTION('',(-0.,-1.));
#6229 = ( GEOMETRIC_REPRESENTATION_CONTEXT(2) 
PARAMETRIC_REPRESENTATION_CONTEXT() REPRESENTATION_CONTEXT('2D SPACE',''
  ) );
#6230 = ADVANCED_FACE('',(#6231),#598,.T.);
#6231 = FACE_BOUND('',#6232,.F.);
#6232 = EDGE_LOOP('',(#6233,#6234,#6235,#6236));
#6233 = ORIENTED_EDGE('',*,*,#581,.F.);
#6234 = ORIENTED_EDGE('',*,*,#6210,.T.);
#6235 = ORIENTED_EDGE('',*,*,#3385,.F.);
#6236 = ORIENTED_EDGE('',*,*,#6237,.F.);
#6237 = EDGE_CURVE('',#582,#3386,#6238,.T.);
#6238 = SURFACE_CURVE('',#6239,(#6243,#6250),.PCURVE_S1.);
#6239 = LINE('',#6240,#6241);
#6240 = CARTESIAN_POINT('',(4.421189466627,5.58737046384,-3.));
#6241 = VECTOR('',#6242,1.);
#6242 = DIRECTION('',(0.,9.868649107779E-17,1.));
#6243 = PCURVE('',#598,#6244);
#6244 = DEFINITIONAL_REPRESENTATION('',(#6245),#6249);
#6245 = LINE('',#6246,#6247);
#6246 = CARTESIAN_POINT('',(-0.231990620064,0.));
#6247 = VECTOR('',#6248,1.);
#6248 = DIRECTION('',(-0.,-1.));
#6249 = ( GEOMETRIC_REPRESENTATION_CONTEXT(2) 
PARAMETRIC_REPRESENTATION_CONTEXT() REPRESENTATION_CONTEXT('2D SPACE',''
  ) );
#6250 = PCURVE('',#626,#6251);
#6251 = DEFINITIONAL_REPRESENTATION('',(#6252),#6256);
#6252 = LINE('',#6253,#6254);
#6253 = CARTESIAN_POINT('',(1.332233587073,0.));
#6254 = VECTOR('',#6255,1.);
#6255 = DIRECTION('',(-7.738919093727E-17,-1.));
#6256 = ( GEOMETRIC_REPRESENTATION_CONTEXT(2) 
PARAMETRIC_REPRESENTATION_CONTEXT() REPRESENTATION_CONTEXT('2D SPACE',''
  ) );
#6257 = ADVANCED_FACE('',(#6258),#626,.T.);
#6258 = FACE_BOUND('',#6259,.T.);
#6259 = EDGE_LOOP('',(#6260,#6261,#6284,#6305,#6306));
#6260 = ORIENTED_EDGE('',*,*,#610,.F.);
#6261 = ORIENTED_EDGE('',*,*,#6262,.T.);
#6262 = EDGE_CURVE('',#611,#6263,#6265,.T.);
#6263 = VERTEX_POINT('',#6264);
#6264 = CARTESIAN_POINT('',(5.247864147645,6.632097845643,0.));
#6265 = SURFACE_CURVE('',#6266,(#6270,#6277),.PCURVE_S1.);
#6266 = LINE('',#6267,#6268);
#6267 = CARTESIAN_POINT('',(5.247864147645,6.632097845643,-3.));
#6268 = VECTOR('',#6269,1.);
#6269 = DIRECTION('',(0.,0.,1.));
#6270 = PCURVE('',#626,#6271);
#6271 = DEFINITIONAL_REPRESENTATION('',(#6272),#6276);
#6272 = LINE('',#6273,#6274);
#6273 = CARTESIAN_POINT('',(0.,0.));
#6274 = VECTOR('',#6275,1.);
#6275 = DIRECTION('',(0.,-1.));
#6276 = ( GEOMETRIC_REPRESENTATION_CONTEXT(2) 
PARAMETRIC_REPRESENTATION_CONTEXT() REPRESENTATION_CONTEXT('2D SPACE',''
  ) );
#6277 = PCURVE('',#674,#6278);
#6278 = DEFINITIONAL_REPRESENTATION('',(#6279),#6283);
#6279 = LINE('',#6280,#6281);
#6280 = CARTESIAN_POINT('',(0.,0.));
#6281 = VECTOR('',#6282,1.);
#6282 = DIRECTION('',(0.,-1.));
#6283 = ( GEOMETRIC_REPRESENTATION_CONTEXT(2) 
PARAMETRIC_REPRESENTATION_CONTEXT() REPRESENTATION_CONTEXT('2D SPACE',''
  ) );
#6284 = ORIENTED_EDGE('',*,*,#6285,.T.);
#6285 = EDGE_CURVE('',#6263,#3414,#6286,.T.);
#6286 = SURFACE_CURVE('',#6287,(#6291,#6298),.PCURVE_S1.);
#6287 = LINE('',#6288,#6289);
#6288 = CARTESIAN_POINT('',(5.247864147645,6.632097845643,0.));
#6289 = VECTOR('',#6290,1.);
#6290 = DIRECTION('',(0.,0.,1.));
#6291 = PCURVE('',#626,#6292);
#6292 = DEFINITIONAL_REPRESENTATION('',(#6293),#6297);
#6293 = LINE('',#6294,#6295);
#6294 = CARTESIAN_POINT('',(-6.965027184354E-16,-3.));
#6295 = VECTOR('',#6296,1.);
#6296 = DIRECTION('',(0.,-1.));
#6297 = ( GEOMETRIC_REPRESENTATION_CONTEXT(2) 
PARAMETRIC_REPRESENTATION_CONTEXT() REPRESENTATION_CONTEXT('2D SPACE',''
  ) );
#6298 = PCURVE('',#3472,#6299);
#6299 = DEFINITIONAL_REPRESENTATION('',(#6300),#6304);
#6300 = LINE('',#6301,#6302);
#6301 = CARTESIAN_POINT('',(0.,0.));
#6302 = VECTOR('',#6303,1.);
#6303 = DIRECTION('',(0.,-1.));
#6304 = ( GEOMETRIC_REPRESENTATION_CONTEXT(2) 
PARAMETRIC_REPRESENTATION_CONTEXT() REPRESENTATION_CONTEXT('2D SPACE',''
  ) );
#6305 = ORIENTED_EDGE('',*,*,#3413,.T.);
#6306 = ORIENTED_EDGE('',*,*,#6237,.F.);
#6307 = ADVANCED_FACE('',(#6308),#674,.F.);
#6308 = FACE_BOUND('',#6309,.F.);
#6309 = EDGE_LOOP('',(#6310,#6311,#6312,#6344));
#6310 = ORIENTED_EDGE('',*,*,#638,.F.);
#6311 = ORIENTED_EDGE('',*,*,#6262,.T.);
#6312 = ORIENTED_EDGE('',*,*,#6313,.T.);
#6313 = EDGE_CURVE('',#6263,#6314,#6316,.T.);
#6314 = VERTEX_POINT('',#6315);
#6315 = CARTESIAN_POINT('',(5.647990803514,8.851564826821,0.));
#6316 = SURFACE_CURVE('',#6317,(#6331,#6337),.PCURVE_S1.);
#6317 = B_SPLINE_CURVE_WITH_KNOTS('',3,(#6318,#6319,#6320,#6321,#6322,
    #6323,#6324,#6325,#6326,#6327,#6328,#6329,#6330),.UNSPECIFIED.,.F.,
  .F.,(4,1,1,1,1,1,1,1,1,1,4),(0.,0.206463071868,0.418064650956,
    0.634628704967,0.856138693673,1.082589269896,1.31397802753,
    1.550303676965,1.79156544634,2.037762836919,2.288895507745),
  .UNSPECIFIED.);
#6318 = CARTESIAN_POINT('',(5.247864147645,6.632097845643,0.));
#6319 = CARTESIAN_POINT('',(5.286719787656,6.689297780361,0.));
#6320 = CARTESIAN_POINT('',(5.355470130567,6.810646383637,0.));
#6321 = CARTESIAN_POINT('',(5.436064199218,7.00675679141,0.));
#6322 = CARTESIAN_POINT('',(5.503340921255,7.212714066804,0.));
#6323 = CARTESIAN_POINT('',(5.55775766633,7.427605818359,0.));
#6324 = CARTESIAN_POINT('',(5.600493445073,7.650097307989,0.));
#6325 = CARTESIAN_POINT('',(5.631954945093,7.879441443144,0.));
#6326 = CARTESIAN_POINT('',(5.652462407864,8.114965104986,0.));
#6327 = CARTESIAN_POINT('',(5.66218093115,8.356114709616,0.));
#6328 = CARTESIAN_POINT('',(5.66121712254,8.602382499885,0.));
#6329 = CARTESIAN_POINT('',(5.653537406672,8.768039831327,0.));
#6330 = CARTESIAN_POINT('',(5.647990803514,8.851564826821,0.));
#6331 = PCURVE('',#674,#6332);
#6332 = DEFINITIONAL_REPRESENTATION('',(#6333),#6336);
#6333 = B_SPLINE_CURVE_WITH_KNOTS('',1,(#6334,#6335),.UNSPECIFIED.,.F.,
  .F.,(2,2),(0.,2.288895507745),.PIECEWISE_BEZIER_KNOTS.);
#6334 = CARTESIAN_POINT('',(1.110223024625E-15,-3.));
#6335 = CARTESIAN_POINT('',(2.288895507745,-3.));
#6336 = ( GEOMETRIC_REPRESENTATION_CONTEXT(2) 
PARAMETRIC_REPRESENTATION_CONTEXT() REPRESENTATION_CONTEXT('2D SPACE',''
  ) );
#6337 = PCURVE('',#3472,#6338);
#6338 = DEFINITIONAL_REPRESENTATION('',(#6339),#6343);
#6339 = LINE('',#6340,#6341);
#6340 = CARTESIAN_POINT('',(0.,0.));
#6341 = VECTOR('',#6342,1.);
#6342 = DIRECTION('',(1.,0.));
#6343 = ( GEOMETRIC_REPRESENTATION_CONTEXT(2) 
PARAMETRIC_REPRESENTATION_CONTEXT() REPRESENTATION_CONTEXT('2D SPACE',''
  ) );
#6344 = ORIENTED_EDGE('',*,*,#6345,.F.);
#6345 = EDGE_CURVE('',#639,#6314,#6346,.T.);
#6346 = SURFACE_CURVE('',#6347,(#6351,#6358),.PCURVE_S1.);
#6347 = LINE('',#6348,#6349);
#6348 = CARTESIAN_POINT('',(5.647990803514,8.851564826821,-3.));
#6349 = VECTOR('',#6350,1.);
#6350 = DIRECTION('',(0.,0.,1.));
#6351 = PCURVE('',#674,#6352);
#6352 = DEFINITIONAL_REPRESENTATION('',(#6353),#6357);
#6353 = LINE('',#6354,#6355);
#6354 = CARTESIAN_POINT('',(2.288895507745,0.));
#6355 = VECTOR('',#6356,1.);
#6356 = DIRECTION('',(0.,-1.));
#6357 = ( GEOMETRIC_REPRESENTATION_CONTEXT(2) 
PARAMETRIC_REPRESENTATION_CONTEXT() REPRESENTATION_CONTEXT('2D SPACE',''
  ) );
#6358 = PCURVE('',#715,#6359);
#6359 = DEFINITIONAL_REPRESENTATION('',(#6360),#6363);
#6360 = B_SPLINE_CURVE_WITH_KNOTS('',1,(#6361,#6362),.UNSPECIFIED.,.F.,
  .F.,(2,2),(0.,6.),.PIECEWISE_BEZIER_KNOTS.);
#6361 = CARTESIAN_POINT('',(0.,0.));
#6362 = CARTESIAN_POINT('',(0.,-6.));
#6363 = ( GEOMETRIC_REPRESENTATION_CONTEXT(2) 
PARAMETRIC_REPRESENTATION_CONTEXT() REPRESENTATION_CONTEXT('2D SPACE',''
  ) );
#6364 = ADVANCED_FACE('',(#6365),#715,.T.);
#6365 = FACE_BOUND('',#6366,.F.);
#6366 = EDGE_LOOP('',(#6367,#6368,#6369,#6390,#6391,#6414));
#6367 = ORIENTED_EDGE('',*,*,#698,.F.);
#6368 = ORIENTED_EDGE('',*,*,#6345,.T.);
#6369 = ORIENTED_EDGE('',*,*,#6370,.F.);
#6370 = EDGE_CURVE('',#3437,#6314,#6371,.T.);
#6371 = SURFACE_CURVE('',#6372,(#6376,#6383),.PCURVE_S1.);
#6372 = LINE('',#6373,#6374);
#6373 = CARTESIAN_POINT('',(5.647990803514,8.851564826821,6.));
#6374 = VECTOR('',#6375,1.);
#6375 = DIRECTION('',(0.,0.,-1.));
#6376 = PCURVE('',#715,#6377);
#6377 = DEFINITIONAL_REPRESENTATION('',(#6378),#6382);
#6378 = LINE('',#6379,#6380);
#6379 = CARTESIAN_POINT('',(-0.,-9.));
#6380 = VECTOR('',#6381,1.);
#6381 = DIRECTION('',(0.,1.));
#6382 = ( GEOMETRIC_REPRESENTATION_CONTEXT(2) 
PARAMETRIC_REPRESENTATION_CONTEXT() REPRESENTATION_CONTEXT('2D SPACE',''
  ) );
#6383 = PCURVE('',#3472,#6384);
#6384 = DEFINITIONAL_REPRESENTATION('',(#6385),#6389);
#6385 = LINE('',#6386,#6387);
#6386 = CARTESIAN_POINT('',(2.288895507745,-6.));
#6387 = VECTOR('',#6388,1.);
#6388 = DIRECTION('',(-0.,1.));
#6389 = ( GEOMETRIC_REPRESENTATION_CONTEXT(2) 
PARAMETRIC_REPRESENTATION_CONTEXT() REPRESENTATION_CONTEXT('2D SPACE',''
  ) );
#6390 = ORIENTED_EDGE('',*,*,#3496,.F.);
#6391 = ORIENTED_EDGE('',*,*,#6392,.F.);
#6392 = EDGE_CURVE('',#6393,#3497,#6395,.T.);
#6393 = VERTEX_POINT('',#6394);
#6394 = CARTESIAN_POINT('',(4.841684601515,9.317085929595,0.));
#6395 = SURFACE_CURVE('',#6396,(#6400,#6407),.PCURVE_S1.);
#6396 = LINE('',#6397,#6398);
#6397 = CARTESIAN_POINT('',(4.841684601515,9.317085929595,0.));
#6398 = VECTOR('',#6399,1.);
#6399 = DIRECTION('',(0.,0.,1.));
#6400 = PCURVE('',#715,#6401);
#6401 = DEFINITIONAL_REPRESENTATION('',(#6402),#6406);
#6402 = LINE('',#6403,#6404);
#6403 = CARTESIAN_POINT('',(-8.86997608188E-02,-3.));
#6404 = VECTOR('',#6405,1.);
#6405 = DIRECTION('',(-0.,-1.));
#6406 = ( GEOMETRIC_REPRESENTATION_CONTEXT(2) 
PARAMETRIC_REPRESENTATION_CONTEXT() REPRESENTATION_CONTEXT('2D SPACE',''
  ) );
#6407 = PCURVE('',#3560,#6408);
#6408 = DEFINITIONAL_REPRESENTATION('',(#6409),#6413);
#6409 = LINE('',#6410,#6411);
#6410 = CARTESIAN_POINT('',(2.288895507745,0.));
#6411 = VECTOR('',#6412,1.);
#6412 = DIRECTION('',(0.,-1.));
#6413 = ( GEOMETRIC_REPRESENTATION_CONTEXT(2) 
PARAMETRIC_REPRESENTATION_CONTEXT() REPRESENTATION_CONTEXT('2D SPACE',''
  ) );
#6414 = ORIENTED_EDGE('',*,*,#6415,.F.);
#6415 = EDGE_CURVE('',#699,#6393,#6416,.T.);
#6416 = SURFACE_CURVE('',#6417,(#6421,#6427),.PCURVE_S1.);
#6417 = LINE('',#6418,#6419);
#6418 = CARTESIAN_POINT('',(4.841684601515,9.317085929595,-3.));
#6419 = VECTOR('',#6420,1.);
#6420 = DIRECTION('',(0.,0.,1.));
#6421 = PCURVE('',#715,#6422);
#6422 = DEFINITIONAL_REPRESENTATION('',(#6423),#6426);
#6423 = B_SPLINE_CURVE_WITH_KNOTS('',1,(#6424,#6425),.UNSPECIFIED.,.F.,
  .F.,(2,2),(0.,6.),.PIECEWISE_BEZIER_KNOTS.);
#6424 = CARTESIAN_POINT('',(-8.86997608188E-02,0.));
#6425 = CARTESIAN_POINT('',(-8.86997608188E-02,-6.));
#6426 = ( GEOMETRIC_REPRESENTATION_CONTEXT(2) 
PARAMETRIC_REPRESENTATION_CONTEXT() REPRESENTATION_CONTEXT('2D SPACE',''
  ) );
#6427 = PCURVE('',#763,#6428);
#6428 = DEFINITIONAL_REPRESENTATION('',(#6429),#6433);
#6429 = LINE('',#6430,#6431);
#6430 = CARTESIAN_POINT('',(2.288895507745,0.));
#6431 = VECTOR('',#6432,1.);
#6432 = DIRECTION('',(0.,-1.));
#6433 = ( GEOMETRIC_REPRESENTATION_CONTEXT(2) 
PARAMETRIC_REPRESENTATION_CONTEXT() REPRESENTATION_CONTEXT('2D SPACE',''
  ) );
#6434 = ADVANCED_FACE('',(#6435),#763,.T.);
#6435 = FACE_BOUND('',#6436,.T.);
#6436 = EDGE_LOOP('',(#6437,#6438,#6461,#6491));
#6437 = ORIENTED_EDGE('',*,*,#727,.F.);
#6438 = ORIENTED_EDGE('',*,*,#6439,.T.);
#6439 = EDGE_CURVE('',#728,#6440,#6442,.T.);
#6440 = VERTEX_POINT('',#6441);
#6441 = CARTESIAN_POINT('',(3.119633140888,7.860832590292,0.));
#6442 = SURFACE_CURVE('',#6443,(#6447,#6454),.PCURVE_S1.);
#6443 = LINE('',#6444,#6445);
#6444 = CARTESIAN_POINT('',(3.119633140888,7.860832590292,-3.));
#6445 = VECTOR('',#6446,1.);
#6446 = DIRECTION('',(0.,0.,1.));
#6447 = PCURVE('',#763,#6448);
#6448 = DEFINITIONAL_REPRESENTATION('',(#6449),#6453);
#6449 = LINE('',#6450,#6451);
#6450 = CARTESIAN_POINT('',(0.,0.));
#6451 = VECTOR('',#6452,1.);
#6452 = DIRECTION('',(0.,-1.));
#6453 = ( GEOMETRIC_REPRESENTATION_CONTEXT(2) 
PARAMETRIC_REPRESENTATION_CONTEXT() REPRESENTATION_CONTEXT('2D SPACE',''
  ) );
#6454 = PCURVE('',#803,#6455);
#6455 = DEFINITIONAL_REPRESENTATION('',(#6456),#6460);
#6456 = LINE('',#6457,#6458);
#6457 = CARTESIAN_POINT('',(0.,0.));
#6458 = VECTOR('',#6459,1.);
#6459 = DIRECTION('',(0.,-1.));
#6460 = ( GEOMETRIC_REPRESENTATION_CONTEXT(2) 
PARAMETRIC_REPRESENTATION_CONTEXT() REPRESENTATION_CONTEXT('2D SPACE',''
  ) );
#6461 = ORIENTED_EDGE('',*,*,#6462,.T.);
#6462 = EDGE_CURVE('',#6440,#6393,#6463,.T.);
#6463 = SURFACE_CURVE('',#6464,(#6478,#6484),.PCURVE_S1.);
#6464 = B_SPLINE_CURVE_WITH_KNOTS('',3,(#6465,#6466,#6467,#6468,#6469,
    #6470,#6471,#6472,#6473,#6474,#6475,#6476,#6477),.UNSPECIFIED.,.F.,
  .F.,(4,1,1,1,1,1,1,1,1,1,4),(0.,0.206463071868,0.418064650956,
    0.634628704967,0.856138693673,1.082589269896,1.31397802753,
    1.550303676965,1.79156544634,2.037762836919,2.288895507745),
  .UNSPECIFIED.);
#6465 = CARTESIAN_POINT('',(3.119633140888,7.860832590292,0.));
#6466 = CARTESIAN_POINT('',(3.149741917444,7.92308252898,0.));
#6467 = CARTESIAN_POINT('',(3.220457719139,8.043296374098,0.));
#6468 = CARTESIAN_POINT('',(3.349997279891,8.211148088831,0.));
#6469 = CARTESIAN_POINT('',(3.494723151458,8.372390076896,0.));
#6470 = CARTESIAN_POINT('',(3.653616494831,8.526962236299,0.));
#6471 = CARTESIAN_POINT('',(3.824931887605,8.675218251156,0.));
#6472 = CARTESIAN_POINT('',(4.007818984848,8.817136776992,0.));
#6473 = CARTESIAN_POINT('',(4.20153472781,8.95265859164,0.));
#6474 = CARTESIAN_POINT('',(4.405517149889,9.081649882007,0.));
#6475 = CARTESIAN_POINT('',(4.619273216701,9.203949094402,0.));
#6476 = CARTESIAN_POINT('',(4.766576531987,9.280126931087,0.));
#6477 = CARTESIAN_POINT('',(4.841684601515,9.317085929595,0.));
#6478 = PCURVE('',#763,#6479);
#6479 = DEFINITIONAL_REPRESENTATION('',(#6480),#6483);
#6480 = B_SPLINE_CURVE_WITH_KNOTS('',1,(#6481,#6482),.UNSPECIFIED.,.F.,
  .F.,(2,2),(0.,2.288895507745),.PIECEWISE_BEZIER_KNOTS.);
#6481 = CARTESIAN_POINT('',(4.440892098501E-16,-3.));
#6482 = CARTESIAN_POINT('',(2.288895507745,-3.));
#6483 = ( GEOMETRIC_REPRESENTATION_CONTEXT(2) 
PARAMETRIC_REPRESENTATION_CONTEXT() REPRESENTATION_CONTEXT('2D SPACE',''
  ) );
#6484 = PCURVE('',#3560,#6485);
#6485 = DEFINITIONAL_REPRESENTATION('',(#6486),#6490);
#6486 = LINE('',#6487,#6488);
#6487 = CARTESIAN_POINT('',(0.,0.));
#6488 = VECTOR('',#6489,1.);
#6489 = DIRECTION('',(1.,0.));
#6490 = ( GEOMETRIC_REPRESENTATION_CONTEXT(2) 
PARAMETRIC_REPRESENTATION_CONTEXT() REPRESENTATION_CONTEXT('2D SPACE',''
  ) );
#6491 = ORIENTED_EDGE('',*,*,#6415,.F.);
#6492 = ADVANCED_FACE('',(#6493),#803,.F.);
#6493 = FACE_BOUND('',#6494,.F.);
#6494 = EDGE_LOOP('',(#6495,#6496,#6497,#6518,#6519));
#6495 = ORIENTED_EDGE('',*,*,#787,.F.);
#6496 = ORIENTED_EDGE('',*,*,#6439,.T.);
#6497 = ORIENTED_EDGE('',*,*,#6498,.F.);
#6498 = EDGE_CURVE('',#3525,#6440,#6499,.T.);
#6499 = SURFACE_CURVE('',#6500,(#6504,#6511),.PCURVE_S1.);
#6500 = LINE('',#6501,#6502);
#6501 = CARTESIAN_POINT('',(3.119633140888,7.860832590292,6.));
#6502 = VECTOR('',#6503,1.);
#6503 = DIRECTION('',(0.,0.,-1.));
#6504 = PCURVE('',#803,#6505);
#6505 = DEFINITIONAL_REPRESENTATION('',(#6506),#6510);
#6506 = LINE('',#6507,#6508);
#6507 = CARTESIAN_POINT('',(-9.893562945832E-16,-9.));
#6508 = VECTOR('',#6509,1.);
#6509 = DIRECTION('',(-0.,1.));
#6510 = ( GEOMETRIC_REPRESENTATION_CONTEXT(2) 
PARAMETRIC_REPRESENTATION_CONTEXT() REPRESENTATION_CONTEXT('2D SPACE',''
  ) );
#6511 = PCURVE('',#3560,#6512);
#6512 = DEFINITIONAL_REPRESENTATION('',(#6513),#6517);
#6513 = LINE('',#6514,#6515);
#6514 = CARTESIAN_POINT('',(0.,-6.));
#6515 = VECTOR('',#6516,1.);
#6516 = DIRECTION('',(-0.,1.));
#6517 = ( GEOMETRIC_REPRESENTATION_CONTEXT(2) 
PARAMETRIC_REPRESENTATION_CONTEXT() REPRESENTATION_CONTEXT('2D SPACE',''
  ) );
#6518 = ORIENTED_EDGE('',*,*,#3584,.T.);
#6519 = ORIENTED_EDGE('',*,*,#6520,.F.);
#6520 = EDGE_CURVE('',#788,#3585,#6521,.T.);
#6521 = SURFACE_CURVE('',#6522,(#6526,#6533),.PCURVE_S1.);
#6522 = LINE('',#6523,#6524);
#6523 = CARTESIAN_POINT('',(2.628210028727,6.622547624963,-3.));
#6524 = VECTOR('',#6525,1.);
#6525 = DIRECTION('',(0.,9.868649107779E-17,1.));
#6526 = PCURVE('',#803,#6527);
#6527 = DEFINITIONAL_REPRESENTATION('',(#6528),#6532);
#6528 = LINE('',#6529,#6530);
#6529 = CARTESIAN_POINT('',(1.332233587073,0.));
#6530 = VECTOR('',#6531,1.);
#6531 = DIRECTION('',(-9.172715608465E-17,-1.));
#6532 = ( GEOMETRIC_REPRESENTATION_CONTEXT(2) 
PARAMETRIC_REPRESENTATION_CONTEXT() REPRESENTATION_CONTEXT('2D SPACE',''
  ) );
#6533 = PCURVE('',#832,#6534);
#6534 = DEFINITIONAL_REPRESENTATION('',(#6535),#6539);
#6535 = LINE('',#6536,#6537);
#6536 = CARTESIAN_POINT('',(-0.,0.));
#6537 = VECTOR('',#6538,1.);
#6538 = DIRECTION('',(-0.,-1.));
#6539 = ( GEOMETRIC_REPRESENTATION_CONTEXT(2) 
PARAMETRIC_REPRESENTATION_CONTEXT() REPRESENTATION_CONTEXT('2D SPACE',''
  ) );
#6540 = ADVANCED_FACE('',(#6541),#832,.T.);
#6541 = FACE_BOUND('',#6542,.F.);
#6542 = EDGE_LOOP('',(#6543,#6544,#6545,#6546));
#6543 = ORIENTED_EDGE('',*,*,#815,.F.);
#6544 = ORIENTED_EDGE('',*,*,#6520,.T.);
#6545 = ORIENTED_EDGE('',*,*,#3607,.F.);
#6546 = ORIENTED_EDGE('',*,*,#6547,.F.);
#6547 = EDGE_CURVE('',#816,#3608,#6548,.T.);
#6548 = SURFACE_CURVE('',#6549,(#6553,#6560),.PCURVE_S1.);
#6549 = LINE('',#6550,#6551);
#6550 = CARTESIAN_POINT('',(1.035177161123,7.049399495353,-3.));
#6551 = VECTOR('',#6552,1.);
#6552 = DIRECTION('',(0.,9.868649107779E-17,1.));
#6553 = PCURVE('',#832,#6554);
#6554 = DEFINITIONAL_REPRESENTATION('',(#6555),#6559);
#6555 = LINE('',#6556,#6557);
#6556 = CARTESIAN_POINT('',(-0.231990620064,0.));
#6557 = VECTOR('',#6558,1.);
#6558 = DIRECTION('',(-0.,-1.));
#6559 = ( GEOMETRIC_REPRESENTATION_CONTEXT(2) 
PARAMETRIC_REPRESENTATION_CONTEXT() REPRESENTATION_CONTEXT('2D SPACE',''
  ) );
#6560 = PCURVE('',#860,#6561);
#6561 = DEFINITIONAL_REPRESENTATION('',(#6562),#6566);
#6562 = LINE('',#6563,#6564);
#6563 = CARTESIAN_POINT('',(1.332233587073,0.));
#6564 = VECTOR('',#6565,1.);
#6565 = DIRECTION('',(-9.763936847747E-17,-1.));
#6566 = ( GEOMETRIC_REPRESENTATION_CONTEXT(2) 
PARAMETRIC_REPRESENTATION_CONTEXT() REPRESENTATION_CONTEXT('2D SPACE',''
  ) );
#6567 = ADVANCED_FACE('',(#6568),#860,.T.);
#6568 = FACE_BOUND('',#6569,.T.);
#6569 = EDGE_LOOP('',(#6570,#6571,#6594,#6615,#6616));
#6570 = ORIENTED_EDGE('',*,*,#844,.F.);
#6571 = ORIENTED_EDGE('',*,*,#6572,.T.);
#6572 = EDGE_CURVE('',#845,#6573,#6575,.T.);
#6573 = VERTEX_POINT('',#6574);
#6574 = CARTESIAN_POINT('',(1.228734744649,8.367497288533,0.));
#6575 = SURFACE_CURVE('',#6576,(#6580,#6587),.PCURVE_S1.);
#6576 = LINE('',#6577,#6578);
#6577 = CARTESIAN_POINT('',(1.228734744649,8.367497288533,-3.));
#6578 = VECTOR('',#6579,1.);
#6579 = DIRECTION('',(0.,0.,1.));
#6580 = PCURVE('',#860,#6581);
#6581 = DEFINITIONAL_REPRESENTATION('',(#6582),#6586);
#6582 = LINE('',#6583,#6584);
#6583 = CARTESIAN_POINT('',(0.,0.));
#6584 = VECTOR('',#6585,1.);
#6585 = DIRECTION('',(0.,-1.));
#6586 = ( GEOMETRIC_REPRESENTATION_CONTEXT(2) 
PARAMETRIC_REPRESENTATION_CONTEXT() REPRESENTATION_CONTEXT('2D SPACE',''
  ) );
#6587 = PCURVE('',#908,#6588);
#6588 = DEFINITIONAL_REPRESENTATION('',(#6589),#6593);
#6589 = LINE('',#6590,#6591);
#6590 = CARTESIAN_POINT('',(0.,0.));
#6591 = VECTOR('',#6592,1.);
#6592 = DIRECTION('',(0.,-1.));
#6593 = ( GEOMETRIC_REPRESENTATION_CONTEXT(2) 
PARAMETRIC_REPRESENTATION_CONTEXT() REPRESENTATION_CONTEXT('2D SPACE',''
  ) );
#6594 = ORIENTED_EDGE('',*,*,#6595,.T.);
#6595 = EDGE_CURVE('',#6573,#3636,#6596,.T.);
#6596 = SURFACE_CURVE('',#6597,(#6601,#6608),.PCURVE_S1.);
#6597 = LINE('',#6598,#6599);
#6598 = CARTESIAN_POINT('',(1.228734744649,8.367497288533,0.));
#6599 = VECTOR('',#6600,1.);
#6600 = DIRECTION('',(0.,0.,1.));
#6601 = PCURVE('',#860,#6602);
#6602 = DEFINITIONAL_REPRESENTATION('',(#6603),#6607);
#6603 = LINE('',#6604,#6605);
#6604 = CARTESIAN_POINT('',(0.,-3.));
#6605 = VECTOR('',#6606,1.);
#6606 = DIRECTION('',(0.,-1.));
#6607 = ( GEOMETRIC_REPRESENTATION_CONTEXT(2) 
PARAMETRIC_REPRESENTATION_CONTEXT() REPRESENTATION_CONTEXT('2D SPACE',''
  ) );
#6608 = PCURVE('',#3694,#6609);
#6609 = DEFINITIONAL_REPRESENTATION('',(#6610),#6614);
#6610 = LINE('',#6611,#6612);
#6611 = CARTESIAN_POINT('',(0.,0.));
#6612 = VECTOR('',#6613,1.);
#6613 = DIRECTION('',(0.,-1.));
#6614 = ( GEOMETRIC_REPRESENTATION_CONTEXT(2) 
PARAMETRIC_REPRESENTATION_CONTEXT() REPRESENTATION_CONTEXT('2D SPACE',''
  ) );
#6615 = ORIENTED_EDGE('',*,*,#3635,.T.);
#6616 = ORIENTED_EDGE('',*,*,#6547,.F.);
#6617 = ADVANCED_FACE('',(#6618),#908,.F.);
#6618 = FACE_BOUND('',#6619,.F.);
#6619 = EDGE_LOOP('',(#6620,#6621,#6622,#6654));
#6620 = ORIENTED_EDGE('',*,*,#872,.F.);
#6621 = ORIENTED_EDGE('',*,*,#6572,.T.);
#6622 = ORIENTED_EDGE('',*,*,#6623,.T.);
#6623 = EDGE_CURVE('',#6573,#6624,#6626,.T.);
#6624 = VERTEX_POINT('',#6625);
#6625 = CARTESIAN_POINT('',(0.465521102773,10.489675405029,0.));
#6626 = SURFACE_CURVE('',#6627,(#6641,#6647),.PCURVE_S1.);
#6627 = B_SPLINE_CURVE_WITH_KNOTS('',3,(#6628,#6629,#6630,#6631,#6632,
    #6633,#6634,#6635,#6636,#6637,#6638,#6639,#6640),.UNSPECIFIED.,.F.,
  .F.,(4,1,1,1,1,1,1,1,1,1,4),(0.,0.206463071868,0.418064650956,
    0.634628704967,0.856138693673,1.082589269896,1.31397802753,
    1.550303676965,1.79156544634,2.037762836919,2.288895507745),
  .UNSPECIFIED.);
#6628 = CARTESIAN_POINT('',(1.228734744649,8.367497288533,0.));
#6629 = CARTESIAN_POINT('',(1.233784748619,8.4364617051,0.));
#6630 = CARTESIAN_POINT('',(1.232649990461,8.575927849706,0.));
#6631 = CARTESIAN_POINT('',(1.204391297421,8.786061479109,0.));
#6632 = CARTESIAN_POINT('',(1.159676010092,8.998064072713,0.));
#6633 = CARTESIAN_POINT('',(1.09935641794,9.211374161161,0.));
#6634 = CARTESIAN_POINT('',(1.025120943167,9.425425332678,0.));
#6635 = CARTESIAN_POINT('',(0.937695333848,9.639773929941,0.));
#6636 = CARTESIAN_POINT('',(0.837693486654,9.853997135674,0.));
#6637 = CARTESIAN_POINT('',(0.725535172392,10.067698081039,0.));
#6638 = CARTESIAN_POINT('',(0.601566594517,10.280490339242,0.));
#6639 = CARTESIAN_POINT('',(0.51208709976,10.420113938659,0.));
#6640 = CARTESIAN_POINT('',(0.465521102773,10.489675405029,0.));
#6641 = PCURVE('',#908,#6642);
#6642 = DEFINITIONAL_REPRESENTATION('',(#6643),#6646);
#6643 = B_SPLINE_CURVE_WITH_KNOTS('',1,(#6644,#6645),.UNSPECIFIED.,.F.,
  .F.,(2,2),(0.,2.288895507745),.PIECEWISE_BEZIER_KNOTS.);
#6644 = CARTESIAN_POINT('',(0.,-3.));
#6645 = CARTESIAN_POINT('',(2.288895507745,-3.));
#6646 = ( GEOMETRIC_REPRESENTATION_CONTEXT(2) 
PARAMETRIC_REPRESENTATION_CONTEXT() REPRESENTATION_CONTEXT('2D SPACE',''
  ) );
#6647 = PCURVE('',#3694,#6648);
#6648 = DEFINITIONAL_REPRESENTATION('',(#6649),#6653);
#6649 = LINE('',#6650,#6651);
#6650 = CARTESIAN_POINT('',(0.,0.));
#6651 = VECTOR('',#6652,1.);
#6652 = DIRECTION('',(1.,0.));
#6653 = ( GEOMETRIC_REPRESENTATION_CONTEXT(2) 
PARAMETRIC_REPRESENTATION_CONTEXT() REPRESENTATION_CONTEXT('2D SPACE',''
  ) );
#6654 = ORIENTED_EDGE('',*,*,#6655,.F.);
#6655 = EDGE_CURVE('',#873,#6624,#6656,.T.);
#6656 = SURFACE_CURVE('',#6657,(#6661,#6668),.PCURVE_S1.);
#6657 = LINE('',#6658,#6659);
#6658 = CARTESIAN_POINT('',(0.465521102773,10.489675405029,-3.));
#6659 = VECTOR('',#6660,1.);
#6660 = DIRECTION('',(0.,0.,1.));
#6661 = PCURVE('',#908,#6662);
#6662 = DEFINITIONAL_REPRESENTATION('',(#6663),#6667);
#6663 = LINE('',#6664,#6665);
#6664 = CARTESIAN_POINT('',(2.288895507745,0.));
#6665 = VECTOR('',#6666,1.);
#6666 = DIRECTION('',(0.,-1.));
#6667 = ( GEOMETRIC_REPRESENTATION_CONTEXT(2) 
PARAMETRIC_REPRESENTATION_CONTEXT() REPRESENTATION_CONTEXT('2D SPACE',''
  ) );
#6668 = PCURVE('',#949,#6669);
#6669 = DEFINITIONAL_REPRESENTATION('',(#6670),#6673);
#6670 = B_SPLINE_CURVE_WITH_KNOTS('',1,(#6671,#6672),.UNSPECIFIED.,.F.,
  .F.,(2,2),(0.,6.),.PIECEWISE_BEZIER_KNOTS.);
#6671 = CARTESIAN_POINT('',(0.,0.));
#6672 = CARTESIAN_POINT('',(0.,-6.));
#6673 = ( GEOMETRIC_REPRESENTATION_CONTEXT(2) 
PARAMETRIC_REPRESENTATION_CONTEXT() REPRESENTATION_CONTEXT('2D SPACE',''
  ) );
#6674 = ADVANCED_FACE('',(#6675),#949,.T.);
#6675 = FACE_BOUND('',#6676,.F.);
#6676 = EDGE_LOOP('',(#6677,#6678,#6679,#6700,#6701,#6724));
#6677 = ORIENTED_EDGE('',*,*,#932,.F.);
#6678 = ORIENTED_EDGE('',*,*,#6655,.T.);
#6679 = ORIENTED_EDGE('',*,*,#6680,.F.);
#6680 = EDGE_CURVE('',#3659,#6624,#6681,.T.);
#6681 = SURFACE_CURVE('',#6682,(#6686,#6693),.PCURVE_S1.);
#6682 = LINE('',#6683,#6684);
#6683 = CARTESIAN_POINT('',(0.465521102773,10.489675405029,6.));
#6684 = VECTOR('',#6685,1.);
#6685 = DIRECTION('',(0.,0.,-1.));
#6686 = PCURVE('',#949,#6687);
#6687 = DEFINITIONAL_REPRESENTATION('',(#6688),#6692);
#6688 = LINE('',#6689,#6690);
#6689 = CARTESIAN_POINT('',(-0.,-9.));
#6690 = VECTOR('',#6691,1.);
#6691 = DIRECTION('',(0.,1.));
#6692 = ( GEOMETRIC_REPRESENTATION_CONTEXT(2) 
PARAMETRIC_REPRESENTATION_CONTEXT() REPRESENTATION_CONTEXT('2D SPACE',''
  ) );
#6693 = PCURVE('',#3694,#6694);
#6694 = DEFINITIONAL_REPRESENTATION('',(#6695),#6699);
#6695 = LINE('',#6696,#6697);
#6696 = CARTESIAN_POINT('',(2.288895507745,-6.));
#6697 = VECTOR('',#6698,1.);
#6698 = DIRECTION('',(-0.,1.));
#6699 = ( GEOMETRIC_REPRESENTATION_CONTEXT(2) 
PARAMETRIC_REPRESENTATION_CONTEXT() REPRESENTATION_CONTEXT('2D SPACE',''
  ) );
#6700 = ORIENTED_EDGE('',*,*,#3718,.F.);
#6701 = ORIENTED_EDGE('',*,*,#6702,.F.);
#6702 = EDGE_CURVE('',#6703,#3719,#6705,.T.);
#6703 = VERTEX_POINT('',#6704);
#6704 = CARTESIAN_POINT('',(-0.465521102773,10.489675405029,0.));
#6705 = SURFACE_CURVE('',#6706,(#6710,#6717),.PCURVE_S1.);
#6706 = LINE('',#6707,#6708);
#6707 = CARTESIAN_POINT('',(-0.465521102773,10.489675405029,0.));
#6708 = VECTOR('',#6709,1.);
#6709 = DIRECTION('',(0.,0.,1.));
#6710 = PCURVE('',#949,#6711);
#6711 = DEFINITIONAL_REPRESENTATION('',(#6712),#6716);
#6712 = LINE('',#6713,#6714);
#6713 = CARTESIAN_POINT('',(-8.86997608188E-02,-3.));
#6714 = VECTOR('',#6715,1.);
#6715 = DIRECTION('',(-0.,-1.));
#6716 = ( GEOMETRIC_REPRESENTATION_CONTEXT(2) 
PARAMETRIC_REPRESENTATION_CONTEXT() REPRESENTATION_CONTEXT('2D SPACE',''
  ) );
#6717 = PCURVE('',#3782,#6718);
#6718 = DEFINITIONAL_REPRESENTATION('',(#6719),#6723);
#6719 = LINE('',#6720,#6721);
#6720 = CARTESIAN_POINT('',(2.288895507745,0.));
#6721 = VECTOR('',#6722,1.);
#6722 = DIRECTION('',(0.,-1.));
#6723 = ( GEOMETRIC_REPRESENTATION_CONTEXT(2) 
PARAMETRIC_REPRESENTATION_CONTEXT() REPRESENTATION_CONTEXT('2D SPACE',''
  ) );
#6724 = ORIENTED_EDGE('',*,*,#6725,.F.);
#6725 = EDGE_CURVE('',#933,#6703,#6726,.T.);
#6726 = SURFACE_CURVE('',#6727,(#6731,#6737),.PCURVE_S1.);
#6727 = LINE('',#6728,#6729);
#6728 = CARTESIAN_POINT('',(-0.465521102773,10.489675405029,-3.));
#6729 = VECTOR('',#6730,1.);
#6730 = DIRECTION('',(0.,0.,1.));
#6731 = PCURVE('',#949,#6732);
#6732 = DEFINITIONAL_REPRESENTATION('',(#6733),#6736);
#6733 = B_SPLINE_CURVE_WITH_KNOTS('',1,(#6734,#6735),.UNSPECIFIED.,.F.,
  .F.,(2,2),(0.,6.),.PIECEWISE_BEZIER_KNOTS.);
#6734 = CARTESIAN_POINT('',(-8.86997608188E-02,0.));
#6735 = CARTESIAN_POINT('',(-8.86997608188E-02,-6.));
#6736 = ( GEOMETRIC_REPRESENTATION_CONTEXT(2) 
PARAMETRIC_REPRESENTATION_CONTEXT() REPRESENTATION_CONTEXT('2D SPACE',''
  ) );
#6737 = PCURVE('',#997,#6738);
#6738 = DEFINITIONAL_REPRESENTATION('',(#6739),#6743);
#6739 = LINE('',#6740,#6741);
#6740 = CARTESIAN_POINT('',(2.288895507745,0.));
#6741 = VECTOR('',#6742,1.);
#6742 = DIRECTION('',(0.,-1.));
#6743 = ( GEOMETRIC_REPRESENTATION_CONTEXT(2) 
PARAMETRIC_REPRESENTATION_CONTEXT() REPRESENTATION_CONTEXT('2D SPACE',''
  ) );
#6744 = ADVANCED_FACE('',(#6745),#997,.T.);
#6745 = FACE_BOUND('',#6746,.T.);
#6746 = EDGE_LOOP('',(#6747,#6748,#6771,#6801));
#6747 = ORIENTED_EDGE('',*,*,#961,.F.);
#6748 = ORIENTED_EDGE('',*,*,#6749,.T.);
#6749 = EDGE_CURVE('',#962,#6750,#6752,.T.);
#6750 = VERTEX_POINT('',#6751);
#6751 = CARTESIAN_POINT('',(-1.228734744649,8.367497288533,0.));
#6752 = SURFACE_CURVE('',#6753,(#6757,#6764),.PCURVE_S1.);
#6753 = LINE('',#6754,#6755);
#6754 = CARTESIAN_POINT('',(-1.228734744649,8.367497288533,-3.));
#6755 = VECTOR('',#6756,1.);
#6756 = DIRECTION('',(0.,0.,1.));
#6757 = PCURVE('',#997,#6758);
#6758 = DEFINITIONAL_REPRESENTATION('',(#6759),#6763);
#6759 = LINE('',#6760,#6761);
#6760 = CARTESIAN_POINT('',(0.,0.));
#6761 = VECTOR('',#6762,1.);
#6762 = DIRECTION('',(0.,-1.));
#6763 = ( GEOMETRIC_REPRESENTATION_CONTEXT(2) 
PARAMETRIC_REPRESENTATION_CONTEXT() REPRESENTATION_CONTEXT('2D SPACE',''
  ) );
#6764 = PCURVE('',#1037,#6765);
#6765 = DEFINITIONAL_REPRESENTATION('',(#6766),#6770);
#6766 = LINE('',#6767,#6768);
#6767 = CARTESIAN_POINT('',(0.,0.));
#6768 = VECTOR('',#6769,1.);
#6769 = DIRECTION('',(0.,-1.));
#6770 = ( GEOMETRIC_REPRESENTATION_CONTEXT(2) 
PARAMETRIC_REPRESENTATION_CONTEXT() REPRESENTATION_CONTEXT('2D SPACE',''
  ) );
#6771 = ORIENTED_EDGE('',*,*,#6772,.T.);
#6772 = EDGE_CURVE('',#6750,#6703,#6773,.T.);
#6773 = SURFACE_CURVE('',#6774,(#6788,#6794),.PCURVE_S1.);
#6774 = B_SPLINE_CURVE_WITH_KNOTS('',3,(#6775,#6776,#6777,#6778,#6779,
    #6780,#6781,#6782,#6783,#6784,#6785,#6786,#6787),.UNSPECIFIED.,.F.,
  .F.,(4,1,1,1,1,1,1,1,1,1,4),(0.,0.206463071868,0.418064650956,
    0.634628704967,0.856138693673,1.082589269896,1.31397802753,
    1.550303676965,1.79156544634,2.037762836919,2.288895507745),
  .UNSPECIFIED.);
#6775 = CARTESIAN_POINT('',(-1.228734744649,8.367497288533,0.));
#6776 = CARTESIAN_POINT('',(-1.233784748619,8.4364617051,0.));
#6777 = CARTESIAN_POINT('',(-1.232649990461,8.575927849706,0.));
#6778 = CARTESIAN_POINT('',(-1.204391297421,8.786061479109,0.));
#6779 = CARTESIAN_POINT('',(-1.159676010092,8.998064072713,0.));
#6780 = CARTESIAN_POINT('',(-1.09935641794,9.211374161161,0.));
#6781 = CARTESIAN_POINT('',(-1.025120943167,9.425425332678,0.));
#6782 = CARTESIAN_POINT('',(-0.937695333848,9.639773929941,0.));
#6783 = CARTESIAN_POINT('',(-0.837693486654,9.853997135674,0.));
#6784 = CARTESIAN_POINT('',(-0.725535172392,10.067698081039,0.));
#6785 = CARTESIAN_POINT('',(-0.601566594517,10.280490339242,0.));
#6786 = CARTESIAN_POINT('',(-0.51208709976,10.420113938659,0.));
#6787 = CARTESIAN_POINT('',(-0.465521102773,10.489675405029,0.));
#6788 = PCURVE('',#997,#6789);
#6789 = DEFINITIONAL_REPRESENTATION('',(#6790),#6793);
#6790 = B_SPLINE_CURVE_WITH_KNOTS('',1,(#6791,#6792),.UNSPECIFIED.,.F.,
  .F.,(2,2),(0.,2.288895507745),.PIECEWISE_BEZIER_KNOTS.);
#6791 = CARTESIAN_POINT('',(0.,-3.));
#6792 = CARTESIAN_POINT('',(2.288895507745,-3.));
#6793 = ( GEOMETRIC_REPRESENTATION_CONTEXT(2) 
PARAMETRIC_REPRESENTATION_CONTEXT() REPRESENTATION_CONTEXT('2D SPACE',''
  ) );
#6794 = PCURVE('',#3782,#6795);
#6795 = DEFINITIONAL_REPRESENTATION('',(#6796),#6800);
#6796 = LINE('',#6797,#6798);
#6797 = CARTESIAN_POINT('',(0.,0.));
#6798 = VECTOR('',#6799,1.);
#6799 = DIRECTION('',(1.,0.));
#6800 = ( GEOMETRIC_REPRESENTATION_CONTEXT(2) 
PARAMETRIC_REPRESENTATION_CONTEXT() REPRESENTATION_CONTEXT('2D SPACE',''
  ) );
#6801 = ORIENTED_EDGE('',*,*,#6725,.F.);
#6802 = ADVANCED_FACE('',(#6803),#1037,.F.);
#6803 = FACE_BOUND('',#6804,.F.);
#6804 = EDGE_LOOP('',(#6805,#6806,#6807,#6828,#6829));
#6805 = ORIENTED_EDGE('',*,*,#1021,.F.);
#6806 = ORIENTED_EDGE('',*,*,#6749,.T.);
#6807 = ORIENTED_EDGE('',*,*,#6808,.F.);
#6808 = EDGE_CURVE('',#3747,#6750,#6809,.T.);
#6809 = SURFACE_CURVE('',#6810,(#6814,#6821),.PCURVE_S1.);
#6810 = LINE('',#6811,#6812);
#6811 = CARTESIAN_POINT('',(-1.228734744649,8.367497288533,6.));
#6812 = VECTOR('',#6813,1.);
#6813 = DIRECTION('',(0.,0.,-1.));
#6814 = PCURVE('',#1037,#6815);
#6815 = DEFINITIONAL_REPRESENTATION('',(#6816),#6820);
#6816 = LINE('',#6817,#6818);
#6817 = CARTESIAN_POINT('',(0.,-9.));
#6818 = VECTOR('',#6819,1.);
#6819 = DIRECTION('',(0.,1.));
#6820 = ( GEOMETRIC_REPRESENTATION_CONTEXT(2) 
PARAMETRIC_REPRESENTATION_CONTEXT() REPRESENTATION_CONTEXT('2D SPACE',''
  ) );
#6821 = PCURVE('',#3782,#6822);
#6822 = DEFINITIONAL_REPRESENTATION('',(#6823),#6827);
#6823 = LINE('',#6824,#6825);
#6824 = CARTESIAN_POINT('',(0.,-6.));
#6825 = VECTOR('',#6826,1.);
#6826 = DIRECTION('',(-0.,1.));
#6827 = ( GEOMETRIC_REPRESENTATION_CONTEXT(2) 
PARAMETRIC_REPRESENTATION_CONTEXT() REPRESENTATION_CONTEXT('2D SPACE',''
  ) );
#6828 = ORIENTED_EDGE('',*,*,#3806,.T.);
#6829 = ORIENTED_EDGE('',*,*,#6830,.F.);
#6830 = EDGE_CURVE('',#1022,#3807,#6831,.T.);
#6831 = SURFACE_CURVE('',#6832,(#6836,#6843),.PCURVE_S1.);
#6832 = LINE('',#6833,#6834);
#6833 = CARTESIAN_POINT('',(-1.035177161123,7.049399495353,-3.));
#6834 = VECTOR('',#6835,1.);
#6835 = DIRECTION('',(0.,9.868649107779E-17,1.));
#6836 = PCURVE('',#1037,#6837);
#6837 = DEFINITIONAL_REPRESENTATION('',(#6838),#6842);
#6838 = LINE('',#6839,#6840);
#6839 = CARTESIAN_POINT('',(1.332233587073,0.));
#6840 = VECTOR('',#6841,1.);
#6841 = DIRECTION('',(-9.763936847747E-17,-1.));
#6842 = ( GEOMETRIC_REPRESENTATION_CONTEXT(2) 
PARAMETRIC_REPRESENTATION_CONTEXT() REPRESENTATION_CONTEXT('2D SPACE',''
  ) );
#6843 = PCURVE('',#1066,#6844);
#6844 = DEFINITIONAL_REPRESENTATION('',(#6845),#6849);
#6845 = LINE('',#6846,#6847);
#6846 = CARTESIAN_POINT('',(-0.,0.));
#6847 = VECTOR('',#6848,1.);
#6848 = DIRECTION('',(-0.,-1.));
#6849 = ( GEOMETRIC_REPRESENTATION_CONTEXT(2) 
PARAMETRIC_REPRESENTATION_CONTEXT() REPRESENTATION_CONTEXT('2D SPACE',''
  ) );
#6850 = ADVANCED_FACE('',(#6851),#1066,.T.);
#6851 = FACE_BOUND('',#6852,.F.);
#6852 = EDGE_LOOP('',(#6853,#6854,#6855,#6856));
#6853 = ORIENTED_EDGE('',*,*,#1049,.F.);
#6854 = ORIENTED_EDGE('',*,*,#6830,.T.);
#6855 = ORIENTED_EDGE('',*,*,#3829,.F.);
#6856 = ORIENTED_EDGE('',*,*,#6857,.F.);
#6857 = EDGE_CURVE('',#1050,#3830,#6858,.T.);
#6858 = SURFACE_CURVE('',#6859,(#6863,#6870),.PCURVE_S1.);
#6859 = LINE('',#6860,#6861);
#6860 = CARTESIAN_POINT('',(-2.628210028727,6.622547624963,-3.));
#6861 = VECTOR('',#6862,1.);
#6862 = DIRECTION('',(0.,9.868649107779E-17,1.));
#6863 = PCURVE('',#1066,#6864);
#6864 = DEFINITIONAL_REPRESENTATION('',(#6865),#6869);
#6865 = LINE('',#6866,#6867);
#6866 = CARTESIAN_POINT('',(-0.231990620064,0.));
#6867 = VECTOR('',#6868,1.);
#6868 = DIRECTION('',(-0.,-1.));
#6869 = ( GEOMETRIC_REPRESENTATION_CONTEXT(2) 
PARAMETRIC_REPRESENTATION_CONTEXT() REPRESENTATION_CONTEXT('2D SPACE',''
  ) );
#6870 = PCURVE('',#1094,#6871);
#6871 = DEFINITIONAL_REPRESENTATION('',(#6872),#6876);
#6872 = LINE('',#6873,#6874);
#6873 = CARTESIAN_POINT('',(1.332233587073,0.));
#6874 = VECTOR('',#6875,1.);
#6875 = DIRECTION('',(-9.172715608465E-17,-1.));
#6876 = ( GEOMETRIC_REPRESENTATION_CONTEXT(2) 
PARAMETRIC_REPRESENTATION_CONTEXT() REPRESENTATION_CONTEXT('2D SPACE',''
  ) );
#6877 = ADVANCED_FACE('',(#6878),#1094,.T.);
#6878 = FACE_BOUND('',#6879,.T.);
#6879 = EDGE_LOOP('',(#6880,#6881,#6904,#6925,#6926));
#6880 = ORIENTED_EDGE('',*,*,#1078,.F.);
#6881 = ORIENTED_EDGE('',*,*,#6882,.T.);
#6882 = EDGE_CURVE('',#1079,#6883,#6885,.T.);
#6883 = VERTEX_POINT('',#6884);
#6884 = CARTESIAN_POINT('',(-3.119633140888,7.860832590292,0.));
#6885 = SURFACE_CURVE('',#6886,(#6890,#6897),.PCURVE_S1.);
#6886 = LINE('',#6887,#6888);
#6887 = CARTESIAN_POINT('',(-3.119633140888,7.860832590292,-3.));
#6888 = VECTOR('',#6889,1.);
#6889 = DIRECTION('',(0.,0.,1.));
#6890 = PCURVE('',#1094,#6891);
#6891 = DEFINITIONAL_REPRESENTATION('',(#6892),#6896);
#6892 = LINE('',#6893,#6894);
#6893 = CARTESIAN_POINT('',(0.,0.));
#6894 = VECTOR('',#6895,1.);
#6895 = DIRECTION('',(0.,-1.));
#6896 = ( GEOMETRIC_REPRESENTATION_CONTEXT(2) 
PARAMETRIC_REPRESENTATION_CONTEXT() REPRESENTATION_CONTEXT('2D SPACE',''
  ) );
#6897 = PCURVE('',#1142,#6898);
#6898 = DEFINITIONAL_REPRESENTATION('',(#6899),#6903);
#6899 = LINE('',#6900,#6901);
#6900 = CARTESIAN_POINT('',(0.,0.));
#6901 = VECTOR('',#6902,1.);
#6902 = DIRECTION('',(0.,-1.));
#6903 = ( GEOMETRIC_REPRESENTATION_CONTEXT(2) 
PARAMETRIC_REPRESENTATION_CONTEXT() REPRESENTATION_CONTEXT('2D SPACE',''
  ) );
#6904 = ORIENTED_EDGE('',*,*,#6905,.T.);
#6905 = EDGE_CURVE('',#6883,#3858,#6906,.T.);
#6906 = SURFACE_CURVE('',#6907,(#6911,#6918),.PCURVE_S1.);
#6907 = LINE('',#6908,#6909);
#6908 = CARTESIAN_POINT('',(-3.119633140888,7.860832590292,0.));
#6909 = VECTOR('',#6910,1.);
#6910 = DIRECTION('',(0.,0.,1.));
#6911 = PCURVE('',#1094,#6912);
#6912 = DEFINITIONAL_REPRESENTATION('',(#6913),#6917);
#6913 = LINE('',#6914,#6915);
#6914 = CARTESIAN_POINT('',(-9.893562945832E-16,-3.));
#6915 = VECTOR('',#6916,1.);
#6916 = DIRECTION('',(0.,-1.));
#6917 = ( GEOMETRIC_REPRESENTATION_CONTEXT(2) 
PARAMETRIC_REPRESENTATION_CONTEXT() REPRESENTATION_CONTEXT('2D SPACE',''
  ) );
#6918 = PCURVE('',#3916,#6919);
#6919 = DEFINITIONAL_REPRESENTATION('',(#6920),#6924);
#6920 = LINE('',#6921,#6922);
#6921 = CARTESIAN_POINT('',(0.,0.));
#6922 = VECTOR('',#6923,1.);
#6923 = DIRECTION('',(0.,-1.));
#6924 = ( GEOMETRIC_REPRESENTATION_CONTEXT(2) 
PARAMETRIC_REPRESENTATION_CONTEXT() REPRESENTATION_CONTEXT('2D SPACE',''
  ) );
#6925 = ORIENTED_EDGE('',*,*,#3857,.T.);
#6926 = ORIENTED_EDGE('',*,*,#6857,.F.);
#6927 = ADVANCED_FACE('',(#6928),#1142,.F.);
#6928 = FACE_BOUND('',#6929,.F.);
#6929 = EDGE_LOOP('',(#6930,#6931,#6932,#6964));
#6930 = ORIENTED_EDGE('',*,*,#1106,.F.);
#6931 = ORIENTED_EDGE('',*,*,#6882,.T.);
#6932 = ORIENTED_EDGE('',*,*,#6933,.T.);
#6933 = EDGE_CURVE('',#6883,#6934,#6936,.T.);
#6934 = VERTEX_POINT('',#6935);
#6935 = CARTESIAN_POINT('',(-4.841684601515,9.317085929595,0.));
#6936 = SURFACE_CURVE('',#6937,(#6951,#6957),.PCURVE_S1.);
#6937 = B_SPLINE_CURVE_WITH_KNOTS('',3,(#6938,#6939,#6940,#6941,#6942,
    #6943,#6944,#6945,#6946,#6947,#6948,#6949,#6950),.UNSPECIFIED.,.F.,
  .F.,(4,1,1,1,1,1,1,1,1,1,4),(0.,0.206463071868,0.418064650956,
    0.634628704967,0.856138693673,1.082589269896,1.31397802753,
    1.550303676965,1.79156544634,2.037762836919,2.288895507745),
  .UNSPECIFIED.);
#6938 = CARTESIAN_POINT('',(-3.119633140888,7.860832590292,0.));
#6939 = CARTESIAN_POINT('',(-3.149741917444,7.92308252898,0.));
#6940 = CARTESIAN_POINT('',(-3.220457719139,8.043296374098,0.));
#6941 = CARTESIAN_POINT('',(-3.349997279891,8.211148088831,0.));
#6942 = CARTESIAN_POINT('',(-3.494723151458,8.372390076896,0.));
#6943 = CARTESIAN_POINT('',(-3.653616494831,8.526962236299,0.));
#6944 = CARTESIAN_POINT('',(-3.824931887605,8.675218251156,0.));
#6945 = CARTESIAN_POINT('',(-4.007818984848,8.817136776992,0.));
#6946 = CARTESIAN_POINT('',(-4.20153472781,8.95265859164,0.));
#6947 = CARTESIAN_POINT('',(-4.405517149889,9.081649882007,0.));
#6948 = CARTESIAN_POINT('',(-4.619273216701,9.203949094402,0.));
#6949 = CARTESIAN_POINT('',(-4.766576531987,9.280126931087,0.));
#6950 = CARTESIAN_POINT('',(-4.841684601515,9.317085929595,0.));
#6951 = PCURVE('',#1142,#6952);
#6952 = DEFINITIONAL_REPRESENTATION('',(#6953),#6956);
#6953 = B_SPLINE_CURVE_WITH_KNOTS('',1,(#6954,#6955),.UNSPECIFIED.,.F.,
  .F.,(2,2),(0.,2.288895507745),.PIECEWISE_BEZIER_KNOTS.);
#6954 = CARTESIAN_POINT('',(2.22044604925E-16,-3.));
#6955 = CARTESIAN_POINT('',(2.288895507745,-3.));
#6956 = ( GEOMETRIC_REPRESENTATION_CONTEXT(2) 
PARAMETRIC_REPRESENTATION_CONTEXT() REPRESENTATION_CONTEXT('2D SPACE',''
  ) );
#6957 = PCURVE('',#3916,#6958);
#6958 = DEFINITIONAL_REPRESENTATION('',(#6959),#6963);
#6959 = LINE('',#6960,#6961);
#6960 = CARTESIAN_POINT('',(0.,0.));
#6961 = VECTOR('',#6962,1.);
#6962 = DIRECTION('',(1.,0.));
#6963 = ( GEOMETRIC_REPRESENTATION_CONTEXT(2) 
PARAMETRIC_REPRESENTATION_CONTEXT() REPRESENTATION_CONTEXT('2D SPACE',''
  ) );
#6964 = ORIENTED_EDGE('',*,*,#6965,.F.);
#6965 = EDGE_CURVE('',#1107,#6934,#6966,.T.);
#6966 = SURFACE_CURVE('',#6967,(#6971,#6978),.PCURVE_S1.);
#6967 = LINE('',#6968,#6969);
#6968 = CARTESIAN_POINT('',(-4.841684601515,9.317085929595,-3.));
#6969 = VECTOR('',#6970,1.);
#6970 = DIRECTION('',(0.,0.,1.));
#6971 = PCURVE('',#1142,#6972);
#6972 = DEFINITIONAL_REPRESENTATION('',(#6973),#6977);
#6973 = LINE('',#6974,#6975);
#6974 = CARTESIAN_POINT('',(2.288895507745,0.));
#6975 = VECTOR('',#6976,1.);
#6976 = DIRECTION('',(0.,-1.));
#6977 = ( GEOMETRIC_REPRESENTATION_CONTEXT(2) 
PARAMETRIC_REPRESENTATION_CONTEXT() REPRESENTATION_CONTEXT('2D SPACE',''
  ) );
#6978 = PCURVE('',#1183,#6979);
#6979 = DEFINITIONAL_REPRESENTATION('',(#6980),#6983);
#6980 = B_SPLINE_CURVE_WITH_KNOTS('',1,(#6981,#6982),.UNSPECIFIED.,.F.,
  .F.,(2,2),(0.,6.),.PIECEWISE_BEZIER_KNOTS.);
#6981 = CARTESIAN_POINT('',(0.,0.));
#6982 = CARTESIAN_POINT('',(0.,-6.));
#6983 = ( GEOMETRIC_REPRESENTATION_CONTEXT(2) 
PARAMETRIC_REPRESENTATION_CONTEXT() REPRESENTATION_CONTEXT('2D SPACE',''
  ) );
#6984 = ADVANCED_FACE('',(#6985),#1183,.T.);
#6985 = FACE_BOUND('',#6986,.F.);
#6986 = EDGE_LOOP('',(#6987,#6988,#6989,#7010,#7011,#7034));
#6987 = ORIENTED_EDGE('',*,*,#1166,.F.);
#6988 = ORIENTED_EDGE('',*,*,#6965,.T.);
#6989 = ORIENTED_EDGE('',*,*,#6990,.F.);
#6990 = EDGE_CURVE('',#3881,#6934,#6991,.T.);
#6991 = SURFACE_CURVE('',#6992,(#6996,#7003),.PCURVE_S1.);
#6992 = LINE('',#6993,#6994);
#6993 = CARTESIAN_POINT('',(-4.841684601515,9.317085929595,6.));
#6994 = VECTOR('',#6995,1.);
#6995 = DIRECTION('',(0.,0.,-1.));
#6996 = PCURVE('',#1183,#6997);
#6997 = DEFINITIONAL_REPRESENTATION('',(#6998),#7002);
#6998 = LINE('',#6999,#7000);
#6999 = CARTESIAN_POINT('',(-0.,-9.));
#7000 = VECTOR('',#7001,1.);
#7001 = DIRECTION('',(0.,1.));
#7002 = ( GEOMETRIC_REPRESENTATION_CONTEXT(2) 
PARAMETRIC_REPRESENTATION_CONTEXT() REPRESENTATION_CONTEXT('2D SPACE',''
  ) );
#7003 = PCURVE('',#3916,#7004);
#7004 = DEFINITIONAL_REPRESENTATION('',(#7005),#7009);
#7005 = LINE('',#7006,#7007);
#7006 = CARTESIAN_POINT('',(2.288895507745,-6.));
#7007 = VECTOR('',#7008,1.);
#7008 = DIRECTION('',(-0.,1.));
#7009 = ( GEOMETRIC_REPRESENTATION_CONTEXT(2) 
PARAMETRIC_REPRESENTATION_CONTEXT() REPRESENTATION_CONTEXT('2D SPACE',''
  ) );
#7010 = ORIENTED_EDGE('',*,*,#3940,.F.);
#7011 = ORIENTED_EDGE('',*,*,#7012,.F.);
#7012 = EDGE_CURVE('',#7013,#3941,#7015,.T.);
#7013 = VERTEX_POINT('',#7014);
#7014 = CARTESIAN_POINT('',(-5.647990803514,8.851564826821,0.));
#7015 = SURFACE_CURVE('',#7016,(#7020,#7027),.PCURVE_S1.);
#7016 = LINE('',#7017,#7018);
#7017 = CARTESIAN_POINT('',(-5.647990803514,8.851564826821,0.));
#7018 = VECTOR('',#7019,1.);
#7019 = DIRECTION('',(0.,0.,1.));
#7020 = PCURVE('',#1183,#7021);
#7021 = DEFINITIONAL_REPRESENTATION('',(#7022),#7026);
#7022 = LINE('',#7023,#7024);
#7023 = CARTESIAN_POINT('',(-8.86997608188E-02,-3.));
#7024 = VECTOR('',#7025,1.);
#7025 = DIRECTION('',(-0.,-1.));
#7026 = ( GEOMETRIC_REPRESENTATION_CONTEXT(2) 
PARAMETRIC_REPRESENTATION_CONTEXT() REPRESENTATION_CONTEXT('2D SPACE',''
  ) );
#7027 = PCURVE('',#4004,#7028);
#7028 = DEFINITIONAL_REPRESENTATION('',(#7029),#7033);
#7029 = LINE('',#7030,#7031);
#7030 = CARTESIAN_POINT('',(2.288895507745,0.));
#7031 = VECTOR('',#7032,1.);
#7032 = DIRECTION('',(0.,-1.));
#7033 = ( GEOMETRIC_REPRESENTATION_CONTEXT(2) 
PARAMETRIC_REPRESENTATION_CONTEXT() REPRESENTATION_CONTEXT('2D SPACE',''
  ) );
#7034 = ORIENTED_EDGE('',*,*,#7035,.F.);
#7035 = EDGE_CURVE('',#1167,#7013,#7036,.T.);
#7036 = SURFACE_CURVE('',#7037,(#7041,#7047),.PCURVE_S1.);
#7037 = LINE('',#7038,#7039);
#7038 = CARTESIAN_POINT('',(-5.647990803514,8.851564826821,-3.));
#7039 = VECTOR('',#7040,1.);
#7040 = DIRECTION('',(0.,0.,1.));
#7041 = PCURVE('',#1183,#7042);
#7042 = DEFINITIONAL_REPRESENTATION('',(#7043),#7046);
#7043 = B_SPLINE_CURVE_WITH_KNOTS('',1,(#7044,#7045),.UNSPECIFIED.,.F.,
  .F.,(2,2),(0.,6.),.PIECEWISE_BEZIER_KNOTS.);
#7044 = CARTESIAN_POINT('',(-8.86997608188E-02,0.));
#7045 = CARTESIAN_POINT('',(-8.86997608188E-02,-6.));
#7046 = ( GEOMETRIC_REPRESENTATION_CONTEXT(2) 
PARAMETRIC_REPRESENTATION_CONTEXT() REPRESENTATION_CONTEXT('2D SPACE',''
  ) );
#7047 = PCURVE('',#1231,#7048);
#7048 = DEFINITIONAL_REPRESENTATION('',(#7049),#7053);
#7049 = LINE('',#7050,#7051);
#7050 = CARTESIAN_POINT('',(2.288895507745,0.));
#7051 = VECTOR('',#7052,1.);
#7052 = DIRECTION('',(0.,-1.));
#7053 = ( GEOMETRIC_REPRESENTATION_CONTEXT(2) 
PARAMETRIC_REPRESENTATION_CONTEXT() REPRESENTATION_CONTEXT('2D SPACE',''
  ) );
#7054 = ADVANCED_FACE('',(#7055),#1231,.T.);
#7055 = FACE_BOUND('',#7056,.T.);
#7056 = EDGE_LOOP('',(#7057,#7058,#7081,#7111));
#7057 = ORIENTED_EDGE('',*,*,#1195,.F.);
#7058 = ORIENTED_EDGE('',*,*,#7059,.T.);
#7059 = EDGE_CURVE('',#1196,#7060,#7062,.T.);
#7060 = VERTEX_POINT('',#7061);
#7061 = CARTESIAN_POINT('',(-5.247864147645,6.632097845643,0.));
#7062 = SURFACE_CURVE('',#7063,(#7067,#7074),.PCURVE_S1.);
#7063 = LINE('',#7064,#7065);
#7064 = CARTESIAN_POINT('',(-5.247864147645,6.632097845643,-3.));
#7065 = VECTOR('',#7066,1.);
#7066 = DIRECTION('',(0.,0.,1.));
#7067 = PCURVE('',#1231,#7068);
#7068 = DEFINITIONAL_REPRESENTATION('',(#7069),#7073);
#7069 = LINE('',#7070,#7071);
#7070 = CARTESIAN_POINT('',(0.,0.));
#7071 = VECTOR('',#7072,1.);
#7072 = DIRECTION('',(0.,-1.));
#7073 = ( GEOMETRIC_REPRESENTATION_CONTEXT(2) 
PARAMETRIC_REPRESENTATION_CONTEXT() REPRESENTATION_CONTEXT('2D SPACE',''
  ) );
#7074 = PCURVE('',#1271,#7075);
#7075 = DEFINITIONAL_REPRESENTATION('',(#7076),#7080);
#7076 = LINE('',#7077,#7078);
#7077 = CARTESIAN_POINT('',(0.,0.));
#7078 = VECTOR('',#7079,1.);
#7079 = DIRECTION('',(0.,-1.));
#7080 = ( GEOMETRIC_REPRESENTATION_CONTEXT(2) 
PARAMETRIC_REPRESENTATION_CONTEXT() REPRESENTATION_CONTEXT('2D SPACE',''
  ) );
#7081 = ORIENTED_EDGE('',*,*,#7082,.T.);
#7082 = EDGE_CURVE('',#7060,#7013,#7083,.T.);
#7083 = SURFACE_CURVE('',#7084,(#7098,#7104),.PCURVE_S1.);
#7084 = B_SPLINE_CURVE_WITH_KNOTS('',3,(#7085,#7086,#7087,#7088,#7089,
    #7090,#7091,#7092,#7093,#7094,#7095,#7096,#7097),.UNSPECIFIED.,.F.,
  .F.,(4,1,1,1,1,1,1,1,1,1,4),(0.,0.206463071868,0.418064650956,
    0.634628704967,0.856138693673,1.082589269896,1.31397802753,
    1.550303676965,1.79156544634,2.037762836919,2.288895507745),
  .UNSPECIFIED.);
#7085 = CARTESIAN_POINT('',(-5.247864147645,6.632097845643,0.));
#7086 = CARTESIAN_POINT('',(-5.286719787656,6.689297780361,0.));
#7087 = CARTESIAN_POINT('',(-5.355470130567,6.810646383637,0.));
#7088 = CARTESIAN_POINT('',(-5.436064199218,7.00675679141,0.));
#7089 = CARTESIAN_POINT('',(-5.503340921255,7.212714066804,0.));
#7090 = CARTESIAN_POINT('',(-5.55775766633,7.427605818359,0.));
#7091 = CARTESIAN_POINT('',(-5.600493445073,7.650097307989,0.));
#7092 = CARTESIAN_POINT('',(-5.631954945093,7.879441443144,0.));
#7093 = CARTESIAN_POINT('',(-5.652462407864,8.114965104986,0.));
#7094 = CARTESIAN_POINT('',(-5.66218093115,8.356114709616,0.));
#7095 = CARTESIAN_POINT('',(-5.66121712254,8.602382499885,0.));
#7096 = CARTESIAN_POINT('',(-5.653537406672,8.768039831327,0.));
#7097 = CARTESIAN_POINT('',(-5.647990803514,8.851564826821,0.));
#7098 = PCURVE('',#1231,#7099);
#7099 = DEFINITIONAL_REPRESENTATION('',(#7100),#7103);
#7100 = B_SPLINE_CURVE_WITH_KNOTS('',1,(#7101,#7102),.UNSPECIFIED.,.F.,
  .F.,(2,2),(0.,2.288895507745),.PIECEWISE_BEZIER_KNOTS.);
#7101 = CARTESIAN_POINT('',(1.110223024625E-15,-3.));
#7102 = CARTESIAN_POINT('',(2.288895507745,-3.));
#7103 = ( GEOMETRIC_REPRESENTATION_CONTEXT(2) 
PARAMETRIC_REPRESENTATION_CONTEXT() REPRESENTATION_CONTEXT('2D SPACE',''
  ) );
#7104 = PCURVE('',#4004,#7105);
#7105 = DEFINITIONAL_REPRESENTATION('',(#7106),#7110);
#7106 = LINE('',#7107,#7108);
#7107 = CARTESIAN_POINT('',(0.,0.));
#7108 = VECTOR('',#7109,1.);
#7109 = DIRECTION('',(1.,0.));
#7110 = ( GEOMETRIC_REPRESENTATION_CONTEXT(2) 
PARAMETRIC_REPRESENTATION_CONTEXT() REPRESENTATION_CONTEXT('2D SPACE',''
  ) );
#7111 = ORIENTED_EDGE('',*,*,#7035,.F.);
#7112 = ADVANCED_FACE('',(#7113),#1271,.F.);
#7113 = FACE_BOUND('',#7114,.F.);
#7114 = EDGE_LOOP('',(#7115,#7116,#7117,#7138,#7139));
#7115 = ORIENTED_EDGE('',*,*,#1255,.F.);
#7116 = ORIENTED_EDGE('',*,*,#7059,.T.);
#7117 = ORIENTED_EDGE('',*,*,#7118,.F.);
#7118 = EDGE_CURVE('',#3969,#7060,#7119,.T.);
#7119 = SURFACE_CURVE('',#7120,(#7124,#7131),.PCURVE_S1.);
#7120 = LINE('',#7121,#7122);
#7121 = CARTESIAN_POINT('',(-5.247864147645,6.632097845643,6.));
#7122 = VECTOR('',#7123,1.);
#7123 = DIRECTION('',(0.,0.,-1.));
#7124 = PCURVE('',#1271,#7125);
#7125 = DEFINITIONAL_REPRESENTATION('',(#7126),#7130);
#7126 = LINE('',#7127,#7128);
#7127 = CARTESIAN_POINT('',(-6.965027184354E-16,-9.));
#7128 = VECTOR('',#7129,1.);
#7129 = DIRECTION('',(0.,1.));
#7130 = ( GEOMETRIC_REPRESENTATION_CONTEXT(2) 
PARAMETRIC_REPRESENTATION_CONTEXT() REPRESENTATION_CONTEXT('2D SPACE',''
  ) );
#7131 = PCURVE('',#4004,#7132);
#7132 = DEFINITIONAL_REPRESENTATION('',(#7133),#7137);
#7133 = LINE('',#7134,#7135);
#7134 = CARTESIAN_POINT('',(0.,-6.));
#7135 = VECTOR('',#7136,1.);
#7136 = DIRECTION('',(-0.,1.));
#7137 = ( GEOMETRIC_REPRESENTATION_CONTEXT(2) 
PARAMETRIC_REPRESENTATION_CONTEXT() REPRESENTATION_CONTEXT('2D SPACE',''
  ) );
#7138 = ORIENTED_EDGE('',*,*,#4028,.T.);
#7139 = ORIENTED_EDGE('',*,*,#7140,.F.);
#7140 = EDGE_CURVE('',#1256,#4029,#7141,.T.);
#7141 = SURFACE_CURVE('',#7142,(#7146,#7153),.PCURVE_S1.);
#7142 = LINE('',#7143,#7144);
#7143 = CARTESIAN_POINT('',(-4.421189466627,5.58737046384,-3.));
#7144 = VECTOR('',#7145,1.);
#7145 = DIRECTION('',(0.,9.868649107779E-17,1.));
#7146 = PCURVE('',#1271,#7147);
#7147 = DEFINITIONAL_REPRESENTATION('',(#7148),#7152);
#7148 = LINE('',#7149,#7150);
#7149 = CARTESIAN_POINT('',(1.332233587073,0.));
#7150 = VECTOR('',#7151,1.);
#7151 = DIRECTION('',(-7.738919093727E-17,-1.));
#7152 = ( GEOMETRIC_REPRESENTATION_CONTEXT(2) 
PARAMETRIC_REPRESENTATION_CONTEXT() REPRESENTATION_CONTEXT('2D SPACE',''
  ) );
#7153 = PCURVE('',#1300,#7154);
#7154 = DEFINITIONAL_REPRESENTATION('',(#7155),#7159);
#7155 = LINE('',#7156,#7157);
#7156 = CARTESIAN_POINT('',(-0.,0.));
#7157 = VECTOR('',#7158,1.);
#7158 = DIRECTION('',(-0.,-1.));
#7159 = ( GEOMETRIC_REPRESENTATION_CONTEXT(2) 
PARAMETRIC_REPRESENTATION_CONTEXT() REPRESENTATION_CONTEXT('2D SPACE',''
  ) );
#7160 = ADVANCED_FACE('',(#7161),#1300,.T.);
#7161 = FACE_BOUND('',#7162,.F.);
#7162 = EDGE_LOOP('',(#7163,#7164,#7165,#7166));
#7163 = ORIENTED_EDGE('',*,*,#1283,.F.);
#7164 = ORIENTED_EDGE('',*,*,#7140,.T.);
#7165 = ORIENTED_EDGE('',*,*,#4051,.F.);
#7166 = ORIENTED_EDGE('',*,*,#7167,.F.);
#7167 = EDGE_CURVE('',#1284,#4052,#7168,.T.);
#7168 = SURFACE_CURVE('',#7169,(#7173,#7180),.PCURVE_S1.);
#7169 = LINE('',#7170,#7171);
#7170 = CARTESIAN_POINT('',(-5.58737046384,4.421189466627,-3.));
#7171 = VECTOR('',#7172,1.);
#7172 = DIRECTION('',(0.,9.868649107779E-17,1.));
#7173 = PCURVE('',#1300,#7174);
#7174 = DEFINITIONAL_REPRESENTATION('',(#7175),#7179);
#7175 = LINE('',#7176,#7177);
#7176 = CARTESIAN_POINT('',(-0.231990620064,0.));
#7177 = VECTOR('',#7178,1.);
#7178 = DIRECTION('',(-0.,-1.));
#7179 = ( GEOMETRIC_REPRESENTATION_CONTEXT(2) 
PARAMETRIC_REPRESENTATION_CONTEXT() REPRESENTATION_CONTEXT('2D SPACE',''
  ) );
#7180 = PCURVE('',#1328,#7181);
#7181 = DEFINITIONAL_REPRESENTATION('',(#7182),#7186);
#7182 = LINE('',#7183,#7184);
#7183 = CARTESIAN_POINT('',(1.332233587073,0.));
#7184 = VECTOR('',#7185,1.);
#7185 = DIRECTION('',(-6.123672629495E-17,-1.));
#7186 = ( GEOMETRIC_REPRESENTATION_CONTEXT(2) 
PARAMETRIC_REPRESENTATION_CONTEXT() REPRESENTATION_CONTEXT('2D SPACE',''
  ) );
#7187 = ADVANCED_FACE('',(#7188),#1328,.T.);
#7188 = FACE_BOUND('',#7189,.T.);
#7189 = EDGE_LOOP('',(#7190,#7191,#7214,#7235,#7236));
#7190 = ORIENTED_EDGE('',*,*,#1312,.F.);
#7191 = ORIENTED_EDGE('',*,*,#7192,.T.);
#7192 = EDGE_CURVE('',#1313,#7193,#7195,.T.);
#7193 = VERTEX_POINT('',#7194);
#7194 = CARTESIAN_POINT('',(-6.632097845643,5.247864147645,0.));
#7195 = SURFACE_CURVE('',#7196,(#7200,#7207),.PCURVE_S1.);
#7196 = LINE('',#7197,#7198);
#7197 = CARTESIAN_POINT('',(-6.632097845643,5.247864147645,-3.));
#7198 = VECTOR('',#7199,1.);
#7199 = DIRECTION('',(0.,0.,1.));
#7200 = PCURVE('',#1328,#7201);
#7201 = DEFINITIONAL_REPRESENTATION('',(#7202),#7206);
#7202 = LINE('',#7203,#7204);
#7203 = CARTESIAN_POINT('',(0.,0.));
#7204 = VECTOR('',#7205,1.);
#7205 = DIRECTION('',(0.,-1.));
#7206 = ( GEOMETRIC_REPRESENTATION_CONTEXT(2) 
PARAMETRIC_REPRESENTATION_CONTEXT() REPRESENTATION_CONTEXT('2D SPACE',''
  ) );
#7207 = PCURVE('',#1376,#7208);
#7208 = DEFINITIONAL_REPRESENTATION('',(#7209),#7213);
#7209 = LINE('',#7210,#7211);
#7210 = CARTESIAN_POINT('',(0.,0.));
#7211 = VECTOR('',#7212,1.);
#7212 = DIRECTION('',(0.,-1.));
#7213 = ( GEOMETRIC_REPRESENTATION_CONTEXT(2) 
PARAMETRIC_REPRESENTATION_CONTEXT() REPRESENTATION_CONTEXT('2D SPACE',''
  ) );
#7214 = ORIENTED_EDGE('',*,*,#7215,.T.);
#7215 = EDGE_CURVE('',#7193,#4080,#7216,.T.);
#7216 = SURFACE_CURVE('',#7217,(#7221,#7228),.PCURVE_S1.);
#7217 = LINE('',#7218,#7219);
#7218 = CARTESIAN_POINT('',(-6.632097845643,5.247864147645,0.));
#7219 = VECTOR('',#7220,1.);
#7220 = DIRECTION('',(0.,0.,1.));
#7221 = PCURVE('',#1328,#7222);
#7222 = DEFINITIONAL_REPRESENTATION('',(#7223),#7227);
#7223 = LINE('',#7224,#7225);
#7224 = CARTESIAN_POINT('',(0.,-3.));
#7225 = VECTOR('',#7226,1.);
#7226 = DIRECTION('',(0.,-1.));
#7227 = ( GEOMETRIC_REPRESENTATION_CONTEXT(2) 
PARAMETRIC_REPRESENTATION_CONTEXT() REPRESENTATION_CONTEXT('2D SPACE',''
  ) );
#7228 = PCURVE('',#4138,#7229);
#7229 = DEFINITIONAL_REPRESENTATION('',(#7230),#7234);
#7230 = LINE('',#7231,#7232);
#7231 = CARTESIAN_POINT('',(0.,0.));
#7232 = VECTOR('',#7233,1.);
#7233 = DIRECTION('',(0.,-1.));
#7234 = ( GEOMETRIC_REPRESENTATION_CONTEXT(2) 
PARAMETRIC_REPRESENTATION_CONTEXT() REPRESENTATION_CONTEXT('2D SPACE',''
  ) );
#7235 = ORIENTED_EDGE('',*,*,#4079,.T.);
#7236 = ORIENTED_EDGE('',*,*,#7167,.F.);
#7237 = ADVANCED_FACE('',(#7238),#1376,.F.);
#7238 = FACE_BOUND('',#7239,.F.);
#7239 = EDGE_LOOP('',(#7240,#7241,#7242,#7274));
#7240 = ORIENTED_EDGE('',*,*,#1340,.F.);
#7241 = ORIENTED_EDGE('',*,*,#7192,.T.);
#7242 = ORIENTED_EDGE('',*,*,#7243,.T.);
#7243 = EDGE_CURVE('',#7193,#7244,#7246,.T.);
#7244 = VERTEX_POINT('',#7245);
#7245 = CARTESIAN_POINT('',(-8.851564826821,5.647990803514,0.));
#7246 = SURFACE_CURVE('',#7247,(#7261,#7267),.PCURVE_S1.);
#7247 = B_SPLINE_CURVE_WITH_KNOTS('',3,(#7248,#7249,#7250,#7251,#7252,
    #7253,#7254,#7255,#7256,#7257,#7258,#7259,#7260),.UNSPECIFIED.,.F.,
  .F.,(4,1,1,1,1,1,1,1,1,1,4),(0.,0.206463071868,0.418064650956,
    0.634628704967,0.856138693673,1.082589269896,1.31397802753,
    1.550303676965,1.79156544634,2.037762836919,2.288895507745),
  .UNSPECIFIED.);
#7248 = CARTESIAN_POINT('',(-6.632097845643,5.247864147645,0.));
#7249 = CARTESIAN_POINT('',(-6.689297780361,5.286719787656,0.));
#7250 = CARTESIAN_POINT('',(-6.810646383637,5.355470130567,0.));
#7251 = CARTESIAN_POINT('',(-7.00675679141,5.436064199218,0.));
#7252 = CARTESIAN_POINT('',(-7.212714066804,5.503340921255,0.));
#7253 = CARTESIAN_POINT('',(-7.427605818359,5.55775766633,0.));
#7254 = CARTESIAN_POINT('',(-7.650097307989,5.600493445073,0.));
#7255 = CARTESIAN_POINT('',(-7.879441443144,5.631954945093,0.));
#7256 = CARTESIAN_POINT('',(-8.114965104986,5.652462407864,0.));
#7257 = CARTESIAN_POINT('',(-8.356114709616,5.66218093115,0.));
#7258 = CARTESIAN_POINT('',(-8.602382499885,5.66121712254,0.));
#7259 = CARTESIAN_POINT('',(-8.768039831327,5.653537406672,0.));
#7260 = CARTESIAN_POINT('',(-8.851564826821,5.647990803514,0.));
#7261 = PCURVE('',#1376,#7262);
#7262 = DEFINITIONAL_REPRESENTATION('',(#7263),#7266);
#7263 = B_SPLINE_CURVE_WITH_KNOTS('',1,(#7264,#7265),.UNSPECIFIED.,.F.,
  .F.,(2,2),(0.,2.288895507745),.PIECEWISE_BEZIER_KNOTS.);
#7264 = CARTESIAN_POINT('',(8.881784197001E-16,-3.));
#7265 = CARTESIAN_POINT('',(2.288895507745,-3.));
#7266 = ( GEOMETRIC_REPRESENTATION_CONTEXT(2) 
PARAMETRIC_REPRESENTATION_CONTEXT() REPRESENTATION_CONTEXT('2D SPACE',''
  ) );
#7267 = PCURVE('',#4138,#7268);
#7268 = DEFINITIONAL_REPRESENTATION('',(#7269),#7273);
#7269 = LINE('',#7270,#7271);
#7270 = CARTESIAN_POINT('',(0.,0.));
#7271 = VECTOR('',#7272,1.);
#7272 = DIRECTION('',(1.,0.));
#7273 = ( GEOMETRIC_REPRESENTATION_CONTEXT(2) 
PARAMETRIC_REPRESENTATION_CONTEXT() REPRESENTATION_CONTEXT('2D SPACE',''
  ) );
#7274 = ORIENTED_EDGE('',*,*,#7275,.F.);
#7275 = EDGE_CURVE('',#1341,#7244,#7276,.T.);
#7276 = SURFACE_CURVE('',#7277,(#7281,#7288),.PCURVE_S1.);
#7277 = LINE('',#7278,#7279);
#7278 = CARTESIAN_POINT('',(-8.851564826821,5.647990803514,-3.));
#7279 = VECTOR('',#7280,1.);
#7280 = DIRECTION('',(0.,0.,1.));
#7281 = PCURVE('',#1376,#7282);
#7282 = DEFINITIONAL_REPRESENTATION('',(#7283),#7287);
#7283 = LINE('',#7284,#7285);
#7284 = CARTESIAN_POINT('',(2.288895507745,0.));
#7285 = VECTOR('',#7286,1.);
#7286 = DIRECTION('',(0.,-1.));
#7287 = ( GEOMETRIC_REPRESENTATION_CONTEXT(2) 
PARAMETRIC_REPRESENTATION_CONTEXT() REPRESENTATION_CONTEXT('2D SPACE',''
  ) );
#7288 = PCURVE('',#1417,#7289);
#7289 = DEFINITIONAL_REPRESENTATION('',(#7290),#7293);
#7290 = B_SPLINE_CURVE_WITH_KNOTS('',1,(#7291,#7292),.UNSPECIFIED.,.F.,
  .F.,(2,2),(0.,6.),.PIECEWISE_BEZIER_KNOTS.);
#7291 = CARTESIAN_POINT('',(0.,0.));
#7292 = CARTESIAN_POINT('',(0.,-6.));
#7293 = ( GEOMETRIC_REPRESENTATION_CONTEXT(2) 
PARAMETRIC_REPRESENTATION_CONTEXT() REPRESENTATION_CONTEXT('2D SPACE',''
  ) );
#7294 = ADVANCED_FACE('',(#7295),#1417,.T.);
#7295 = FACE_BOUND('',#7296,.F.);
#7296 = EDGE_LOOP('',(#7297,#7298,#7299,#7320,#7321,#7344));
#7297 = ORIENTED_EDGE('',*,*,#1400,.F.);
#7298 = ORIENTED_EDGE('',*,*,#7275,.T.);
#7299 = ORIENTED_EDGE('',*,*,#7300,.F.);
#7300 = EDGE_CURVE('',#4103,#7244,#7301,.T.);
#7301 = SURFACE_CURVE('',#7302,(#7306,#7313),.PCURVE_S1.);
#7302 = LINE('',#7303,#7304);
#7303 = CARTESIAN_POINT('',(-8.851564826821,5.647990803514,6.));
#7304 = VECTOR('',#7305,1.);
#7305 = DIRECTION('',(0.,0.,-1.));
#7306 = PCURVE('',#1417,#7307);
#7307 = DEFINITIONAL_REPRESENTATION('',(#7308),#7312);
#7308 = LINE('',#7309,#7310);
#7309 = CARTESIAN_POINT('',(-0.,-9.));
#7310 = VECTOR('',#7311,1.);
#7311 = DIRECTION('',(0.,1.));
#7312 = ( GEOMETRIC_REPRESENTATION_CONTEXT(2) 
PARAMETRIC_REPRESENTATION_CONTEXT() REPRESENTATION_CONTEXT('2D SPACE',''
  ) );
#7313 = PCURVE('',#4138,#7314);
#7314 = DEFINITIONAL_REPRESENTATION('',(#7315),#7319);
#7315 = LINE('',#7316,#7317);
#7316 = CARTESIAN_POINT('',(2.288895507745,-6.));
#7317 = VECTOR('',#7318,1.);
#7318 = DIRECTION('',(-0.,1.));
#7319 = ( GEOMETRIC_REPRESENTATION_CONTEXT(2) 
PARAMETRIC_REPRESENTATION_CONTEXT() REPRESENTATION_CONTEXT('2D SPACE',''
  ) );
#7320 = ORIENTED_EDGE('',*,*,#4162,.F.);
#7321 = ORIENTED_EDGE('',*,*,#7322,.F.);
#7322 = EDGE_CURVE('',#7323,#4163,#7325,.T.);
#7323 = VERTEX_POINT('',#7324);
#7324 = CARTESIAN_POINT('',(-9.317085929595,4.841684601515,0.));
#7325 = SURFACE_CURVE('',#7326,(#7330,#7337),.PCURVE_S1.);
#7326 = LINE('',#7327,#7328);
#7327 = CARTESIAN_POINT('',(-9.317085929595,4.841684601515,0.));
#7328 = VECTOR('',#7329,1.);
#7329 = DIRECTION('',(0.,0.,1.));
#7330 = PCURVE('',#1417,#7331);
#7331 = DEFINITIONAL_REPRESENTATION('',(#7332),#7336);
#7332 = LINE('',#7333,#7334);
#7333 = CARTESIAN_POINT('',(-8.86997608188E-02,-3.));
#7334 = VECTOR('',#7335,1.);
#7335 = DIRECTION('',(-0.,-1.));
#7336 = ( GEOMETRIC_REPRESENTATION_CONTEXT(2) 
PARAMETRIC_REPRESENTATION_CONTEXT() REPRESENTATION_CONTEXT('2D SPACE',''
  ) );
#7337 = PCURVE('',#4226,#7338);
#7338 = DEFINITIONAL_REPRESENTATION('',(#7339),#7343);
#7339 = LINE('',#7340,#7341);
#7340 = CARTESIAN_POINT('',(2.288895507745,0.));
#7341 = VECTOR('',#7342,1.);
#7342 = DIRECTION('',(0.,-1.));
#7343 = ( GEOMETRIC_REPRESENTATION_CONTEXT(2) 
PARAMETRIC_REPRESENTATION_CONTEXT() REPRESENTATION_CONTEXT('2D SPACE',''
  ) );
#7344 = ORIENTED_EDGE('',*,*,#7345,.F.);
#7345 = EDGE_CURVE('',#1401,#7323,#7346,.T.);
#7346 = SURFACE_CURVE('',#7347,(#7351,#7357),.PCURVE_S1.);
#7347 = LINE('',#7348,#7349);
#7348 = CARTESIAN_POINT('',(-9.317085929595,4.841684601515,-3.));
#7349 = VECTOR('',#7350,1.);
#7350 = DIRECTION('',(0.,0.,1.));
#7351 = PCURVE('',#1417,#7352);
#7352 = DEFINITIONAL_REPRESENTATION('',(#7353),#7356);
#7353 = B_SPLINE_CURVE_WITH_KNOTS('',1,(#7354,#7355),.UNSPECIFIED.,.F.,
  .F.,(2,2),(0.,6.),.PIECEWISE_BEZIER_KNOTS.);
#7354 = CARTESIAN_POINT('',(-8.86997608188E-02,0.));
#7355 = CARTESIAN_POINT('',(-8.86997608188E-02,-6.));
#7356 = ( GEOMETRIC_REPRESENTATION_CONTEXT(2) 
PARAMETRIC_REPRESENTATION_CONTEXT() REPRESENTATION_CONTEXT('2D SPACE',''
  ) );
#7357 = PCURVE('',#1465,#7358);
#7358 = DEFINITIONAL_REPRESENTATION('',(#7359),#7363);
#7359 = LINE('',#7360,#7361);
#7360 = CARTESIAN_POINT('',(2.288895507745,0.));
#7361 = VECTOR('',#7362,1.);
#7362 = DIRECTION('',(0.,-1.));
#7363 = ( GEOMETRIC_REPRESENTATION_CONTEXT(2) 
PARAMETRIC_REPRESENTATION_CONTEXT() REPRESENTATION_CONTEXT('2D SPACE',''
  ) );
#7364 = ADVANCED_FACE('',(#7365),#1465,.T.);
#7365 = FACE_BOUND('',#7366,.T.);
#7366 = EDGE_LOOP('',(#7367,#7368,#7391,#7421));
#7367 = ORIENTED_EDGE('',*,*,#1429,.F.);
#7368 = ORIENTED_EDGE('',*,*,#7369,.T.);
#7369 = EDGE_CURVE('',#1430,#7370,#7372,.T.);
#7370 = VERTEX_POINT('',#7371);
#7371 = CARTESIAN_POINT('',(-7.860832590292,3.119633140888,0.));
#7372 = SURFACE_CURVE('',#7373,(#7377,#7384),.PCURVE_S1.);
#7373 = LINE('',#7374,#7375);
#7374 = CARTESIAN_POINT('',(-7.860832590292,3.119633140888,-3.));
#7375 = VECTOR('',#7376,1.);
#7376 = DIRECTION('',(0.,0.,1.));
#7377 = PCURVE('',#1465,#7378);
#7378 = DEFINITIONAL_REPRESENTATION('',(#7379),#7383);
#7379 = LINE('',#7380,#7381);
#7380 = CARTESIAN_POINT('',(0.,0.));
#7381 = VECTOR('',#7382,1.);
#7382 = DIRECTION('',(0.,-1.));
#7383 = ( GEOMETRIC_REPRESENTATION_CONTEXT(2) 
PARAMETRIC_REPRESENTATION_CONTEXT() REPRESENTATION_CONTEXT('2D SPACE',''
  ) );
#7384 = PCURVE('',#1505,#7385);
#7385 = DEFINITIONAL_REPRESENTATION('',(#7386),#7390);
#7386 = LINE('',#7387,#7388);
#7387 = CARTESIAN_POINT('',(0.,0.));
#7388 = VECTOR('',#7389,1.);
#7389 = DIRECTION('',(0.,-1.));
#7390 = ( GEOMETRIC_REPRESENTATION_CONTEXT(2) 
PARAMETRIC_REPRESENTATION_CONTEXT() REPRESENTATION_CONTEXT('2D SPACE',''
  ) );
#7391 = ORIENTED_EDGE('',*,*,#7392,.T.);
#7392 = EDGE_CURVE('',#7370,#7323,#7393,.T.);
#7393 = SURFACE_CURVE('',#7394,(#7408,#7414),.PCURVE_S1.);
#7394 = B_SPLINE_CURVE_WITH_KNOTS('',3,(#7395,#7396,#7397,#7398,#7399,
    #7400,#7401,#7402,#7403,#7404,#7405,#7406,#7407),.UNSPECIFIED.,.F.,
  .F.,(4,1,1,1,1,1,1,1,1,1,4),(0.,0.206463071868,0.418064650956,
    0.634628704967,0.856138693673,1.082589269896,1.31397802753,
    1.550303676965,1.79156544634,2.037762836919,2.288895507745),
  .UNSPECIFIED.);
#7395 = CARTESIAN_POINT('',(-7.860832590292,3.119633140888,0.));
#7396 = CARTESIAN_POINT('',(-7.92308252898,3.149741917444,0.));
#7397 = CARTESIAN_POINT('',(-8.043296374098,3.220457719139,0.));
#7398 = CARTESIAN_POINT('',(-8.211148088831,3.349997279891,0.));
#7399 = CARTESIAN_POINT('',(-8.372390076896,3.494723151458,0.));
#7400 = CARTESIAN_POINT('',(-8.526962236299,3.653616494831,0.));
#7401 = CARTESIAN_POINT('',(-8.675218251156,3.824931887605,0.));
#7402 = CARTESIAN_POINT('',(-8.817136776992,4.007818984848,0.));
#7403 = CARTESIAN_POINT('',(-8.95265859164,4.20153472781,0.));
#7404 = CARTESIAN_POINT('',(-9.081649882007,4.405517149889,0.));
#7405 = CARTESIAN_POINT('',(-9.203949094402,4.619273216701,0.));
#7406 = CARTESIAN_POINT('',(-9.280126931087,4.766576531987,0.));
#7407 = CARTESIAN_POINT('',(-9.317085929595,4.841684601515,0.));
#7408 = PCURVE('',#1465,#7409);
#7409 = DEFINITIONAL_REPRESENTATION('',(#7410),#7413);
#7410 = B_SPLINE_CURVE_WITH_KNOTS('',1,(#7411,#7412),.UNSPECIFIED.,.F.,
  .F.,(2,2),(0.,2.288895507745),.PIECEWISE_BEZIER_KNOTS.);
#7411 = CARTESIAN_POINT('',(4.440892098501E-16,-3.));
#7412 = CARTESIAN_POINT('',(2.288895507745,-3.));
#7413 = ( GEOMETRIC_REPRESENTATION_CONTEXT(2) 
PARAMETRIC_REPRESENTATION_CONTEXT() REPRESENTATION_CONTEXT('2D SPACE',''
  ) );
#7414 = PCURVE('',#4226,#7415);
#7415 = DEFINITIONAL_REPRESENTATION('',(#7416),#7420);
#7416 = LINE('',#7417,#7418);
#7417 = CARTESIAN_POINT('',(0.,0.));
#7418 = VECTOR('',#7419,1.);
#7419 = DIRECTION('',(1.,0.));
#7420 = ( GEOMETRIC_REPRESENTATION_CONTEXT(2) 
PARAMETRIC_REPRESENTATION_CONTEXT() REPRESENTATION_CONTEXT('2D SPACE',''
  ) );
#7421 = ORIENTED_EDGE('',*,*,#7345,.F.);
#7422 = ADVANCED_FACE('',(#7423),#1505,.F.);
#7423 = FACE_BOUND('',#7424,.F.);
#7424 = EDGE_LOOP('',(#7425,#7426,#7427,#7448,#7449));
#7425 = ORIENTED_EDGE('',*,*,#1489,.F.);
#7426 = ORIENTED_EDGE('',*,*,#7369,.T.);
#7427 = ORIENTED_EDGE('',*,*,#7428,.F.);
#7428 = EDGE_CURVE('',#4191,#7370,#7429,.T.);
#7429 = SURFACE_CURVE('',#7430,(#7434,#7441),.PCURVE_S1.);
#7430 = LINE('',#7431,#7432);
#7431 = CARTESIAN_POINT('',(-7.860832590292,3.119633140888,6.));
#7432 = VECTOR('',#7433,1.);
#7433 = DIRECTION('',(0.,0.,-1.));
#7434 = PCURVE('',#1505,#7435);
#7435 = DEFINITIONAL_REPRESENTATION('',(#7436),#7440);
#7436 = LINE('',#7437,#7438);
#7437 = CARTESIAN_POINT('',(0.,-9.));
#7438 = VECTOR('',#7439,1.);
#7439 = DIRECTION('',(0.,1.));
#7440 = ( GEOMETRIC_REPRESENTATION_CONTEXT(2) 
PARAMETRIC_REPRESENTATION_CONTEXT() REPRESENTATION_CONTEXT('2D SPACE',''
  ) );
#7441 = PCURVE('',#4226,#7442);
#7442 = DEFINITIONAL_REPRESENTATION('',(#7443),#7447);
#7443 = LINE('',#7444,#7445);
#7444 = CARTESIAN_POINT('',(0.,-6.));
#7445 = VECTOR('',#7446,1.);
#7446 = DIRECTION('',(-0.,1.));
#7447 = ( GEOMETRIC_REPRESENTATION_CONTEXT(2) 
PARAMETRIC_REPRESENTATION_CONTEXT() REPRESENTATION_CONTEXT('2D SPACE',''
  ) );
#7448 = ORIENTED_EDGE('',*,*,#4250,.T.);
#7449 = ORIENTED_EDGE('',*,*,#7450,.F.);
#7450 = EDGE_CURVE('',#1490,#4251,#7451,.T.);
#7451 = SURFACE_CURVE('',#7452,(#7456,#7463),.PCURVE_S1.);
#7452 = LINE('',#7453,#7454);
#7453 = CARTESIAN_POINT('',(-6.622547624963,2.628210028727,-3.));
#7454 = VECTOR('',#7455,1.);
#7455 = DIRECTION('',(0.,9.868649107779E-17,1.));
#7456 = PCURVE('',#1505,#7457);
#7457 = DEFINITIONAL_REPRESENTATION('',(#7458),#7462);
#7458 = LINE('',#7459,#7460);
#7459 = CARTESIAN_POINT('',(1.332233587073,0.));
#7460 = VECTOR('',#7461,1.);
#7461 = DIRECTION('',(-3.640264218252E-17,-1.));
#7462 = ( GEOMETRIC_REPRESENTATION_CONTEXT(2) 
PARAMETRIC_REPRESENTATION_CONTEXT() REPRESENTATION_CONTEXT('2D SPACE',''
  ) );
#7463 = PCURVE('',#1534,#7464);
#7464 = DEFINITIONAL_REPRESENTATION('',(#7465),#7469);
#7465 = LINE('',#7466,#7467);
#7466 = CARTESIAN_POINT('',(-0.,0.));
#7467 = VECTOR('',#7468,1.);
#7468 = DIRECTION('',(-0.,-1.));
#7469 = ( GEOMETRIC_REPRESENTATION_CONTEXT(2) 
PARAMETRIC_REPRESENTATION_CONTEXT() REPRESENTATION_CONTEXT('2D SPACE',''
  ) );
#7470 = ADVANCED_FACE('',(#7471),#1534,.T.);
#7471 = FACE_BOUND('',#7472,.F.);
#7472 = EDGE_LOOP('',(#7473,#7474,#7475,#7476));
#7473 = ORIENTED_EDGE('',*,*,#1517,.F.);
#7474 = ORIENTED_EDGE('',*,*,#7450,.T.);
#7475 = ORIENTED_EDGE('',*,*,#4273,.F.);
#7476 = ORIENTED_EDGE('',*,*,#7477,.F.);
#7477 = EDGE_CURVE('',#1518,#4274,#7478,.T.);
#7478 = SURFACE_CURVE('',#7479,(#7483,#7490),.PCURVE_S1.);
#7479 = LINE('',#7480,#7481);
#7480 = CARTESIAN_POINT('',(-7.049399495353,1.035177161123,-3.));
#7481 = VECTOR('',#7482,1.);
#7482 = DIRECTION('',(0.,9.868649107779E-17,1.));
#7483 = PCURVE('',#1534,#7484);
#7484 = DEFINITIONAL_REPRESENTATION('',(#7485),#7489);
#7485 = LINE('',#7486,#7487);
#7486 = CARTESIAN_POINT('',(-0.231990620064,0.));
#7487 = VECTOR('',#7488,1.);
#7488 = DIRECTION('',(-0.,-1.));
#7489 = ( GEOMETRIC_REPRESENTATION_CONTEXT(2) 
PARAMETRIC_REPRESENTATION_CONTEXT() REPRESENTATION_CONTEXT('2D SPACE',''
  ) );
#7490 = PCURVE('',#1562,#7491);
#7491 = DEFINITIONAL_REPRESENTATION('',(#7492),#7496);
#7492 = LINE('',#7493,#7494);
#7493 = CARTESIAN_POINT('',(1.332233587073,0.));
#7494 = VECTOR('',#7495,1.);
#7495 = DIRECTION('',(-1.433796514739E-17,-1.));
#7496 = ( GEOMETRIC_REPRESENTATION_CONTEXT(2) 
PARAMETRIC_REPRESENTATION_CONTEXT() REPRESENTATION_CONTEXT('2D SPACE',''
  ) );
#7497 = ADVANCED_FACE('',(#7498),#1562,.T.);
#7498 = FACE_BOUND('',#7499,.T.);
#7499 = EDGE_LOOP('',(#7500,#7501,#7524,#7545,#7546));
#7500 = ORIENTED_EDGE('',*,*,#1546,.F.);
#7501 = ORIENTED_EDGE('',*,*,#7502,.T.);
#7502 = EDGE_CURVE('',#1547,#7503,#7505,.T.);
#7503 = VERTEX_POINT('',#7504);
#7504 = CARTESIAN_POINT('',(-8.367497288533,1.228734744649,0.));
#7505 = SURFACE_CURVE('',#7506,(#7510,#7517),.PCURVE_S1.);
#7506 = LINE('',#7507,#7508);
#7507 = CARTESIAN_POINT('',(-8.367497288533,1.228734744649,-3.));
#7508 = VECTOR('',#7509,1.);
#7509 = DIRECTION('',(0.,0.,1.));
#7510 = PCURVE('',#1562,#7511);
#7511 = DEFINITIONAL_REPRESENTATION('',(#7512),#7516);
#7512 = LINE('',#7513,#7514);
#7513 = CARTESIAN_POINT('',(0.,0.));
#7514 = VECTOR('',#7515,1.);
#7515 = DIRECTION('',(0.,-1.));
#7516 = ( GEOMETRIC_REPRESENTATION_CONTEXT(2) 
PARAMETRIC_REPRESENTATION_CONTEXT() REPRESENTATION_CONTEXT('2D SPACE',''
  ) );
#7517 = PCURVE('',#1610,#7518);
#7518 = DEFINITIONAL_REPRESENTATION('',(#7519),#7523);
#7519 = LINE('',#7520,#7521);
#7520 = CARTESIAN_POINT('',(0.,0.));
#7521 = VECTOR('',#7522,1.);
#7522 = DIRECTION('',(0.,-1.));
#7523 = ( GEOMETRIC_REPRESENTATION_CONTEXT(2) 
PARAMETRIC_REPRESENTATION_CONTEXT() REPRESENTATION_CONTEXT('2D SPACE',''
  ) );
#7524 = ORIENTED_EDGE('',*,*,#7525,.T.);
#7525 = EDGE_CURVE('',#7503,#4302,#7526,.T.);
#7526 = SURFACE_CURVE('',#7527,(#7531,#7538),.PCURVE_S1.);
#7527 = LINE('',#7528,#7529);
#7528 = CARTESIAN_POINT('',(-8.367497288533,1.228734744649,0.));
#7529 = VECTOR('',#7530,1.);
#7530 = DIRECTION('',(0.,0.,1.));
#7531 = PCURVE('',#1562,#7532);
#7532 = DEFINITIONAL_REPRESENTATION('',(#7533),#7537);
#7533 = LINE('',#7534,#7535);
#7534 = CARTESIAN_POINT('',(0.,-3.));
#7535 = VECTOR('',#7536,1.);
#7536 = DIRECTION('',(0.,-1.));
#7537 = ( GEOMETRIC_REPRESENTATION_CONTEXT(2) 
PARAMETRIC_REPRESENTATION_CONTEXT() REPRESENTATION_CONTEXT('2D SPACE',''
  ) );
#7538 = PCURVE('',#4360,#7539);
#7539 = DEFINITIONAL_REPRESENTATION('',(#7540),#7544);
#7540 = LINE('',#7541,#7542);
#7541 = CARTESIAN_POINT('',(0.,0.));
#7542 = VECTOR('',#7543,1.);
#7543 = DIRECTION('',(0.,-1.));
#7544 = ( GEOMETRIC_REPRESENTATION_CONTEXT(2) 
PARAMETRIC_REPRESENTATION_CONTEXT() REPRESENTATION_CONTEXT('2D SPACE',''
  ) );
#7545 = ORIENTED_EDGE('',*,*,#4301,.T.);
#7546 = ORIENTED_EDGE('',*,*,#7477,.F.);
#7547 = ADVANCED_FACE('',(#7548),#1610,.F.);
#7548 = FACE_BOUND('',#7549,.F.);
#7549 = EDGE_LOOP('',(#7550,#7551,#7552,#7584));
#7550 = ORIENTED_EDGE('',*,*,#1574,.F.);
#7551 = ORIENTED_EDGE('',*,*,#7502,.T.);
#7552 = ORIENTED_EDGE('',*,*,#7553,.T.);
#7553 = EDGE_CURVE('',#7503,#7554,#7556,.T.);
#7554 = VERTEX_POINT('',#7555);
#7555 = CARTESIAN_POINT('',(-10.48967540502,0.465521102773,0.));
#7556 = SURFACE_CURVE('',#7557,(#7571,#7577),.PCURVE_S1.);
#7557 = B_SPLINE_CURVE_WITH_KNOTS('',3,(#7558,#7559,#7560,#7561,#7562,
    #7563,#7564,#7565,#7566,#7567,#7568,#7569,#7570),.UNSPECIFIED.,.F.,
  .F.,(4,1,1,1,1,1,1,1,1,1,4),(0.,0.206463071868,0.418064650956,
    0.634628704967,0.856138693673,1.082589269896,1.31397802753,
    1.550303676965,1.79156544634,2.037762836919,2.288895507745),
  .UNSPECIFIED.);
#7558 = CARTESIAN_POINT('',(-8.367497288533,1.228734744649,0.));
#7559 = CARTESIAN_POINT('',(-8.4364617051,1.233784748619,0.));
#7560 = CARTESIAN_POINT('',(-8.575927849706,1.232649990461,0.));
#7561 = CARTESIAN_POINT('',(-8.786061479109,1.204391297421,0.));
#7562 = CARTESIAN_POINT('',(-8.998064072713,1.159676010092,0.));
#7563 = CARTESIAN_POINT('',(-9.211374161161,1.09935641794,0.));
#7564 = CARTESIAN_POINT('',(-9.425425332678,1.025120943167,0.));
#7565 = CARTESIAN_POINT('',(-9.639773929941,0.937695333848,0.));
#7566 = CARTESIAN_POINT('',(-9.853997135674,0.837693486654,0.));
#7567 = CARTESIAN_POINT('',(-10.06769808103,0.725535172392,0.));
#7568 = CARTESIAN_POINT('',(-10.28049033924,0.601566594517,0.));
#7569 = CARTESIAN_POINT('',(-10.42011393865,0.51208709976,0.));
#7570 = CARTESIAN_POINT('',(-10.48967540502,0.465521102773,0.));
#7571 = PCURVE('',#1610,#7572);
#7572 = DEFINITIONAL_REPRESENTATION('',(#7573),#7576);
#7573 = B_SPLINE_CURVE_WITH_KNOTS('',1,(#7574,#7575),.UNSPECIFIED.,.F.,
  .F.,(2,2),(0.,2.288895507745),.PIECEWISE_BEZIER_KNOTS.);
#7574 = CARTESIAN_POINT('',(-4.440892098501E-16,-3.));
#7575 = CARTESIAN_POINT('',(2.288895507745,-3.));
#7576 = ( GEOMETRIC_REPRESENTATION_CONTEXT(2) 
PARAMETRIC_REPRESENTATION_CONTEXT() REPRESENTATION_CONTEXT('2D SPACE',''
  ) );
#7577 = PCURVE('',#4360,#7578);
#7578 = DEFINITIONAL_REPRESENTATION('',(#7579),#7583);
#7579 = LINE('',#7580,#7581);
#7580 = CARTESIAN_POINT('',(0.,0.));
#7581 = VECTOR('',#7582,1.);
#7582 = DIRECTION('',(1.,0.));
#7583 = ( GEOMETRIC_REPRESENTATION_CONTEXT(2) 
PARAMETRIC_REPRESENTATION_CONTEXT() REPRESENTATION_CONTEXT('2D SPACE',''
  ) );
#7584 = ORIENTED_EDGE('',*,*,#7585,.F.);
#7585 = EDGE_CURVE('',#1575,#7554,#7586,.T.);
#7586 = SURFACE_CURVE('',#7587,(#7591,#7598),.PCURVE_S1.);
#7587 = LINE('',#7588,#7589);
#7588 = CARTESIAN_POINT('',(-10.48967540502,0.465521102773,-3.));
#7589 = VECTOR('',#7590,1.);
#7590 = DIRECTION('',(0.,0.,1.));
#7591 = PCURVE('',#1610,#7592);
#7592 = DEFINITIONAL_REPRESENTATION('',(#7593),#7597);
#7593 = LINE('',#7594,#7595);
#7594 = CARTESIAN_POINT('',(2.288895507745,0.));
#7595 = VECTOR('',#7596,1.);
#7596 = DIRECTION('',(0.,-1.));
#7597 = ( GEOMETRIC_REPRESENTATION_CONTEXT(2) 
PARAMETRIC_REPRESENTATION_CONTEXT() REPRESENTATION_CONTEXT('2D SPACE',''
  ) );
#7598 = PCURVE('',#1651,#7599);
#7599 = DEFINITIONAL_REPRESENTATION('',(#7600),#7603);
#7600 = B_SPLINE_CURVE_WITH_KNOTS('',1,(#7601,#7602),.UNSPECIFIED.,.F.,
  .F.,(2,2),(0.,6.),.PIECEWISE_BEZIER_KNOTS.);
#7601 = CARTESIAN_POINT('',(0.,0.));
#7602 = CARTESIAN_POINT('',(0.,-6.));
#7603 = ( GEOMETRIC_REPRESENTATION_CONTEXT(2) 
PARAMETRIC_REPRESENTATION_CONTEXT() REPRESENTATION_CONTEXT('2D SPACE',''
  ) );
#7604 = ADVANCED_FACE('',(#7605),#1651,.T.);
#7605 = FACE_BOUND('',#7606,.F.);
#7606 = EDGE_LOOP('',(#7607,#7608,#7609,#7630,#7631,#7654));
#7607 = ORIENTED_EDGE('',*,*,#1634,.F.);
#7608 = ORIENTED_EDGE('',*,*,#7585,.T.);
#7609 = ORIENTED_EDGE('',*,*,#7610,.F.);
#7610 = EDGE_CURVE('',#4325,#7554,#7611,.T.);
#7611 = SURFACE_CURVE('',#7612,(#7616,#7623),.PCURVE_S1.);
#7612 = LINE('',#7613,#7614);
#7613 = CARTESIAN_POINT('',(-10.48967540502,0.465521102773,6.));
#7614 = VECTOR('',#7615,1.);
#7615 = DIRECTION('',(0.,0.,-1.));
#7616 = PCURVE('',#1651,#7617);
#7617 = DEFINITIONAL_REPRESENTATION('',(#7618),#7622);
#7618 = LINE('',#7619,#7620);
#7619 = CARTESIAN_POINT('',(-0.,-9.));
#7620 = VECTOR('',#7621,1.);
#7621 = DIRECTION('',(0.,1.));
#7622 = ( GEOMETRIC_REPRESENTATION_CONTEXT(2) 
PARAMETRIC_REPRESENTATION_CONTEXT() REPRESENTATION_CONTEXT('2D SPACE',''
  ) );
#7623 = PCURVE('',#4360,#7624);
#7624 = DEFINITIONAL_REPRESENTATION('',(#7625),#7629);
#7625 = LINE('',#7626,#7627);
#7626 = CARTESIAN_POINT('',(2.288895507745,-6.));
#7627 = VECTOR('',#7628,1.);
#7628 = DIRECTION('',(-0.,1.));
#7629 = ( GEOMETRIC_REPRESENTATION_CONTEXT(2) 
PARAMETRIC_REPRESENTATION_CONTEXT() REPRESENTATION_CONTEXT('2D SPACE',''
  ) );
#7630 = ORIENTED_EDGE('',*,*,#4384,.F.);
#7631 = ORIENTED_EDGE('',*,*,#7632,.F.);
#7632 = EDGE_CURVE('',#7633,#4385,#7635,.T.);
#7633 = VERTEX_POINT('',#7634);
#7634 = CARTESIAN_POINT('',(-10.48967540502,-0.465521102773,0.));
#7635 = SURFACE_CURVE('',#7636,(#7640,#7647),.PCURVE_S1.);
#7636 = LINE('',#7637,#7638);
#7637 = CARTESIAN_POINT('',(-10.48967540502,-0.465521102773,0.));
#7638 = VECTOR('',#7639,1.);
#7639 = DIRECTION('',(0.,0.,1.));
#7640 = PCURVE('',#1651,#7641);
#7641 = DEFINITIONAL_REPRESENTATION('',(#7642),#7646);
#7642 = LINE('',#7643,#7644);
#7643 = CARTESIAN_POINT('',(-8.86997608188E-02,-3.));
#7644 = VECTOR('',#7645,1.);
#7645 = DIRECTION('',(-0.,-1.));
#7646 = ( GEOMETRIC_REPRESENTATION_CONTEXT(2) 
PARAMETRIC_REPRESENTATION_CONTEXT() REPRESENTATION_CONTEXT('2D SPACE',''
  ) );
#7647 = PCURVE('',#4448,#7648);
#7648 = DEFINITIONAL_REPRESENTATION('',(#7649),#7653);
#7649 = LINE('',#7650,#7651);
#7650 = CARTESIAN_POINT('',(2.288895507745,0.));
#7651 = VECTOR('',#7652,1.);
#7652 = DIRECTION('',(0.,-1.));
#7653 = ( GEOMETRIC_REPRESENTATION_CONTEXT(2) 
PARAMETRIC_REPRESENTATION_CONTEXT() REPRESENTATION_CONTEXT('2D SPACE',''
  ) );
#7654 = ORIENTED_EDGE('',*,*,#7655,.F.);
#7655 = EDGE_CURVE('',#1635,#7633,#7656,.T.);
#7656 = SURFACE_CURVE('',#7657,(#7661,#7667),.PCURVE_S1.);
#7657 = LINE('',#7658,#7659);
#7658 = CARTESIAN_POINT('',(-10.48967540502,-0.465521102773,-3.));
#7659 = VECTOR('',#7660,1.);
#7660 = DIRECTION('',(0.,0.,1.));
#7661 = PCURVE('',#1651,#7662);
#7662 = DEFINITIONAL_REPRESENTATION('',(#7663),#7666);
#7663 = B_SPLINE_CURVE_WITH_KNOTS('',1,(#7664,#7665),.UNSPECIFIED.,.F.,
  .F.,(2,2),(0.,6.),.PIECEWISE_BEZIER_KNOTS.);
#7664 = CARTESIAN_POINT('',(-8.86997608188E-02,0.));
#7665 = CARTESIAN_POINT('',(-8.86997608188E-02,-6.));
#7666 = ( GEOMETRIC_REPRESENTATION_CONTEXT(2) 
PARAMETRIC_REPRESENTATION_CONTEXT() REPRESENTATION_CONTEXT('2D SPACE',''
  ) );
#7667 = PCURVE('',#1699,#7668);
#7668 = DEFINITIONAL_REPRESENTATION('',(#7669),#7673);
#7669 = LINE('',#7670,#7671);
#7670 = CARTESIAN_POINT('',(2.288895507745,0.));
#7671 = VECTOR('',#7672,1.);
#7672 = DIRECTION('',(0.,-1.));
#7673 = ( GEOMETRIC_REPRESENTATION_CONTEXT(2) 
PARAMETRIC_REPRESENTATION_CONTEXT() REPRESENTATION_CONTEXT('2D SPACE',''
  ) );
#7674 = ADVANCED_FACE('',(#7675),#1699,.T.);
#7675 = FACE_BOUND('',#7676,.T.);
#7676 = EDGE_LOOP('',(#7677,#7678,#7701,#7731));
#7677 = ORIENTED_EDGE('',*,*,#1663,.F.);
#7678 = ORIENTED_EDGE('',*,*,#7679,.T.);
#7679 = EDGE_CURVE('',#1664,#7680,#7682,.T.);
#7680 = VERTEX_POINT('',#7681);
#7681 = CARTESIAN_POINT('',(-8.367497288533,-1.228734744649,0.));
#7682 = SURFACE_CURVE('',#7683,(#7687,#7694),.PCURVE_S1.);
#7683 = LINE('',#7684,#7685);
#7684 = CARTESIAN_POINT('',(-8.367497288533,-1.228734744649,-3.));
#7685 = VECTOR('',#7686,1.);
#7686 = DIRECTION('',(0.,0.,1.));
#7687 = PCURVE('',#1699,#7688);
#7688 = DEFINITIONAL_REPRESENTATION('',(#7689),#7693);
#7689 = LINE('',#7690,#7691);
#7690 = CARTESIAN_POINT('',(0.,0.));
#7691 = VECTOR('',#7692,1.);
#7692 = DIRECTION('',(0.,-1.));
#7693 = ( GEOMETRIC_REPRESENTATION_CONTEXT(2) 
PARAMETRIC_REPRESENTATION_CONTEXT() REPRESENTATION_CONTEXT('2D SPACE',''
  ) );
#7694 = PCURVE('',#1739,#7695);
#7695 = DEFINITIONAL_REPRESENTATION('',(#7696),#7700);
#7696 = LINE('',#7697,#7698);
#7697 = CARTESIAN_POINT('',(0.,0.));
#7698 = VECTOR('',#7699,1.);
#7699 = DIRECTION('',(0.,-1.));
#7700 = ( GEOMETRIC_REPRESENTATION_CONTEXT(2) 
PARAMETRIC_REPRESENTATION_CONTEXT() REPRESENTATION_CONTEXT('2D SPACE',''
  ) );
#7701 = ORIENTED_EDGE('',*,*,#7702,.T.);
#7702 = EDGE_CURVE('',#7680,#7633,#7703,.T.);
#7703 = SURFACE_CURVE('',#7704,(#7718,#7724),.PCURVE_S1.);
#7704 = B_SPLINE_CURVE_WITH_KNOTS('',3,(#7705,#7706,#7707,#7708,#7709,
    #7710,#7711,#7712,#7713,#7714,#7715,#7716,#7717),.UNSPECIFIED.,.F.,
  .F.,(4,1,1,1,1,1,1,1,1,1,4),(0.,0.206463071868,0.418064650956,
    0.634628704967,0.856138693673,1.082589269896,1.31397802753,
    1.550303676965,1.79156544634,2.037762836919,2.288895507745),
  .UNSPECIFIED.);
#7705 = CARTESIAN_POINT('',(-8.367497288533,-1.228734744649,0.));
#7706 = CARTESIAN_POINT('',(-8.4364617051,-1.233784748619,0.));
#7707 = CARTESIAN_POINT('',(-8.575927849706,-1.232649990461,0.));
#7708 = CARTESIAN_POINT('',(-8.786061479109,-1.204391297421,0.));
#7709 = CARTESIAN_POINT('',(-8.998064072713,-1.159676010092,0.));
#7710 = CARTESIAN_POINT('',(-9.211374161161,-1.09935641794,0.));
#7711 = CARTESIAN_POINT('',(-9.425425332678,-1.025120943167,0.));
#7712 = CARTESIAN_POINT('',(-9.639773929941,-0.937695333848,0.));
#7713 = CARTESIAN_POINT('',(-9.853997135674,-0.837693486654,0.));
#7714 = CARTESIAN_POINT('',(-10.06769808103,-0.725535172392,0.));
#7715 = CARTESIAN_POINT('',(-10.28049033924,-0.601566594517,0.));
#7716 = CARTESIAN_POINT('',(-10.42011393865,-0.51208709976,0.));
#7717 = CARTESIAN_POINT('',(-10.48967540502,-0.465521102773,0.));
#7718 = PCURVE('',#1699,#7719);
#7719 = DEFINITIONAL_REPRESENTATION('',(#7720),#7723);
#7720 = B_SPLINE_CURVE_WITH_KNOTS('',1,(#7721,#7722),.UNSPECIFIED.,.F.,
  .F.,(2,2),(0.,2.288895507745),.PIECEWISE_BEZIER_KNOTS.);
#7721 = CARTESIAN_POINT('',(4.440892098501E-16,-3.));
#7722 = CARTESIAN_POINT('',(2.288895507745,-3.));
#7723 = ( GEOMETRIC_REPRESENTATION_CONTEXT(2) 
PARAMETRIC_REPRESENTATION_CONTEXT() REPRESENTATION_CONTEXT('2D SPACE',''
  ) );
#7724 = PCURVE('',#4448,#7725);
#7725 = DEFINITIONAL_REPRESENTATION('',(#7726),#7730);
#7726 = LINE('',#7727,#7728);
#7727 = CARTESIAN_POINT('',(0.,0.));
#7728 = VECTOR('',#7729,1.);
#7729 = DIRECTION('',(1.,0.));
#7730 = ( GEOMETRIC_REPRESENTATION_CONTEXT(2) 
PARAMETRIC_REPRESENTATION_CONTEXT() REPRESENTATION_CONTEXT('2D SPACE',''
  ) );
#7731 = ORIENTED_EDGE('',*,*,#7655,.F.);
#7732 = ADVANCED_FACE('',(#7733),#1739,.F.);
#7733 = FACE_BOUND('',#7734,.F.);
#7734 = EDGE_LOOP('',(#7735,#7736,#7737,#7758,#7759));
#7735 = ORIENTED_EDGE('',*,*,#1723,.F.);
#7736 = ORIENTED_EDGE('',*,*,#7679,.T.);
#7737 = ORIENTED_EDGE('',*,*,#7738,.F.);
#7738 = EDGE_CURVE('',#4413,#7680,#7739,.T.);
#7739 = SURFACE_CURVE('',#7740,(#7744,#7751),.PCURVE_S1.);
#7740 = LINE('',#7741,#7742);
#7741 = CARTESIAN_POINT('',(-8.367497288533,-1.228734744649,6.));
#7742 = VECTOR('',#7743,1.);
#7743 = DIRECTION('',(0.,0.,-1.));
#7744 = PCURVE('',#1739,#7745);
#7745 = DEFINITIONAL_REPRESENTATION('',(#7746),#7750);
#7746 = LINE('',#7747,#7748);
#7747 = CARTESIAN_POINT('',(0.,-9.));
#7748 = VECTOR('',#7749,1.);
#7749 = DIRECTION('',(0.,1.));
#7750 = ( GEOMETRIC_REPRESENTATION_CONTEXT(2) 
PARAMETRIC_REPRESENTATION_CONTEXT() REPRESENTATION_CONTEXT('2D SPACE',''
  ) );
#7751 = PCURVE('',#4448,#7752);
#7752 = DEFINITIONAL_REPRESENTATION('',(#7753),#7757);
#7753 = LINE('',#7754,#7755);
#7754 = CARTESIAN_POINT('',(0.,-6.));
#7755 = VECTOR('',#7756,1.);
#7756 = DIRECTION('',(-0.,1.));
#7757 = ( GEOMETRIC_REPRESENTATION_CONTEXT(2) 
PARAMETRIC_REPRESENTATION_CONTEXT() REPRESENTATION_CONTEXT('2D SPACE',''
  ) );
#7758 = ORIENTED_EDGE('',*,*,#4472,.T.);
#7759 = ORIENTED_EDGE('',*,*,#7760,.F.);
#7760 = EDGE_CURVE('',#1724,#4473,#7761,.T.);
#7761 = SURFACE_CURVE('',#7762,(#7766,#7773),.PCURVE_S1.);
#7762 = LINE('',#7763,#7764);
#7763 = CARTESIAN_POINT('',(-7.049399495353,-1.035177161123,-3.));
#7764 = VECTOR('',#7765,1.);
#7765 = DIRECTION('',(0.,9.868649107779E-17,1.));
#7766 = PCURVE('',#1739,#7767);
#7767 = DEFINITIONAL_REPRESENTATION('',(#7768),#7772);
#7768 = LINE('',#7769,#7770);
#7769 = CARTESIAN_POINT('',(1.332233587073,0.));
#7770 = VECTOR('',#7771,1.);
#7771 = DIRECTION('',(1.433796514739E-17,-1.));
#7772 = ( GEOMETRIC_REPRESENTATION_CONTEXT(2) 
PARAMETRIC_REPRESENTATION_CONTEXT() REPRESENTATION_CONTEXT('2D SPACE',''
  ) );
#7773 = PCURVE('',#1768,#7774);
#7774 = DEFINITIONAL_REPRESENTATION('',(#7775),#7779);
#7775 = LINE('',#7776,#7777);
#7776 = CARTESIAN_POINT('',(-0.,0.));
#7777 = VECTOR('',#7778,1.);
#7778 = DIRECTION('',(-0.,-1.));
#7779 = ( GEOMETRIC_REPRESENTATION_CONTEXT(2) 
PARAMETRIC_REPRESENTATION_CONTEXT() REPRESENTATION_CONTEXT('2D SPACE',''
  ) );
#7780 = ADVANCED_FACE('',(#7781),#1768,.T.);
#7781 = FACE_BOUND('',#7782,.F.);
#7782 = EDGE_LOOP('',(#7783,#7784,#7785,#7786));
#7783 = ORIENTED_EDGE('',*,*,#1751,.F.);
#7784 = ORIENTED_EDGE('',*,*,#7760,.T.);
#7785 = ORIENTED_EDGE('',*,*,#4495,.F.);
#7786 = ORIENTED_EDGE('',*,*,#7787,.F.);
#7787 = EDGE_CURVE('',#1752,#4496,#7788,.T.);
#7788 = SURFACE_CURVE('',#7789,(#7793,#7800),.PCURVE_S1.);
#7789 = LINE('',#7790,#7791);
#7790 = CARTESIAN_POINT('',(-6.622547624963,-2.628210028727,-3.));
#7791 = VECTOR('',#7792,1.);
#7792 = DIRECTION('',(0.,9.868649107779E-17,1.));
#7793 = PCURVE('',#1768,#7794);
#7794 = DEFINITIONAL_REPRESENTATION('',(#7795),#7799);
#7795 = LINE('',#7796,#7797);
#7796 = CARTESIAN_POINT('',(-0.231990620064,0.));
#7797 = VECTOR('',#7798,1.);
#7798 = DIRECTION('',(-0.,-1.));
#7799 = ( GEOMETRIC_REPRESENTATION_CONTEXT(2) 
PARAMETRIC_REPRESENTATION_CONTEXT() REPRESENTATION_CONTEXT('2D SPACE',''
  ) );
#7800 = PCURVE('',#1796,#7801);
#7801 = DEFINITIONAL_REPRESENTATION('',(#7802),#7806);
#7802 = LINE('',#7803,#7804);
#7803 = CARTESIAN_POINT('',(1.332233587073,0.));
#7804 = VECTOR('',#7805,1.);
#7805 = DIRECTION('',(3.640264218252E-17,-1.));
#7806 = ( GEOMETRIC_REPRESENTATION_CONTEXT(2) 
PARAMETRIC_REPRESENTATION_CONTEXT() REPRESENTATION_CONTEXT('2D SPACE',''
  ) );
#7807 = ADVANCED_FACE('',(#7808),#1796,.T.);
#7808 = FACE_BOUND('',#7809,.T.);
#7809 = EDGE_LOOP('',(#7810,#7811,#7834,#7855,#7856));
#7810 = ORIENTED_EDGE('',*,*,#1780,.F.);
#7811 = ORIENTED_EDGE('',*,*,#7812,.T.);
#7812 = EDGE_CURVE('',#1781,#7813,#7815,.T.);
#7813 = VERTEX_POINT('',#7814);
#7814 = CARTESIAN_POINT('',(-7.860832590292,-3.119633140888,0.));
#7815 = SURFACE_CURVE('',#7816,(#7820,#7827),.PCURVE_S1.);
#7816 = LINE('',#7817,#7818);
#7817 = CARTESIAN_POINT('',(-7.860832590292,-3.119633140888,-3.));
#7818 = VECTOR('',#7819,1.);
#7819 = DIRECTION('',(0.,0.,1.));
#7820 = PCURVE('',#1796,#7821);
#7821 = DEFINITIONAL_REPRESENTATION('',(#7822),#7826);
#7822 = LINE('',#7823,#7824);
#7823 = CARTESIAN_POINT('',(0.,0.));
#7824 = VECTOR('',#7825,1.);
#7825 = DIRECTION('',(0.,-1.));
#7826 = ( GEOMETRIC_REPRESENTATION_CONTEXT(2) 
PARAMETRIC_REPRESENTATION_CONTEXT() REPRESENTATION_CONTEXT('2D SPACE',''
  ) );
#7827 = PCURVE('',#1844,#7828);
#7828 = DEFINITIONAL_REPRESENTATION('',(#7829),#7833);
#7829 = LINE('',#7830,#7831);
#7830 = CARTESIAN_POINT('',(0.,0.));
#7831 = VECTOR('',#7832,1.);
#7832 = DIRECTION('',(0.,-1.));
#7833 = ( GEOMETRIC_REPRESENTATION_CONTEXT(2) 
PARAMETRIC_REPRESENTATION_CONTEXT() REPRESENTATION_CONTEXT('2D SPACE',''
  ) );
#7834 = ORIENTED_EDGE('',*,*,#7835,.T.);
#7835 = EDGE_CURVE('',#7813,#4524,#7836,.T.);
#7836 = SURFACE_CURVE('',#7837,(#7841,#7848),.PCURVE_S1.);
#7837 = LINE('',#7838,#7839);
#7838 = CARTESIAN_POINT('',(-7.860832590292,-3.119633140888,0.));
#7839 = VECTOR('',#7840,1.);
#7840 = DIRECTION('',(0.,0.,1.));
#7841 = PCURVE('',#1796,#7842);
#7842 = DEFINITIONAL_REPRESENTATION('',(#7843),#7847);
#7843 = LINE('',#7844,#7845);
#7844 = CARTESIAN_POINT('',(0.,-3.));
#7845 = VECTOR('',#7846,1.);
#7846 = DIRECTION('',(0.,-1.));
#7847 = ( GEOMETRIC_REPRESENTATION_CONTEXT(2) 
PARAMETRIC_REPRESENTATION_CONTEXT() REPRESENTATION_CONTEXT('2D SPACE',''
  ) );
#7848 = PCURVE('',#4582,#7849);
#7849 = DEFINITIONAL_REPRESENTATION('',(#7850),#7854);
#7850 = LINE('',#7851,#7852);
#7851 = CARTESIAN_POINT('',(0.,0.));
#7852 = VECTOR('',#7853,1.);
#7853 = DIRECTION('',(0.,-1.));
#7854 = ( GEOMETRIC_REPRESENTATION_CONTEXT(2) 
PARAMETRIC_REPRESENTATION_CONTEXT() REPRESENTATION_CONTEXT('2D SPACE',''
  ) );
#7855 = ORIENTED_EDGE('',*,*,#4523,.T.);
#7856 = ORIENTED_EDGE('',*,*,#7787,.F.);
#7857 = ADVANCED_FACE('',(#7858),#1844,.F.);
#7858 = FACE_BOUND('',#7859,.F.);
#7859 = EDGE_LOOP('',(#7860,#7861,#7862,#7894));
#7860 = ORIENTED_EDGE('',*,*,#1808,.F.);
#7861 = ORIENTED_EDGE('',*,*,#7812,.T.);
#7862 = ORIENTED_EDGE('',*,*,#7863,.T.);
#7863 = EDGE_CURVE('',#7813,#7864,#7866,.T.);
#7864 = VERTEX_POINT('',#7865);
#7865 = CARTESIAN_POINT('',(-9.317085929595,-4.841684601515,0.));
#7866 = SURFACE_CURVE('',#7867,(#7881,#7887),.PCURVE_S1.);
#7867 = B_SPLINE_CURVE_WITH_KNOTS('',3,(#7868,#7869,#7870,#7871,#7872,
    #7873,#7874,#7875,#7876,#7877,#7878,#7879,#7880),.UNSPECIFIED.,.F.,
  .F.,(4,1,1,1,1,1,1,1,1,1,4),(0.,0.206463071868,0.418064650956,
    0.634628704967,0.856138693673,1.082589269896,1.31397802753,
    1.550303676965,1.79156544634,2.037762836919,2.288895507745),
  .UNSPECIFIED.);
#7868 = CARTESIAN_POINT('',(-7.860832590292,-3.119633140888,0.));
#7869 = CARTESIAN_POINT('',(-7.92308252898,-3.149741917444,0.));
#7870 = CARTESIAN_POINT('',(-8.043296374098,-3.220457719139,0.));
#7871 = CARTESIAN_POINT('',(-8.211148088831,-3.349997279891,0.));
#7872 = CARTESIAN_POINT('',(-8.372390076896,-3.494723151458,0.));
#7873 = CARTESIAN_POINT('',(-8.526962236299,-3.653616494831,0.));
#7874 = CARTESIAN_POINT('',(-8.675218251156,-3.824931887605,0.));
#7875 = CARTESIAN_POINT('',(-8.817136776992,-4.007818984848,0.));
#7876 = CARTESIAN_POINT('',(-8.95265859164,-4.20153472781,0.));
#7877 = CARTESIAN_POINT('',(-9.081649882007,-4.405517149889,0.));
#7878 = CARTESIAN_POINT('',(-9.203949094402,-4.619273216701,0.));
#7879 = CARTESIAN_POINT('',(-9.280126931087,-4.766576531987,0.));
#7880 = CARTESIAN_POINT('',(-9.317085929595,-4.841684601515,0.));
#7881 = PCURVE('',#1844,#7882);
#7882 = DEFINITIONAL_REPRESENTATION('',(#7883),#7886);
#7883 = B_SPLINE_CURVE_WITH_KNOTS('',1,(#7884,#7885),.UNSPECIFIED.,.F.,
  .F.,(2,2),(0.,2.288895507745),.PIECEWISE_BEZIER_KNOTS.);
#7884 = CARTESIAN_POINT('',(4.440892098501E-16,-3.));
#7885 = CARTESIAN_POINT('',(2.288895507745,-3.));
#7886 = ( GEOMETRIC_REPRESENTATION_CONTEXT(2) 
PARAMETRIC_REPRESENTATION_CONTEXT() REPRESENTATION_CONTEXT('2D SPACE',''
  ) );
#7887 = PCURVE('',#4582,#7888);
#7888 = DEFINITIONAL_REPRESENTATION('',(#7889),#7893);
#7889 = LINE('',#7890,#7891);
#7890 = CARTESIAN_POINT('',(0.,0.));
#7891 = VECTOR('',#7892,1.);
#7892 = DIRECTION('',(1.,0.));
#7893 = ( GEOMETRIC_REPRESENTATION_CONTEXT(2) 
PARAMETRIC_REPRESENTATION_CONTEXT() REPRESENTATION_CONTEXT('2D SPACE',''
  ) );
#7894 = ORIENTED_EDGE('',*,*,#7895,.F.);
#7895 = EDGE_CURVE('',#1809,#7864,#7896,.T.);
#7896 = SURFACE_CURVE('',#7897,(#7901,#7908),.PCURVE_S1.);
#7897 = LINE('',#7898,#7899);
#7898 = CARTESIAN_POINT('',(-9.317085929595,-4.841684601515,-3.));
#7899 = VECTOR('',#7900,1.);
#7900 = DIRECTION('',(0.,0.,1.));
#7901 = PCURVE('',#1844,#7902);
#7902 = DEFINITIONAL_REPRESENTATION('',(#7903),#7907);
#7903 = LINE('',#7904,#7905);
#7904 = CARTESIAN_POINT('',(2.288895507745,0.));
#7905 = VECTOR('',#7906,1.);
#7906 = DIRECTION('',(0.,-1.));
#7907 = ( GEOMETRIC_REPRESENTATION_CONTEXT(2) 
PARAMETRIC_REPRESENTATION_CONTEXT() REPRESENTATION_CONTEXT('2D SPACE',''
  ) );
#7908 = PCURVE('',#1885,#7909);
#7909 = DEFINITIONAL_REPRESENTATION('',(#7910),#7913);
#7910 = B_SPLINE_CURVE_WITH_KNOTS('',1,(#7911,#7912),.UNSPECIFIED.,.F.,
  .F.,(2,2),(0.,6.),.PIECEWISE_BEZIER_KNOTS.);
#7911 = CARTESIAN_POINT('',(0.,0.));
#7912 = CARTESIAN_POINT('',(0.,-6.));
#7913 = ( GEOMETRIC_REPRESENTATION_CONTEXT(2) 
PARAMETRIC_REPRESENTATION_CONTEXT() REPRESENTATION_CONTEXT('2D SPACE',''
  ) );
#7914 = ADVANCED_FACE('',(#7915),#1885,.T.);
#7915 = FACE_BOUND('',#7916,.F.);
#7916 = EDGE_LOOP('',(#7917,#7918,#7919,#7940,#7941,#7964));
#7917 = ORIENTED_EDGE('',*,*,#1868,.F.);
#7918 = ORIENTED_EDGE('',*,*,#7895,.T.);
#7919 = ORIENTED_EDGE('',*,*,#7920,.F.);
#7920 = EDGE_CURVE('',#4547,#7864,#7921,.T.);
#7921 = SURFACE_CURVE('',#7922,(#7926,#7933),.PCURVE_S1.);
#7922 = LINE('',#7923,#7924);
#7923 = CARTESIAN_POINT('',(-9.317085929595,-4.841684601515,6.));
#7924 = VECTOR('',#7925,1.);
#7925 = DIRECTION('',(0.,0.,-1.));
#7926 = PCURVE('',#1885,#7927);
#7927 = DEFINITIONAL_REPRESENTATION('',(#7928),#7932);
#7928 = LINE('',#7929,#7930);
#7929 = CARTESIAN_POINT('',(-0.,-9.));
#7930 = VECTOR('',#7931,1.);
#7931 = DIRECTION('',(0.,1.));
#7932 = ( GEOMETRIC_REPRESENTATION_CONTEXT(2) 
PARAMETRIC_REPRESENTATION_CONTEXT() REPRESENTATION_CONTEXT('2D SPACE',''
  ) );
#7933 = PCURVE('',#4582,#7934);
#7934 = DEFINITIONAL_REPRESENTATION('',(#7935),#7939);
#7935 = LINE('',#7936,#7937);
#7936 = CARTESIAN_POINT('',(2.288895507745,-6.));
#7937 = VECTOR('',#7938,1.);
#7938 = DIRECTION('',(-0.,1.));
#7939 = ( GEOMETRIC_REPRESENTATION_CONTEXT(2) 
PARAMETRIC_REPRESENTATION_CONTEXT() REPRESENTATION_CONTEXT('2D SPACE',''
  ) );
#7940 = ORIENTED_EDGE('',*,*,#4606,.F.);
#7941 = ORIENTED_EDGE('',*,*,#7942,.F.);
#7942 = EDGE_CURVE('',#7943,#4607,#7945,.T.);
#7943 = VERTEX_POINT('',#7944);
#7944 = CARTESIAN_POINT('',(-8.851564826821,-5.647990803514,0.));
#7945 = SURFACE_CURVE('',#7946,(#7950,#7957),.PCURVE_S1.);
#7946 = LINE('',#7947,#7948);
#7947 = CARTESIAN_POINT('',(-8.851564826821,-5.647990803514,0.));
#7948 = VECTOR('',#7949,1.);
#7949 = DIRECTION('',(0.,0.,1.));
#7950 = PCURVE('',#1885,#7951);
#7951 = DEFINITIONAL_REPRESENTATION('',(#7952),#7956);
#7952 = LINE('',#7953,#7954);
#7953 = CARTESIAN_POINT('',(-8.86997608188E-02,-3.));
#7954 = VECTOR('',#7955,1.);
#7955 = DIRECTION('',(-0.,-1.));
#7956 = ( GEOMETRIC_REPRESENTATION_CONTEXT(2) 
PARAMETRIC_REPRESENTATION_CONTEXT() REPRESENTATION_CONTEXT('2D SPACE',''
  ) );
#7957 = PCURVE('',#4670,#7958);
#7958 = DEFINITIONAL_REPRESENTATION('',(#7959),#7963);
#7959 = LINE('',#7960,#7961);
#7960 = CARTESIAN_POINT('',(2.288895507745,0.));
#7961 = VECTOR('',#7962,1.);
#7962 = DIRECTION('',(0.,-1.));
#7963 = ( GEOMETRIC_REPRESENTATION_CONTEXT(2) 
PARAMETRIC_REPRESENTATION_CONTEXT() REPRESENTATION_CONTEXT('2D SPACE',''
  ) );
#7964 = ORIENTED_EDGE('',*,*,#7965,.F.);
#7965 = EDGE_CURVE('',#1869,#7943,#7966,.T.);
#7966 = SURFACE_CURVE('',#7967,(#7971,#7977),.PCURVE_S1.);
#7967 = LINE('',#7968,#7969);
#7968 = CARTESIAN_POINT('',(-8.851564826821,-5.647990803514,-3.));
#7969 = VECTOR('',#7970,1.);
#7970 = DIRECTION('',(0.,0.,1.));
#7971 = PCURVE('',#1885,#7972);
#7972 = DEFINITIONAL_REPRESENTATION('',(#7973),#7976);
#7973 = B_SPLINE_CURVE_WITH_KNOTS('',1,(#7974,#7975),.UNSPECIFIED.,.F.,
  .F.,(2,2),(0.,6.),.PIECEWISE_BEZIER_KNOTS.);
#7974 = CARTESIAN_POINT('',(-8.86997608188E-02,0.));
#7975 = CARTESIAN_POINT('',(-8.86997608188E-02,-6.));
#7976 = ( GEOMETRIC_REPRESENTATION_CONTEXT(2) 
PARAMETRIC_REPRESENTATION_CONTEXT() REPRESENTATION_CONTEXT('2D SPACE',''
  ) );
#7977 = PCURVE('',#1933,#7978);
#7978 = DEFINITIONAL_REPRESENTATION('',(#7979),#7983);
#7979 = LINE('',#7980,#7981);
#7980 = CARTESIAN_POINT('',(2.288895507745,0.));
#7981 = VECTOR('',#7982,1.);
#7982 = DIRECTION('',(0.,-1.));
#7983 = ( GEOMETRIC_REPRESENTATION_CONTEXT(2) 
PARAMETRIC_REPRESENTATION_CONTEXT() REPRESENTATION_CONTEXT('2D SPACE',''
  ) );
#7984 = ADVANCED_FACE('',(#7985),#1933,.T.);
#7985 = FACE_BOUND('',#7986,.T.);
#7986 = EDGE_LOOP('',(#7987,#7988,#8011,#8041));
#7987 = ORIENTED_EDGE('',*,*,#1897,.F.);
#7988 = ORIENTED_EDGE('',*,*,#7989,.T.);
#7989 = EDGE_CURVE('',#1898,#7990,#7992,.T.);
#7990 = VERTEX_POINT('',#7991);
#7991 = CARTESIAN_POINT('',(-6.632097845643,-5.247864147645,0.));
#7992 = SURFACE_CURVE('',#7993,(#7997,#8004),.PCURVE_S1.);
#7993 = LINE('',#7994,#7995);
#7994 = CARTESIAN_POINT('',(-6.632097845643,-5.247864147645,-3.));
#7995 = VECTOR('',#7996,1.);
#7996 = DIRECTION('',(0.,0.,1.));
#7997 = PCURVE('',#1933,#7998);
#7998 = DEFINITIONAL_REPRESENTATION('',(#7999),#8003);
#7999 = LINE('',#8000,#8001);
#8000 = CARTESIAN_POINT('',(0.,0.));
#8001 = VECTOR('',#8002,1.);
#8002 = DIRECTION('',(0.,-1.));
#8003 = ( GEOMETRIC_REPRESENTATION_CONTEXT(2) 
PARAMETRIC_REPRESENTATION_CONTEXT() REPRESENTATION_CONTEXT('2D SPACE',''
  ) );
#8004 = PCURVE('',#1973,#8005);
#8005 = DEFINITIONAL_REPRESENTATION('',(#8006),#8010);
#8006 = LINE('',#8007,#8008);
#8007 = CARTESIAN_POINT('',(0.,0.));
#8008 = VECTOR('',#8009,1.);
#8009 = DIRECTION('',(0.,-1.));
#8010 = ( GEOMETRIC_REPRESENTATION_CONTEXT(2) 
PARAMETRIC_REPRESENTATION_CONTEXT() REPRESENTATION_CONTEXT('2D SPACE',''
  ) );
#8011 = ORIENTED_EDGE('',*,*,#8012,.T.);
#8012 = EDGE_CURVE('',#7990,#7943,#8013,.T.);
#8013 = SURFACE_CURVE('',#8014,(#8028,#8034),.PCURVE_S1.);
#8014 = B_SPLINE_CURVE_WITH_KNOTS('',3,(#8015,#8016,#8017,#8018,#8019,
    #8020,#8021,#8022,#8023,#8024,#8025,#8026,#8027),.UNSPECIFIED.,.F.,
  .F.,(4,1,1,1,1,1,1,1,1,1,4),(0.,0.206463071868,0.418064650956,
    0.634628704967,0.856138693673,1.082589269896,1.31397802753,
    1.550303676965,1.79156544634,2.037762836919,2.288895507745),
  .UNSPECIFIED.);
#8015 = CARTESIAN_POINT('',(-6.632097845643,-5.247864147645,0.));
#8016 = CARTESIAN_POINT('',(-6.689297780361,-5.286719787656,0.));
#8017 = CARTESIAN_POINT('',(-6.810646383637,-5.355470130567,0.));
#8018 = CARTESIAN_POINT('',(-7.00675679141,-5.436064199218,0.));
#8019 = CARTESIAN_POINT('',(-7.212714066804,-5.503340921255,0.));
#8020 = CARTESIAN_POINT('',(-7.427605818359,-5.55775766633,0.));
#8021 = CARTESIAN_POINT('',(-7.650097307989,-5.600493445073,0.));
#8022 = CARTESIAN_POINT('',(-7.879441443144,-5.631954945093,0.));
#8023 = CARTESIAN_POINT('',(-8.114965104986,-5.652462407864,0.));
#8024 = CARTESIAN_POINT('',(-8.356114709616,-5.66218093115,0.));
#8025 = CARTESIAN_POINT('',(-8.602382499885,-5.66121712254,0.));
#8026 = CARTESIAN_POINT('',(-8.768039831327,-5.653537406672,0.));
#8027 = CARTESIAN_POINT('',(-8.851564826821,-5.647990803514,0.));
#8028 = PCURVE('',#1933,#8029);
#8029 = DEFINITIONAL_REPRESENTATION('',(#8030),#8033);
#8030 = B_SPLINE_CURVE_WITH_KNOTS('',1,(#8031,#8032),.UNSPECIFIED.,.F.,
  .F.,(2,2),(0.,2.288895507745),.PIECEWISE_BEZIER_KNOTS.);
#8031 = CARTESIAN_POINT('',(4.440892098501E-16,-3.));
#8032 = CARTESIAN_POINT('',(2.288895507745,-3.));
#8033 = ( GEOMETRIC_REPRESENTATION_CONTEXT(2) 
PARAMETRIC_REPRESENTATION_CONTEXT() REPRESENTATION_CONTEXT('2D SPACE',''
  ) );
#8034 = PCURVE('',#4670,#8035);
#8035 = DEFINITIONAL_REPRESENTATION('',(#8036),#8040);
#8036 = LINE('',#8037,#8038);
#8037 = CARTESIAN_POINT('',(0.,0.));
#8038 = VECTOR('',#8039,1.);
#8039 = DIRECTION('',(1.,0.));
#8040 = ( GEOMETRIC_REPRESENTATION_CONTEXT(2) 
PARAMETRIC_REPRESENTATION_CONTEXT() REPRESENTATION_CONTEXT('2D SPACE',''
  ) );
#8041 = ORIENTED_EDGE('',*,*,#7965,.F.);
#8042 = ADVANCED_FACE('',(#8043),#1973,.F.);
#8043 = FACE_BOUND('',#8044,.F.);
#8044 = EDGE_LOOP('',(#8045,#8046,#8047,#8068,#8069));
#8045 = ORIENTED_EDGE('',*,*,#1957,.F.);
#8046 = ORIENTED_EDGE('',*,*,#7989,.T.);
#8047 = ORIENTED_EDGE('',*,*,#8048,.F.);
#8048 = EDGE_CURVE('',#4635,#7990,#8049,.T.);
#8049 = SURFACE_CURVE('',#8050,(#8054,#8061),.PCURVE_S1.);
#8050 = LINE('',#8051,#8052);
#8051 = CARTESIAN_POINT('',(-6.632097845643,-5.247864147645,6.));
#8052 = VECTOR('',#8053,1.);
#8053 = DIRECTION('',(0.,0.,-1.));
#8054 = PCURVE('',#1973,#8055);
#8055 = DEFINITIONAL_REPRESENTATION('',(#8056),#8060);
#8056 = LINE('',#8057,#8058);
#8057 = CARTESIAN_POINT('',(0.,-9.));
#8058 = VECTOR('',#8059,1.);
#8059 = DIRECTION('',(0.,1.));
#8060 = ( GEOMETRIC_REPRESENTATION_CONTEXT(2) 
PARAMETRIC_REPRESENTATION_CONTEXT() REPRESENTATION_CONTEXT('2D SPACE',''
  ) );
#8061 = PCURVE('',#4670,#8062);
#8062 = DEFINITIONAL_REPRESENTATION('',(#8063),#8067);
#8063 = LINE('',#8064,#8065);
#8064 = CARTESIAN_POINT('',(0.,-6.));
#8065 = VECTOR('',#8066,1.);
#8066 = DIRECTION('',(-0.,1.));
#8067 = ( GEOMETRIC_REPRESENTATION_CONTEXT(2) 
PARAMETRIC_REPRESENTATION_CONTEXT() REPRESENTATION_CONTEXT('2D SPACE',''
  ) );
#8068 = ORIENTED_EDGE('',*,*,#4694,.T.);
#8069 = ORIENTED_EDGE('',*,*,#8070,.F.);
#8070 = EDGE_CURVE('',#1958,#4695,#8071,.T.);
#8071 = SURFACE_CURVE('',#8072,(#8076,#8083),.PCURVE_S1.);
#8072 = LINE('',#8073,#8074);
#8073 = CARTESIAN_POINT('',(-5.58737046384,-4.421189466627,-3.));
#8074 = VECTOR('',#8075,1.);
#8075 = DIRECTION('',(0.,9.868649107779E-17,1.));
#8076 = PCURVE('',#1973,#8077);
#8077 = DEFINITIONAL_REPRESENTATION('',(#8078),#8082);
#8078 = LINE('',#8079,#8080);
#8079 = CARTESIAN_POINT('',(1.332233587073,0.));
#8080 = VECTOR('',#8081,1.);
#8081 = DIRECTION('',(6.123672629495E-17,-1.));
#8082 = ( GEOMETRIC_REPRESENTATION_CONTEXT(2) 
PARAMETRIC_REPRESENTATION_CONTEXT() REPRESENTATION_CONTEXT('2D SPACE',''
  ) );
#8083 = PCURVE('',#2002,#8084);
#8084 = DEFINITIONAL_REPRESENTATION('',(#8085),#8089);
#8085 = LINE('',#8086,#8087);
#8086 = CARTESIAN_POINT('',(-0.,0.));
#8087 = VECTOR('',#8088,1.);
#8088 = DIRECTION('',(-0.,-1.));
#8089 = ( GEOMETRIC_REPRESENTATION_CONTEXT(2) 
PARAMETRIC_REPRESENTATION_CONTEXT() REPRESENTATION_CONTEXT('2D SPACE',''
  ) );
#8090 = ADVANCED_FACE('',(#8091),#2002,.T.);
#8091 = FACE_BOUND('',#8092,.F.);
#8092 = EDGE_LOOP('',(#8093,#8094,#8095,#8096));
#8093 = ORIENTED_EDGE('',*,*,#1985,.F.);
#8094 = ORIENTED_EDGE('',*,*,#8070,.T.);
#8095 = ORIENTED_EDGE('',*,*,#4717,.F.);
#8096 = ORIENTED_EDGE('',*,*,#8097,.F.);
#8097 = EDGE_CURVE('',#1986,#4718,#8098,.T.);
#8098 = SURFACE_CURVE('',#8099,(#8103,#8110),.PCURVE_S1.);
#8099 = LINE('',#8100,#8101);
#8100 = CARTESIAN_POINT('',(-4.421189466627,-5.58737046384,-3.));
#8101 = VECTOR('',#8102,1.);
#8102 = DIRECTION('',(0.,9.868649107779E-17,1.));
#8103 = PCURVE('',#2002,#8104);
#8104 = DEFINITIONAL_REPRESENTATION('',(#8105),#8109);
#8105 = LINE('',#8106,#8107);
#8106 = CARTESIAN_POINT('',(-0.231990620064,0.));
#8107 = VECTOR('',#8108,1.);
#8108 = DIRECTION('',(-0.,-1.));
#8109 = ( GEOMETRIC_REPRESENTATION_CONTEXT(2) 
PARAMETRIC_REPRESENTATION_CONTEXT() REPRESENTATION_CONTEXT('2D SPACE',''
  ) );
#8110 = PCURVE('',#2030,#8111);
#8111 = DEFINITIONAL_REPRESENTATION('',(#8112),#8116);
#8112 = LINE('',#8113,#8114);
#8113 = CARTESIAN_POINT('',(1.332233587073,0.));
#8114 = VECTOR('',#8115,1.);
#8115 = DIRECTION('',(7.738919093727E-17,-1.));
#8116 = ( GEOMETRIC_REPRESENTATION_CONTEXT(2) 
PARAMETRIC_REPRESENTATION_CONTEXT() REPRESENTATION_CONTEXT('2D SPACE',''
  ) );
#8117 = ADVANCED_FACE('',(#8118),#2030,.T.);
#8118 = FACE_BOUND('',#8119,.T.);
#8119 = EDGE_LOOP('',(#8120,#8121,#8144,#8165,#8166));
#8120 = ORIENTED_EDGE('',*,*,#2014,.F.);
#8121 = ORIENTED_EDGE('',*,*,#8122,.T.);
#8122 = EDGE_CURVE('',#2015,#8123,#8125,.T.);
#8123 = VERTEX_POINT('',#8124);
#8124 = CARTESIAN_POINT('',(-5.247864147645,-6.632097845643,0.));
#8125 = SURFACE_CURVE('',#8126,(#8130,#8137),.PCURVE_S1.);
#8126 = LINE('',#8127,#8128);
#8127 = CARTESIAN_POINT('',(-5.247864147645,-6.632097845643,-3.));
#8128 = VECTOR('',#8129,1.);
#8129 = DIRECTION('',(0.,0.,1.));
#8130 = PCURVE('',#2030,#8131);
#8131 = DEFINITIONAL_REPRESENTATION('',(#8132),#8136);
#8132 = LINE('',#8133,#8134);
#8133 = CARTESIAN_POINT('',(0.,0.));
#8134 = VECTOR('',#8135,1.);
#8135 = DIRECTION('',(0.,-1.));
#8136 = ( GEOMETRIC_REPRESENTATION_CONTEXT(2) 
PARAMETRIC_REPRESENTATION_CONTEXT() REPRESENTATION_CONTEXT('2D SPACE',''
  ) );
#8137 = PCURVE('',#2078,#8138);
#8138 = DEFINITIONAL_REPRESENTATION('',(#8139),#8143);
#8139 = LINE('',#8140,#8141);
#8140 = CARTESIAN_POINT('',(0.,0.));
#8141 = VECTOR('',#8142,1.);
#8142 = DIRECTION('',(0.,-1.));
#8143 = ( GEOMETRIC_REPRESENTATION_CONTEXT(2) 
PARAMETRIC_REPRESENTATION_CONTEXT() REPRESENTATION_CONTEXT('2D SPACE',''
  ) );
#8144 = ORIENTED_EDGE('',*,*,#8145,.T.);
#8145 = EDGE_CURVE('',#8123,#4746,#8146,.T.);
#8146 = SURFACE_CURVE('',#8147,(#8151,#8158),.PCURVE_S1.);
#8147 = LINE('',#8148,#8149);
#8148 = CARTESIAN_POINT('',(-5.247864147645,-6.632097845643,0.));
#8149 = VECTOR('',#8150,1.);
#8150 = DIRECTION('',(0.,0.,1.));
#8151 = PCURVE('',#2030,#8152);
#8152 = DEFINITIONAL_REPRESENTATION('',(#8153),#8157);
#8153 = LINE('',#8154,#8155);
#8154 = CARTESIAN_POINT('',(6.965027184354E-16,-3.));
#8155 = VECTOR('',#8156,1.);
#8156 = DIRECTION('',(0.,-1.));
#8157 = ( GEOMETRIC_REPRESENTATION_CONTEXT(2) 
PARAMETRIC_REPRESENTATION_CONTEXT() REPRESENTATION_CONTEXT('2D SPACE',''
  ) );
#8158 = PCURVE('',#4804,#8159);
#8159 = DEFINITIONAL_REPRESENTATION('',(#8160),#8164);
#8160 = LINE('',#8161,#8162);
#8161 = CARTESIAN_POINT('',(0.,0.));
#8162 = VECTOR('',#8163,1.);
#8163 = DIRECTION('',(0.,-1.));
#8164 = ( GEOMETRIC_REPRESENTATION_CONTEXT(2) 
PARAMETRIC_REPRESENTATION_CONTEXT() REPRESENTATION_CONTEXT('2D SPACE',''
  ) );
#8165 = ORIENTED_EDGE('',*,*,#4745,.T.);
#8166 = ORIENTED_EDGE('',*,*,#8097,.F.);
#8167 = ADVANCED_FACE('',(#8168),#2078,.F.);
#8168 = FACE_BOUND('',#8169,.F.);
#8169 = EDGE_LOOP('',(#8170,#8171,#8172,#8204));
#8170 = ORIENTED_EDGE('',*,*,#2042,.F.);
#8171 = ORIENTED_EDGE('',*,*,#8122,.T.);
#8172 = ORIENTED_EDGE('',*,*,#8173,.T.);
#8173 = EDGE_CURVE('',#8123,#8174,#8176,.T.);
#8174 = VERTEX_POINT('',#8175);
#8175 = CARTESIAN_POINT('',(-5.647990803514,-8.851564826821,0.));
#8176 = SURFACE_CURVE('',#8177,(#8191,#8197),.PCURVE_S1.);
#8177 = B_SPLINE_CURVE_WITH_KNOTS('',3,(#8178,#8179,#8180,#8181,#8182,
    #8183,#8184,#8185,#8186,#8187,#8188,#8189,#8190),.UNSPECIFIED.,.F.,
  .F.,(4,1,1,1,1,1,1,1,1,1,4),(0.,0.206463071868,0.418064650956,
    0.634628704967,0.856138693673,1.082589269896,1.31397802753,
    1.550303676965,1.79156544634,2.037762836919,2.288895507745),
  .UNSPECIFIED.);
#8178 = CARTESIAN_POINT('',(-5.247864147645,-6.632097845643,0.));
#8179 = CARTESIAN_POINT('',(-5.286719787656,-6.689297780361,0.));
#8180 = CARTESIAN_POINT('',(-5.355470130567,-6.810646383637,0.));
#8181 = CARTESIAN_POINT('',(-5.436064199218,-7.00675679141,0.));
#8182 = CARTESIAN_POINT('',(-5.503340921255,-7.212714066804,0.));
#8183 = CARTESIAN_POINT('',(-5.55775766633,-7.427605818359,0.));
#8184 = CARTESIAN_POINT('',(-5.600493445073,-7.650097307989,0.));
#8185 = CARTESIAN_POINT('',(-5.631954945093,-7.879441443144,0.));
#8186 = CARTESIAN_POINT('',(-5.652462407864,-8.114965104986,0.));
#8187 = CARTESIAN_POINT('',(-5.66218093115,-8.356114709616,0.));
#8188 = CARTESIAN_POINT('',(-5.66121712254,-8.602382499885,0.));
#8189 = CARTESIAN_POINT('',(-5.653537406672,-8.768039831327,0.));
#8190 = CARTESIAN_POINT('',(-5.647990803514,-8.851564826821,0.));
#8191 = PCURVE('',#2078,#8192);
#8192 = DEFINITIONAL_REPRESENTATION('',(#8193),#8196);
#8193 = B_SPLINE_CURVE_WITH_KNOTS('',1,(#8194,#8195),.UNSPECIFIED.,.F.,
  .F.,(2,2),(0.,2.288895507745),.PIECEWISE_BEZIER_KNOTS.);
#8194 = CARTESIAN_POINT('',(0.,-3.));
#8195 = CARTESIAN_POINT('',(2.288895507745,-3.));
#8196 = ( GEOMETRIC_REPRESENTATION_CONTEXT(2) 
PARAMETRIC_REPRESENTATION_CONTEXT() REPRESENTATION_CONTEXT('2D SPACE',''
  ) );
#8197 = PCURVE('',#4804,#8198);
#8198 = DEFINITIONAL_REPRESENTATION('',(#8199),#8203);
#8199 = LINE('',#8200,#8201);
#8200 = CARTESIAN_POINT('',(0.,0.));
#8201 = VECTOR('',#8202,1.);
#8202 = DIRECTION('',(1.,0.));
#8203 = ( GEOMETRIC_REPRESENTATION_CONTEXT(2) 
PARAMETRIC_REPRESENTATION_CONTEXT() REPRESENTATION_CONTEXT('2D SPACE',''
  ) );
#8204 = ORIENTED_EDGE('',*,*,#8205,.F.);
#8205 = EDGE_CURVE('',#2043,#8174,#8206,.T.);
#8206 = SURFACE_CURVE('',#8207,(#8211,#8218),.PCURVE_S1.);
#8207 = LINE('',#8208,#8209);
#8208 = CARTESIAN_POINT('',(-5.647990803514,-8.851564826821,-3.));
#8209 = VECTOR('',#8210,1.);
#8210 = DIRECTION('',(0.,0.,1.));
#8211 = PCURVE('',#2078,#8212);
#8212 = DEFINITIONAL_REPRESENTATION('',(#8213),#8217);
#8213 = LINE('',#8214,#8215);
#8214 = CARTESIAN_POINT('',(2.288895507745,0.));
#8215 = VECTOR('',#8216,1.);
#8216 = DIRECTION('',(0.,-1.));
#8217 = ( GEOMETRIC_REPRESENTATION_CONTEXT(2) 
PARAMETRIC_REPRESENTATION_CONTEXT() REPRESENTATION_CONTEXT('2D SPACE',''
  ) );
#8218 = PCURVE('',#2119,#8219);
#8219 = DEFINITIONAL_REPRESENTATION('',(#8220),#8223);
#8220 = B_SPLINE_CURVE_WITH_KNOTS('',1,(#8221,#8222),.UNSPECIFIED.,.F.,
  .F.,(2,2),(0.,6.),.PIECEWISE_BEZIER_KNOTS.);
#8221 = CARTESIAN_POINT('',(0.,0.));
#8222 = CARTESIAN_POINT('',(0.,-6.));
#8223 = ( GEOMETRIC_REPRESENTATION_CONTEXT(2) 
PARAMETRIC_REPRESENTATION_CONTEXT() REPRESENTATION_CONTEXT('2D SPACE',''
  ) );
#8224 = ADVANCED_FACE('',(#8225),#2119,.T.);
#8225 = FACE_BOUND('',#8226,.F.);
#8226 = EDGE_LOOP('',(#8227,#8228,#8229,#8250,#8251,#8274));
#8227 = ORIENTED_EDGE('',*,*,#2102,.F.);
#8228 = ORIENTED_EDGE('',*,*,#8205,.T.);
#8229 = ORIENTED_EDGE('',*,*,#8230,.F.);
#8230 = EDGE_CURVE('',#4769,#8174,#8231,.T.);
#8231 = SURFACE_CURVE('',#8232,(#8236,#8243),.PCURVE_S1.);
#8232 = LINE('',#8233,#8234);
#8233 = CARTESIAN_POINT('',(-5.647990803514,-8.851564826821,6.));
#8234 = VECTOR('',#8235,1.);
#8235 = DIRECTION('',(0.,0.,-1.));
#8236 = PCURVE('',#2119,#8237);
#8237 = DEFINITIONAL_REPRESENTATION('',(#8238),#8242);
#8238 = LINE('',#8239,#8240);
#8239 = CARTESIAN_POINT('',(-0.,-9.));
#8240 = VECTOR('',#8241,1.);
#8241 = DIRECTION('',(0.,1.));
#8242 = ( GEOMETRIC_REPRESENTATION_CONTEXT(2) 
PARAMETRIC_REPRESENTATION_CONTEXT() REPRESENTATION_CONTEXT('2D SPACE',''
  ) );
#8243 = PCURVE('',#4804,#8244);
#8244 = DEFINITIONAL_REPRESENTATION('',(#8245),#8249);
#8245 = LINE('',#8246,#8247);
#8246 = CARTESIAN_POINT('',(2.288895507745,-6.));
#8247 = VECTOR('',#8248,1.);
#8248 = DIRECTION('',(-0.,1.));
#8249 = ( GEOMETRIC_REPRESENTATION_CONTEXT(2) 
PARAMETRIC_REPRESENTATION_CONTEXT() REPRESENTATION_CONTEXT('2D SPACE',''
  ) );
#8250 = ORIENTED_EDGE('',*,*,#4828,.F.);
#8251 = ORIENTED_EDGE('',*,*,#8252,.F.);
#8252 = EDGE_CURVE('',#8253,#4829,#8255,.T.);
#8253 = VERTEX_POINT('',#8254);
#8254 = CARTESIAN_POINT('',(-4.841684601515,-9.317085929595,0.));
#8255 = SURFACE_CURVE('',#8256,(#8260,#8267),.PCURVE_S1.);
#8256 = LINE('',#8257,#8258);
#8257 = CARTESIAN_POINT('',(-4.841684601515,-9.317085929595,0.));
#8258 = VECTOR('',#8259,1.);
#8259 = DIRECTION('',(0.,0.,1.));
#8260 = PCURVE('',#2119,#8261);
#8261 = DEFINITIONAL_REPRESENTATION('',(#8262),#8266);
#8262 = LINE('',#8263,#8264);
#8263 = CARTESIAN_POINT('',(-8.86997608188E-02,-3.));
#8264 = VECTOR('',#8265,1.);
#8265 = DIRECTION('',(-0.,-1.));
#8266 = ( GEOMETRIC_REPRESENTATION_CONTEXT(2) 
PARAMETRIC_REPRESENTATION_CONTEXT() REPRESENTATION_CONTEXT('2D SPACE',''
  ) );
#8267 = PCURVE('',#4892,#8268);
#8268 = DEFINITIONAL_REPRESENTATION('',(#8269),#8273);
#8269 = LINE('',#8270,#8271);
#8270 = CARTESIAN_POINT('',(2.288895507745,0.));
#8271 = VECTOR('',#8272,1.);
#8272 = DIRECTION('',(0.,-1.));
#8273 = ( GEOMETRIC_REPRESENTATION_CONTEXT(2) 
PARAMETRIC_REPRESENTATION_CONTEXT() REPRESENTATION_CONTEXT('2D SPACE',''
  ) );
#8274 = ORIENTED_EDGE('',*,*,#8275,.F.);
#8275 = EDGE_CURVE('',#2103,#8253,#8276,.T.);
#8276 = SURFACE_CURVE('',#8277,(#8281,#8287),.PCURVE_S1.);
#8277 = LINE('',#8278,#8279);
#8278 = CARTESIAN_POINT('',(-4.841684601515,-9.317085929595,-3.));
#8279 = VECTOR('',#8280,1.);
#8280 = DIRECTION('',(0.,0.,1.));
#8281 = PCURVE('',#2119,#8282);
#8282 = DEFINITIONAL_REPRESENTATION('',(#8283),#8286);
#8283 = B_SPLINE_CURVE_WITH_KNOTS('',1,(#8284,#8285),.UNSPECIFIED.,.F.,
  .F.,(2,2),(0.,6.),.PIECEWISE_BEZIER_KNOTS.);
#8284 = CARTESIAN_POINT('',(-8.86997608188E-02,0.));
#8285 = CARTESIAN_POINT('',(-8.86997608188E-02,-6.));
#8286 = ( GEOMETRIC_REPRESENTATION_CONTEXT(2) 
PARAMETRIC_REPRESENTATION_CONTEXT() REPRESENTATION_CONTEXT('2D SPACE',''
  ) );
#8287 = PCURVE('',#2167,#8288);
#8288 = DEFINITIONAL_REPRESENTATION('',(#8289),#8293);
#8289 = LINE('',#8290,#8291);
#8290 = CARTESIAN_POINT('',(2.288895507745,0.));
#8291 = VECTOR('',#8292,1.);
#8292 = DIRECTION('',(0.,-1.));
#8293 = ( GEOMETRIC_REPRESENTATION_CONTEXT(2) 
PARAMETRIC_REPRESENTATION_CONTEXT() REPRESENTATION_CONTEXT('2D SPACE',''
  ) );
#8294 = ADVANCED_FACE('',(#8295),#2167,.T.);
#8295 = FACE_BOUND('',#8296,.T.);
#8296 = EDGE_LOOP('',(#8297,#8298,#8321,#8351));
#8297 = ORIENTED_EDGE('',*,*,#2131,.F.);
#8298 = ORIENTED_EDGE('',*,*,#8299,.T.);
#8299 = EDGE_CURVE('',#2132,#8300,#8302,.T.);
#8300 = VERTEX_POINT('',#8301);
#8301 = CARTESIAN_POINT('',(-3.119633140888,-7.860832590292,0.));
#8302 = SURFACE_CURVE('',#8303,(#8307,#8314),.PCURVE_S1.);
#8303 = LINE('',#8304,#8305);
#8304 = CARTESIAN_POINT('',(-3.119633140888,-7.860832590292,-3.));
#8305 = VECTOR('',#8306,1.);
#8306 = DIRECTION('',(0.,0.,1.));
#8307 = PCURVE('',#2167,#8308);
#8308 = DEFINITIONAL_REPRESENTATION('',(#8309),#8313);
#8309 = LINE('',#8310,#8311);
#8310 = CARTESIAN_POINT('',(0.,0.));
#8311 = VECTOR('',#8312,1.);
#8312 = DIRECTION('',(0.,-1.));
#8313 = ( GEOMETRIC_REPRESENTATION_CONTEXT(2) 
PARAMETRIC_REPRESENTATION_CONTEXT() REPRESENTATION_CONTEXT('2D SPACE',''
  ) );
#8314 = PCURVE('',#2207,#8315);
#8315 = DEFINITIONAL_REPRESENTATION('',(#8316),#8320);
#8316 = LINE('',#8317,#8318);
#8317 = CARTESIAN_POINT('',(0.,0.));
#8318 = VECTOR('',#8319,1.);
#8319 = DIRECTION('',(0.,-1.));
#8320 = ( GEOMETRIC_REPRESENTATION_CONTEXT(2) 
PARAMETRIC_REPRESENTATION_CONTEXT() REPRESENTATION_CONTEXT('2D SPACE',''
  ) );
#8321 = ORIENTED_EDGE('',*,*,#8322,.T.);
#8322 = EDGE_CURVE('',#8300,#8253,#8323,.T.);
#8323 = SURFACE_CURVE('',#8324,(#8338,#8344),.PCURVE_S1.);
#8324 = B_SPLINE_CURVE_WITH_KNOTS('',3,(#8325,#8326,#8327,#8328,#8329,
    #8330,#8331,#8332,#8333,#8334,#8335,#8336,#8337),.UNSPECIFIED.,.F.,
  .F.,(4,1,1,1,1,1,1,1,1,1,4),(0.,0.206463071868,0.418064650956,
    0.634628704967,0.856138693673,1.082589269896,1.31397802753,
    1.550303676965,1.79156544634,2.037762836919,2.288895507745),
  .UNSPECIFIED.);
#8325 = CARTESIAN_POINT('',(-3.119633140888,-7.860832590292,0.));
#8326 = CARTESIAN_POINT('',(-3.149741917444,-7.92308252898,0.));
#8327 = CARTESIAN_POINT('',(-3.220457719139,-8.043296374098,0.));
#8328 = CARTESIAN_POINT('',(-3.349997279891,-8.211148088831,0.));
#8329 = CARTESIAN_POINT('',(-3.494723151458,-8.372390076896,0.));
#8330 = CARTESIAN_POINT('',(-3.653616494831,-8.526962236299,0.));
#8331 = CARTESIAN_POINT('',(-3.824931887605,-8.675218251156,0.));
#8332 = CARTESIAN_POINT('',(-4.007818984848,-8.817136776992,0.));
#8333 = CARTESIAN_POINT('',(-4.20153472781,-8.95265859164,0.));
#8334 = CARTESIAN_POINT('',(-4.405517149889,-9.081649882007,0.));
#8335 = CARTESIAN_POINT('',(-4.619273216701,-9.203949094402,0.));
#8336 = CARTESIAN_POINT('',(-4.766576531987,-9.280126931087,0.));
#8337 = CARTESIAN_POINT('',(-4.841684601515,-9.317085929595,0.));
#8338 = PCURVE('',#2167,#8339);
#8339 = DEFINITIONAL_REPRESENTATION('',(#8340),#8343);
#8340 = B_SPLINE_CURVE_WITH_KNOTS('',1,(#8341,#8342),.UNSPECIFIED.,.F.,
  .F.,(2,2),(0.,2.288895507745),.PIECEWISE_BEZIER_KNOTS.);
#8341 = CARTESIAN_POINT('',(2.22044604925E-16,-3.));
#8342 = CARTESIAN_POINT('',(2.288895507745,-3.));
#8343 = ( GEOMETRIC_REPRESENTATION_CONTEXT(2) 
PARAMETRIC_REPRESENTATION_CONTEXT() REPRESENTATION_CONTEXT('2D SPACE',''
  ) );
#8344 = PCURVE('',#4892,#8345);
#8345 = DEFINITIONAL_REPRESENTATION('',(#8346),#8350);
#8346 = LINE('',#8347,#8348);
#8347 = CARTESIAN_POINT('',(0.,0.));
#8348 = VECTOR('',#8349,1.);
#8349 = DIRECTION('',(1.,0.));
#8350 = ( GEOMETRIC_REPRESENTATION_CONTEXT(2) 
PARAMETRIC_REPRESENTATION_CONTEXT() REPRESENTATION_CONTEXT('2D SPACE',''
  ) );
#8351 = ORIENTED_EDGE('',*,*,#8275,.F.);
#8352 = ADVANCED_FACE('',(#8353),#2207,.F.);
#8353 = FACE_BOUND('',#8354,.F.);
#8354 = EDGE_LOOP('',(#8355,#8356,#8357,#8378,#8379));
#8355 = ORIENTED_EDGE('',*,*,#2191,.F.);
#8356 = ORIENTED_EDGE('',*,*,#8299,.T.);
#8357 = ORIENTED_EDGE('',*,*,#8358,.F.);
#8358 = EDGE_CURVE('',#4857,#8300,#8359,.T.);
#8359 = SURFACE_CURVE('',#8360,(#8364,#8371),.PCURVE_S1.);
#8360 = LINE('',#8361,#8362);
#8361 = CARTESIAN_POINT('',(-3.119633140888,-7.860832590292,6.));
#8362 = VECTOR('',#8363,1.);
#8363 = DIRECTION('',(0.,0.,-1.));
#8364 = PCURVE('',#2207,#8365);
#8365 = DEFINITIONAL_REPRESENTATION('',(#8366),#8370);
#8366 = LINE('',#8367,#8368);
#8367 = CARTESIAN_POINT('',(9.893562945832E-16,-9.));
#8368 = VECTOR('',#8369,1.);
#8369 = DIRECTION('',(0.,1.));
#8370 = ( GEOMETRIC_REPRESENTATION_CONTEXT(2) 
PARAMETRIC_REPRESENTATION_CONTEXT() REPRESENTATION_CONTEXT('2D SPACE',''
  ) );
#8371 = PCURVE('',#4892,#8372);
#8372 = DEFINITIONAL_REPRESENTATION('',(#8373),#8377);
#8373 = LINE('',#8374,#8375);
#8374 = CARTESIAN_POINT('',(0.,-6.));
#8375 = VECTOR('',#8376,1.);
#8376 = DIRECTION('',(-0.,1.));
#8377 = ( GEOMETRIC_REPRESENTATION_CONTEXT(2) 
PARAMETRIC_REPRESENTATION_CONTEXT() REPRESENTATION_CONTEXT('2D SPACE',''
  ) );
#8378 = ORIENTED_EDGE('',*,*,#4916,.T.);
#8379 = ORIENTED_EDGE('',*,*,#8380,.F.);
#8380 = EDGE_CURVE('',#2192,#4917,#8381,.T.);
#8381 = SURFACE_CURVE('',#8382,(#8386,#8393),.PCURVE_S1.);
#8382 = LINE('',#8383,#8384);
#8383 = CARTESIAN_POINT('',(-2.628210028727,-6.622547624963,-3.));
#8384 = VECTOR('',#8385,1.);
#8385 = DIRECTION('',(0.,9.868649107779E-17,1.));
#8386 = PCURVE('',#2207,#8387);
#8387 = DEFINITIONAL_REPRESENTATION('',(#8388),#8392);
#8388 = LINE('',#8389,#8390);
#8389 = CARTESIAN_POINT('',(1.332233587073,0.));
#8390 = VECTOR('',#8391,1.);
#8391 = DIRECTION('',(9.172715608465E-17,-1.));
#8392 = ( GEOMETRIC_REPRESENTATION_CONTEXT(2) 
PARAMETRIC_REPRESENTATION_CONTEXT() REPRESENTATION_CONTEXT('2D SPACE',''
  ) );
#8393 = PCURVE('',#2236,#8394);
#8394 = DEFINITIONAL_REPRESENTATION('',(#8395),#8399);
#8395 = LINE('',#8396,#8397);
#8396 = CARTESIAN_POINT('',(-0.,0.));
#8397 = VECTOR('',#8398,1.);
#8398 = DIRECTION('',(-0.,-1.));
#8399 = ( GEOMETRIC_REPRESENTATION_CONTEXT(2) 
PARAMETRIC_REPRESENTATION_CONTEXT() REPRESENTATION_CONTEXT('2D SPACE',''
  ) );
#8400 = ADVANCED_FACE('',(#8401),#2236,.T.);
#8401 = FACE_BOUND('',#8402,.F.);
#8402 = EDGE_LOOP('',(#8403,#8404,#8405,#8406));
#8403 = ORIENTED_EDGE('',*,*,#2219,.F.);
#8404 = ORIENTED_EDGE('',*,*,#8380,.T.);
#8405 = ORIENTED_EDGE('',*,*,#4939,.F.);
#8406 = ORIENTED_EDGE('',*,*,#8407,.F.);
#8407 = EDGE_CURVE('',#2220,#4940,#8408,.T.);
#8408 = SURFACE_CURVE('',#8409,(#8413,#8420),.PCURVE_S1.);
#8409 = LINE('',#8410,#8411);
#8410 = CARTESIAN_POINT('',(-1.035177161123,-7.049399495353,-3.));
#8411 = VECTOR('',#8412,1.);
#8412 = DIRECTION('',(0.,9.868649107779E-17,1.));
#8413 = PCURVE('',#2236,#8414);
#8414 = DEFINITIONAL_REPRESENTATION('',(#8415),#8419);
#8415 = LINE('',#8416,#8417);
#8416 = CARTESIAN_POINT('',(-0.231990620064,0.));
#8417 = VECTOR('',#8418,1.);
#8418 = DIRECTION('',(-0.,-1.));
#8419 = ( GEOMETRIC_REPRESENTATION_CONTEXT(2) 
PARAMETRIC_REPRESENTATION_CONTEXT() REPRESENTATION_CONTEXT('2D SPACE',''
  ) );
#8420 = PCURVE('',#2264,#8421);
#8421 = DEFINITIONAL_REPRESENTATION('',(#8422),#8426);
#8422 = LINE('',#8423,#8424);
#8423 = CARTESIAN_POINT('',(1.332233587073,0.));
#8424 = VECTOR('',#8425,1.);
#8425 = DIRECTION('',(9.763936847747E-17,-1.));
#8426 = ( GEOMETRIC_REPRESENTATION_CONTEXT(2) 
PARAMETRIC_REPRESENTATION_CONTEXT() REPRESENTATION_CONTEXT('2D SPACE',''
  ) );
#8427 = ADVANCED_FACE('',(#8428),#2264,.T.);
#8428 = FACE_BOUND('',#8429,.T.);
#8429 = EDGE_LOOP('',(#8430,#8431,#8454,#8475,#8476));
#8430 = ORIENTED_EDGE('',*,*,#2248,.F.);
#8431 = ORIENTED_EDGE('',*,*,#8432,.T.);
#8432 = EDGE_CURVE('',#2249,#8433,#8435,.T.);
#8433 = VERTEX_POINT('',#8434);
#8434 = CARTESIAN_POINT('',(-1.228734744649,-8.367497288533,0.));
#8435 = SURFACE_CURVE('',#8436,(#8440,#8447),.PCURVE_S1.);
#8436 = LINE('',#8437,#8438);
#8437 = CARTESIAN_POINT('',(-1.228734744649,-8.367497288533,-3.));
#8438 = VECTOR('',#8439,1.);
#8439 = DIRECTION('',(0.,0.,1.));
#8440 = PCURVE('',#2264,#8441);
#8441 = DEFINITIONAL_REPRESENTATION('',(#8442),#8446);
#8442 = LINE('',#8443,#8444);
#8443 = CARTESIAN_POINT('',(0.,0.));
#8444 = VECTOR('',#8445,1.);
#8445 = DIRECTION('',(0.,-1.));
#8446 = ( GEOMETRIC_REPRESENTATION_CONTEXT(2) 
PARAMETRIC_REPRESENTATION_CONTEXT() REPRESENTATION_CONTEXT('2D SPACE',''
  ) );
#8447 = PCURVE('',#2312,#8448);
#8448 = DEFINITIONAL_REPRESENTATION('',(#8449),#8453);
#8449 = LINE('',#8450,#8451);
#8450 = CARTESIAN_POINT('',(0.,0.));
#8451 = VECTOR('',#8452,1.);
#8452 = DIRECTION('',(0.,-1.));
#8453 = ( GEOMETRIC_REPRESENTATION_CONTEXT(2) 
PARAMETRIC_REPRESENTATION_CONTEXT() REPRESENTATION_CONTEXT('2D SPACE',''
  ) );
#8454 = ORIENTED_EDGE('',*,*,#8455,.T.);
#8455 = EDGE_CURVE('',#8433,#4968,#8456,.T.);
#8456 = SURFACE_CURVE('',#8457,(#8461,#8468),.PCURVE_S1.);
#8457 = LINE('',#8458,#8459);
#8458 = CARTESIAN_POINT('',(-1.228734744649,-8.367497288533,0.));
#8459 = VECTOR('',#8460,1.);
#8460 = DIRECTION('',(0.,0.,1.));
#8461 = PCURVE('',#2264,#8462);
#8462 = DEFINITIONAL_REPRESENTATION('',(#8463),#8467);
#8463 = LINE('',#8464,#8465);
#8464 = CARTESIAN_POINT('',(0.,-3.));
#8465 = VECTOR('',#8466,1.);
#8466 = DIRECTION('',(0.,-1.));
#8467 = ( GEOMETRIC_REPRESENTATION_CONTEXT(2) 
PARAMETRIC_REPRESENTATION_CONTEXT() REPRESENTATION_CONTEXT('2D SPACE',''
  ) );
#8468 = PCURVE('',#5026,#8469);
#8469 = DEFINITIONAL_REPRESENTATION('',(#8470),#8474);
#8470 = LINE('',#8471,#8472);
#8471 = CARTESIAN_POINT('',(0.,0.));
#8472 = VECTOR('',#8473,1.);
#8473 = DIRECTION('',(0.,-1.));
#8474 = ( GEOMETRIC_REPRESENTATION_CONTEXT(2) 
PARAMETRIC_REPRESENTATION_CONTEXT() REPRESENTATION_CONTEXT('2D SPACE',''
  ) );
#8475 = ORIENTED_EDGE('',*,*,#4967,.T.);
#8476 = ORIENTED_EDGE('',*,*,#8407,.F.);
#8477 = ADVANCED_FACE('',(#8478),#2312,.F.);
#8478 = FACE_BOUND('',#8479,.F.);
#8479 = EDGE_LOOP('',(#8480,#8481,#8482,#8514));
#8480 = ORIENTED_EDGE('',*,*,#2276,.F.);
#8481 = ORIENTED_EDGE('',*,*,#8432,.T.);
#8482 = ORIENTED_EDGE('',*,*,#8483,.T.);
#8483 = EDGE_CURVE('',#8433,#8484,#8486,.T.);
#8484 = VERTEX_POINT('',#8485);
#8485 = CARTESIAN_POINT('',(-0.465521102773,-10.48967540502,0.));
#8486 = SURFACE_CURVE('',#8487,(#8501,#8507),.PCURVE_S1.);
#8487 = B_SPLINE_CURVE_WITH_KNOTS('',3,(#8488,#8489,#8490,#8491,#8492,
    #8493,#8494,#8495,#8496,#8497,#8498,#8499,#8500),.UNSPECIFIED.,.F.,
  .F.,(4,1,1,1,1,1,1,1,1,1,4),(0.,0.206463071868,0.418064650956,
    0.634628704967,0.856138693673,1.082589269896,1.31397802753,
    1.550303676965,1.79156544634,2.037762836919,2.288895507745),
  .UNSPECIFIED.);
#8488 = CARTESIAN_POINT('',(-1.228734744649,-8.367497288533,0.));
#8489 = CARTESIAN_POINT('',(-1.233784748619,-8.4364617051,0.));
#8490 = CARTESIAN_POINT('',(-1.232649990461,-8.575927849706,0.));
#8491 = CARTESIAN_POINT('',(-1.204391297421,-8.786061479109,0.));
#8492 = CARTESIAN_POINT('',(-1.159676010092,-8.998064072713,0.));
#8493 = CARTESIAN_POINT('',(-1.09935641794,-9.211374161161,0.));
#8494 = CARTESIAN_POINT('',(-1.025120943167,-9.425425332678,0.));
#8495 = CARTESIAN_POINT('',(-0.937695333848,-9.639773929941,0.));
#8496 = CARTESIAN_POINT('',(-0.837693486654,-9.853997135674,0.));
#8497 = CARTESIAN_POINT('',(-0.725535172392,-10.06769808103,0.));
#8498 = CARTESIAN_POINT('',(-0.601566594517,-10.28049033924,0.));
#8499 = CARTESIAN_POINT('',(-0.51208709976,-10.42011393865,0.));
#8500 = CARTESIAN_POINT('',(-0.465521102773,-10.48967540502,0.));
#8501 = PCURVE('',#2312,#8502);
#8502 = DEFINITIONAL_REPRESENTATION('',(#8503),#8506);
#8503 = B_SPLINE_CURVE_WITH_KNOTS('',1,(#8504,#8505),.UNSPECIFIED.,.F.,
  .F.,(2,2),(0.,2.288895507745),.PIECEWISE_BEZIER_KNOTS.);
#8504 = CARTESIAN_POINT('',(0.,-3.));
#8505 = CARTESIAN_POINT('',(2.288895507745,-3.));
#8506 = ( GEOMETRIC_REPRESENTATION_CONTEXT(2) 
PARAMETRIC_REPRESENTATION_CONTEXT() REPRESENTATION_CONTEXT('2D SPACE',''
  ) );
#8507 = PCURVE('',#5026,#8508);
#8508 = DEFINITIONAL_REPRESENTATION('',(#8509),#8513);
#8509 = LINE('',#8510,#8511);
#8510 = CARTESIAN_POINT('',(0.,0.));
#8511 = VECTOR('',#8512,1.);
#8512 = DIRECTION('',(1.,0.));
#8513 = ( GEOMETRIC_REPRESENTATION_CONTEXT(2) 
PARAMETRIC_REPRESENTATION_CONTEXT() REPRESENTATION_CONTEXT('2D SPACE',''
  ) );
#8514 = ORIENTED_EDGE('',*,*,#8515,.F.);
#8515 = EDGE_CURVE('',#2277,#8484,#8516,.T.);
#8516 = SURFACE_CURVE('',#8517,(#8521,#8528),.PCURVE_S1.);
#8517 = LINE('',#8518,#8519);
#8518 = CARTESIAN_POINT('',(-0.465521102773,-10.48967540502,-3.));
#8519 = VECTOR('',#8520,1.);
#8520 = DIRECTION('',(0.,0.,1.));
#8521 = PCURVE('',#2312,#8522);
#8522 = DEFINITIONAL_REPRESENTATION('',(#8523),#8527);
#8523 = LINE('',#8524,#8525);
#8524 = CARTESIAN_POINT('',(2.288895507745,0.));
#8525 = VECTOR('',#8526,1.);
#8526 = DIRECTION('',(0.,-1.));
#8527 = ( GEOMETRIC_REPRESENTATION_CONTEXT(2) 
PARAMETRIC_REPRESENTATION_CONTEXT() REPRESENTATION_CONTEXT('2D SPACE',''
  ) );
#8528 = PCURVE('',#2353,#8529);
#8529 = DEFINITIONAL_REPRESENTATION('',(#8530),#8533);
#8530 = B_SPLINE_CURVE_WITH_KNOTS('',1,(#8531,#8532),.UNSPECIFIED.,.F.,
  .F.,(2,2),(0.,6.),.PIECEWISE_BEZIER_KNOTS.);
#8531 = CARTESIAN_POINT('',(0.,0.));
#8532 = CARTESIAN_POINT('',(0.,-6.));
#8533 = ( GEOMETRIC_REPRESENTATION_CONTEXT(2) 
PARAMETRIC_REPRESENTATION_CONTEXT() REPRESENTATION_CONTEXT('2D SPACE',''
  ) );
#8534 = ADVANCED_FACE('',(#8535),#2353,.T.);
#8535 = FACE_BOUND('',#8536,.F.);
#8536 = EDGE_LOOP('',(#8537,#8538,#8539,#8560,#8561,#8584));
#8537 = ORIENTED_EDGE('',*,*,#2336,.F.);
#8538 = ORIENTED_EDGE('',*,*,#8515,.T.);
#8539 = ORIENTED_EDGE('',*,*,#8540,.F.);
#8540 = EDGE_CURVE('',#4991,#8484,#8541,.T.);
#8541 = SURFACE_CURVE('',#8542,(#8546,#8553),.PCURVE_S1.);
#8542 = LINE('',#8543,#8544);
#8543 = CARTESIAN_POINT('',(-0.465521102773,-10.48967540502,6.));
#8544 = VECTOR('',#8545,1.);
#8545 = DIRECTION('',(0.,0.,-1.));
#8546 = PCURVE('',#2353,#8547);
#8547 = DEFINITIONAL_REPRESENTATION('',(#8548),#8552);
#8548 = LINE('',#8549,#8550);
#8549 = CARTESIAN_POINT('',(-0.,-9.));
#8550 = VECTOR('',#8551,1.);
#8551 = DIRECTION('',(0.,1.));
#8552 = ( GEOMETRIC_REPRESENTATION_CONTEXT(2) 
PARAMETRIC_REPRESENTATION_CONTEXT() REPRESENTATION_CONTEXT('2D SPACE',''
  ) );
#8553 = PCURVE('',#5026,#8554);
#8554 = DEFINITIONAL_REPRESENTATION('',(#8555),#8559);
#8555 = LINE('',#8556,#8557);
#8556 = CARTESIAN_POINT('',(2.288895507745,-6.));
#8557 = VECTOR('',#8558,1.);
#8558 = DIRECTION('',(-0.,1.));
#8559 = ( GEOMETRIC_REPRESENTATION_CONTEXT(2) 
PARAMETRIC_REPRESENTATION_CONTEXT() REPRESENTATION_CONTEXT('2D SPACE',''
  ) );
#8560 = ORIENTED_EDGE('',*,*,#5050,.F.);
#8561 = ORIENTED_EDGE('',*,*,#8562,.F.);
#8562 = EDGE_CURVE('',#8563,#5051,#8565,.T.);
#8563 = VERTEX_POINT('',#8564);
#8564 = CARTESIAN_POINT('',(0.465521102773,-10.48967540502,0.));
#8565 = SURFACE_CURVE('',#8566,(#8570,#8577),.PCURVE_S1.);
#8566 = LINE('',#8567,#8568);
#8567 = CARTESIAN_POINT('',(0.465521102773,-10.48967540502,0.));
#8568 = VECTOR('',#8569,1.);
#8569 = DIRECTION('',(0.,0.,1.));
#8570 = PCURVE('',#2353,#8571);
#8571 = DEFINITIONAL_REPRESENTATION('',(#8572),#8576);
#8572 = LINE('',#8573,#8574);
#8573 = CARTESIAN_POINT('',(-8.86997608188E-02,-3.));
#8574 = VECTOR('',#8575,1.);
#8575 = DIRECTION('',(-0.,-1.));
#8576 = ( GEOMETRIC_REPRESENTATION_CONTEXT(2) 
PARAMETRIC_REPRESENTATION_CONTEXT() REPRESENTATION_CONTEXT('2D SPACE',''
  ) );
#8577 = PCURVE('',#5114,#8578);
#8578 = DEFINITIONAL_REPRESENTATION('',(#8579),#8583);
#8579 = LINE('',#8580,#8581);
#8580 = CARTESIAN_POINT('',(2.288895507745,0.));
#8581 = VECTOR('',#8582,1.);
#8582 = DIRECTION('',(0.,-1.));
#8583 = ( GEOMETRIC_REPRESENTATION_CONTEXT(2) 
PARAMETRIC_REPRESENTATION_CONTEXT() REPRESENTATION_CONTEXT('2D SPACE',''
  ) );
#8584 = ORIENTED_EDGE('',*,*,#8585,.F.);
#8585 = EDGE_CURVE('',#2337,#8563,#8586,.T.);
#8586 = SURFACE_CURVE('',#8587,(#8591,#8597),.PCURVE_S1.);
#8587 = LINE('',#8588,#8589);
#8588 = CARTESIAN_POINT('',(0.465521102773,-10.48967540502,-3.));
#8589 = VECTOR('',#8590,1.);
#8590 = DIRECTION('',(0.,0.,1.));
#8591 = PCURVE('',#2353,#8592);
#8592 = DEFINITIONAL_REPRESENTATION('',(#8593),#8596);
#8593 = B_SPLINE_CURVE_WITH_KNOTS('',1,(#8594,#8595),.UNSPECIFIED.,.F.,
  .F.,(2,2),(0.,6.),.PIECEWISE_BEZIER_KNOTS.);
#8594 = CARTESIAN_POINT('',(-8.86997608188E-02,0.));
#8595 = CARTESIAN_POINT('',(-8.86997608188E-02,-6.));
#8596 = ( GEOMETRIC_REPRESENTATION_CONTEXT(2) 
PARAMETRIC_REPRESENTATION_CONTEXT() REPRESENTATION_CONTEXT('2D SPACE',''
  ) );
#8597 = PCURVE('',#2401,#8598);
#8598 = DEFINITIONAL_REPRESENTATION('',(#8599),#8603);
#8599 = LINE('',#8600,#8601);
#8600 = CARTESIAN_POINT('',(2.288895507745,0.));
#8601 = VECTOR('',#8602,1.);
#8602 = DIRECTION('',(0.,-1.));
#8603 = ( GEOMETRIC_REPRESENTATION_CONTEXT(2) 
PARAMETRIC_REPRESENTATION_CONTEXT() REPRESENTATION_CONTEXT('2D SPACE',''
  ) );
#8604 = ADVANCED_FACE('',(#8605),#2401,.T.);
#8605 = FACE_BOUND('',#8606,.T.);
#8606 = EDGE_LOOP('',(#8607,#8608,#8631,#8661));
#8607 = ORIENTED_EDGE('',*,*,#2365,.F.);
#8608 = ORIENTED_EDGE('',*,*,#8609,.T.);
#8609 = EDGE_CURVE('',#2366,#8610,#8612,.T.);
#8610 = VERTEX_POINT('',#8611);
#8611 = CARTESIAN_POINT('',(1.228734744649,-8.367497288533,0.));
#8612 = SURFACE_CURVE('',#8613,(#8617,#8624),.PCURVE_S1.);
#8613 = LINE('',#8614,#8615);
#8614 = CARTESIAN_POINT('',(1.228734744649,-8.367497288533,-3.));
#8615 = VECTOR('',#8616,1.);
#8616 = DIRECTION('',(0.,0.,1.));
#8617 = PCURVE('',#2401,#8618);
#8618 = DEFINITIONAL_REPRESENTATION('',(#8619),#8623);
#8619 = LINE('',#8620,#8621);
#8620 = CARTESIAN_POINT('',(0.,0.));
#8621 = VECTOR('',#8622,1.);
#8622 = DIRECTION('',(0.,-1.));
#8623 = ( GEOMETRIC_REPRESENTATION_CONTEXT(2) 
PARAMETRIC_REPRESENTATION_CONTEXT() REPRESENTATION_CONTEXT('2D SPACE',''
  ) );
#8624 = PCURVE('',#2441,#8625);
#8625 = DEFINITIONAL_REPRESENTATION('',(#8626),#8630);
#8626 = LINE('',#8627,#8628);
#8627 = CARTESIAN_POINT('',(0.,0.));
#8628 = VECTOR('',#8629,1.);
#8629 = DIRECTION('',(0.,-1.));
#8630 = ( GEOMETRIC_REPRESENTATION_CONTEXT(2) 
PARAMETRIC_REPRESENTATION_CONTEXT() REPRESENTATION_CONTEXT('2D SPACE',''
  ) );
#8631 = ORIENTED_EDGE('',*,*,#8632,.T.);
#8632 = EDGE_CURVE('',#8610,#8563,#8633,.T.);
#8633 = SURFACE_CURVE('',#8634,(#8648,#8654),.PCURVE_S1.);
#8634 = B_SPLINE_CURVE_WITH_KNOTS('',3,(#8635,#8636,#8637,#8638,#8639,
    #8640,#8641,#8642,#8643,#8644,#8645,#8646,#8647),.UNSPECIFIED.,.F.,
  .F.,(4,1,1,1,1,1,1,1,1,1,4),(0.,0.206463071868,0.418064650956,
    0.634628704967,0.856138693673,1.082589269896,1.31397802753,
    1.550303676965,1.79156544634,2.037762836919,2.288895507745),
  .UNSPECIFIED.);
#8635 = CARTESIAN_POINT('',(1.228734744649,-8.367497288533,0.));
#8636 = CARTESIAN_POINT('',(1.233784748619,-8.4364617051,0.));
#8637 = CARTESIAN_POINT('',(1.232649990461,-8.575927849706,0.));
#8638 = CARTESIAN_POINT('',(1.204391297421,-8.786061479109,0.));
#8639 = CARTESIAN_POINT('',(1.159676010092,-8.998064072713,0.));
#8640 = CARTESIAN_POINT('',(1.09935641794,-9.211374161161,0.));
#8641 = CARTESIAN_POINT('',(1.025120943167,-9.425425332678,0.));
#8642 = CARTESIAN_POINT('',(0.937695333848,-9.639773929941,0.));
#8643 = CARTESIAN_POINT('',(0.837693486654,-9.853997135674,0.));
#8644 = CARTESIAN_POINT('',(0.725535172392,-10.06769808103,0.));
#8645 = CARTESIAN_POINT('',(0.601566594517,-10.28049033924,0.));
#8646 = CARTESIAN_POINT('',(0.51208709976,-10.42011393865,0.));
#8647 = CARTESIAN_POINT('',(0.465521102773,-10.48967540502,0.));
#8648 = PCURVE('',#2401,#8649);
#8649 = DEFINITIONAL_REPRESENTATION('',(#8650),#8653);
#8650 = B_SPLINE_CURVE_WITH_KNOTS('',1,(#8651,#8652),.UNSPECIFIED.,.F.,
  .F.,(2,2),(0.,2.288895507745),.PIECEWISE_BEZIER_KNOTS.);
#8651 = CARTESIAN_POINT('',(0.,-3.));
#8652 = CARTESIAN_POINT('',(2.288895507745,-3.));
#8653 = ( GEOMETRIC_REPRESENTATION_CONTEXT(2) 
PARAMETRIC_REPRESENTATION_CONTEXT() REPRESENTATION_CONTEXT('2D SPACE',''
  ) );
#8654 = PCURVE('',#5114,#8655);
#8655 = DEFINITIONAL_REPRESENTATION('',(#8656),#8660);
#8656 = LINE('',#8657,#8658);
#8657 = CARTESIAN_POINT('',(0.,0.));
#8658 = VECTOR('',#8659,1.);
#8659 = DIRECTION('',(1.,0.));
#8660 = ( GEOMETRIC_REPRESENTATION_CONTEXT(2) 
PARAMETRIC_REPRESENTATION_CONTEXT() REPRESENTATION_CONTEXT('2D SPACE',''
  ) );
#8661 = ORIENTED_EDGE('',*,*,#8585,.F.);
#8662 = ADVANCED_FACE('',(#8663),#2441,.F.);
#8663 = FACE_BOUND('',#8664,.F.);
#8664 = EDGE_LOOP('',(#8665,#8666,#8667,#8688,#8689));
#8665 = ORIENTED_EDGE('',*,*,#2425,.F.);
#8666 = ORIENTED_EDGE('',*,*,#8609,.T.);
#8667 = ORIENTED_EDGE('',*,*,#8668,.F.);
#8668 = EDGE_CURVE('',#5079,#8610,#8669,.T.);
#8669 = SURFACE_CURVE('',#8670,(#8674,#8681),.PCURVE_S1.);
#8670 = LINE('',#8671,#8672);
#8671 = CARTESIAN_POINT('',(1.228734744649,-8.367497288533,6.));
#8672 = VECTOR('',#8673,1.);
#8673 = DIRECTION('',(0.,0.,-1.));
#8674 = PCURVE('',#2441,#8675);
#8675 = DEFINITIONAL_REPRESENTATION('',(#8676),#8680);
#8676 = LINE('',#8677,#8678);
#8677 = CARTESIAN_POINT('',(0.,-9.));
#8678 = VECTOR('',#8679,1.);
#8679 = DIRECTION('',(0.,1.));
#8680 = ( GEOMETRIC_REPRESENTATION_CONTEXT(2) 
PARAMETRIC_REPRESENTATION_CONTEXT() REPRESENTATION_CONTEXT('2D SPACE',''
  ) );
#8681 = PCURVE('',#5114,#8682);
#8682 = DEFINITIONAL_REPRESENTATION('',(#8683),#8687);
#8683 = LINE('',#8684,#8685);
#8684 = CARTESIAN_POINT('',(0.,-6.));
#8685 = VECTOR('',#8686,1.);
#8686 = DIRECTION('',(-0.,1.));
#8687 = ( GEOMETRIC_REPRESENTATION_CONTEXT(2) 
PARAMETRIC_REPRESENTATION_CONTEXT() REPRESENTATION_CONTEXT('2D SPACE',''
  ) );
#8688 = ORIENTED_EDGE('',*,*,#5138,.T.);
#8689 = ORIENTED_EDGE('',*,*,#8690,.F.);
#8690 = EDGE_CURVE('',#2426,#5139,#8691,.T.);
#8691 = SURFACE_CURVE('',#8692,(#8696,#8703),.PCURVE_S1.);
#8692 = LINE('',#8693,#8694);
#8693 = CARTESIAN_POINT('',(1.035177161123,-7.049399495353,-3.));
#8694 = VECTOR('',#8695,1.);
#8695 = DIRECTION('',(0.,9.868649107779E-17,1.));
#8696 = PCURVE('',#2441,#8697);
#8697 = DEFINITIONAL_REPRESENTATION('',(#8698),#8702);
#8698 = LINE('',#8699,#8700);
#8699 = CARTESIAN_POINT('',(1.332233587073,0.));
#8700 = VECTOR('',#8701,1.);
#8701 = DIRECTION('',(9.763936847747E-17,-1.));
#8702 = ( GEOMETRIC_REPRESENTATION_CONTEXT(2) 
PARAMETRIC_REPRESENTATION_CONTEXT() REPRESENTATION_CONTEXT('2D SPACE',''
  ) );
#8703 = PCURVE('',#2470,#8704);
#8704 = DEFINITIONAL_REPRESENTATION('',(#8705),#8709);
#8705 = LINE('',#8706,#8707);
#8706 = CARTESIAN_POINT('',(-0.,0.));
#8707 = VECTOR('',#8708,1.);
#8708 = DIRECTION('',(-0.,-1.));
#8709 = ( GEOMETRIC_REPRESENTATION_CONTEXT(2) 
PARAMETRIC_REPRESENTATION_CONTEXT() REPRESENTATION_CONTEXT('2D SPACE',''
  ) );
#8710 = ADVANCED_FACE('',(#8711),#2470,.T.);
#8711 = FACE_BOUND('',#8712,.F.);
#8712 = EDGE_LOOP('',(#8713,#8714,#8715,#8716));
#8713 = ORIENTED_EDGE('',*,*,#2453,.F.);
#8714 = ORIENTED_EDGE('',*,*,#8690,.T.);
#8715 = ORIENTED_EDGE('',*,*,#5161,.F.);
#8716 = ORIENTED_EDGE('',*,*,#8717,.F.);
#8717 = EDGE_CURVE('',#2454,#5162,#8718,.T.);
#8718 = SURFACE_CURVE('',#8719,(#8723,#8730),.PCURVE_S1.);
#8719 = LINE('',#8720,#8721);
#8720 = CARTESIAN_POINT('',(2.628210028727,-6.622547624963,-3.));
#8721 = VECTOR('',#8722,1.);
#8722 = DIRECTION('',(0.,9.868649107779E-17,1.));
#8723 = PCURVE('',#2470,#8724);
#8724 = DEFINITIONAL_REPRESENTATION('',(#8725),#8729);
#8725 = LINE('',#8726,#8727);
#8726 = CARTESIAN_POINT('',(-0.231990620064,0.));
#8727 = VECTOR('',#8728,1.);
#8728 = DIRECTION('',(-0.,-1.));
#8729 = ( GEOMETRIC_REPRESENTATION_CONTEXT(2) 
PARAMETRIC_REPRESENTATION_CONTEXT() REPRESENTATION_CONTEXT('2D SPACE',''
  ) );
#8730 = PCURVE('',#2498,#8731);
#8731 = DEFINITIONAL_REPRESENTATION('',(#8732),#8736);
#8732 = LINE('',#8733,#8734);
#8733 = CARTESIAN_POINT('',(1.332233587073,0.));
#8734 = VECTOR('',#8735,1.);
#8735 = DIRECTION('',(9.172715608465E-17,-1.));
#8736 = ( GEOMETRIC_REPRESENTATION_CONTEXT(2) 
PARAMETRIC_REPRESENTATION_CONTEXT() REPRESENTATION_CONTEXT('2D SPACE',''
  ) );
#8737 = ADVANCED_FACE('',(#8738),#2498,.T.);
#8738 = FACE_BOUND('',#8739,.T.);
#8739 = EDGE_LOOP('',(#8740,#8741,#8764,#8785,#8786));
#8740 = ORIENTED_EDGE('',*,*,#2482,.F.);
#8741 = ORIENTED_EDGE('',*,*,#8742,.T.);
#8742 = EDGE_CURVE('',#2483,#8743,#8745,.T.);
#8743 = VERTEX_POINT('',#8744);
#8744 = CARTESIAN_POINT('',(3.119633140888,-7.860832590292,0.));
#8745 = SURFACE_CURVE('',#8746,(#8750,#8757),.PCURVE_S1.);
#8746 = LINE('',#8747,#8748);
#8747 = CARTESIAN_POINT('',(3.119633140888,-7.860832590292,-3.));
#8748 = VECTOR('',#8749,1.);
#8749 = DIRECTION('',(0.,0.,1.));
#8750 = PCURVE('',#2498,#8751);
#8751 = DEFINITIONAL_REPRESENTATION('',(#8752),#8756);
#8752 = LINE('',#8753,#8754);
#8753 = CARTESIAN_POINT('',(0.,0.));
#8754 = VECTOR('',#8755,1.);
#8755 = DIRECTION('',(0.,-1.));
#8756 = ( GEOMETRIC_REPRESENTATION_CONTEXT(2) 
PARAMETRIC_REPRESENTATION_CONTEXT() REPRESENTATION_CONTEXT('2D SPACE',''
  ) );
#8757 = PCURVE('',#2546,#8758);
#8758 = DEFINITIONAL_REPRESENTATION('',(#8759),#8763);
#8759 = LINE('',#8760,#8761);
#8760 = CARTESIAN_POINT('',(0.,0.));
#8761 = VECTOR('',#8762,1.);
#8762 = DIRECTION('',(0.,-1.));
#8763 = ( GEOMETRIC_REPRESENTATION_CONTEXT(2) 
PARAMETRIC_REPRESENTATION_CONTEXT() REPRESENTATION_CONTEXT('2D SPACE',''
  ) );
#8764 = ORIENTED_EDGE('',*,*,#8765,.T.);
#8765 = EDGE_CURVE('',#8743,#5190,#8766,.T.);
#8766 = SURFACE_CURVE('',#8767,(#8771,#8778),.PCURVE_S1.);
#8767 = LINE('',#8768,#8769);
#8768 = CARTESIAN_POINT('',(3.119633140888,-7.860832590292,0.));
#8769 = VECTOR('',#8770,1.);
#8770 = DIRECTION('',(0.,0.,1.));
#8771 = PCURVE('',#2498,#8772);
#8772 = DEFINITIONAL_REPRESENTATION('',(#8773),#8777);
#8773 = LINE('',#8774,#8775);
#8774 = CARTESIAN_POINT('',(9.893562945832E-16,-3.));
#8775 = VECTOR('',#8776,1.);
#8776 = DIRECTION('',(0.,-1.));
#8777 = ( GEOMETRIC_REPRESENTATION_CONTEXT(2) 
PARAMETRIC_REPRESENTATION_CONTEXT() REPRESENTATION_CONTEXT('2D SPACE',''
  ) );
#8778 = PCURVE('',#5248,#8779);
#8779 = DEFINITIONAL_REPRESENTATION('',(#8780),#8784);
#8780 = LINE('',#8781,#8782);
#8781 = CARTESIAN_POINT('',(0.,0.));
#8782 = VECTOR('',#8783,1.);
#8783 = DIRECTION('',(0.,-1.));
#8784 = ( GEOMETRIC_REPRESENTATION_CONTEXT(2) 
PARAMETRIC_REPRESENTATION_CONTEXT() REPRESENTATION_CONTEXT('2D SPACE',''
  ) );
#8785 = ORIENTED_EDGE('',*,*,#5189,.T.);
#8786 = ORIENTED_EDGE('',*,*,#8717,.F.);
#8787 = ADVANCED_FACE('',(#8788),#2546,.F.);
#8788 = FACE_BOUND('',#8789,.F.);
#8789 = EDGE_LOOP('',(#8790,#8791,#8792,#8824));
#8790 = ORIENTED_EDGE('',*,*,#2510,.F.);
#8791 = ORIENTED_EDGE('',*,*,#8742,.T.);
#8792 = ORIENTED_EDGE('',*,*,#8793,.T.);
#8793 = EDGE_CURVE('',#8743,#8794,#8796,.T.);
#8794 = VERTEX_POINT('',#8795);
#8795 = CARTESIAN_POINT('',(4.841684601515,-9.317085929595,0.));
#8796 = SURFACE_CURVE('',#8797,(#8811,#8817),.PCURVE_S1.);
#8797 = B_SPLINE_CURVE_WITH_KNOTS('',3,(#8798,#8799,#8800,#8801,#8802,
    #8803,#8804,#8805,#8806,#8807,#8808,#8809,#8810),.UNSPECIFIED.,.F.,
  .F.,(4,1,1,1,1,1,1,1,1,1,4),(0.,0.206463071868,0.418064650956,
    0.634628704967,0.856138693673,1.082589269896,1.31397802753,
    1.550303676965,1.79156544634,2.037762836919,2.288895507745),
  .UNSPECIFIED.);
#8798 = CARTESIAN_POINT('',(3.119633140888,-7.860832590292,0.));
#8799 = CARTESIAN_POINT('',(3.149741917444,-7.92308252898,0.));
#8800 = CARTESIAN_POINT('',(3.220457719139,-8.043296374098,0.));
#8801 = CARTESIAN_POINT('',(3.349997279891,-8.211148088831,0.));
#8802 = CARTESIAN_POINT('',(3.494723151458,-8.372390076896,0.));
#8803 = CARTESIAN_POINT('',(3.653616494831,-8.526962236299,0.));
#8804 = CARTESIAN_POINT('',(3.824931887605,-8.675218251156,0.));
#8805 = CARTESIAN_POINT('',(4.007818984848,-8.817136776992,0.));
#8806 = CARTESIAN_POINT('',(4.20153472781,-8.95265859164,0.));
#8807 = CARTESIAN_POINT('',(4.405517149889,-9.081649882007,0.));
#8808 = CARTESIAN_POINT('',(4.619273216701,-9.203949094402,0.));
#8809 = CARTESIAN_POINT('',(4.766576531987,-9.280126931087,0.));
#8810 = CARTESIAN_POINT('',(4.841684601515,-9.317085929595,0.));
#8811 = PCURVE('',#2546,#8812);
#8812 = DEFINITIONAL_REPRESENTATION('',(#8813),#8816);
#8813 = B_SPLINE_CURVE_WITH_KNOTS('',1,(#8814,#8815),.UNSPECIFIED.,.F.,
  .F.,(2,2),(0.,2.288895507745),.PIECEWISE_BEZIER_KNOTS.);
#8814 = CARTESIAN_POINT('',(4.440892098501E-16,-3.));
#8815 = CARTESIAN_POINT('',(2.288895507745,-3.));
#8816 = ( GEOMETRIC_REPRESENTATION_CONTEXT(2) 
PARAMETRIC_REPRESENTATION_CONTEXT() REPRESENTATION_CONTEXT('2D SPACE',''
  ) );
#8817 = PCURVE('',#5248,#8818);
#8818 = DEFINITIONAL_REPRESENTATION('',(#8819),#8823);
#8819 = LINE('',#8820,#8821);
#8820 = CARTESIAN_POINT('',(0.,0.));
#8821 = VECTOR('',#8822,1.);
#8822 = DIRECTION('',(1.,0.));
#8823 = ( GEOMETRIC_REPRESENTATION_CONTEXT(2) 
PARAMETRIC_REPRESENTATION_CONTEXT() REPRESENTATION_CONTEXT('2D SPACE',''
  ) );
#8824 = ORIENTED_EDGE('',*,*,#8825,.F.);
#8825 = EDGE_CURVE('',#2511,#8794,#8826,.T.);
#8826 = SURFACE_CURVE('',#8827,(#8831,#8838),.PCURVE_S1.);
#8827 = LINE('',#8828,#8829);
#8828 = CARTESIAN_POINT('',(4.841684601515,-9.317085929595,-3.));
#8829 = VECTOR('',#8830,1.);
#8830 = DIRECTION('',(0.,0.,1.));
#8831 = PCURVE('',#2546,#8832);
#8832 = DEFINITIONAL_REPRESENTATION('',(#8833),#8837);
#8833 = LINE('',#8834,#8835);
#8834 = CARTESIAN_POINT('',(2.288895507745,0.));
#8835 = VECTOR('',#8836,1.);
#8836 = DIRECTION('',(0.,-1.));
#8837 = ( GEOMETRIC_REPRESENTATION_CONTEXT(2) 
PARAMETRIC_REPRESENTATION_CONTEXT() REPRESENTATION_CONTEXT('2D SPACE',''
  ) );
#8838 = PCURVE('',#2587,#8839);
#8839 = DEFINITIONAL_REPRESENTATION('',(#8840),#8843);
#8840 = B_SPLINE_CURVE_WITH_KNOTS('',1,(#8841,#8842),.UNSPECIFIED.,.F.,
  .F.,(2,2),(0.,6.),.PIECEWISE_BEZIER_KNOTS.);
#8841 = CARTESIAN_POINT('',(0.,0.));
#8842 = CARTESIAN_POINT('',(0.,-6.));
#8843 = ( GEOMETRIC_REPRESENTATION_CONTEXT(2) 
PARAMETRIC_REPRESENTATION_CONTEXT() REPRESENTATION_CONTEXT('2D SPACE',''
  ) );
#8844 = ADVANCED_FACE('',(#8845),#2587,.T.);
#8845 = FACE_BOUND('',#8846,.F.);
#8846 = EDGE_LOOP('',(#8847,#8848,#8849,#8870,#8871,#8894));
#8847 = ORIENTED_EDGE('',*,*,#2570,.F.);
#8848 = ORIENTED_EDGE('',*,*,#8825,.T.);
#8849 = ORIENTED_EDGE('',*,*,#8850,.F.);
#8850 = EDGE_CURVE('',#5213,#8794,#8851,.T.);
#8851 = SURFACE_CURVE('',#8852,(#8856,#8863),.PCURVE_S1.);
#8852 = LINE('',#8853,#8854);
#8853 = CARTESIAN_POINT('',(4.841684601515,-9.317085929595,6.));
#8854 = VECTOR('',#8855,1.);
#8855 = DIRECTION('',(0.,0.,-1.));
#8856 = PCURVE('',#2587,#8857);
#8857 = DEFINITIONAL_REPRESENTATION('',(#8858),#8862);
#8858 = LINE('',#8859,#8860);
#8859 = CARTESIAN_POINT('',(-0.,-9.));
#8860 = VECTOR('',#8861,1.);
#8861 = DIRECTION('',(0.,1.));
#8862 = ( GEOMETRIC_REPRESENTATION_CONTEXT(2) 
PARAMETRIC_REPRESENTATION_CONTEXT() REPRESENTATION_CONTEXT('2D SPACE',''
  ) );
#8863 = PCURVE('',#5248,#8864);
#8864 = DEFINITIONAL_REPRESENTATION('',(#8865),#8869);
#8865 = LINE('',#8866,#8867);
#8866 = CARTESIAN_POINT('',(2.288895507745,-6.));
#8867 = VECTOR('',#8868,1.);
#8868 = DIRECTION('',(-0.,1.));
#8869 = ( GEOMETRIC_REPRESENTATION_CONTEXT(2) 
PARAMETRIC_REPRESENTATION_CONTEXT() REPRESENTATION_CONTEXT('2D SPACE',''
  ) );
#8870 = ORIENTED_EDGE('',*,*,#5272,.F.);
#8871 = ORIENTED_EDGE('',*,*,#8872,.F.);
#8872 = EDGE_CURVE('',#8873,#5273,#8875,.T.);
#8873 = VERTEX_POINT('',#8874);
#8874 = CARTESIAN_POINT('',(5.647990803514,-8.851564826821,0.));
#8875 = SURFACE_CURVE('',#8876,(#8880,#8887),.PCURVE_S1.);
#8876 = LINE('',#8877,#8878);
#8877 = CARTESIAN_POINT('',(5.647990803514,-8.851564826821,0.));
#8878 = VECTOR('',#8879,1.);
#8879 = DIRECTION('',(0.,0.,1.));
#8880 = PCURVE('',#2587,#8881);
#8881 = DEFINITIONAL_REPRESENTATION('',(#8882),#8886);
#8882 = LINE('',#8883,#8884);
#8883 = CARTESIAN_POINT('',(-8.86997608188E-02,-3.));
#8884 = VECTOR('',#8885,1.);
#8885 = DIRECTION('',(-0.,-1.));
#8886 = ( GEOMETRIC_REPRESENTATION_CONTEXT(2) 
PARAMETRIC_REPRESENTATION_CONTEXT() REPRESENTATION_CONTEXT('2D SPACE',''
  ) );
#8887 = PCURVE('',#5336,#8888);
#8888 = DEFINITIONAL_REPRESENTATION('',(#8889),#8893);
#8889 = LINE('',#8890,#8891);
#8890 = CARTESIAN_POINT('',(2.288895507745,0.));
#8891 = VECTOR('',#8892,1.);
#8892 = DIRECTION('',(0.,-1.));
#8893 = ( GEOMETRIC_REPRESENTATION_CONTEXT(2) 
PARAMETRIC_REPRESENTATION_CONTEXT() REPRESENTATION_CONTEXT('2D SPACE',''
  ) );
#8894 = ORIENTED_EDGE('',*,*,#8895,.F.);
#8895 = EDGE_CURVE('',#2571,#8873,#8896,.T.);
#8896 = SURFACE_CURVE('',#8897,(#8901,#8907),.PCURVE_S1.);
#8897 = LINE('',#8898,#8899);
#8898 = CARTESIAN_POINT('',(5.647990803514,-8.851564826821,-3.));
#8899 = VECTOR('',#8900,1.);
#8900 = DIRECTION('',(0.,0.,1.));
#8901 = PCURVE('',#2587,#8902);
#8902 = DEFINITIONAL_REPRESENTATION('',(#8903),#8906);
#8903 = B_SPLINE_CURVE_WITH_KNOTS('',1,(#8904,#8905),.UNSPECIFIED.,.F.,
  .F.,(2,2),(0.,6.),.PIECEWISE_BEZIER_KNOTS.);
#8904 = CARTESIAN_POINT('',(-8.86997608188E-02,0.));
#8905 = CARTESIAN_POINT('',(-8.86997608188E-02,-6.));
#8906 = ( GEOMETRIC_REPRESENTATION_CONTEXT(2) 
PARAMETRIC_REPRESENTATION_CONTEXT() REPRESENTATION_CONTEXT('2D SPACE',''
  ) );
#8907 = PCURVE('',#2635,#8908);
#8908 = DEFINITIONAL_REPRESENTATION('',(#8909),#8913);
#8909 = LINE('',#8910,#8911);
#8910 = CARTESIAN_POINT('',(2.288895507745,0.));
#8911 = VECTOR('',#8912,1.);
#8912 = DIRECTION('',(0.,-1.));
#8913 = ( GEOMETRIC_REPRESENTATION_CONTEXT(2) 
PARAMETRIC_REPRESENTATION_CONTEXT() REPRESENTATION_CONTEXT('2D SPACE',''
  ) );
#8914 = ADVANCED_FACE('',(#8915),#2635,.T.);
#8915 = FACE_BOUND('',#8916,.T.);
#8916 = EDGE_LOOP('',(#8917,#8918,#8941,#8971));
#8917 = ORIENTED_EDGE('',*,*,#2599,.F.);
#8918 = ORIENTED_EDGE('',*,*,#8919,.T.);
#8919 = EDGE_CURVE('',#2600,#8920,#8922,.T.);
#8920 = VERTEX_POINT('',#8921);
#8921 = CARTESIAN_POINT('',(5.247864147645,-6.632097845643,0.));
#8922 = SURFACE_CURVE('',#8923,(#8927,#8934),.PCURVE_S1.);
#8923 = LINE('',#8924,#8925);
#8924 = CARTESIAN_POINT('',(5.247864147645,-6.632097845643,-3.));
#8925 = VECTOR('',#8926,1.);
#8926 = DIRECTION('',(0.,0.,1.));
#8927 = PCURVE('',#2635,#8928);
#8928 = DEFINITIONAL_REPRESENTATION('',(#8929),#8933);
#8929 = LINE('',#8930,#8931);
#8930 = CARTESIAN_POINT('',(0.,0.));
#8931 = VECTOR('',#8932,1.);
#8932 = DIRECTION('',(0.,-1.));
#8933 = ( GEOMETRIC_REPRESENTATION_CONTEXT(2) 
PARAMETRIC_REPRESENTATION_CONTEXT() REPRESENTATION_CONTEXT('2D SPACE',''
  ) );
#8934 = PCURVE('',#2675,#8935);
#8935 = DEFINITIONAL_REPRESENTATION('',(#8936),#8940);
#8936 = LINE('',#8937,#8938);
#8937 = CARTESIAN_POINT('',(0.,0.));
#8938 = VECTOR('',#8939,1.);
#8939 = DIRECTION('',(0.,-1.));
#8940 = ( GEOMETRIC_REPRESENTATION_CONTEXT(2) 
PARAMETRIC_REPRESENTATION_CONTEXT() REPRESENTATION_CONTEXT('2D SPACE',''
  ) );
#8941 = ORIENTED_EDGE('',*,*,#8942,.T.);
#8942 = EDGE_CURVE('',#8920,#8873,#8943,.T.);
#8943 = SURFACE_CURVE('',#8944,(#8958,#8964),.PCURVE_S1.);
#8944 = B_SPLINE_CURVE_WITH_KNOTS('',3,(#8945,#8946,#8947,#8948,#8949,
    #8950,#8951,#8952,#8953,#8954,#8955,#8956,#8957),.UNSPECIFIED.,.F.,
  .F.,(4,1,1,1,1,1,1,1,1,1,4),(0.,0.206463071868,0.418064650956,
    0.634628704967,0.856138693673,1.082589269896,1.31397802753,
    1.550303676965,1.79156544634,2.037762836919,2.288895507745),
  .UNSPECIFIED.);
#8945 = CARTESIAN_POINT('',(5.247864147645,-6.632097845643,0.));
#8946 = CARTESIAN_POINT('',(5.286719787656,-6.689297780361,0.));
#8947 = CARTESIAN_POINT('',(5.355470130567,-6.810646383637,0.));
#8948 = CARTESIAN_POINT('',(5.436064199218,-7.00675679141,0.));
#8949 = CARTESIAN_POINT('',(5.503340921255,-7.212714066804,0.));
#8950 = CARTESIAN_POINT('',(5.55775766633,-7.427605818359,0.));
#8951 = CARTESIAN_POINT('',(5.600493445073,-7.650097307989,0.));
#8952 = CARTESIAN_POINT('',(5.631954945093,-7.879441443144,0.));
#8953 = CARTESIAN_POINT('',(5.652462407864,-8.114965104986,0.));
#8954 = CARTESIAN_POINT('',(5.66218093115,-8.356114709616,0.));
#8955 = CARTESIAN_POINT('',(5.66121712254,-8.602382499885,0.));
#8956 = CARTESIAN_POINT('',(5.653537406672,-8.768039831327,0.));
#8957 = CARTESIAN_POINT('',(5.647990803514,-8.851564826821,0.));
#8958 = PCURVE('',#2635,#8959);
#8959 = DEFINITIONAL_REPRESENTATION('',(#8960),#8963);
#8960 = B_SPLINE_CURVE_WITH_KNOTS('',1,(#8961,#8962),.UNSPECIFIED.,.F.,
  .F.,(2,2),(0.,2.288895507745),.PIECEWISE_BEZIER_KNOTS.);
#8961 = CARTESIAN_POINT('',(0.,-3.));
#8962 = CARTESIAN_POINT('',(2.288895507745,-3.));
#8963 = ( GEOMETRIC_REPRESENTATION_CONTEXT(2) 
PARAMETRIC_REPRESENTATION_CONTEXT() REPRESENTATION_CONTEXT('2D SPACE',''
  ) );
#8964 = PCURVE('',#5336,#8965);
#8965 = DEFINITIONAL_REPRESENTATION('',(#8966),#8970);
#8966 = LINE('',#8967,#8968);
#8967 = CARTESIAN_POINT('',(0.,0.));
#8968 = VECTOR('',#8969,1.);
#8969 = DIRECTION('',(1.,0.));
#8970 = ( GEOMETRIC_REPRESENTATION_CONTEXT(2) 
PARAMETRIC_REPRESENTATION_CONTEXT() REPRESENTATION_CONTEXT('2D SPACE',''
  ) );
#8971 = ORIENTED_EDGE('',*,*,#8895,.F.);
#8972 = ADVANCED_FACE('',(#8973),#2675,.F.);
#8973 = FACE_BOUND('',#8974,.F.);
#8974 = EDGE_LOOP('',(#8975,#8976,#8977,#8998,#8999));
#8975 = ORIENTED_EDGE('',*,*,#2659,.F.);
#8976 = ORIENTED_EDGE('',*,*,#8919,.T.);
#8977 = ORIENTED_EDGE('',*,*,#8978,.F.);
#8978 = EDGE_CURVE('',#5301,#8920,#8979,.T.);
#8979 = SURFACE_CURVE('',#8980,(#8984,#8991),.PCURVE_S1.);
#8980 = LINE('',#8981,#8982);
#8981 = CARTESIAN_POINT('',(5.247864147645,-6.632097845643,6.));
#8982 = VECTOR('',#8983,1.);
#8983 = DIRECTION('',(0.,0.,-1.));
#8984 = PCURVE('',#2675,#8985);
#8985 = DEFINITIONAL_REPRESENTATION('',(#8986),#8990);
#8986 = LINE('',#8987,#8988);
#8987 = CARTESIAN_POINT('',(6.965027184354E-16,-9.));
#8988 = VECTOR('',#8989,1.);
#8989 = DIRECTION('',(0.,1.));
#8990 = ( GEOMETRIC_REPRESENTATION_CONTEXT(2) 
PARAMETRIC_REPRESENTATION_CONTEXT() REPRESENTATION_CONTEXT('2D SPACE',''
  ) );
#8991 = PCURVE('',#5336,#8992);
#8992 = DEFINITIONAL_REPRESENTATION('',(#8993),#8997);
#8993 = LINE('',#8994,#8995);
#8994 = CARTESIAN_POINT('',(0.,-6.));
#8995 = VECTOR('',#8996,1.);
#8996 = DIRECTION('',(-0.,1.));
#8997 = ( GEOMETRIC_REPRESENTATION_CONTEXT(2) 
PARAMETRIC_REPRESENTATION_CONTEXT() REPRESENTATION_CONTEXT('2D SPACE',''
  ) );
#8998 = ORIENTED_EDGE('',*,*,#5360,.T.);
#8999 = ORIENTED_EDGE('',*,*,#9000,.F.);
#9000 = EDGE_CURVE('',#2660,#5361,#9001,.T.);
#9001 = SURFACE_CURVE('',#9002,(#9006,#9013),.PCURVE_S1.);
#9002 = LINE('',#9003,#9004);
#9003 = CARTESIAN_POINT('',(4.421189466627,-5.58737046384,-3.));
#9004 = VECTOR('',#9005,1.);
#9005 = DIRECTION('',(0.,9.868649107779E-17,1.));
#9006 = PCURVE('',#2675,#9007);
#9007 = DEFINITIONAL_REPRESENTATION('',(#9008),#9012);
#9008 = LINE('',#9009,#9010);
#9009 = CARTESIAN_POINT('',(1.332233587073,0.));
#9010 = VECTOR('',#9011,1.);
#9011 = DIRECTION('',(7.738919093727E-17,-1.));
#9012 = ( GEOMETRIC_REPRESENTATION_CONTEXT(2) 
PARAMETRIC_REPRESENTATION_CONTEXT() REPRESENTATION_CONTEXT('2D SPACE',''
  ) );
#9013 = PCURVE('',#2704,#9014);
#9014 = DEFINITIONAL_REPRESENTATION('',(#9015),#9019);
#9015 = LINE('',#9016,#9017);
#9016 = CARTESIAN_POINT('',(-0.,0.));
#9017 = VECTOR('',#9018,1.);
#9018 = DIRECTION('',(-0.,-1.));
#9019 = ( GEOMETRIC_REPRESENTATION_CONTEXT(2) 
PARAMETRIC_REPRESENTATION_CONTEXT() REPRESENTATION_CONTEXT('2D SPACE',''
  ) );
#9020 = ADVANCED_FACE('',(#9021),#2704,.T.);
#9021 = FACE_BOUND('',#9022,.F.);
#9022 = EDGE_LOOP('',(#9023,#9024,#9025,#9026));
#9023 = ORIENTED_EDGE('',*,*,#2687,.F.);
#9024 = ORIENTED_EDGE('',*,*,#9000,.T.);
#9025 = ORIENTED_EDGE('',*,*,#5383,.F.);
#9026 = ORIENTED_EDGE('',*,*,#9027,.F.);
#9027 = EDGE_CURVE('',#2688,#5384,#9028,.T.);
#9028 = SURFACE_CURVE('',#9029,(#9033,#9040),.PCURVE_S1.);
#9029 = LINE('',#9030,#9031);
#9030 = CARTESIAN_POINT('',(5.58737046384,-4.421189466627,-3.));
#9031 = VECTOR('',#9032,1.);
#9032 = DIRECTION('',(0.,9.868649107779E-17,1.));
#9033 = PCURVE('',#2704,#9034);
#9034 = DEFINITIONAL_REPRESENTATION('',(#9035),#9039);
#9035 = LINE('',#9036,#9037);
#9036 = CARTESIAN_POINT('',(-0.231990620064,0.));
#9037 = VECTOR('',#9038,1.);
#9038 = DIRECTION('',(-0.,-1.));
#9039 = ( GEOMETRIC_REPRESENTATION_CONTEXT(2) 
PARAMETRIC_REPRESENTATION_CONTEXT() REPRESENTATION_CONTEXT('2D SPACE',''
  ) );
#9040 = PCURVE('',#2732,#9041);
#9041 = DEFINITIONAL_REPRESENTATION('',(#9042),#9046);
#9042 = LINE('',#9043,#9044);
#9043 = CARTESIAN_POINT('',(1.332233587073,0.));
#9044 = VECTOR('',#9045,1.);
#9045 = DIRECTION('',(6.123672629495E-17,-1.));
#9046 = ( GEOMETRIC_REPRESENTATION_CONTEXT(2) 
PARAMETRIC_REPRESENTATION_CONTEXT() REPRESENTATION_CONTEXT('2D SPACE',''
  ) );
#9047 = ADVANCED_FACE('',(#9048),#2732,.T.);
#9048 = FACE_BOUND('',#9049,.T.);
#9049 = EDGE_LOOP('',(#9050,#9051,#9074,#9095,#9096));
#9050 = ORIENTED_EDGE('',*,*,#2716,.F.);
#9051 = ORIENTED_EDGE('',*,*,#9052,.T.);
#9052 = EDGE_CURVE('',#2717,#9053,#9055,.T.);
#9053 = VERTEX_POINT('',#9054);
#9054 = CARTESIAN_POINT('',(6.632097845643,-5.247864147645,0.));
#9055 = SURFACE_CURVE('',#9056,(#9060,#9067),.PCURVE_S1.);
#9056 = LINE('',#9057,#9058);
#9057 = CARTESIAN_POINT('',(6.632097845643,-5.247864147645,-3.));
#9058 = VECTOR('',#9059,1.);
#9059 = DIRECTION('',(0.,0.,1.));
#9060 = PCURVE('',#2732,#9061);
#9061 = DEFINITIONAL_REPRESENTATION('',(#9062),#9066);
#9062 = LINE('',#9063,#9064);
#9063 = CARTESIAN_POINT('',(0.,0.));
#9064 = VECTOR('',#9065,1.);
#9065 = DIRECTION('',(0.,-1.));
#9066 = ( GEOMETRIC_REPRESENTATION_CONTEXT(2) 
PARAMETRIC_REPRESENTATION_CONTEXT() REPRESENTATION_CONTEXT('2D SPACE',''
  ) );
#9067 = PCURVE('',#2780,#9068);
#9068 = DEFINITIONAL_REPRESENTATION('',(#9069),#9073);
#9069 = LINE('',#9070,#9071);
#9070 = CARTESIAN_POINT('',(0.,0.));
#9071 = VECTOR('',#9072,1.);
#9072 = DIRECTION('',(0.,-1.));
#9073 = ( GEOMETRIC_REPRESENTATION_CONTEXT(2) 
PARAMETRIC_REPRESENTATION_CONTEXT() REPRESENTATION_CONTEXT('2D SPACE',''
  ) );
#9074 = ORIENTED_EDGE('',*,*,#9075,.T.);
#9075 = EDGE_CURVE('',#9053,#5412,#9076,.T.);
#9076 = SURFACE_CURVE('',#9077,(#9081,#9088),.PCURVE_S1.);
#9077 = LINE('',#9078,#9079);
#9078 = CARTESIAN_POINT('',(6.632097845643,-5.247864147645,0.));
#9079 = VECTOR('',#9080,1.);
#9080 = DIRECTION('',(0.,0.,1.));
#9081 = PCURVE('',#2732,#9082);
#9082 = DEFINITIONAL_REPRESENTATION('',(#9083),#9087);
#9083 = LINE('',#9084,#9085);
#9084 = CARTESIAN_POINT('',(0.,-3.));
#9085 = VECTOR('',#9086,1.);
#9086 = DIRECTION('',(0.,-1.));
#9087 = ( GEOMETRIC_REPRESENTATION_CONTEXT(2) 
PARAMETRIC_REPRESENTATION_CONTEXT() REPRESENTATION_CONTEXT('2D SPACE',''
  ) );
#9088 = PCURVE('',#5470,#9089);
#9089 = DEFINITIONAL_REPRESENTATION('',(#9090),#9094);
#9090 = LINE('',#9091,#9092);
#9091 = CARTESIAN_POINT('',(0.,0.));
#9092 = VECTOR('',#9093,1.);
#9093 = DIRECTION('',(0.,-1.));
#9094 = ( GEOMETRIC_REPRESENTATION_CONTEXT(2) 
PARAMETRIC_REPRESENTATION_CONTEXT() REPRESENTATION_CONTEXT('2D SPACE',''
  ) );
#9095 = ORIENTED_EDGE('',*,*,#5411,.T.);
#9096 = ORIENTED_EDGE('',*,*,#9027,.F.);
#9097 = ADVANCED_FACE('',(#9098),#2780,.F.);
#9098 = FACE_BOUND('',#9099,.F.);
#9099 = EDGE_LOOP('',(#9100,#9101,#9102,#9134));
#9100 = ORIENTED_EDGE('',*,*,#2744,.F.);
#9101 = ORIENTED_EDGE('',*,*,#9052,.T.);
#9102 = ORIENTED_EDGE('',*,*,#9103,.T.);
#9103 = EDGE_CURVE('',#9053,#9104,#9106,.T.);
#9104 = VERTEX_POINT('',#9105);
#9105 = CARTESIAN_POINT('',(8.851564826821,-5.647990803514,0.));
#9106 = SURFACE_CURVE('',#9107,(#9121,#9127),.PCURVE_S1.);
#9107 = B_SPLINE_CURVE_WITH_KNOTS('',3,(#9108,#9109,#9110,#9111,#9112,
    #9113,#9114,#9115,#9116,#9117,#9118,#9119,#9120),.UNSPECIFIED.,.F.,
  .F.,(4,1,1,1,1,1,1,1,1,1,4),(0.,0.206463071868,0.418064650956,
    0.634628704967,0.856138693673,1.082589269896,1.31397802753,
    1.550303676965,1.79156544634,2.037762836919,2.288895507745),
  .UNSPECIFIED.);
#9108 = CARTESIAN_POINT('',(6.632097845643,-5.247864147645,0.));
#9109 = CARTESIAN_POINT('',(6.689297780361,-5.286719787656,0.));
#9110 = CARTESIAN_POINT('',(6.810646383637,-5.355470130567,0.));
#9111 = CARTESIAN_POINT('',(7.00675679141,-5.436064199218,0.));
#9112 = CARTESIAN_POINT('',(7.212714066804,-5.503340921255,0.));
#9113 = CARTESIAN_POINT('',(7.427605818359,-5.55775766633,0.));
#9114 = CARTESIAN_POINT('',(7.650097307989,-5.600493445073,0.));
#9115 = CARTESIAN_POINT('',(7.879441443144,-5.631954945093,0.));
#9116 = CARTESIAN_POINT('',(8.114965104986,-5.652462407864,0.));
#9117 = CARTESIAN_POINT('',(8.356114709616,-5.66218093115,0.));
#9118 = CARTESIAN_POINT('',(8.602382499885,-5.66121712254,0.));
#9119 = CARTESIAN_POINT('',(8.768039831327,-5.653537406672,0.));
#9120 = CARTESIAN_POINT('',(8.851564826821,-5.647990803514,0.));
#9121 = PCURVE('',#2780,#9122);
#9122 = DEFINITIONAL_REPRESENTATION('',(#9123),#9126);
#9123 = B_SPLINE_CURVE_WITH_KNOTS('',1,(#9124,#9125),.UNSPECIFIED.,.F.,
  .F.,(2,2),(0.,2.288895507745),.PIECEWISE_BEZIER_KNOTS.);
#9124 = CARTESIAN_POINT('',(4.440892098501E-16,-3.));
#9125 = CARTESIAN_POINT('',(2.288895507745,-3.));
#9126 = ( GEOMETRIC_REPRESENTATION_CONTEXT(2) 
PARAMETRIC_REPRESENTATION_CONTEXT() REPRESENTATION_CONTEXT('2D SPACE',''
  ) );
#9127 = PCURVE('',#5470,#9128);
#9128 = DEFINITIONAL_REPRESENTATION('',(#9129),#9133);
#9129 = LINE('',#9130,#9131);
#9130 = CARTESIAN_POINT('',(0.,0.));
#9131 = VECTOR('',#9132,1.);
#9132 = DIRECTION('',(1.,0.));
#9133 = ( GEOMETRIC_REPRESENTATION_CONTEXT(2) 
PARAMETRIC_REPRESENTATION_CONTEXT() REPRESENTATION_CONTEXT('2D SPACE',''
  ) );
#9134 = ORIENTED_EDGE('',*,*,#9135,.F.);
#9135 = EDGE_CURVE('',#2745,#9104,#9136,.T.);
#9136 = SURFACE_CURVE('',#9137,(#9141,#9148),.PCURVE_S1.);
#9137 = LINE('',#9138,#9139);
#9138 = CARTESIAN_POINT('',(8.851564826821,-5.647990803514,-3.));
#9139 = VECTOR('',#9140,1.);
#9140 = DIRECTION('',(0.,0.,1.));
#9141 = PCURVE('',#2780,#9142);
#9142 = DEFINITIONAL_REPRESENTATION('',(#9143),#9147);
#9143 = LINE('',#9144,#9145);
#9144 = CARTESIAN_POINT('',(2.288895507745,0.));
#9145 = VECTOR('',#9146,1.);
#9146 = DIRECTION('',(0.,-1.));
#9147 = ( GEOMETRIC_REPRESENTATION_CONTEXT(2) 
PARAMETRIC_REPRESENTATION_CONTEXT() REPRESENTATION_CONTEXT('2D SPACE',''
  ) );
#9148 = PCURVE('',#2821,#9149);
#9149 = DEFINITIONAL_REPRESENTATION('',(#9150),#9153);
#9150 = B_SPLINE_CURVE_WITH_KNOTS('',1,(#9151,#9152),.UNSPECIFIED.,.F.,
  .F.,(2,2),(0.,6.),.PIECEWISE_BEZIER_KNOTS.);
#9151 = CARTESIAN_POINT('',(0.,0.));
#9152 = CARTESIAN_POINT('',(0.,-6.));
#9153 = ( GEOMETRIC_REPRESENTATION_CONTEXT(2) 
PARAMETRIC_REPRESENTATION_CONTEXT() REPRESENTATION_CONTEXT('2D SPACE',''
  ) );
#9154 = ADVANCED_FACE('',(#9155),#2821,.T.);
#9155 = FACE_BOUND('',#9156,.F.);
#9156 = EDGE_LOOP('',(#9157,#9158,#9159,#9180,#9181,#9204));
#9157 = ORIENTED_EDGE('',*,*,#2804,.F.);
#9158 = ORIENTED_EDGE('',*,*,#9135,.T.);
#9159 = ORIENTED_EDGE('',*,*,#9160,.F.);
#9160 = EDGE_CURVE('',#5435,#9104,#9161,.T.);
#9161 = SURFACE_CURVE('',#9162,(#9166,#9173),.PCURVE_S1.);
#9162 = LINE('',#9163,#9164);
#9163 = CARTESIAN_POINT('',(8.851564826821,-5.647990803514,6.));
#9164 = VECTOR('',#9165,1.);
#9165 = DIRECTION('',(0.,0.,-1.));
#9166 = PCURVE('',#2821,#9167);
#9167 = DEFINITIONAL_REPRESENTATION('',(#9168),#9172);
#9168 = LINE('',#9169,#9170);
#9169 = CARTESIAN_POINT('',(-0.,-9.));
#9170 = VECTOR('',#9171,1.);
#9171 = DIRECTION('',(0.,1.));
#9172 = ( GEOMETRIC_REPRESENTATION_CONTEXT(2) 
PARAMETRIC_REPRESENTATION_CONTEXT() REPRESENTATION_CONTEXT('2D SPACE',''
  ) );
#9173 = PCURVE('',#5470,#9174);
#9174 = DEFINITIONAL_REPRESENTATION('',(#9175),#9179);
#9175 = LINE('',#9176,#9177);
#9176 = CARTESIAN_POINT('',(2.288895507745,-6.));
#9177 = VECTOR('',#9178,1.);
#9178 = DIRECTION('',(-0.,1.));
#9179 = ( GEOMETRIC_REPRESENTATION_CONTEXT(2) 
PARAMETRIC_REPRESENTATION_CONTEXT() REPRESENTATION_CONTEXT('2D SPACE',''
  ) );
#9180 = ORIENTED_EDGE('',*,*,#5494,.F.);
#9181 = ORIENTED_EDGE('',*,*,#9182,.F.);
#9182 = EDGE_CURVE('',#9183,#5495,#9185,.T.);
#9183 = VERTEX_POINT('',#9184);
#9184 = CARTESIAN_POINT('',(9.317085929595,-4.841684601515,0.));
#9185 = SURFACE_CURVE('',#9186,(#9190,#9197),.PCURVE_S1.);
#9186 = LINE('',#9187,#9188);
#9187 = CARTESIAN_POINT('',(9.317085929595,-4.841684601515,0.));
#9188 = VECTOR('',#9189,1.);
#9189 = DIRECTION('',(0.,0.,1.));
#9190 = PCURVE('',#2821,#9191);
#9191 = DEFINITIONAL_REPRESENTATION('',(#9192),#9196);
#9192 = LINE('',#9193,#9194);
#9193 = CARTESIAN_POINT('',(-8.86997608188E-02,-3.));
#9194 = VECTOR('',#9195,1.);
#9195 = DIRECTION('',(-0.,-1.));
#9196 = ( GEOMETRIC_REPRESENTATION_CONTEXT(2) 
PARAMETRIC_REPRESENTATION_CONTEXT() REPRESENTATION_CONTEXT('2D SPACE',''
  ) );
#9197 = PCURVE('',#5558,#9198);
#9198 = DEFINITIONAL_REPRESENTATION('',(#9199),#9203);
#9199 = LINE('',#9200,#9201);
#9200 = CARTESIAN_POINT('',(2.288895507745,0.));
#9201 = VECTOR('',#9202,1.);
#9202 = DIRECTION('',(0.,-1.));
#9203 = ( GEOMETRIC_REPRESENTATION_CONTEXT(2) 
PARAMETRIC_REPRESENTATION_CONTEXT() REPRESENTATION_CONTEXT('2D SPACE',''
  ) );
#9204 = ORIENTED_EDGE('',*,*,#9205,.F.);
#9205 = EDGE_CURVE('',#2805,#9183,#9206,.T.);
#9206 = SURFACE_CURVE('',#9207,(#9211,#9217),.PCURVE_S1.);
#9207 = LINE('',#9208,#9209);
#9208 = CARTESIAN_POINT('',(9.317085929595,-4.841684601515,-3.));
#9209 = VECTOR('',#9210,1.);
#9210 = DIRECTION('',(0.,0.,1.));
#9211 = PCURVE('',#2821,#9212);
#9212 = DEFINITIONAL_REPRESENTATION('',(#9213),#9216);
#9213 = B_SPLINE_CURVE_WITH_KNOTS('',1,(#9214,#9215),.UNSPECIFIED.,.F.,
  .F.,(2,2),(0.,6.),.PIECEWISE_BEZIER_KNOTS.);
#9214 = CARTESIAN_POINT('',(-8.86997608188E-02,0.));
#9215 = CARTESIAN_POINT('',(-8.86997608188E-02,-6.));
#9216 = ( GEOMETRIC_REPRESENTATION_CONTEXT(2) 
PARAMETRIC_REPRESENTATION_CONTEXT() REPRESENTATION_CONTEXT('2D SPACE',''
  ) );
#9217 = PCURVE('',#2869,#9218);
#9218 = DEFINITIONAL_REPRESENTATION('',(#9219),#9223);
#9219 = LINE('',#9220,#9221);
#9220 = CARTESIAN_POINT('',(2.288895507745,0.));
#9221 = VECTOR('',#9222,1.);
#9222 = DIRECTION('',(0.,-1.));
#9223 = ( GEOMETRIC_REPRESENTATION_CONTEXT(2) 
PARAMETRIC_REPRESENTATION_CONTEXT() REPRESENTATION_CONTEXT('2D SPACE',''
  ) );
#9224 = ADVANCED_FACE('',(#9225),#2869,.T.);
#9225 = FACE_BOUND('',#9226,.T.);
#9226 = EDGE_LOOP('',(#9227,#9228,#9229,#9259));
#9227 = ORIENTED_EDGE('',*,*,#2833,.F.);
#9228 = ORIENTED_EDGE('',*,*,#5642,.T.);
#9229 = ORIENTED_EDGE('',*,*,#9230,.T.);
#9230 = EDGE_CURVE('',#5643,#9183,#9231,.T.);
#9231 = SURFACE_CURVE('',#9232,(#9246,#9252),.PCURVE_S1.);
#9232 = B_SPLINE_CURVE_WITH_KNOTS('',3,(#9233,#9234,#9235,#9236,#9237,
    #9238,#9239,#9240,#9241,#9242,#9243,#9244,#9245),.UNSPECIFIED.,.F.,
  .F.,(4,1,1,1,1,1,1,1,1,1,4),(0.,0.206463071868,0.418064650956,
    0.634628704967,0.856138693673,1.082589269896,1.31397802753,
    1.550303676965,1.79156544634,2.037762836919,2.288895507745),
  .UNSPECIFIED.);
#9233 = CARTESIAN_POINT('',(7.860832590292,-3.119633140888,0.));
#9234 = CARTESIAN_POINT('',(7.92308252898,-3.149741917444,0.));
#9235 = CARTESIAN_POINT('',(8.043296374098,-3.220457719139,0.));
#9236 = CARTESIAN_POINT('',(8.211148088831,-3.349997279891,0.));
#9237 = CARTESIAN_POINT('',(8.372390076896,-3.494723151458,0.));
#9238 = CARTESIAN_POINT('',(8.526962236299,-3.653616494831,0.));
#9239 = CARTESIAN_POINT('',(8.675218251156,-3.824931887605,0.));
#9240 = CARTESIAN_POINT('',(8.817136776992,-4.007818984848,0.));
#9241 = CARTESIAN_POINT('',(8.95265859164,-4.20153472781,0.));
#9242 = CARTESIAN_POINT('',(9.081649882007,-4.405517149889,0.));
#9243 = CARTESIAN_POINT('',(9.203949094402,-4.619273216701,0.));
#9244 = CARTESIAN_POINT('',(9.280126931087,-4.766576531987,0.));
#9245 = CARTESIAN_POINT('',(9.317085929595,-4.841684601515,0.));
#9246 = PCURVE('',#2869,#9247);
#9247 = DEFINITIONAL_REPRESENTATION('',(#9248),#9251);
#9248 = B_SPLINE_CURVE_WITH_KNOTS('',1,(#9249,#9250),.UNSPECIFIED.,.F.,
  .F.,(2,2),(0.,2.288895507745),.PIECEWISE_BEZIER_KNOTS.);
#9249 = CARTESIAN_POINT('',(-2.22044604925E-16,-3.));
#9250 = CARTESIAN_POINT('',(2.288895507745,-3.));
#9251 = ( GEOMETRIC_REPRESENTATION_CONTEXT(2) 
PARAMETRIC_REPRESENTATION_CONTEXT() REPRESENTATION_CONTEXT('2D SPACE',''
  ) );
#9252 = PCURVE('',#5558,#9253);
#9253 = DEFINITIONAL_REPRESENTATION('',(#9254),#9258);
#9254 = LINE('',#9255,#9256);
#9255 = CARTESIAN_POINT('',(0.,0.));
#9256 = VECTOR('',#9257,1.);
#9257 = DIRECTION('',(1.,0.));
#9258 = ( GEOMETRIC_REPRESENTATION_CONTEXT(2) 
PARAMETRIC_REPRESENTATION_CONTEXT() REPRESENTATION_CONTEXT('2D SPACE',''
  ) );
#9259 = ORIENTED_EDGE('',*,*,#9205,.F.);
#9260 = ADVANCED_FACE('',(#9261),#2958,.F.);
#9261 = FACE_BOUND('',#9262,.F.);
#9262 = EDGE_LOOP('',(#9263,#9264,#9265,#9266));
#9263 = ORIENTED_EDGE('',*,*,#5693,.F.);
#9264 = ORIENTED_EDGE('',*,*,#2942,.T.);
#9265 = ORIENTED_EDGE('',*,*,#3009,.T.);
#9266 = ORIENTED_EDGE('',*,*,#5750,.T.);
#9267 = ADVANCED_FACE('',(#9268),#5558,.T.);
#9268 = FACE_BOUND('',#9269,.T.);
#9269 = EDGE_LOOP('',(#9270,#9271,#9272,#9273));
#9270 = ORIENTED_EDGE('',*,*,#9230,.F.);
#9271 = ORIENTED_EDGE('',*,*,#5665,.F.);
#9272 = ORIENTED_EDGE('',*,*,#5522,.T.);
#9273 = ORIENTED_EDGE('',*,*,#9182,.F.);
#9274 = ADVANCED_FACE('',(#9275),#3116,.T.);
#9275 = FACE_BOUND('',#9276,.T.);
#9276 = EDGE_LOOP('',(#9277,#9278,#9279,#9280));
#9277 = ORIENTED_EDGE('',*,*,#5842,.F.);
#9278 = ORIENTED_EDGE('',*,*,#5878,.F.);
#9279 = ORIENTED_EDGE('',*,*,#3080,.T.);
#9280 = ORIENTED_EDGE('',*,*,#5772,.F.);
#9281 = ADVANCED_FACE('',(#9282),#5470,.F.);
#9282 = FACE_BOUND('',#9283,.F.);
#9283 = EDGE_LOOP('',(#9284,#9285,#9286,#9287));
#9284 = ORIENTED_EDGE('',*,*,#9103,.F.);
#9285 = ORIENTED_EDGE('',*,*,#9075,.T.);
#9286 = ORIENTED_EDGE('',*,*,#5434,.T.);
#9287 = ORIENTED_EDGE('',*,*,#9160,.T.);
#9288 = ADVANCED_FACE('',(#9289),#3250,.F.);
#9289 = FACE_BOUND('',#9290,.F.);
#9290 = EDGE_LOOP('',(#9291,#9292,#9293,#9294));
#9291 = ORIENTED_EDGE('',*,*,#6003,.F.);
#9292 = ORIENTED_EDGE('',*,*,#5975,.T.);
#9293 = ORIENTED_EDGE('',*,*,#3214,.T.);
#9294 = ORIENTED_EDGE('',*,*,#6060,.T.);
#9295 = ADVANCED_FACE('',(#9296),#5336,.T.);
#9296 = FACE_BOUND('',#9297,.T.);
#9297 = EDGE_LOOP('',(#9298,#9299,#9300,#9301));
#9298 = ORIENTED_EDGE('',*,*,#8942,.F.);
#9299 = ORIENTED_EDGE('',*,*,#8978,.F.);
#9300 = ORIENTED_EDGE('',*,*,#5300,.T.);
#9301 = ORIENTED_EDGE('',*,*,#8872,.F.);
#9302 = ADVANCED_FACE('',(#9303),#3338,.T.);
#9303 = FACE_BOUND('',#9304,.T.);
#9304 = EDGE_LOOP('',(#9305,#9306,#9307,#9308));
#9305 = ORIENTED_EDGE('',*,*,#6152,.F.);
#9306 = ORIENTED_EDGE('',*,*,#6188,.F.);
#9307 = ORIENTED_EDGE('',*,*,#3302,.T.);
#9308 = ORIENTED_EDGE('',*,*,#6082,.F.);
#9309 = ADVANCED_FACE('',(#9310),#5248,.F.);
#9310 = FACE_BOUND('',#9311,.F.);
#9311 = EDGE_LOOP('',(#9312,#9313,#9314,#9315));
#9312 = ORIENTED_EDGE('',*,*,#8793,.F.);
#9313 = ORIENTED_EDGE('',*,*,#8765,.T.);
#9314 = ORIENTED_EDGE('',*,*,#5212,.T.);
#9315 = ORIENTED_EDGE('',*,*,#8850,.T.);
#9316 = ADVANCED_FACE('',(#9317),#3472,.F.);
#9317 = FACE_BOUND('',#9318,.F.);
#9318 = EDGE_LOOP('',(#9319,#9320,#9321,#9322));
#9319 = ORIENTED_EDGE('',*,*,#6313,.F.);
#9320 = ORIENTED_EDGE('',*,*,#6285,.T.);
#9321 = ORIENTED_EDGE('',*,*,#3436,.T.);
#9322 = ORIENTED_EDGE('',*,*,#6370,.T.);
#9323 = ADVANCED_FACE('',(#9324),#5114,.T.);
#9324 = FACE_BOUND('',#9325,.T.);
#9325 = EDGE_LOOP('',(#9326,#9327,#9328,#9329));
#9326 = ORIENTED_EDGE('',*,*,#8632,.F.);
#9327 = ORIENTED_EDGE('',*,*,#8668,.F.);
#9328 = ORIENTED_EDGE('',*,*,#5078,.T.);
#9329 = ORIENTED_EDGE('',*,*,#8562,.F.);
#9330 = ADVANCED_FACE('',(#9331),#3560,.T.);
#9331 = FACE_BOUND('',#9332,.T.);
#9332 = EDGE_LOOP('',(#9333,#9334,#9335,#9336));
#9333 = ORIENTED_EDGE('',*,*,#6462,.F.);
#9334 = ORIENTED_EDGE('',*,*,#6498,.F.);
#9335 = ORIENTED_EDGE('',*,*,#3524,.T.);
#9336 = ORIENTED_EDGE('',*,*,#6392,.F.);
#9337 = ADVANCED_FACE('',(#9338),#5026,.F.);
#9338 = FACE_BOUND('',#9339,.F.);
#9339 = EDGE_LOOP('',(#9340,#9341,#9342,#9343));
#9340 = ORIENTED_EDGE('',*,*,#8483,.F.);
#9341 = ORIENTED_EDGE('',*,*,#8455,.T.);
#9342 = ORIENTED_EDGE('',*,*,#4990,.T.);
#9343 = ORIENTED_EDGE('',*,*,#8540,.T.);
#9344 = ADVANCED_FACE('',(#9345),#3694,.F.);
#9345 = FACE_BOUND('',#9346,.F.);
#9346 = EDGE_LOOP('',(#9347,#9348,#9349,#9350));
#9347 = ORIENTED_EDGE('',*,*,#6623,.F.);
#9348 = ORIENTED_EDGE('',*,*,#6595,.T.);
#9349 = ORIENTED_EDGE('',*,*,#3658,.T.);
#9350 = ORIENTED_EDGE('',*,*,#6680,.T.);
#9351 = ADVANCED_FACE('',(#9352),#4892,.T.);
#9352 = FACE_BOUND('',#9353,.T.);
#9353 = EDGE_LOOP('',(#9354,#9355,#9356,#9357));
#9354 = ORIENTED_EDGE('',*,*,#8322,.F.);
#9355 = ORIENTED_EDGE('',*,*,#8358,.F.);
#9356 = ORIENTED_EDGE('',*,*,#4856,.T.);
#9357 = ORIENTED_EDGE('',*,*,#8252,.F.);
#9358 = ADVANCED_FACE('',(#9359),#3782,.T.);
#9359 = FACE_BOUND('',#9360,.T.);
#9360 = EDGE_LOOP('',(#9361,#9362,#9363,#9364));
#9361 = ORIENTED_EDGE('',*,*,#6772,.F.);
#9362 = ORIENTED_EDGE('',*,*,#6808,.F.);
#9363 = ORIENTED_EDGE('',*,*,#3746,.T.);
#9364 = ORIENTED_EDGE('',*,*,#6702,.F.);
#9365 = ADVANCED_FACE('',(#9366),#4804,.F.);
#9366 = FACE_BOUND('',#9367,.F.);
#9367 = EDGE_LOOP('',(#9368,#9369,#9370,#9371));
#9368 = ORIENTED_EDGE('',*,*,#8173,.F.);
#9369 = ORIENTED_EDGE('',*,*,#8145,.T.);
#9370 = ORIENTED_EDGE('',*,*,#4768,.T.);
#9371 = ORIENTED_EDGE('',*,*,#8230,.T.);
#9372 = ADVANCED_FACE('',(#9373),#3916,.F.);
#9373 = FACE_BOUND('',#9374,.F.);
#9374 = EDGE_LOOP('',(#9375,#9376,#9377,#9378));
#9375 = ORIENTED_EDGE('',*,*,#6933,.F.);
#9376 = ORIENTED_EDGE('',*,*,#6905,.T.);
#9377 = ORIENTED_EDGE('',*,*,#3880,.T.);
#9378 = ORIENTED_EDGE('',*,*,#6990,.T.);
#9379 = ADVANCED_FACE('',(#9380),#4670,.T.);
#9380 = FACE_BOUND('',#9381,.T.);
#9381 = EDGE_LOOP('',(#9382,#9383,#9384,#9385));
#9382 = ORIENTED_EDGE('',*,*,#8012,.F.);
#9383 = ORIENTED_EDGE('',*,*,#8048,.F.);
#9384 = ORIENTED_EDGE('',*,*,#4634,.T.);
#9385 = ORIENTED_EDGE('',*,*,#7942,.F.);
#9386 = ADVANCED_FACE('',(#9387),#4004,.T.);
#9387 = FACE_BOUND('',#9388,.T.);
#9388 = EDGE_LOOP('',(#9389,#9390,#9391,#9392));
#9389 = ORIENTED_EDGE('',*,*,#7082,.F.);
#9390 = ORIENTED_EDGE('',*,*,#7118,.F.);
#9391 = ORIENTED_EDGE('',*,*,#3968,.T.);
#9392 = ORIENTED_EDGE('',*,*,#7012,.F.);
#9393 = ADVANCED_FACE('',(#9394),#4582,.F.);
#9394 = FACE_BOUND('',#9395,.F.);
#9395 = EDGE_LOOP('',(#9396,#9397,#9398,#9399));
#9396 = ORIENTED_EDGE('',*,*,#7863,.F.);
#9397 = ORIENTED_EDGE('',*,*,#7835,.T.);
#9398 = ORIENTED_EDGE('',*,*,#4546,.T.);
#9399 = ORIENTED_EDGE('',*,*,#7920,.T.);
#9400 = ADVANCED_FACE('',(#9401),#4138,.F.);
#9401 = FACE_BOUND('',#9402,.F.);
#9402 = EDGE_LOOP('',(#9403,#9404,#9405,#9406));
#9403 = ORIENTED_EDGE('',*,*,#7243,.F.);
#9404 = ORIENTED_EDGE('',*,*,#7215,.T.);
#9405 = ORIENTED_EDGE('',*,*,#4102,.T.);
#9406 = ORIENTED_EDGE('',*,*,#7300,.T.);
#9407 = ADVANCED_FACE('',(#9408),#4448,.T.);
#9408 = FACE_BOUND('',#9409,.T.);
#9409 = EDGE_LOOP('',(#9410,#9411,#9412,#9413));
#9410 = ORIENTED_EDGE('',*,*,#7702,.F.);
#9411 = ORIENTED_EDGE('',*,*,#7738,.F.);
#9412 = ORIENTED_EDGE('',*,*,#4412,.T.);
#9413 = ORIENTED_EDGE('',*,*,#7632,.F.);
#9414 = ADVANCED_FACE('',(#9415),#4226,.T.);
#9415 = FACE_BOUND('',#9416,.T.);
#9416 = EDGE_LOOP('',(#9417,#9418,#9419,#9420));
#9417 = ORIENTED_EDGE('',*,*,#7392,.F.);
#9418 = ORIENTED_EDGE('',*,*,#7428,.F.);
#9419 = ORIENTED_EDGE('',*,*,#4190,.T.);
#9420 = ORIENTED_EDGE('',*,*,#7322,.F.);
#9421 = ADVANCED_FACE('',(#9422),#4360,.F.);
#9422 = FACE_BOUND('',#9423,.F.);
#9423 = EDGE_LOOP('',(#9424,#9425,#9426,#9427));
#9424 = ORIENTED_EDGE('',*,*,#7553,.F.);
#9425 = ORIENTED_EDGE('',*,*,#7525,.T.);
#9426 = ORIENTED_EDGE('',*,*,#4324,.T.);
#9427 = ORIENTED_EDGE('',*,*,#7610,.T.);
#9428 = ADVANCED_FACE('',(#9429),#5626,.F.);
#9429 = FACE_BOUND('',#9430,.T.);
#9430 = EDGE_LOOP('',(#9431,#9460,#9481,#9482));
#9431 = ORIENTED_EDGE('',*,*,#9432,.F.);
#9432 = EDGE_CURVE('',#9433,#9433,#9435,.T.);
#9433 = VERTEX_POINT('',#9434);
#9434 = CARTESIAN_POINT('',(2.75,0.,3.));
#9435 = SURFACE_CURVE('',#9436,(#9441,#9448),.PCURVE_S1.);
#9436 = CIRCLE('',#9437,2.75);
#9437 = AXIS2_PLACEMENT_3D('',#9438,#9439,#9440);
#9438 = CARTESIAN_POINT('',(0.,0.,3.));
#9439 = DIRECTION('',(0.,0.,1.));
#9440 = DIRECTION('',(1.,0.,0.));
#9441 = PCURVE('',#5626,#9442);
#9442 = DEFINITIONAL_REPRESENTATION('',(#9443),#9447);
#9443 = LINE('',#9444,#9445);
#9444 = CARTESIAN_POINT('',(-0.,0.));
#9445 = VECTOR('',#9446,1.);
#9446 = DIRECTION('',(-1.,0.));
#9447 = ( GEOMETRIC_REPRESENTATION_CONTEXT(2) 
PARAMETRIC_REPRESENTATION_CONTEXT() REPRESENTATION_CONTEXT('2D SPACE',''
  ) );
#9448 = PCURVE('',#9449,#9454);
#9449 = PLANE('',#9450);
#9450 = AXIS2_PLACEMENT_3D('',#9451,#9452,#9453);
#9451 = CARTESIAN_POINT('',(-2.486254786435E-16,1.205344939993E-17,3.));
#9452 = DIRECTION('',(0.,0.,1.));
#9453 = DIRECTION('',(1.,0.,0.));
#9454 = DEFINITIONAL_REPRESENTATION('',(#9455),#9459);
#9455 = CIRCLE('',#9456,2.75);
#9456 = AXIS2_PLACEMENT_2D('',#9457,#9458);
#9457 = CARTESIAN_POINT('',(2.486254786435E-16,-1.205344939993E-17));
#9458 = DIRECTION('',(1.,0.));
#9459 = ( GEOMETRIC_REPRESENTATION_CONTEXT(2) 
PARAMETRIC_REPRESENTATION_CONTEXT() REPRESENTATION_CONTEXT('2D SPACE',''
  ) );
#9460 = ORIENTED_EDGE('',*,*,#9461,.T.);
#9461 = EDGE_CURVE('',#9433,#5606,#9462,.T.);
#9462 = SEAM_CURVE('',#9463,(#9467,#9474),.PCURVE_S1.);
#9463 = LINE('',#9464,#9465);
#9464 = CARTESIAN_POINT('',(2.75,0.,3.));
#9465 = VECTOR('',#9466,1.);
#9466 = DIRECTION('',(0.,0.,1.));
#9467 = PCURVE('',#5626,#9468);
#9468 = DEFINITIONAL_REPRESENTATION('',(#9469),#9473);
#9469 = LINE('',#9470,#9471);
#9470 = CARTESIAN_POINT('',(-6.28318530718,0.));
#9471 = VECTOR('',#9472,1.);
#9472 = DIRECTION('',(-0.,-1.));
#9473 = ( GEOMETRIC_REPRESENTATION_CONTEXT(2) 
PARAMETRIC_REPRESENTATION_CONTEXT() REPRESENTATION_CONTEXT('2D SPACE',''
  ) );
#9474 = PCURVE('',#5626,#9475);
#9475 = DEFINITIONAL_REPRESENTATION('',(#9476),#9480);
#9476 = LINE('',#9477,#9478);
#9477 = CARTESIAN_POINT('',(-0.,0.));
#9478 = VECTOR('',#9479,1.);
#9479 = DIRECTION('',(-0.,-1.));
#9480 = ( GEOMETRIC_REPRESENTATION_CONTEXT(2) 
PARAMETRIC_REPRESENTATION_CONTEXT() REPRESENTATION_CONTEXT('2D SPACE',''
  ) );
#9481 = ORIENTED_EDGE('',*,*,#5605,.F.);
#9482 = ORIENTED_EDGE('',*,*,#9461,.F.);
#9483 = ADVANCED_FACE('',(#9484),#9449,.T.);
#9484 = FACE_BOUND('',#9485,.T.);
#9485 = EDGE_LOOP('',(#9486));
#9486 = ORIENTED_EDGE('',*,*,#9432,.T.);
#9487 = ( GEOMETRIC_REPRESENTATION_CONTEXT(3) 
GLOBAL_UNCERTAINTY_ASSIGNED_CONTEXT((#9491)) 
GLOBAL_UNIT_ASSIGNED_CONTEXT((#9488,#9489,#9490)) REPRESENTATION_CONTEXT
('Context #1','3D Context with UNIT and UNCERTAINTY') );
#9488 = ( LENGTH_UNIT() NAMED_UNIT(*) SI_UNIT(.MILLI.,.METRE.) );
#9489 = ( NAMED_UNIT(*) PLANE_ANGLE_UNIT() SI_UNIT($,.RADIAN.) );
#9490 = ( NAMED_UNIT(*) SI_UNIT($,.STERADIAN.) SOLID_ANGLE_UNIT() );
#9491 = UNCERTAINTY_MEASURE_WITH_UNIT(LENGTH_MEASURE(1.E-07),#9488,
  'distance_accuracy_value','confusion accuracy');
#9492 = PRODUCT_RELATED_PRODUCT_CATEGORY('part',$,(#7));
ENDSEC;
END-ISO-10303-21;
