ISO-10303-21;
HEADER;
FILE_DESCRIPTION(('Open CASCADE Model'),'2;1');
FILE_NAME('turntable','2026-08-12T09:41:08',('Author'),('Open CASCADE'),
  'Open CASCADE STEP processor 7.9','build123d','Unknown');
FILE_SCHEMA(('AUTOMOTIVE_DESIGN { 1 0 10303 214 1 1 1 1 }'));
ENDSEC;
DATA;
#1 = APPLICATION_PROTOCOL_DEFINITION('international standard',
  'automotive_design',2000,#2);
#2 = APPLICATION_CONTEXT(
  'core data for automotive mechanical design processes');
#3 = SHAPE_DEFINITION_REPRESENTATION(#4,#10);
#4 = PRODUCT_DEFINITION_SHAPE('','',#5);
#5 = PRODUCT_DEFINITION('design','',#6,#9);
#6 = PRODUCT_DEFINITION_FORMATION('','',#7);
#7 = PRODUCT('turntable','turntable','',(#8));
#8 = PRODUCT_CONTEXT('',#2,'mechanical');
#9 = PRODUCT_DEFINITION_CONTEXT('part definition',#2,'design');
#10 = ADVANCED_BREP_SHAPE_REPRESENTATION('',(#11,#15),#2853);
#11 = AXIS2_PLACEMENT_3D('',#12,#13,#14);
#12 = CARTESIAN_POINT('',(0.,0.,0.));
#13 = DIRECTION('',(0.,0.,1.));
#14 = DIRECTION('',(1.,0.,-0.));
#15 = MANIFOLD_SOLID_BREP('',#16);
#16 = CLOSED_SHELL('',(#17,#411,#465,#500,#791,#1077,#1335,#1390,#1450,
    #1526,#1610,#1659,#1721,#1795,#2103,#2150,#2404,#2411,#2418,#2473,
    #2523,#2548,#2573,#2598,#2625,#2652,#2677,#2702,#2727,#2734,#2789,
    #2839,#2846));
#17 = ADVANCED_FACE('',(#18,#105,#258),#31,.T.);
#18 = FACE_BOUND('',#19,.T.);
#19 = EDGE_LOOP('',(#20,#54,#77,#104));
#20 = ORIENTED_EDGE('',*,*,#21,.F.);
#21 = EDGE_CURVE('',#22,#22,#24,.T.);
#22 = VERTEX_POINT('',#23);
#23 = CARTESIAN_POINT('',(38.,0.,24.));
#24 = SURFACE_CURVE('',#25,(#30,#42),.PCURVE_S1.);
#25 = CIRCLE('',#26,38.);
#26 = AXIS2_PLACEMENT_3D('',#27,#28,#29);
#27 = CARTESIAN_POINT('',(0.,0.,24.));
#28 = DIRECTION('',(0.,0.,1.));
#29 = DIRECTION('',(1.,0.,-0.));
#30 = PCURVE('',#31,#36);
#31 = CYLINDRICAL_SURFACE('',#32,38.);
#32 = AXIS2_PLACEMENT_3D('',#33,#34,#35);
#33 = CARTESIAN_POINT('',(0.,0.,0.));
#34 = DIRECTION('',(0.,0.,1.));
#35 = DIRECTION('',(1.,0.,-0.));
#36 = DEFINITIONAL_REPRESENTATION('',(#37),#41);
#37 = LINE('',#38,#39);
#38 = CARTESIAN_POINT('',(0.,24.));
#39 = VECTOR('',#40,1.);
#40 = DIRECTION('',(1.,0.));
#41 = ( GEOMETRIC_REPRESENTATION_CONTEXT(2) 
PARAMETRIC_REPRESENTATION_CONTEXT() REPRESENTATION_CONTEXT('2D SPACE',''
  ) );
#42 = PCURVE('',#43,#48);
#43 = TOROIDAL_SURFACE('',#44,36.,2.);
#44 = AXIS2_PLACEMENT_3D('',#45,#46,#47);
#45 = CARTESIAN_POINT('',(0.,0.,24.));
#46 = DIRECTION('',(0.,0.,1.));
#47 = DIRECTION('',(1.,0.,-0.));
#48 = DEFINITIONAL_REPRESENTATION('',(#49),#53);
#49 = LINE('',#50,#51);
#50 = CARTESIAN_POINT('',(0.,0.));
#51 = VECTOR('',#52,1.);
#52 = DIRECTION('',(1.,0.));
#53 = ( GEOMETRIC_REPRESENTATION_CONTEXT(2) 
PARAMETRIC_REPRESENTATION_CONTEXT() REPRESENTATION_CONTEXT('2D SPACE',''
  ) );
#54 = ORIENTED_EDGE('',*,*,#55,.F.);
#55 = EDGE_CURVE('',#56,#22,#58,.T.);
#56 = VERTEX_POINT('',#57);
#57 = CARTESIAN_POINT('',(38.,-9.30731567352E-15,0.));
#58 = SEAM_CURVE('',#59,(#63,#70),.PCURVE_S1.);
#59 = LINE('',#60,#61);
#60 = CARTESIAN_POINT('',(38.,-9.30731567352E-15,0.));
#61 = VECTOR('',#62,1.);
#62 = DIRECTION('',(0.,0.,1.));
#63 = PCURVE('',#31,#64);
#64 = DEFINITIONAL_REPRESENTATION('',(#65),#69);
#65 = LINE('',#66,#67);
#66 = CARTESIAN_POINT('',(6.28318530718,-0.));
#67 = VECTOR('',#68,1.);
#68 = DIRECTION('',(0.,1.));
#69 = ( GEOMETRIC_REPRESENTATION_CONTEXT(2) 
PARAMETRIC_REPRESENTATION_CONTEXT() REPRESENTATION_CONTEXT('2D SPACE',''
  ) );
#70 = PCURVE('',#31,#71);
#71 = DEFINITIONAL_REPRESENTATION('',(#72),#76);
#72 = LINE('',#73,#74);
#73 = CARTESIAN_POINT('',(0.,-0.));
#74 = VECTOR('',#75,1.);
#75 = DIRECTION('',(0.,1.));
#76 = ( GEOMETRIC_REPRESENTATION_CONTEXT(2) 
PARAMETRIC_REPRESENTATION_CONTEXT() REPRESENTATION_CONTEXT('2D SPACE',''
  ) );
#77 = ORIENTED_EDGE('',*,*,#78,.T.);
#78 = EDGE_CURVE('',#56,#56,#79,.T.);
#79 = SURFACE_CURVE('',#80,(#85,#92),.PCURVE_S1.);
#80 = CIRCLE('',#81,38.);
#81 = AXIS2_PLACEMENT_3D('',#82,#83,#84);
#82 = CARTESIAN_POINT('',(0.,0.,0.));
#83 = DIRECTION('',(0.,0.,1.));
#84 = DIRECTION('',(1.,0.,-0.));
#85 = PCURVE('',#31,#86);
#86 = DEFINITIONAL_REPRESENTATION('',(#87),#91);
#87 = LINE('',#88,#89);
#88 = CARTESIAN_POINT('',(0.,0.));
#89 = VECTOR('',#90,1.);
#90 = DIRECTION('',(1.,0.));
#91 = ( GEOMETRIC_REPRESENTATION_CONTEXT(2) 
PARAMETRIC_REPRESENTATION_CONTEXT() REPRESENTATION_CONTEXT('2D SPACE',''
  ) );
#92 = PCURVE('',#93,#98);
#93 = PLANE('',#94);
#94 = AXIS2_PLACEMENT_3D('',#95,#96,#97);
#95 = CARTESIAN_POINT('',(0.,0.,0.));
#96 = DIRECTION('',(0.,0.,1.));
#97 = DIRECTION('',(1.,0.,-0.));
#98 = DEFINITIONAL_REPRESENTATION('',(#99),#103);
#99 = CIRCLE('',#100,38.);
#100 = AXIS2_PLACEMENT_2D('',#101,#102);
#101 = CARTESIAN_POINT('',(0.,0.));
#102 = DIRECTION('',(1.,0.));
#103 = ( GEOMETRIC_REPRESENTATION_CONTEXT(2) 
PARAMETRIC_REPRESENTATION_CONTEXT() REPRESENTATION_CONTEXT('2D SPACE',''
  ) );
#104 = ORIENTED_EDGE('',*,*,#55,.T.);
#105 = FACE_BOUND('',#106,.T.);
#106 = EDGE_LOOP('',(#107));
#107 = ORIENTED_EDGE('',*,*,#108,.F.);
#108 = EDGE_CURVE('',#109,#109,#111,.T.);
#109 = VERTEX_POINT('',#110);
#110 = CARTESIAN_POINT('',(1.25,-37.97943522486,18.2));
#111 = SURFACE_CURVE('',#112,(#157,#205),.PCURVE_S1.);
#112 = B_SPLINE_CURVE_WITH_KNOTS('',7,(#113,#114,#115,#116,#117,#118,
    #119,#120,#121,#122,#123,#124,#125,#126,#127,#128,#129,#130,#131,
    #132,#133,#134,#135,#136,#137,#138,#139,#140,#141,#142,#143,#144,
    #145,#146,#147,#148,#149,#150,#151,#152,#153,#154,#155,#156),
  .UNSPECIFIED.,.T.,.F.,(8,6,6,6,6,6,6,8),(0.,0.151258129699,
    0.287065847433,0.424370044879,0.58731632218,0.713811321405,
    0.839617045774,1.),.UNSPECIFIED.);
#113 = CARTESIAN_POINT('',(1.25,-37.97943522486,18.2));
#114 = CARTESIAN_POINT('',(1.25,-37.97943522486,18.350178321186));
#115 = CARTESIAN_POINT('',(1.228950527723,-37.98012798731,
    18.500436730331));
#116 = CARTESIAN_POINT('',(1.186807693077,-37.98151516724,
    18.648635905773));
#117 = CARTESIAN_POINT('',(1.123109051972,-37.98353768252,
    18.792411379334));
#118 = CARTESIAN_POINT('',(1.037212527788,-37.98607030531,
    18.928850605745));
#119 = CARTESIAN_POINT('',(0.928479679439,-37.98888360985,
    19.054190092776));
#120 = CARTESIAN_POINT('',(0.67853289087,-37.99412562017,19.260964058945
    ));
#121 = CARTESIAN_POINT('',(0.538729824283,-37.99662787737,
    19.348092462234));
#122 = CARTESIAN_POINT('',(0.380224026686,-37.99881223993,
    19.415599567181));
#123 = CARTESIAN_POINT('',(0.208656538335,-38.00025894376,
    19.457335366672));
#124 = CARTESIAN_POINT('',(3.126254354601E-02,-38.00067440002,
    19.470047537097));
#125 = CARTESIAN_POINT('',(-0.144215707497,-38.0000917735,
    19.453516539107));
#126 = CARTESIAN_POINT('',(-0.479345307623,-37.99735012444,
    19.367469882727));
#127 = CARTESIAN_POINT('',(-0.634013572199,-37.99521318783,
    19.298601498867));
#128 = CARTESIAN_POINT('',(-0.771802529559,-37.99259996956,
    19.209138852904));
#129 = CARTESIAN_POINT('',(-0.890944304163,-37.98984518675,
    19.103614332986));
#130 = CARTESIAN_POINT('',(-0.990506333851,-37.98723540379,
    18.986297976449));
#131 = CARTESIAN_POINT('',(-1.070326278817,-37.98497190113,
    18.861234197008));
#132 = CARTESIAN_POINT('',(-1.203078715185,-37.9810188999,
    18.579120909477));
#133 = CARTESIAN_POINT('',(-1.250336885267,-37.97945211912,
    18.415931532999));
#134 = CARTESIAN_POINT('',(-1.271654492035,-37.9786957676,
    18.247011923112));
#135 = CARTESIAN_POINT('',(-1.266576192814,-37.97887463592,
    18.076629899398));
#136 = CARTESIAN_POINT('',(-1.235175242065,-37.97996846914,
    17.90891346148));
#137 = CARTESIAN_POINT('',(-1.177890481586,-37.98182969659,
    17.74788782248));
#138 = CARTESIAN_POINT('',(-1.031333163012,-37.98605609621,
    17.481301049655));
#139 = CARTESIAN_POINT('',(-0.950781011098,-37.9882529327,
    17.369022558937));
#140 = CARTESIAN_POINT('',(-0.853354881779,-37.99069336964,
    17.264232120552));
#141 = CARTESIAN_POINT('',(-0.739355929665,-37.99320206839,
    17.170310787117));
#142 = CARTESIAN_POINT('',(-0.609719607565,-37.99554411763,
    17.090739527912));
#143 = CARTESIAN_POINT('',(-0.466045425302,-37.99745892895,
    17.029115287895));
#144 = CARTESIAN_POINT('',(-0.156524889561,-37.99999107378,
    16.949643921679));
#145 = CARTESIAN_POINT('',(5.861056955679E-03,-38.00058798693,
    16.932416298193));
#146 = CARTESIAN_POINT('',(0.170606314452,-38.0003366058,16.940281035367
    ));
#147 = CARTESIAN_POINT('',(0.331312146439,-37.99919399875,
    16.973358801679));
#148 = CARTESIAN_POINT('',(0.481877652513,-37.99736264501,
    17.029311911353));
#149 = CARTESIAN_POINT('',(0.617333539056,-37.99516662356,
    17.103434098214));
#150 = CARTESIAN_POINT('',(0.884395997363,-37.99000199446,
    17.297466331807));
#151 = CARTESIAN_POINT('',(1.008177600321,-37.98692006806,
    17.426879597804));
#152 = CARTESIAN_POINT('',(1.105912591265,-37.98408238445,
    17.570110660764));
#153 = CARTESIAN_POINT('',(1.178303683943,-37.98179516441,
    17.722372223805));
#154 = CARTESIAN_POINT('',(1.226130118238,-37.98022078816,
    17.880000582704));
#155 = CARTESIAN_POINT('',(1.25,-37.97943522486,18.040076061772));
#156 = CARTESIAN_POINT('',(1.25,-37.97943522486,18.2));
#157 = PCURVE('',#31,#158);
#158 = DEFINITIONAL_REPRESENTATION('',(#159),#204);
#159 = B_SPLINE_CURVE_WITH_KNOTS('',7,(#160,#161,#162,#163,#164,#165,
    #166,#167,#168,#169,#170,#171,#172,#173,#174,#175,#176,#177,#178,
    #179,#180,#181,#182,#183,#184,#185,#186,#187,#188,#189,#190,#191,
    #192,#193,#194,#195,#196,#197,#198,#199,#200,#201,#202,#203),
  .UNSPECIFIED.,.T.,.F.,(8,6,6,6,6,6,6,8),(0.,0.151258129699,
    0.287065847433,0.424370044879,0.58731632218,0.713811321405,
    0.839617045774,1.),.UNSPECIFIED.);
#160 = CARTESIAN_POINT('',(4.745289652484,18.2));
#161 = CARTESIAN_POINT('',(4.745289652484,18.350178321186));
#162 = CARTESIAN_POINT('',(4.744735419058,18.500436730331));
#163 = CARTESIAN_POINT('',(4.743625796606,18.648635905773));
#164 = CARTESIAN_POINT('',(4.741948672643,18.792411379334));
#165 = CARTESIAN_POINT('',(4.739687268986,18.928850605745));
#166 = CARTESIAN_POINT('',(4.736824955016,19.054190092776));
#167 = CARTESIAN_POINT('',(4.730245961554,19.260964058945));
#168 = CARTESIAN_POINT('',(4.726566362199,19.348092462234));
#169 = CARTESIAN_POINT('',(4.722394816204,19.415599567181));
#170 = CARTESIAN_POINT('',(4.717879857932,19.457335366672));
#171 = CARTESIAN_POINT('',(4.713211705915,19.470047537097));
#172 = CARTESIAN_POINT('',(4.70859388569,19.453516539107));
#173 = CARTESIAN_POINT('',(4.699774390572,19.367469882727));
#174 = CARTESIAN_POINT('',(4.695703849324,19.298601498867));
#175 = CARTESIAN_POINT('',(4.692077240072,19.209138852904));
#176 = CARTESIAN_POINT('',(4.688941121229,19.103614332986));
#177 = CARTESIAN_POINT('',(4.686320178319,18.986297976449));
#178 = CARTESIAN_POINT('',(4.684218811067,18.861234197008));
#179 = CARTESIAN_POINT('',(4.680723777434,18.579120909477));
#180 = CARTESIAN_POINT('',(4.679479465248,18.415931532999));
#181 = CARTESIAN_POINT('',(4.67891812011,18.247011923112));
#182 = CARTESIAN_POINT('',(4.679051842912,18.076629899398));
#183 = CARTESIAN_POINT('',(4.679878687196,17.90891346148));
#184 = CARTESIAN_POINT('',(4.681386966263,17.74788782248));
#185 = CARTESIAN_POINT('',(4.68524534116,17.481301049655));
#186 = CARTESIAN_POINT('',(4.687365920256,17.369022558937));
#187 = CARTESIAN_POINT('',(4.689930559208,17.264232120552));
#188 = CARTESIAN_POINT('',(4.692931230352,17.170310787117));
#189 = CARTESIAN_POINT('',(4.696343213985,17.090739527912));
#190 = CARTESIAN_POINT('',(4.700124399187,17.029115287895));
#191 = CARTESIAN_POINT('',(4.708269949006,16.949643921679));
#192 = CARTESIAN_POINT('',(4.712543249234,16.932416298193));
#193 = CARTESIAN_POINT('',(4.716878559296,16.940281035367));
#194 = CARTESIAN_POINT('',(4.721107656509,16.973358801679));
#195 = CARTESIAN_POINT('',(4.725070147841,17.029311911353));
#196 = CARTESIAN_POINT('',(4.728635227108,17.103434098214));
#197 = CARTESIAN_POINT('',(4.735664500585,17.297466331807));
#198 = CARTESIAN_POINT('',(4.73892287029,17.426879597804));
#199 = CARTESIAN_POINT('',(4.74149590723,17.570110660764));
#200 = CARTESIAN_POINT('',(4.743401885803,17.722372223805));
#201 = CARTESIAN_POINT('',(4.744661157544,17.880000582704));
#202 = CARTESIAN_POINT('',(4.745289652484,18.040076061772));
#203 = CARTESIAN_POINT('',(4.745289652484,18.2));
#204 = ( GEOMETRIC_REPRESENTATION_CONTEXT(2) 
PARAMETRIC_REPRESENTATION_CONTEXT() REPRESENTATION_CONTEXT('2D SPACE',''
  ) );
#205 = PCURVE('',#206,#211);
#206 = CYLINDRICAL_SURFACE('',#207,1.25);
#207 = AXIS2_PLACEMENT_3D('',#208,#209,#210);
#208 = CARTESIAN_POINT('',(0.,0.,18.2));
#209 = DIRECTION('',(0.,-1.,0.));
#210 = DIRECTION('',(1.,0.,0.));
#211 = DEFINITIONAL_REPRESENTATION('',(#212),#257);
#212 = B_SPLINE_CURVE_WITH_KNOTS('',7,(#213,#214,#215,#216,#217,#218,
    #219,#220,#221,#222,#223,#224,#225,#226,#227,#228,#229,#230,#231,
    #232,#233,#234,#235,#236,#237,#238,#239,#240,#241,#242,#243,#244,
    #245,#246,#247,#248,#249,#250,#251,#252,#253,#254,#255,#256),
  .UNSPECIFIED.,.F.,.F.,(8,6,6,6,6,6,6,8),(0.,0.151258129699,
    0.287065847433,0.424370044879,0.58731632218,0.713811321405,
    0.839617045774,1.),.UNSPECIFIED.);
#213 = CARTESIAN_POINT('',(0.,37.979435224869));
#214 = CARTESIAN_POINT('',(0.120142656949,37.979435224869));
#215 = CARTESIAN_POINT('',(0.240348897903,37.98012798731));
#216 = CARTESIAN_POINT('',(0.361742946055,37.981515167245));
#217 = CARTESIAN_POINT('',(0.485270048703,37.983537682521));
#218 = CARTESIAN_POINT('',(0.611966168309,37.986070305311));
#219 = CARTESIAN_POINT('',(0.742906237633,37.988883609852));
#220 = CARTESIAN_POINT('',(1.002418235292,37.994125620178));
#221 = CARTESIAN_POINT('',(1.133025204235,37.99662787737));
#222 = CARTESIAN_POINT('',(1.268172550452,37.998812239936));
#223 = CARTESIAN_POINT('',(1.406031537803,38.000258943766));
#224 = CARTESIAN_POINT('',(1.545221790969,38.00067440002));
#225 = CARTESIAN_POINT('',(1.684482154428,38.000091773505));
#226 = CARTESIAN_POINT('',(1.961282011023,37.997350124448));
#227 = CARTESIAN_POINT('',(2.094831311491,37.995213187832));
#228 = CARTESIAN_POINT('',(2.223796382066,37.992599969568));
#229 = CARTESIAN_POINT('',(2.348728583304,37.989845186758));
#230 = CARTESIAN_POINT('',(2.469988886711,37.987235403794));
#231 = CARTESIAN_POINT('',(2.587705822303,37.984971901131));
#232 = CARTESIAN_POINT('',(2.837135400486,37.981018899905));
#233 = CARTESIAN_POINT('',(2.97135888932,37.979452119122));
#234 = CARTESIAN_POINT('',(3.104947334426,37.978695767603));
#235 = CARTESIAN_POINT('',(3.238393810385,37.978874635924));
#236 = CARTESIAN_POINT('',(3.3722718984,37.979968469144));
#237 = CARTESIAN_POINT('',(3.507236161441,37.981829696598));
#238 = CARTESIAN_POINT('',(3.750609198663,37.986056096218));
#239 = CARTESIAN_POINT('',(3.860366296527,37.9882529327));
#240 = CARTESIAN_POINT('',(3.97334403486,37.990693369642));
#241 = CARTESIAN_POINT('',(4.089580154156,37.993202068391));
#242 = CARTESIAN_POINT('',(4.209299461509,37.995544117634));
#243 = CARTESIAN_POINT('',(4.332888316632,37.997458928951));
#244 = CARTESIAN_POINT('',(4.588536399864,37.999991073783));
#245 = CARTESIAN_POINT('',(4.71779087411,38.000587986937));
#246 = CARTESIAN_POINT('',(4.847267152387,38.000336605803));
#247 = CARTESIAN_POINT('',(4.975782745842,37.999193998756));
#248 = CARTESIAN_POINT('',(5.102094323376,37.997362645019));
#249 = CARTESIAN_POINT('',(5.224617958349,37.995166623565));
#250 = CARTESIAN_POINT('',(5.488703840512,37.99000199446));
#251 = CARTESIAN_POINT('',(5.629671593816,37.986920068067));
#252 = CARTESIAN_POINT('',(5.765567251033,37.984082384451));
#253 = CARTESIAN_POINT('',(5.897659599684,37.981795164412));
#254 = CARTESIAN_POINT('',(6.0271866176,37.980220788163));
#255 = CARTESIAN_POINT('',(6.155246156597,37.979435224869));
#256 = CARTESIAN_POINT('',(6.28318530718,37.979435224869));
#257 = ( GEOMETRIC_REPRESENTATION_CONTEXT(2) 
PARAMETRIC_REPRESENTATION_CONTEXT() REPRESENTATION_CONTEXT('2D SPACE',''
  ) );
#258 = FACE_BOUND('',#259,.T.);
#259 = EDGE_LOOP('',(#260));
#260 = ORIENTED_EDGE('',*,*,#261,.T.);
#261 = EDGE_CURVE('',#262,#262,#264,.T.);
#262 = VERTEX_POINT('',#263);
#263 = CARTESIAN_POINT('',(1.25,37.979435224869,18.2));
#264 = SURFACE_CURVE('',#265,(#310,#358),.PCURVE_S1.);
#265 = B_SPLINE_CURVE_WITH_KNOTS('',7,(#266,#267,#268,#269,#270,#271,
    #272,#273,#274,#275,#276,#277,#278,#279,#280,#281,#282,#283,#284,
    #285,#286,#287,#288,#289,#290,#291,#292,#293,#294,#295,#296,#297,
    #298,#299,#300,#301,#302,#303,#304,#305,#306,#307,#308,#309),
  .UNSPECIFIED.,.T.,.F.,(8,6,6,6,6,6,6,8),(0.,0.151258129719,
    0.287065847412,0.424370044868,0.587316322181,0.713811321408,
    0.839617045776,1.),.UNSPECIFIED.);
#266 = CARTESIAN_POINT('',(1.25,37.979435224869,18.2));
#267 = CARTESIAN_POINT('',(1.25,37.979435224869,18.350178321186));
#268 = CARTESIAN_POINT('',(1.228950527723,37.98012798731,18.500436730331
    ));
#269 = CARTESIAN_POINT('',(1.186807693077,37.981515167245,
    18.648635905774));
#270 = CARTESIAN_POINT('',(1.123109051973,37.983537682521,
    18.792411379334));
#271 = CARTESIAN_POINT('',(1.037212527788,37.986070305311,
    18.928850605745));
#272 = CARTESIAN_POINT('',(0.928479679439,37.988883609852,
    19.054190092776));
#273 = CARTESIAN_POINT('',(0.678532890921,37.994125620177,
    19.260964058903));
#274 = CARTESIAN_POINT('',(0.538729824236,37.996627877372,
    19.348092462297));
#275 = CARTESIAN_POINT('',(0.380224026626,37.998812239936,
    19.415599567168));
#276 = CARTESIAN_POINT('',(0.208656538391,38.000258943765,
    19.457335366636));
#277 = CARTESIAN_POINT('',(3.126254360608E-02,38.000674400021,
    19.470047537133));
#278 = CARTESIAN_POINT('',(-0.144215707559,38.000091773504,
    19.453516539091));
#279 = CARTESIAN_POINT('',(-0.479345307623,37.997350124448,
    19.367469882727));
#280 = CARTESIAN_POINT('',(-0.634013572199,37.995213187832,
    19.298601498867));
#281 = CARTESIAN_POINT('',(-0.771802529559,37.992599969568,
    19.209138852904));
#282 = CARTESIAN_POINT('',(-0.890944304163,37.989845186758,
    19.103614332986));
#283 = CARTESIAN_POINT('',(-0.990506333851,37.987235403794,
    18.986297976449));
#284 = CARTESIAN_POINT('',(-1.070326278817,37.984971901131,
    18.861234197008));
#285 = CARTESIAN_POINT('',(-1.203078715185,37.981018899905,
    18.579120909477));
#286 = CARTESIAN_POINT('',(-1.250336885268,37.979452119121,
    18.415931532998));
#287 = CARTESIAN_POINT('',(-1.271654492035,37.978695767603,
    18.247011923112));
#288 = CARTESIAN_POINT('',(-1.266576192814,37.978874635924,
    18.076629899397));
#289 = CARTESIAN_POINT('',(-1.235175242065,37.979968469144,
    17.90891346148));
#290 = CARTESIAN_POINT('',(-1.177890481586,37.981829696598,
    17.747887822481));
#291 = CARTESIAN_POINT('',(-1.031333163015,37.986056096218,
    17.48130104966));
#292 = CARTESIAN_POINT('',(-0.950781011099,37.9882529327,17.369022558936
    ));
#293 = CARTESIAN_POINT('',(-0.853354881776,37.990693369643,
    17.264232120548));
#294 = CARTESIAN_POINT('',(-0.73935592966,37.993202068391,
    17.170310787115));
#295 = CARTESIAN_POINT('',(-0.609719607566,37.995544117634,
    17.090739527914));
#296 = CARTESIAN_POINT('',(-0.466045425308,37.997458928951,
    17.029115287896));
#297 = CARTESIAN_POINT('',(-0.156524889561,37.999991073783,
    16.949643921679));
#298 = CARTESIAN_POINT('',(5.861056955397E-03,38.000587986937,
    16.932416298193));
#299 = CARTESIAN_POINT('',(0.170606314452,38.000336605803,
    16.940281035367));
#300 = CARTESIAN_POINT('',(0.331312146438,37.999193998756,
    16.973358801679));
#301 = CARTESIAN_POINT('',(0.481877652514,37.997362645019,
    17.029311911354));
#302 = CARTESIAN_POINT('',(0.617333539056,37.995166623565,
    17.103434098214));
#303 = CARTESIAN_POINT('',(0.884395997363,37.99000199446,17.297466331807
    ));
#304 = CARTESIAN_POINT('',(1.008177600321,37.986920068067,
    17.426879597805));
#305 = CARTESIAN_POINT('',(1.105912591265,37.984082384451,
    17.570110660764));
#306 = CARTESIAN_POINT('',(1.178303683943,37.981795164412,
    17.722372223805));
#307 = CARTESIAN_POINT('',(1.226130118238,37.980220788163,
    17.880000582703));
#308 = CARTESIAN_POINT('',(1.25,37.979435224869,18.040076061772));
#309 = CARTESIAN_POINT('',(1.25,37.979435224869,18.2));
#310 = PCURVE('',#31,#311);
#311 = DEFINITIONAL_REPRESENTATION('',(#312),#357);
#312 = B_SPLINE_CURVE_WITH_KNOTS('',7,(#313,#314,#315,#316,#317,#318,
    #319,#320,#321,#322,#323,#324,#325,#326,#327,#328,#329,#330,#331,
    #332,#333,#334,#335,#336,#337,#338,#339,#340,#341,#342,#343,#344,
    #345,#346,#347,#348,#349,#350,#351,#352,#353,#354,#355,#356),
  .UNSPECIFIED.,.T.,.F.,(8,6,6,6,6,6,6,8),(0.,0.151258129719,
    0.287065847412,0.424370044868,0.587316322181,0.713811321408,
    0.839617045776,1.),.UNSPECIFIED.);
#313 = CARTESIAN_POINT('',(1.537895654695,18.2));
#314 = CARTESIAN_POINT('',(1.537895654695,18.350178321186));
#315 = CARTESIAN_POINT('',(1.538449888121,18.500436730331));
#316 = CARTESIAN_POINT('',(1.539559510574,18.648635905774));
#317 = CARTESIAN_POINT('',(1.541236634537,18.792411379334));
#318 = CARTESIAN_POINT('',(1.543498038194,18.928850605745));
#319 = CARTESIAN_POINT('',(1.546360352163,19.054190092776));
#320 = CARTESIAN_POINT('',(1.552939345624,19.260964058903));
#321 = CARTESIAN_POINT('',(1.556618944981,19.348092462297));
#322 = CARTESIAN_POINT('',(1.560790490977,19.415599567168));
#323 = CARTESIAN_POINT('',(1.565305449247,19.457335366636));
#324 = CARTESIAN_POINT('',(1.569973601263,19.470047537133));
#325 = CARTESIAN_POINT('',(1.574591421492,19.453516539091));
#326 = CARTESIAN_POINT('',(1.583410916607,19.367469882727));
#327 = CARTESIAN_POINT('',(1.587481457855,19.298601498867));
#328 = CARTESIAN_POINT('',(1.591108067108,19.209138852904));
#329 = CARTESIAN_POINT('',(1.59424418595,19.103614332986));
#330 = CARTESIAN_POINT('',(1.59686512886,18.986297976449));
#331 = CARTESIAN_POINT('',(1.598966496112,18.861234197008));
#332 = CARTESIAN_POINT('',(1.602461529745,18.579120909477));
#333 = CARTESIAN_POINT('',(1.603705841931,18.415931532998));
#334 = CARTESIAN_POINT('',(1.604267187069,18.247011923112));
#335 = CARTESIAN_POINT('',(1.604133464268,18.076629899397));
#336 = CARTESIAN_POINT('',(1.603306619983,17.90891346148));
#337 = CARTESIAN_POINT('',(1.601798340917,17.747887822481));
#338 = CARTESIAN_POINT('',(1.59793996602,17.48130104966));
#339 = CARTESIAN_POINT('',(1.595819386924,17.369022558936));
#340 = CARTESIAN_POINT('',(1.593254747972,17.264232120548));
#341 = CARTESIAN_POINT('',(1.590254076828,17.170310787115));
#342 = CARTESIAN_POINT('',(1.586842093195,17.090739527914));
#343 = CARTESIAN_POINT('',(1.583060907993,17.029115287896));
#344 = CARTESIAN_POINT('',(1.574915358173,16.949643921679));
#345 = CARTESIAN_POINT('',(1.570642057945,16.932416298193));
#346 = CARTESIAN_POINT('',(1.566306747883,16.940281035367));
#347 = CARTESIAN_POINT('',(1.562077650671,16.973358801679));
#348 = CARTESIAN_POINT('',(1.558115159339,17.029311911354));
#349 = CARTESIAN_POINT('',(1.554550080072,17.103434098214));
#350 = CARTESIAN_POINT('',(1.547520806594,17.297466331807));
#351 = CARTESIAN_POINT('',(1.54426243689,17.426879597805));
#352 = CARTESIAN_POINT('',(1.54168939995,17.570110660764));
#353 = CARTESIAN_POINT('',(1.539783421376,17.722372223805));
#354 = CARTESIAN_POINT('',(1.538524149636,17.880000582703));
#355 = CARTESIAN_POINT('',(1.537895654695,18.040076061772));
#356 = CARTESIAN_POINT('',(1.537895654695,18.2));
#357 = ( GEOMETRIC_REPRESENTATION_CONTEXT(2) 
PARAMETRIC_REPRESENTATION_CONTEXT() REPRESENTATION_CONTEXT('2D SPACE',''
  ) );
#358 = PCURVE('',#359,#364);
#359 = CYLINDRICAL_SURFACE('',#360,1.25);
#360 = AXIS2_PLACEMENT_3D('',#361,#362,#363);
#361 = CARTESIAN_POINT('',(0.,0.,18.2));
#362 = DIRECTION('',(0.,-1.,0.));
#363 = DIRECTION('',(1.,0.,0.));
#364 = DEFINITIONAL_REPRESENTATION('',(#365),#410);
#365 = B_SPLINE_CURVE_WITH_KNOTS('',7,(#366,#367,#368,#369,#370,#371,
    #372,#373,#374,#375,#376,#377,#378,#379,#380,#381,#382,#383,#384,
    #385,#386,#387,#388,#389,#390,#391,#392,#393,#394,#395,#396,#397,
    #398,#399,#400,#401,#402,#403,#404,#405,#406,#407,#408,#409),
  .UNSPECIFIED.,.F.,.F.,(8,6,6,6,6,6,6,8),(0.,0.151258129719,
    0.287065847412,0.424370044868,0.587316322181,0.713811321408,
    0.839617045776,1.),.UNSPECIFIED.);
#366 = CARTESIAN_POINT('',(0.,-37.97943522486));
#367 = CARTESIAN_POINT('',(0.120142656949,-37.97943522486));
#368 = CARTESIAN_POINT('',(0.240348897903,-37.98012798731));
#369 = CARTESIAN_POINT('',(0.361742946056,-37.98151516724));
#370 = CARTESIAN_POINT('',(0.485270048703,-37.98353768252));
#371 = CARTESIAN_POINT('',(0.61196616831,-37.98607030531));
#372 = CARTESIAN_POINT('',(0.742906237633,-37.98888360985));
#373 = CARTESIAN_POINT('',(1.002418235239,-37.99412562017));
#374 = CARTESIAN_POINT('',(1.133025204296,-37.99662787737));
#375 = CARTESIAN_POINT('',(1.268172550478,-37.99881223993));
#376 = CARTESIAN_POINT('',(1.406031537771,-38.00025894376));
#377 = CARTESIAN_POINT('',(1.545221790915,-38.00067440002));
#378 = CARTESIAN_POINT('',(1.684482154479,-38.0000917735));
#379 = CARTESIAN_POINT('',(1.961282011023,-37.99735012444));
#380 = CARTESIAN_POINT('',(2.094831311491,-37.99521318783));
#381 = CARTESIAN_POINT('',(2.223796382066,-37.99259996956));
#382 = CARTESIAN_POINT('',(2.348728583304,-37.98984518675));
#383 = CARTESIAN_POINT('',(2.469988886711,-37.98723540379));
#384 = CARTESIAN_POINT('',(2.587705822303,-37.98497190113));
#385 = CARTESIAN_POINT('',(2.837135400486,-37.9810188999));
#386 = CARTESIAN_POINT('',(2.971358889321,-37.97945211912));
#387 = CARTESIAN_POINT('',(3.104947334426,-37.9786957676));
#388 = CARTESIAN_POINT('',(3.238393810386,-37.97887463592));
#389 = CARTESIAN_POINT('',(3.3722718984,-37.97996846914));
#390 = CARTESIAN_POINT('',(3.507236161441,-37.98182969659));
#391 = CARTESIAN_POINT('',(3.750609198658,-37.98605609621));
#392 = CARTESIAN_POINT('',(3.860366296527,-37.9882529327));
#393 = CARTESIAN_POINT('',(3.973344034864,-37.99069336964));
#394 = CARTESIAN_POINT('',(4.08958015416,-37.99320206839));
#395 = CARTESIAN_POINT('',(4.209299461507,-37.99554411763));
#396 = CARTESIAN_POINT('',(4.332888316627,-37.99745892895));
#397 = CARTESIAN_POINT('',(4.588536399864,-37.99999107378));
#398 = CARTESIAN_POINT('',(4.717790874109,-38.00058798693));
#399 = CARTESIAN_POINT('',(4.847267152388,-38.0003366058));
#400 = CARTESIAN_POINT('',(4.975782745841,-37.99919399875));
#401 = CARTESIAN_POINT('',(5.102094323376,-37.99736264501));
#402 = CARTESIAN_POINT('',(5.224617958349,-37.99516662356));
#403 = CARTESIAN_POINT('',(5.488703840512,-37.99000199446));
#404 = CARTESIAN_POINT('',(5.629671593816,-37.98692006806));
#405 = CARTESIAN_POINT('',(5.765567251032,-37.98408238445));
#406 = CARTESIAN_POINT('',(5.897659599685,-37.98179516441));
#407 = CARTESIAN_POINT('',(6.0271866176,-37.98022078816));
#408 = CARTESIAN_POINT('',(6.155246156597,-37.97943522486));
#409 = CARTESIAN_POINT('',(6.28318530718,-37.97943522486));
#410 = ( GEOMETRIC_REPRESENTATION_CONTEXT(2) 
PARAMETRIC_REPRESENTATION_CONTEXT() REPRESENTATION_CONTEXT('2D SPACE',''
  ) );
#411 = ADVANCED_FACE('',(#412),#43,.T.);
#412 = FACE_BOUND('',#413,.T.);
#413 = EDGE_LOOP('',(#414,#436,#437,#438));
#414 = ORIENTED_EDGE('',*,*,#415,.F.);
#415 = EDGE_CURVE('',#22,#416,#418,.T.);
#416 = VERTEX_POINT('',#417);
#417 = CARTESIAN_POINT('',(36.,0.,26.));
#418 = SEAM_CURVE('',#419,(#424,#430),.PCURVE_S1.);
#419 = CIRCLE('',#420,2.);
#420 = AXIS2_PLACEMENT_3D('',#421,#422,#423);
#421 = CARTESIAN_POINT('',(36.,0.,24.));
#422 = DIRECTION('',(0.,-1.,0.));
#423 = DIRECTION('',(1.,0.,0.));
#424 = PCURVE('',#43,#425);
#425 = DEFINITIONAL_REPRESENTATION('',(#426),#429);
#426 = B_SPLINE_CURVE_WITH_KNOTS('',1,(#427,#428),.UNSPECIFIED.,.F.,.F.,
  (2,2),(0.,1.570796326795),.PIECEWISE_BEZIER_KNOTS.);
#427 = CARTESIAN_POINT('',(0.,0.));
#428 = CARTESIAN_POINT('',(0.,1.570796326795));
#429 = ( GEOMETRIC_REPRESENTATION_CONTEXT(2) 
PARAMETRIC_REPRESENTATION_CONTEXT() REPRESENTATION_CONTEXT('2D SPACE',''
  ) );
#430 = PCURVE('',#43,#431);
#431 = DEFINITIONAL_REPRESENTATION('',(#432),#435);
#432 = B_SPLINE_CURVE_WITH_KNOTS('',1,(#433,#434),.UNSPECIFIED.,.F.,.F.,
  (2,2),(0.,1.570796326795),.PIECEWISE_BEZIER_KNOTS.);
#433 = CARTESIAN_POINT('',(6.28318530718,0.));
#434 = CARTESIAN_POINT('',(6.28318530718,1.570796326795));
#435 = ( GEOMETRIC_REPRESENTATION_CONTEXT(2) 
PARAMETRIC_REPRESENTATION_CONTEXT() REPRESENTATION_CONTEXT('2D SPACE',''
  ) );
#436 = ORIENTED_EDGE('',*,*,#21,.T.);
#437 = ORIENTED_EDGE('',*,*,#415,.T.);
#438 = ORIENTED_EDGE('',*,*,#439,.F.);
#439 = EDGE_CURVE('',#416,#416,#440,.T.);
#440 = SURFACE_CURVE('',#441,(#446,#453),.PCURVE_S1.);
#441 = CIRCLE('',#442,36.);
#442 = AXIS2_PLACEMENT_3D('',#443,#444,#445);
#443 = CARTESIAN_POINT('',(0.,0.,26.));
#444 = DIRECTION('',(0.,0.,1.));
#445 = DIRECTION('',(1.,0.,-0.));
#446 = PCURVE('',#43,#447);
#447 = DEFINITIONAL_REPRESENTATION('',(#448),#452);
#448 = LINE('',#449,#450);
#449 = CARTESIAN_POINT('',(0.,1.570796326795));
#450 = VECTOR('',#451,1.);
#451 = DIRECTION('',(1.,0.));
#452 = ( GEOMETRIC_REPRESENTATION_CONTEXT(2) 
PARAMETRIC_REPRESENTATION_CONTEXT() REPRESENTATION_CONTEXT('2D SPACE',''
  ) );
#453 = PCURVE('',#454,#459);
#454 = PLANE('',#455);
#455 = AXIS2_PLACEMENT_3D('',#456,#457,#458);
#456 = CARTESIAN_POINT('',(0.,0.,26.));
#457 = DIRECTION('',(0.,0.,1.));
#458 = DIRECTION('',(1.,0.,-0.));
#459 = DEFINITIONAL_REPRESENTATION('',(#460),#464);
#460 = CIRCLE('',#461,36.);
#461 = AXIS2_PLACEMENT_2D('',#462,#463);
#462 = CARTESIAN_POINT('',(0.,0.));
#463 = DIRECTION('',(1.,0.));
#464 = ( GEOMETRIC_REPRESENTATION_CONTEXT(2) 
PARAMETRIC_REPRESENTATION_CONTEXT() REPRESENTATION_CONTEXT('2D SPACE',''
  ) );
#465 = ADVANCED_FACE('',(#466,#469),#93,.F.);
#466 = FACE_BOUND('',#467,.F.);
#467 = EDGE_LOOP('',(#468));
#468 = ORIENTED_EDGE('',*,*,#78,.T.);
#469 = FACE_BOUND('',#470,.F.);
#470 = EDGE_LOOP('',(#471));
#471 = ORIENTED_EDGE('',*,*,#472,.F.);
#472 = EDGE_CURVE('',#473,#473,#475,.T.);
#473 = VERTEX_POINT('',#474);
#474 = CARTESIAN_POINT('',(23.9,0.,0.));
#475 = SURFACE_CURVE('',#476,(#481,#488),.PCURVE_S1.);
#476 = CIRCLE('',#477,23.9);
#477 = AXIS2_PLACEMENT_3D('',#478,#479,#480);
#478 = CARTESIAN_POINT('',(0.,0.,0.));
#479 = DIRECTION('',(0.,0.,1.));
#480 = DIRECTION('',(1.,0.,0.));
#481 = PCURVE('',#93,#482);
#482 = DEFINITIONAL_REPRESENTATION('',(#483),#487);
#483 = CIRCLE('',#484,23.9);
#484 = AXIS2_PLACEMENT_2D('',#485,#486);
#485 = CARTESIAN_POINT('',(0.,0.));
#486 = DIRECTION('',(1.,0.));
#487 = ( GEOMETRIC_REPRESENTATION_CONTEXT(2) 
PARAMETRIC_REPRESENTATION_CONTEXT() REPRESENTATION_CONTEXT('2D SPACE',''
  ) );
#488 = PCURVE('',#489,#494);
#489 = CYLINDRICAL_SURFACE('',#490,23.9);
#490 = AXIS2_PLACEMENT_3D('',#491,#492,#493);
#491 = CARTESIAN_POINT('',(0.,0.,0.));
#492 = DIRECTION('',(-0.,-0.,-1.));
#493 = DIRECTION('',(1.,0.,0.));
#494 = DEFINITIONAL_REPRESENTATION('',(#495),#499);
#495 = LINE('',#496,#497);
#496 = CARTESIAN_POINT('',(-0.,0.));
#497 = VECTOR('',#498,1.);
#498 = DIRECTION('',(-1.,0.));
#499 = ( GEOMETRIC_REPRESENTATION_CONTEXT(2) 
PARAMETRIC_REPRESENTATION_CONTEXT() REPRESENTATION_CONTEXT('2D SPACE',''
  ) );
#500 = ADVANCED_FACE('',(#501),#206,.F.);
#501 = FACE_BOUND('',#502,.F.);
#502 = EDGE_LOOP('',(#503,#768,#789,#790));
#503 = ORIENTED_EDGE('',*,*,#504,.T.);
#504 = EDGE_CURVE('',#505,#505,#507,.T.);
#505 = VERTEX_POINT('',#506);
#506 = CARTESIAN_POINT('',(1.25,-2.616772821626,18.2));
#507 = SURFACE_CURVE('',#508,(#591,#677),.PCURVE_S1.);
#508 = B_SPLINE_CURVE_WITH_KNOTS('',6,(#509,#510,#511,#512,#513,#514,
    #515,#516,#517,#518,#519,#520,#521,#522,#523,#524,#525,#526,#527,
    #528,#529,#530,#531,#532,#533,#534,#535,#536,#537,#538,#539,#540,
    #541,#542,#543,#544,#545,#546,#547,#548,#549,#550,#551,#552,#553,
    #554,#555,#556,#557,#558,#559,#560,#561,#562,#563,#564,#565,#566,
    #567,#568,#569,#570,#571,#572,#573,#574,#575,#576,#577,#578,#579,
    #580,#581,#582,#583,#584,#585,#586,#587,#588,#589,#590),
  .UNSPECIFIED.,.T.,.F.,(7,5,5,5,5,5,5,5,5,5,5,5,5,5,5,5,7),(0.,
    7.086814095791E-02,0.131367214495,0.180984825091,0.249816290097,
    0.294502646476,0.349046891054,0.43129280234,0.500301743218,
    0.571343314441,0.631682206039,0.681168445283,0.749817666877,
    0.794385708267,0.848785537356,0.930813688106,1.),.UNSPECIFIED.);
#509 = CARTESIAN_POINT('',(1.25,-2.616772821626,18.2));
#510 = CARTESIAN_POINT('',(1.25,-2.616772821626,18.285257749431));
#511 = CARTESIAN_POINT('',(1.243021905265,-2.620106166532,18.37046246137
    ));
#512 = CARTESIAN_POINT('',(1.229081769899,-2.626765216602,18.45506177255
    ));
#513 = CARTESIAN_POINT('',(1.208205813436,-2.636565957817,
    18.538496317651));
#514 = CARTESIAN_POINT('',(1.180437579503,-2.649147485723,18.62017578378
    ));
#515 = CARTESIAN_POINT('',(1.116376329318,-2.67670232127,18.767146864954
    ));
#516 = CARTESIAN_POINT('',(1.081915300026,-2.691060530774,
    18.833110845111));
#517 = CARTESIAN_POINT('',(1.04250997613,-2.706797977865,18.897049136519
    ));
#518 = CARTESIAN_POINT('',(0.998165588363,-2.723564697366,
    18.958610511411));
#519 = CARTESIAN_POINT('',(0.948890098357,-2.740958289094,
    19.017390807468));
#520 = CARTESIAN_POINT('',(0.850267628962,-2.772945631084,
    19.118473883511));
#521 = CARTESIAN_POINT('',(0.802494155663,-2.787491088263,
    19.161872807701));
#522 = CARTESIAN_POINT('',(0.751421920239,-2.801912281767,
    19.202826501441));
#523 = CARTESIAN_POINT('',(0.697109210924,-2.815930268506,
    19.241019399746));
#524 = CARTESIAN_POINT('',(0.639640894718,-2.829253047466,
    19.276114036578));
#525 = CARTESIAN_POINT('',(0.49519411412,-2.858692215845,19.351631139859
    ));
#526 = CARTESIAN_POINT('',(0.404968432707,-2.873981822186,
    19.389082692247));
#527 = CARTESIAN_POINT('',(0.30958794846,-2.886436330745,19.418513474598
    ));
#528 = CARTESIAN_POINT('',(0.21045498908,-2.895187769829,19.438835341047
    ));
#529 = CARTESIAN_POINT('',(0.109116638613,-2.899739237319,
    19.449395022625));
#530 = CARTESIAN_POINT('',(-5.902251093681E-02,-2.900154690889,
    19.450358887801));
#531 = CARTESIAN_POINT('',(-0.125186178669,-2.898505665108,
    19.446532118232));
#532 = CARTESIAN_POINT('',(-0.190809692736,-2.89504443184,
    19.438508821953));
#533 = CARTESIAN_POINT('',(-0.255382761924,-2.889860959196,
    19.426407859435));
#534 = CARTESIAN_POINT('',(-0.318414944402,-2.883123669797,
    19.410460792317));
#535 = CARTESIAN_POINT('',(-0.453949586152,-2.865235877166,
    19.367280304766));
#536 = CARTESIAN_POINT('',(-0.525442199732,-2.853443465751,
    19.338343455393));
#537 = CARTESIAN_POINT('',(-0.593572794596,-2.840058193972,
    19.30469826817));
#538 = CARTESIAN_POINT('',(-0.658047409971,-2.825489689995,
    19.266846954133));
#539 = CARTESIAN_POINT('',(-0.718633013315,-2.810161458775,
    19.22530871399));
#540 = CARTESIAN_POINT('',(-0.860388873331,-2.770840010498,
    19.11325491096));
#541 = CARTESIAN_POINT('',(-0.936594885446,-2.746341787699,
    19.038572322703));
#542 = CARTESIAN_POINT('',(-1.003638593825,-2.722232075191,
    18.957957899121));
#543 = CARTESIAN_POINT('',(-1.061504940234,-2.699616870677,
    18.872516850387));
#544 = CARTESIAN_POINT('',(-1.110201240264,-2.679422071625,
    18.783155738895));
#545 = CARTESIAN_POINT('',(-1.182809340091,-2.648067992566,
    18.613019220004));
#546 = CARTESIAN_POINT('',(-1.209457464728,-2.63597378255,
    18.533156028666));
#547 = CARTESIAN_POINT('',(-1.229533665739,-2.626546824948,
    18.451646045008));
#548 = CARTESIAN_POINT('',(-1.242997067467,-2.620118005981,
    18.369038953938));
#549 = CARTESIAN_POINT('',(-1.249823134649,-2.61685730779,18.28585672733
    ));
#550 = CARTESIAN_POINT('',(-1.250176524461,-2.616688498303,
    18.116921055162));
#551 = CARTESIAN_POINT('',(-1.243306001721,-2.619970430352,
    18.031268514183));
#552 = CARTESIAN_POINT('',(-1.229401558297,-2.626615046389,
    17.946218416497));
#553 = CARTESIAN_POINT('',(-1.208489587918,-2.636437367388,
    17.862338822784));
#554 = CARTESIAN_POINT('',(-1.180614120905,-2.649071549501,
    17.780229242357));
#555 = CARTESIAN_POINT('',(-1.116376329318,-2.67670232127,
    17.632853135046));
#556 = CARTESIAN_POINT('',(-1.081915300026,-2.691060530774,
    17.566889154889));
#557 = CARTESIAN_POINT('',(-1.04250997613,-2.706797977865,
    17.502950863481));
#558 = CARTESIAN_POINT('',(-0.998165588363,-2.723564697366,
    17.441389488589));
#559 = CARTESIAN_POINT('',(-0.948890098357,-2.740958289094,
    17.382609192532));
#560 = CARTESIAN_POINT('',(-0.850267628962,-2.772945631084,
    17.281526116489));
#561 = CARTESIAN_POINT('',(-0.802494155663,-2.787491088263,
    17.238127192299));
#562 = CARTESIAN_POINT('',(-0.751421920239,-2.801912281767,
    17.197173498559));
#563 = CARTESIAN_POINT('',(-0.697109210924,-2.815930268506,
    17.158980600254));
#564 = CARTESIAN_POINT('',(-0.639640894718,-2.829253047466,
    17.123885963422));
#565 = CARTESIAN_POINT('',(-0.49519411412,-2.858692215845,
    17.048368860141));
#566 = CARTESIAN_POINT('',(-0.404968432707,-2.873981822186,
    17.010917307753));
#567 = CARTESIAN_POINT('',(-0.30958794846,-2.886436330745,
    16.981486525402));
#568 = CARTESIAN_POINT('',(-0.21045498908,-2.895187769829,
    16.961164658953));
#569 = CARTESIAN_POINT('',(-0.109116638613,-2.899739237319,
    16.950604977375));
#570 = CARTESIAN_POINT('',(5.902251093679E-02,-2.900154690889,
    16.949641112199));
#571 = CARTESIAN_POINT('',(0.125186178669,-2.898505665108,
    16.953467881768));
#572 = CARTESIAN_POINT('',(0.190809692736,-2.89504443184,16.961491178047
    ));
#573 = CARTESIAN_POINT('',(0.255382761924,-2.889860959196,
    16.973592140565));
#574 = CARTESIAN_POINT('',(0.318414944402,-2.883123669797,
    16.989539207683));
#575 = CARTESIAN_POINT('',(0.453949586142,-2.865235877168,
    17.032719695231));
#576 = CARTESIAN_POINT('',(0.525442199735,-2.853443465751,
    17.061656544606));
#577 = CARTESIAN_POINT('',(0.593572794604,-2.840058193971,
    17.095301731834));
#578 = CARTESIAN_POINT('',(0.658047409973,-2.825489689994,17.13315304587
    ));
#579 = CARTESIAN_POINT('',(0.718633013309,-2.810161458776,
    17.174691286006));
#580 = CARTESIAN_POINT('',(0.860388873331,-2.770840010498,17.28674508904
    ));
#581 = CARTESIAN_POINT('',(0.936594885446,-2.746341787699,
    17.361427677297));
#582 = CARTESIAN_POINT('',(1.003638593825,-2.722232075191,
    17.442042100879));
#583 = CARTESIAN_POINT('',(1.061504940234,-2.699616870677,
    17.527483149613));
#584 = CARTESIAN_POINT('',(1.110201240264,-2.679422071625,
    17.616844261105));
#585 = CARTESIAN_POINT('',(1.182982653189,-2.647993151431,17.78738689016
    ));
#586 = CARTESIAN_POINT('',(1.209736375312,-2.63584718514,17.867680283114
    ));
#587 = CARTESIAN_POINT('',(1.229848635983,-2.626398891716,17.94963486885
    ));
#588 = CARTESIAN_POINT('',(1.243278075836,-2.619983797739,18.03269215616
    ));
#589 = CARTESIAN_POINT('',(1.25,-2.616772821626,18.116321835496));
#590 = CARTESIAN_POINT('',(1.25,-2.616772821626,18.2));
#591 = PCURVE('',#206,#592);
#592 = DEFINITIONAL_REPRESENTATION('',(#593),#676);
#593 = B_SPLINE_CURVE_WITH_KNOTS('',6,(#594,#595,#596,#597,#598,#599,
    #600,#601,#602,#603,#604,#605,#606,#607,#608,#609,#610,#611,#612,
    #613,#614,#615,#616,#617,#618,#619,#620,#621,#622,#623,#624,#625,
    #626,#627,#628,#629,#630,#631,#632,#633,#634,#635,#636,#637,#638,
    #639,#640,#641,#642,#643,#644,#645,#646,#647,#648,#649,#650,#651,
    #652,#653,#654,#655,#656,#657,#658,#659,#660,#661,#662,#663,#664,
    #665,#666,#667,#668,#669,#670,#671,#672,#673,#674,#675),
  .UNSPECIFIED.,.F.,.F.,(7,5,5,5,5,5,5,5,5,5,5,5,5,5,5,5,7),(0.,
    7.086814095791E-02,0.131367214495,0.180984825091,0.249816290097,
    0.294502646476,0.349046891054,0.43129280234,0.500301743218,
    0.571343314441,0.631682206039,0.681168445283,0.749817666877,
    0.794385708267,0.848785537356,0.930813688106,1.),.UNSPECIFIED.);
#594 = CARTESIAN_POINT('',(0.,2.616772821626));
#595 = CARTESIAN_POINT('',(6.820619954451E-02,2.616772821626));
#596 = CARTESIAN_POINT('',(0.136369944564,2.620106166532));
#597 = CARTESIAN_POINT('',(0.204620648439,2.626765216602));
#598 = CARTESIAN_POINT('',(0.273077889659,2.636565957817));
#599 = CARTESIAN_POINT('',(0.34185478647,2.649147485723));
#600 = CARTESIAN_POINT('',(0.470115377398,2.67670232127));
#601 = CARTESIAN_POINT('',(0.52950644687,2.691060530774));
#602 = CARTESIAN_POINT('',(0.58936366333,2.706797977865));
#603 = CARTESIAN_POINT('',(0.649818643673,2.723564697366));
#604 = CARTESIAN_POINT('',(0.711005908394,2.740958289094));
#605 = CARTESIAN_POINT('',(0.823984999506,2.772945631084));
#606 = CARTESIAN_POINT('',(0.875525382782,2.787491088263));
#607 = CARTESIAN_POINT('',(0.92774638605,2.801912281767));
#608 = CARTESIAN_POINT('',(0.980700896208,2.815930268506));
#609 = CARTESIAN_POINT('',(1.03445130617,2.829253047466));
#610 = CARTESIAN_POINT('',(1.164848128986,2.858692215845));
#611 = CARTESIAN_POINT('',(1.242695513158,2.873981822186));
#612 = CARTESIAN_POINT('',(1.32200840373,2.886436330745));
#613 = CARTESIAN_POINT('',(1.402384009846,2.895187769829));
#614 = CARTESIAN_POINT('',(1.48350164439,2.899739237319));
#615 = CARTESIAN_POINT('',(1.618015174172,2.900154690889));
#616 = CARTESIAN_POINT('',(1.670927760253,2.898505665108));
#617 = CARTESIAN_POINT('',(1.72365598874,2.89504443184));
#618 = CARTESIAN_POINT('',(1.776057900159,2.889860959196));
#619 = CARTESIAN_POINT('',(1.827976840276,2.883123669797));
#620 = CARTESIAN_POINT('',(1.941774397,2.865235877166));
#621 = CARTESIAN_POINT('',(2.003297184786,2.853443465751));
#622 = CARTESIAN_POINT('',(2.063840115028,2.840058193972));
#623 = CARTESIAN_POINT('',(2.123427965017,2.825489689995));
#624 = CARTESIAN_POINT('',(2.182058517402,2.810161458775));
#625 = CARTESIAN_POINT('',(2.326614729024,2.770840010498));
#626 = CARTESIAN_POINT('',(2.411492006914,2.746341787699));
#627 = CARTESIAN_POINT('',(2.494742680754,2.722232075191));
#628 = CARTESIAN_POINT('',(2.576717822154,2.699616870677));
#629 = CARTESIAN_POINT('',(2.657760769712,2.679422071625));
#630 = CARTESIAN_POINT('',(2.805746436522,2.648067992566));
#631 = CARTESIAN_POINT('',(2.872877310915,2.63597378255));
#632 = CARTESIAN_POINT('',(2.939710346337,2.626546824948));
#633 = CARTESIAN_POINT('',(3.00635008669,2.620118005981));
#634 = CARTESIAN_POINT('',(3.072907124498,2.61685730779));
#635 = CARTESIAN_POINT('',(3.208055957929,2.616688498303));
#636 = CARTESIAN_POINT('',(3.276566317481,2.619970430352));
#637 = CARTESIAN_POINT('',(3.345163049055,2.626615046389));
#638 = CARTESIAN_POINT('',(3.413967373453,2.636437367388));
#639 = CARTESIAN_POINT('',(3.483093976703,2.649071549501));
#640 = CARTESIAN_POINT('',(3.611708030988,2.67670232127));
#641 = CARTESIAN_POINT('',(3.67109910046,2.691060530774));
#642 = CARTESIAN_POINT('',(3.73095631692,2.706797977865));
#643 = CARTESIAN_POINT('',(3.791411297263,2.723564697366));
#644 = CARTESIAN_POINT('',(3.852598561984,2.740958289094));
#645 = CARTESIAN_POINT('',(3.965577653096,2.772945631084));
#646 = CARTESIAN_POINT('',(4.017118036372,2.787491088263));
#647 = CARTESIAN_POINT('',(4.06933903964,2.801912281767));
#648 = CARTESIAN_POINT('',(4.122293549797,2.815930268506));
#649 = CARTESIAN_POINT('',(4.17604395976,2.829253047466));
#650 = CARTESIAN_POINT('',(4.306440782576,2.858692215845));
#651 = CARTESIAN_POINT('',(4.384288166748,2.873981822186));
#652 = CARTESIAN_POINT('',(4.46360105732,2.886436330745));
#653 = CARTESIAN_POINT('',(4.543976663436,2.895187769829));
#654 = CARTESIAN_POINT('',(4.62509429798,2.899739237319));
#655 = CARTESIAN_POINT('',(4.759607827762,2.900154690889));
#656 = CARTESIAN_POINT('',(4.812520413843,2.898505665108));
#657 = CARTESIAN_POINT('',(4.86524864233,2.89504443184));
#658 = CARTESIAN_POINT('',(4.917650553749,2.889860959196));
#659 = CARTESIAN_POINT('',(4.969569493866,2.883123669797));
#660 = CARTESIAN_POINT('',(5.083367050582,2.865235877168));
#661 = CARTESIAN_POINT('',(5.144889838378,2.853443465751));
#662 = CARTESIAN_POINT('',(5.205432768625,2.840058193971));
#663 = CARTESIAN_POINT('',(5.265020618609,2.825489689994));
#664 = CARTESIAN_POINT('',(5.323651170986,2.810161458776));
#665 = CARTESIAN_POINT('',(5.468207382613,2.770840010498));
#666 = CARTESIAN_POINT('',(5.553084660504,2.746341787699));
#667 = CARTESIAN_POINT('',(5.636335334343,2.722232075191));
#668 = CARTESIAN_POINT('',(5.718310475744,2.699616870677));
#669 = CARTESIAN_POINT('',(5.799353423302,2.679422071625));
#670 = CARTESIAN_POINT('',(5.947692326935,2.647993151431));
#671 = CARTESIAN_POINT('',(6.015172900341,2.63584718514));
#672 = CARTESIAN_POINT('',(6.082353140591,2.626398891716));
#673 = CARTESIAN_POINT('',(6.149339054244,2.619983797739));
#674 = CARTESIAN_POINT('',(6.216242775577,2.616772821626));
#675 = CARTESIAN_POINT('',(6.28318530718,2.616772821626));
#676 = ( GEOMETRIC_REPRESENTATION_CONTEXT(2) 
PARAMETRIC_REPRESENTATION_CONTEXT() REPRESENTATION_CONTEXT('2D SPACE',''
  ) );
#677 = PCURVE('',#678,#683);
#678 = CYLINDRICAL_SURFACE('',#679,2.9);
#679 = AXIS2_PLACEMENT_3D('',#680,#681,#682);
#680 = CARTESIAN_POINT('',(0.,0.,0.));
#681 = DIRECTION('',(-0.,-0.,-1.));
#682 = DIRECTION('',(1.,0.,0.));
#683 = DEFINITIONAL_REPRESENTATION('',(#684),#767);
#684 = B_SPLINE_CURVE_WITH_KNOTS('',6,(#685,#686,#687,#688,#689,#690,
    #691,#692,#693,#694,#695,#696,#697,#698,#699,#700,#701,#702,#703,
    #704,#705,#706,#707,#708,#709,#710,#711,#712,#713,#714,#715,#716,
    #717,#718,#719,#720,#721,#722,#723,#724,#725,#726,#727,#728,#729,
    #730,#731,#732,#733,#734,#735,#736,#737,#738,#739,#740,#741,#742,
    #743,#744,#745,#746,#747,#748,#749,#750,#751,#752,#753,#754,#755,
    #756,#757,#758,#759,#760,#761,#762,#763,#764,#765,#766),
  .UNSPECIFIED.,.T.,.F.,(7,5,5,5,5,5,5,5,5,5,5,5,5,5,5,5,7),(0.,
    7.086814095791E-02,0.131367214495,0.180984825091,0.249816290097,
    0.294502646476,0.349046891054,0.43129280234,0.500301743218,
    0.571343314441,0.631682206039,0.681168445283,0.749817666877,
    0.794385708267,0.848785537356,0.930813688106,1.),.UNSPECIFIED.);
#685 = CARTESIAN_POINT('',(-5.158027894124,-18.2));
#686 = CARTESIAN_POINT('',(-5.158027894124,-18.28525774943));
#687 = CARTESIAN_POINT('',(-5.155361223664,-18.37046246137));
#688 = CARTESIAN_POINT('',(-5.150033956946,-18.45506177255));
#689 = CARTESIAN_POINT('',(-5.142081786818,-18.53849631765));
#690 = CARTESIAN_POINT('',(-5.131571473164,-18.62017578378));
#691 = CARTESIAN_POINT('',(-5.107524569092,-18.76714686495));
#692 = CARTESIAN_POINT('',(-5.094652123266,-18.83311084511));
#693 = CARTESIAN_POINT('',(-5.080023066813,-18.89704913651));
#694 = CARTESIAN_POINT('',(-5.063680470276,-18.95861051141));
#695 = CARTESIAN_POINT('',(-5.045667358439,-19.01739080746));
#696 = CARTESIAN_POINT('',(-5.009915569251,-19.11847388351));
#697 = CARTESIAN_POINT('',(-4.99269812161,-19.1618728077));
#698 = CARTESIAN_POINT('',(-4.974404417438,-19.20282650144));
#699 = CARTESIAN_POINT('',(-4.955070407265,-19.24101939974));
#700 = CARTESIAN_POINT('',(-4.934735493464,-19.27611403657));
#701 = CARTESIAN_POINT('',(-4.883902319837,-19.35163113985));
#702 = CARTESIAN_POINT('',(-4.852363787555,-19.38908269224));
#703 = CARTESIAN_POINT('',(-4.819232660238,-19.41851347459));
#704 = CARTESIAN_POINT('',(-4.784963605431,-19.43883534104));
#705 = CARTESIAN_POINT('',(-4.750015517324,-19.44939502262));
#706 = CARTESIAN_POINT('',(-4.692036323249,-19.4503588878));
#707 = CARTESIAN_POINT('',(-4.669222777223,-19.44653211823));
#708 = CARTESIAN_POINT('',(-4.646575501956,-19.43850882195));
#709 = CARTESIAN_POINT('',(-4.624249361583,-19.42640785943));
#710 = CARTESIAN_POINT('',(-4.60239697513,-19.41046079231));
#711 = CARTESIAN_POINT('',(-4.555255610778,-19.36728030476));
#712 = CARTESIAN_POINT('',(-4.530282952074,-19.33834345539));
#713 = CARTESIAN_POINT('',(-4.506356138209,-19.30469826817));
#714 = CARTESIAN_POINT('',(-4.483574973482,-19.26684695413));
#715 = CARTESIAN_POINT('',(-4.462030645827,-19.22530871399));
#716 = CARTESIAN_POINT('',(-4.411303589318,-19.11325491096));
#717 = CARTESIAN_POINT('',(-4.383723781431,-19.0385723227));
#718 = CARTESIAN_POINT('',(-4.359173071376,-18.95795789912));
#719 = CARTESIAN_POINT('',(-4.337756639955,-18.87251685038));
#720 = CARTESIAN_POINT('',(-4.319580043384,-18.78315573889));
#721 = CARTESIAN_POINT('',(-4.29230809538,-18.61301922));
#722 = CARTESIAN_POINT('',(-4.282218716385,-18.53315602866));
#723 = CARTESIAN_POINT('',(-4.274570931341,-18.451646045));
#724 = CARTESIAN_POINT('',(-4.269426226457,-18.36903895393));
#725 = CARTESIAN_POINT('',(-4.266817655723,-18.28585672733));
#726 = CARTESIAN_POINT('',(-4.266682607838,-18.11692105516));
#727 = CARTESIAN_POINT('',(-4.26930816536,-18.03126851418));
#728 = CARTESIAN_POINT('',(-4.274622182391,-17.94621841649));
#729 = CARTESIAN_POINT('',(-4.282588763151,-17.86233882278));
#730 = CARTESIAN_POINT('',(-4.293140218619,-17.78022924235));
#731 = CARTESIAN_POINT('',(-4.317253391677,-17.63285313504));
#732 = CARTESIAN_POINT('',(-4.330125837503,-17.56688915488));
#733 = CARTESIAN_POINT('',(-4.344754893957,-17.50295086348));
#734 = CARTESIAN_POINT('',(-4.361097490493,-17.44138948858));
#735 = CARTESIAN_POINT('',(-4.379110602331,-17.38260919253));
#736 = CARTESIAN_POINT('',(-4.414862391518,-17.28152611648));
#737 = CARTESIAN_POINT('',(-4.432079839159,-17.23812719229));
#738 = CARTESIAN_POINT('',(-4.450373543331,-17.19717349855));
#739 = CARTESIAN_POINT('',(-4.469707553505,-17.15898060025));
#740 = CARTESIAN_POINT('',(-4.490042467305,-17.12388596342));
#741 = CARTESIAN_POINT('',(-4.540875640933,-17.04836886014));
#742 = CARTESIAN_POINT('',(-4.572414173214,-17.01091730775));
#743 = CARTESIAN_POINT('',(-4.605545300532,-16.9814865254));
#744 = CARTESIAN_POINT('',(-4.639814355338,-16.96116465895));
#745 = CARTESIAN_POINT('',(-4.674762443445,-16.95060497737));
#746 = CARTESIAN_POINT('',(-4.732741637521,-16.94964111219));
#747 = CARTESIAN_POINT('',(-4.755555183547,-16.95346788176));
#748 = CARTESIAN_POINT('',(-4.778202458814,-16.96149117804));
#749 = CARTESIAN_POINT('',(-4.800528599187,-16.97359214056));
#750 = CARTESIAN_POINT('',(-4.822380985639,-16.98953920768));
#751 = CARTESIAN_POINT('',(-4.869522349988,-17.03271969523));
#752 = CARTESIAN_POINT('',(-4.894495008696,-17.0616565446));
#753 = CARTESIAN_POINT('',(-4.918421822563,-17.09530173183));
#754 = CARTESIAN_POINT('',(-4.941202987288,-17.13315304587));
#755 = CARTESIAN_POINT('',(-4.962747314941,-17.174691286));
#756 = CARTESIAN_POINT('',(-5.013474371451,-17.28674508904));
#757 = CARTESIAN_POINT('',(-5.041054179338,-17.36142767729));
#758 = CARTESIAN_POINT('',(-5.065604889394,-17.44204210087));
#759 = CARTESIAN_POINT('',(-5.087021320815,-17.52748314961));
#760 = CARTESIAN_POINT('',(-5.105197917385,-17.6168442611));
#761 = CARTESIAN_POINT('',(-5.132534962614,-17.78738689016));
#762 = CARTESIAN_POINT('',(-5.142664845846,-17.86768028311));
#763 = CARTESIAN_POINT('',(-5.150327019334,-17.94963486885));
#764 = CARTESIAN_POINT('',(-5.15545911806,-18.03269215616));
#765 = CARTESIAN_POINT('',(-5.158027894124,-18.11632183549));
#766 = CARTESIAN_POINT('',(-5.158027894124,-18.2));
#767 = ( GEOMETRIC_REPRESENTATION_CONTEXT(2) 
PARAMETRIC_REPRESENTATION_CONTEXT() REPRESENTATION_CONTEXT('2D SPACE',''
  ) );
#768 = ORIENTED_EDGE('',*,*,#769,.T.);
#769 = EDGE_CURVE('',#505,#109,#770,.T.);
#770 = SEAM_CURVE('',#771,(#775,#782),.PCURVE_S1.);
#771 = LINE('',#772,#773);
#772 = CARTESIAN_POINT('',(1.25,76.,18.2));
#773 = VECTOR('',#774,1.);
#774 = DIRECTION('',(0.,-1.,0.));
#775 = PCURVE('',#206,#776);
#776 = DEFINITIONAL_REPRESENTATION('',(#777),#781);
#777 = LINE('',#778,#779);
#778 = CARTESIAN_POINT('',(0.,-76.));
#779 = VECTOR('',#780,1.);
#780 = DIRECTION('',(-0.,1.));
#781 = ( GEOMETRIC_REPRESENTATION_CONTEXT(2) 
PARAMETRIC_REPRESENTATION_CONTEXT() REPRESENTATION_CONTEXT('2D SPACE',''
  ) );
#782 = PCURVE('',#206,#783);
#783 = DEFINITIONAL_REPRESENTATION('',(#784),#788);
#784 = LINE('',#785,#786);
#785 = CARTESIAN_POINT('',(6.28318530718,-76.));
#786 = VECTOR('',#787,1.);
#787 = DIRECTION('',(-0.,1.));
#788 = ( GEOMETRIC_REPRESENTATION_CONTEXT(2) 
PARAMETRIC_REPRESENTATION_CONTEXT() REPRESENTATION_CONTEXT('2D SPACE',''
  ) );
#789 = ORIENTED_EDGE('',*,*,#108,.F.);
#790 = ORIENTED_EDGE('',*,*,#769,.F.);
#791 = ADVANCED_FACE('',(#792),#359,.F.);
#792 = FACE_BOUND('',#793,.F.);
#793 = EDGE_LOOP('',(#794,#795,#818,#1076));
#794 = ORIENTED_EDGE('',*,*,#261,.T.);
#795 = ORIENTED_EDGE('',*,*,#796,.T.);
#796 = EDGE_CURVE('',#262,#797,#799,.T.);
#797 = VERTEX_POINT('',#798);
#798 = CARTESIAN_POINT('',(1.25,2.616772821626,18.2));
#799 = SEAM_CURVE('',#800,(#804,#811),.PCURVE_S1.);
#800 = LINE('',#801,#802);
#801 = CARTESIAN_POINT('',(1.25,76.,18.2));
#802 = VECTOR('',#803,1.);
#803 = DIRECTION('',(0.,-1.,0.));
#804 = PCURVE('',#359,#805);
#805 = DEFINITIONAL_REPRESENTATION('',(#806),#810);
#806 = LINE('',#807,#808);
#807 = CARTESIAN_POINT('',(0.,-76.));
#808 = VECTOR('',#809,1.);
#809 = DIRECTION('',(-0.,1.));
#810 = ( GEOMETRIC_REPRESENTATION_CONTEXT(2) 
PARAMETRIC_REPRESENTATION_CONTEXT() REPRESENTATION_CONTEXT('2D SPACE',''
  ) );
#811 = PCURVE('',#359,#812);
#812 = DEFINITIONAL_REPRESENTATION('',(#813),#817);
#813 = LINE('',#814,#815);
#814 = CARTESIAN_POINT('',(6.28318530718,-76.));
#815 = VECTOR('',#816,1.);
#816 = DIRECTION('',(-0.,1.));
#817 = ( GEOMETRIC_REPRESENTATION_CONTEXT(2) 
PARAMETRIC_REPRESENTATION_CONTEXT() REPRESENTATION_CONTEXT('2D SPACE',''
  ) );
#818 = ORIENTED_EDGE('',*,*,#819,.F.);
#819 = EDGE_CURVE('',#797,#797,#820,.T.);
#820 = SURFACE_CURVE('',#821,(#904,#990),.PCURVE_S1.);
#821 = B_SPLINE_CURVE_WITH_KNOTS('',6,(#822,#823,#824,#825,#826,#827,
    #828,#829,#830,#831,#832,#833,#834,#835,#836,#837,#838,#839,#840,
    #841,#842,#843,#844,#845,#846,#847,#848,#849,#850,#851,#852,#853,
    #854,#855,#856,#857,#858,#859,#860,#861,#862,#863,#864,#865,#866,
    #867,#868,#869,#870,#871,#872,#873,#874,#875,#876,#877,#878,#879,
    #880,#881,#882,#883,#884,#885,#886,#887,#888,#889,#890,#891,#892,
    #893,#894,#895,#896,#897,#898,#899,#900,#901,#902,#903),
  .UNSPECIFIED.,.T.,.F.,(7,5,5,5,5,5,5,5,5,5,5,5,5,5,5,5,7),(0.,
    7.086814096969E-02,0.131367214517,0.180984825121,0.249816290138,
    0.294502646525,0.349046891103,0.431292802377,0.500301743246,
    0.571343314459,0.631682206048,0.681168445285,0.749817666871,
    0.794385708255,0.848785537343,0.9308136881,1.),.UNSPECIFIED.);
#822 = CARTESIAN_POINT('',(1.25,2.616772821626,18.2));
#823 = CARTESIAN_POINT('',(1.25,2.616772821626,18.285257749431));
#824 = CARTESIAN_POINT('',(1.243021905265,2.620106166532,18.37046246137)
  );
#825 = CARTESIAN_POINT('',(1.229081769899,2.626765216602,18.45506177255)
  );
#826 = CARTESIAN_POINT('',(1.208205813436,2.636565957817,18.538496317651
    ));
#827 = CARTESIAN_POINT('',(1.180437579503,2.649147485723,18.62017578378)
  );
#828 = CARTESIAN_POINT('',(1.116376329318,2.67670232127,18.767146864954)
  );
#829 = CARTESIAN_POINT('',(1.081915300026,2.691060530774,18.833110845111
    ));
#830 = CARTESIAN_POINT('',(1.04250997613,2.706797977865,18.897049136519)
  );
#831 = CARTESIAN_POINT('',(0.998165588363,2.723564697366,18.958610511411
    ));
#832 = CARTESIAN_POINT('',(0.948890098357,2.740958289094,19.017390807468
    ));
#833 = CARTESIAN_POINT('',(0.850267628962,2.772945631084,19.118473883511
    ));
#834 = CARTESIAN_POINT('',(0.802494155663,2.787491088263,19.161872807701
    ));
#835 = CARTESIAN_POINT('',(0.751421920239,2.801912281767,19.202826501441
    ));
#836 = CARTESIAN_POINT('',(0.697109210924,2.815930268506,19.241019399746
    ));
#837 = CARTESIAN_POINT('',(0.639640894718,2.829253047466,19.276114036578
    ));
#838 = CARTESIAN_POINT('',(0.49519411412,2.858692215845,19.351631139859)
  );
#839 = CARTESIAN_POINT('',(0.404968432707,2.873981822186,19.389082692247
    ));
#840 = CARTESIAN_POINT('',(0.30958794846,2.886436330745,19.418513474598)
  );
#841 = CARTESIAN_POINT('',(0.21045498908,2.895187769829,19.438835341047)
  );
#842 = CARTESIAN_POINT('',(0.109116638613,2.899739237319,19.449395022625
    ));
#843 = CARTESIAN_POINT('',(-5.902251093682E-02,2.900154690889,
    19.450358887801));
#844 = CARTESIAN_POINT('',(-0.125186178669,2.898505665108,
    19.446532118232));
#845 = CARTESIAN_POINT('',(-0.190809692736,2.89504443184,19.438508821953
    ));
#846 = CARTESIAN_POINT('',(-0.255382761924,2.889860959196,
    19.426407859435));
#847 = CARTESIAN_POINT('',(-0.318414944402,2.883123669797,
    19.410460792317));
#848 = CARTESIAN_POINT('',(-0.453949586139,2.865235877168,19.36728030477
    ));
#849 = CARTESIAN_POINT('',(-0.525442199736,2.853443465751,
    19.338343455394));
#850 = CARTESIAN_POINT('',(-0.593572794606,2.84005819397,19.304698268165
    ));
#851 = CARTESIAN_POINT('',(-0.658047409973,2.825489689994,
    19.266846954129));
#852 = CARTESIAN_POINT('',(-0.718633013307,2.810161458777,
    19.225308713996));
#853 = CARTESIAN_POINT('',(-0.860388873331,2.770840010498,19.11325491096
    ));
#854 = CARTESIAN_POINT('',(-0.936594885446,2.746341787699,
    19.038572322703));
#855 = CARTESIAN_POINT('',(-1.003638593825,2.722232075191,
    18.957957899121));
#856 = CARTESIAN_POINT('',(-1.061504940234,2.699616870677,
    18.872516850387));
#857 = CARTESIAN_POINT('',(-1.110201240264,2.679422071625,
    18.783155738895));
#858 = CARTESIAN_POINT('',(-1.182809340091,2.648067992566,
    18.613019220004));
#859 = CARTESIAN_POINT('',(-1.209457464728,2.63597378255,18.533156028666
    ));
#860 = CARTESIAN_POINT('',(-1.229533665739,2.626546824948,
    18.451646045008));
#861 = CARTESIAN_POINT('',(-1.242997067467,2.620118005981,
    18.369038953938));
#862 = CARTESIAN_POINT('',(-1.249823134649,2.61685730779,18.28585672733)
  );
#863 = CARTESIAN_POINT('',(-1.250176524461,2.616688498303,
    18.116921055162));
#864 = CARTESIAN_POINT('',(-1.243306001721,2.619970430352,
    18.031268514183));
#865 = CARTESIAN_POINT('',(-1.229401558297,2.626615046389,
    17.946218416496));
#866 = CARTESIAN_POINT('',(-1.208489587918,2.636437367388,
    17.862338822784));
#867 = CARTESIAN_POINT('',(-1.180614120905,2.649071549501,
    17.780229242357));
#868 = CARTESIAN_POINT('',(-1.116376329318,2.67670232127,17.632853135046
    ));
#869 = CARTESIAN_POINT('',(-1.081915300026,2.691060530774,
    17.566889154889));
#870 = CARTESIAN_POINT('',(-1.04250997613,2.706797977865,17.502950863481
    ));
#871 = CARTESIAN_POINT('',(-0.998165588363,2.723564697366,
    17.441389488589));
#872 = CARTESIAN_POINT('',(-0.948890098357,2.740958289094,
    17.382609192532));
#873 = CARTESIAN_POINT('',(-0.850267628962,2.772945631084,
    17.281526116489));
#874 = CARTESIAN_POINT('',(-0.802494155663,2.787491088263,
    17.238127192299));
#875 = CARTESIAN_POINT('',(-0.751421920239,2.801912281767,
    17.197173498559));
#876 = CARTESIAN_POINT('',(-0.697109210924,2.815930268506,
    17.158980600254));
#877 = CARTESIAN_POINT('',(-0.639640894718,2.829253047466,
    17.123885963422));
#878 = CARTESIAN_POINT('',(-0.49519411412,2.858692215845,17.048368860141
    ));
#879 = CARTESIAN_POINT('',(-0.404968432707,2.873981822186,
    17.010917307753));
#880 = CARTESIAN_POINT('',(-0.30958794846,2.886436330745,16.981486525402
    ));
#881 = CARTESIAN_POINT('',(-0.21045498908,2.895187769829,16.961164658953
    ));
#882 = CARTESIAN_POINT('',(-0.109116638613,2.899739237319,
    16.950604977375));
#883 = CARTESIAN_POINT('',(5.902251093682E-02,2.900154690889,
    16.949641112199));
#884 = CARTESIAN_POINT('',(0.125186178669,2.898505665108,16.953467881768
    ));
#885 = CARTESIAN_POINT('',(0.190809692736,2.89504443184,16.961491178047)
  );
#886 = CARTESIAN_POINT('',(0.255382761924,2.889860959196,16.973592140565
    ));
#887 = CARTESIAN_POINT('',(0.318414944402,2.883123669797,16.989539207683
    ));
#888 = CARTESIAN_POINT('',(0.453949586152,2.865235877166,17.032719695234
    ));
#889 = CARTESIAN_POINT('',(0.525442199732,2.853443465751,17.061656544607
    ));
#890 = CARTESIAN_POINT('',(0.593572794596,2.840058193972,17.09530173183)
  );
#891 = CARTESIAN_POINT('',(0.658047409971,2.825489689995,17.133153045867
    ));
#892 = CARTESIAN_POINT('',(0.718633013315,2.810161458775,17.17469128601)
  );
#893 = CARTESIAN_POINT('',(0.860388873331,2.770840010498,17.28674508904)
  );
#894 = CARTESIAN_POINT('',(0.936594885445,2.746341787699,17.361427677297
    ));
#895 = CARTESIAN_POINT('',(1.003638593825,2.722232075191,17.442042100879
    ));
#896 = CARTESIAN_POINT('',(1.061504940234,2.699616870677,17.527483149613
    ));
#897 = CARTESIAN_POINT('',(1.110201240264,2.679422071625,17.616844261105
    ));
#898 = CARTESIAN_POINT('',(1.182982653189,2.647993151431,17.78738689016)
  );
#899 = CARTESIAN_POINT('',(1.209736375312,2.63584718514,17.867680283114)
  );
#900 = CARTESIAN_POINT('',(1.229848635983,2.626398891716,17.94963486885)
  );
#901 = CARTESIAN_POINT('',(1.243278075836,2.619983797739,18.032692156161
    ));
#902 = CARTESIAN_POINT('',(1.25,2.616772821626,18.116321835496));
#903 = CARTESIAN_POINT('',(1.25,2.616772821626,18.2));
#904 = PCURVE('',#359,#905);
#905 = DEFINITIONAL_REPRESENTATION('',(#906),#989);
#906 = B_SPLINE_CURVE_WITH_KNOTS('',6,(#907,#908,#909,#910,#911,#912,
    #913,#914,#915,#916,#917,#918,#919,#920,#921,#922,#923,#924,#925,
    #926,#927,#928,#929,#930,#931,#932,#933,#934,#935,#936,#937,#938,
    #939,#940,#941,#942,#943,#944,#945,#946,#947,#948,#949,#950,#951,
    #952,#953,#954,#955,#956,#957,#958,#959,#960,#961,#962,#963,#964,
    #965,#966,#967,#968,#969,#970,#971,#972,#973,#974,#975,#976,#977,
    #978,#979,#980,#981,#982,#983,#984,#985,#986,#987,#988),
  .UNSPECIFIED.,.F.,.F.,(7,5,5,5,5,5,5,5,5,5,5,5,5,5,5,5,7),(0.,
    7.086814096969E-02,0.131367214517,0.180984825121,0.249816290138,
    0.294502646525,0.349046891103,0.431292802377,0.500301743246,
    0.571343314459,0.631682206048,0.681168445285,0.749817666871,
    0.794385708255,0.848785537343,0.9308136881,1.),.UNSPECIFIED.);
#907 = CARTESIAN_POINT('',(0.,-2.616772821626));
#908 = CARTESIAN_POINT('',(6.82061995445E-02,-2.616772821626));
#909 = CARTESIAN_POINT('',(0.136369944564,-2.620106166532));
#910 = CARTESIAN_POINT('',(0.204620648439,-2.626765216602));
#911 = CARTESIAN_POINT('',(0.273077889659,-2.636565957817));
#912 = CARTESIAN_POINT('',(0.34185478647,-2.649147485723));
#913 = CARTESIAN_POINT('',(0.470115377398,-2.67670232127));
#914 = CARTESIAN_POINT('',(0.52950644687,-2.691060530774));
#915 = CARTESIAN_POINT('',(0.58936366333,-2.706797977865));
#916 = CARTESIAN_POINT('',(0.649818643673,-2.723564697366));
#917 = CARTESIAN_POINT('',(0.711005908394,-2.740958289094));
#918 = CARTESIAN_POINT('',(0.823984999506,-2.772945631084));
#919 = CARTESIAN_POINT('',(0.875525382782,-2.787491088263));
#920 = CARTESIAN_POINT('',(0.92774638605,-2.801912281767));
#921 = CARTESIAN_POINT('',(0.980700896208,-2.815930268506));
#922 = CARTESIAN_POINT('',(1.03445130617,-2.829253047466));
#923 = CARTESIAN_POINT('',(1.164848128986,-2.858692215845));
#924 = CARTESIAN_POINT('',(1.242695513158,-2.873981822186));
#925 = CARTESIAN_POINT('',(1.32200840373,-2.886436330745));
#926 = CARTESIAN_POINT('',(1.402384009846,-2.895187769829));
#927 = CARTESIAN_POINT('',(1.48350164439,-2.899739237319));
#928 = CARTESIAN_POINT('',(1.618015174172,-2.900154690889));
#929 = CARTESIAN_POINT('',(1.670927760253,-2.898505665108));
#930 = CARTESIAN_POINT('',(1.72365598874,-2.89504443184));
#931 = CARTESIAN_POINT('',(1.776057900159,-2.889860959196));
#932 = CARTESIAN_POINT('',(1.827976840276,-2.883123669797));
#933 = CARTESIAN_POINT('',(1.94177439699,-2.865235877168));
#934 = CARTESIAN_POINT('',(2.003297184788,-2.853443465751));
#935 = CARTESIAN_POINT('',(2.063840115037,-2.84005819397));
#936 = CARTESIAN_POINT('',(2.12342796502,-2.825489689994));
#937 = CARTESIAN_POINT('',(2.182058517394,-2.810161458777));
#938 = CARTESIAN_POINT('',(2.326614729024,-2.770840010498));
#939 = CARTESIAN_POINT('',(2.411492006914,-2.746341787699));
#940 = CARTESIAN_POINT('',(2.494742680753,-2.722232075191));
#941 = CARTESIAN_POINT('',(2.576717822154,-2.699616870677));
#942 = CARTESIAN_POINT('',(2.657760769712,-2.679422071625));
#943 = CARTESIAN_POINT('',(2.805746436522,-2.648067992566));
#944 = CARTESIAN_POINT('',(2.872877310915,-2.63597378255));
#945 = CARTESIAN_POINT('',(2.939710346337,-2.626546824948));
#946 = CARTESIAN_POINT('',(3.00635008669,-2.620118005981));
#947 = CARTESIAN_POINT('',(3.072907124498,-2.61685730779));
#948 = CARTESIAN_POINT('',(3.208055957929,-2.616688498303));
#949 = CARTESIAN_POINT('',(3.276566317481,-2.619970430352));
#950 = CARTESIAN_POINT('',(3.345163049056,-2.626615046389));
#951 = CARTESIAN_POINT('',(3.413967373452,-2.636437367388));
#952 = CARTESIAN_POINT('',(3.483093976703,-2.649071549501));
#953 = CARTESIAN_POINT('',(3.611708030988,-2.67670232127));
#954 = CARTESIAN_POINT('',(3.671099100459,-2.691060530774));
#955 = CARTESIAN_POINT('',(3.73095631692,-2.706797977865));
#956 = CARTESIAN_POINT('',(3.791411297263,-2.723564697366));
#957 = CARTESIAN_POINT('',(3.852598561984,-2.740958289094));
#958 = CARTESIAN_POINT('',(3.965577653096,-2.772945631084));
#959 = CARTESIAN_POINT('',(4.017118036372,-2.787491088263));
#960 = CARTESIAN_POINT('',(4.06933903964,-2.801912281767));
#961 = CARTESIAN_POINT('',(4.122293549797,-2.815930268506));
#962 = CARTESIAN_POINT('',(4.17604395976,-2.829253047466));
#963 = CARTESIAN_POINT('',(4.306440782576,-2.858692215845));
#964 = CARTESIAN_POINT('',(4.384288166748,-2.873981822186));
#965 = CARTESIAN_POINT('',(4.46360105732,-2.886436330745));
#966 = CARTESIAN_POINT('',(4.543976663435,-2.895187769829));
#967 = CARTESIAN_POINT('',(4.62509429798,-2.899739237319));
#968 = CARTESIAN_POINT('',(4.759607827762,-2.900154690889));
#969 = CARTESIAN_POINT('',(4.812520413843,-2.898505665108));
#970 = CARTESIAN_POINT('',(4.86524864233,-2.89504443184));
#971 = CARTESIAN_POINT('',(4.917650553749,-2.889860959196));
#972 = CARTESIAN_POINT('',(4.969569493866,-2.883123669797));
#973 = CARTESIAN_POINT('',(5.08336705059,-2.865235877166));
#974 = CARTESIAN_POINT('',(5.144889838376,-2.853443465751));
#975 = CARTESIAN_POINT('',(5.205432768618,-2.840058193972));
#976 = CARTESIAN_POINT('',(5.265020618607,-2.825489689995));
#977 = CARTESIAN_POINT('',(5.323651170992,-2.810161458775));
#978 = CARTESIAN_POINT('',(5.468207382614,-2.770840010498));
#979 = CARTESIAN_POINT('',(5.553084660504,-2.746341787699));
#980 = CARTESIAN_POINT('',(5.636335334344,-2.722232075191));
#981 = CARTESIAN_POINT('',(5.718310475743,-2.699616870677));
#982 = CARTESIAN_POINT('',(5.799353423302,-2.679422071625));
#983 = CARTESIAN_POINT('',(5.947692326935,-2.647993151431));
#984 = CARTESIAN_POINT('',(6.015172900341,-2.63584718514));
#985 = CARTESIAN_POINT('',(6.08235314059,-2.626398891716));
#986 = CARTESIAN_POINT('',(6.149339054244,-2.619983797739));
#987 = CARTESIAN_POINT('',(6.216242775577,-2.616772821626));
#988 = CARTESIAN_POINT('',(6.28318530718,-2.616772821626));
#989 = ( GEOMETRIC_REPRESENTATION_CONTEXT(2) 
PARAMETRIC_REPRESENTATION_CONTEXT() REPRESENTATION_CONTEXT('2D SPACE',''
  ) );
#990 = PCURVE('',#678,#991);
#991 = DEFINITIONAL_REPRESENTATION('',(#992),#1075);
#992 = B_SPLINE_CURVE_WITH_KNOTS('',6,(#993,#994,#995,#996,#997,#998,
    #999,#1000,#1001,#1002,#1003,#1004,#1005,#1006,#1007,#1008,#1009,
    #1010,#1011,#1012,#1013,#1014,#1015,#1016,#1017,#1018,#1019,#1020,
    #1021,#1022,#1023,#1024,#1025,#1026,#1027,#1028,#1029,#1030,#1031,
    #1032,#1033,#1034,#1035,#1036,#1037,#1038,#1039,#1040,#1041,#1042,
    #1043,#1044,#1045,#1046,#1047,#1048,#1049,#1050,#1051,#1052,#1053,
    #1054,#1055,#1056,#1057,#1058,#1059,#1060,#1061,#1062,#1063,#1064,
    #1065,#1066,#1067,#1068,#1069,#1070,#1071,#1072,#1073,#1074),
  .UNSPECIFIED.,.T.,.F.,(7,5,5,5,5,5,5,5,5,5,5,5,5,5,5,5,7),(0.,
    7.086814096969E-02,0.131367214517,0.180984825121,0.249816290138,
    0.294502646525,0.349046891103,0.431292802377,0.500301743246,
    0.571343314459,0.631682206048,0.681168445285,0.749817666871,
    0.794385708255,0.848785537343,0.9308136881,1.),.UNSPECIFIED.);
#993 = CARTESIAN_POINT('',(-1.125157413055,-18.2));
#994 = CARTESIAN_POINT('',(-1.125157413055,-18.28525774943));
#995 = CARTESIAN_POINT('',(-1.127824083516,-18.37046246137));
#996 = CARTESIAN_POINT('',(-1.133151350234,-18.45506177255));
#997 = CARTESIAN_POINT('',(-1.141103520361,-18.53849631765));
#998 = CARTESIAN_POINT('',(-1.151613834016,-18.62017578378));
#999 = CARTESIAN_POINT('',(-1.175660738087,-18.76714686495));
#1000 = CARTESIAN_POINT('',(-1.188533183913,-18.83311084511));
#1001 = CARTESIAN_POINT('',(-1.203162240367,-18.89704913651));
#1002 = CARTESIAN_POINT('',(-1.219504836903,-18.95861051141));
#1003 = CARTESIAN_POINT('',(-1.237517948741,-19.01739080746));
#1004 = CARTESIAN_POINT('',(-1.273269737928,-19.11847388351));
#1005 = CARTESIAN_POINT('',(-1.29048718557,-19.1618728077));
#1006 = CARTESIAN_POINT('',(-1.308780889742,-19.20282650144));
#1007 = CARTESIAN_POINT('',(-1.328114899915,-19.24101939974));
#1008 = CARTESIAN_POINT('',(-1.348449813716,-19.27611403657));
#1009 = CARTESIAN_POINT('',(-1.399282987343,-19.35163113985));
#1010 = CARTESIAN_POINT('',(-1.430821519624,-19.38908269224));
#1011 = CARTESIAN_POINT('',(-1.463952646942,-19.41851347459));
#1012 = CARTESIAN_POINT('',(-1.498221701748,-19.43883534104));
#1013 = CARTESIAN_POINT('',(-1.533169789855,-19.44939502262));
#1014 = CARTESIAN_POINT('',(-1.591148983931,-19.4503588878));
#1015 = CARTESIAN_POINT('',(-1.613962529957,-19.44653211823));
#1016 = CARTESIAN_POINT('',(-1.636609805224,-19.43850882195));
#1017 = CARTESIAN_POINT('',(-1.658935945597,-19.42640785943));
#1018 = CARTESIAN_POINT('',(-1.68078833205,-19.41046079231));
#1019 = CARTESIAN_POINT('',(-1.727929696397,-19.36728030477));
#1020 = CARTESIAN_POINT('',(-1.752902355106,-19.33834345539));
#1021 = CARTESIAN_POINT('',(-1.776829168974,-19.30469826816));
#1022 = CARTESIAN_POINT('',(-1.799610333699,-19.26684695412));
#1023 = CARTESIAN_POINT('',(-1.82115466135,-19.22530871399));
#1024 = CARTESIAN_POINT('',(-1.871881717861,-19.11325491096));
#1025 = CARTESIAN_POINT('',(-1.899461525748,-19.0385723227));
#1026 = CARTESIAN_POINT('',(-1.924012235804,-18.95795789912));
#1027 = CARTESIAN_POINT('',(-1.945428667225,-18.87251685038));
#1028 = CARTESIAN_POINT('',(-1.963605263795,-18.78315573889));
#1029 = CARTESIAN_POINT('',(-1.990877211799,-18.61301922));
#1030 = CARTESIAN_POINT('',(-2.000966590795,-18.53315602866));
#1031 = CARTESIAN_POINT('',(-2.008614375838,-18.451646045));
#1032 = CARTESIAN_POINT('',(-2.013759080722,-18.36903895393));
#1033 = CARTESIAN_POINT('',(-2.016367651456,-18.28585672733));
#1034 = CARTESIAN_POINT('',(-2.016502699341,-18.11692105516));
#1035 = CARTESIAN_POINT('',(-2.013877141819,-18.03126851418));
#1036 = CARTESIAN_POINT('',(-2.008563124789,-17.94621841649));
#1037 = CARTESIAN_POINT('',(-2.000596544029,-17.86233882278));
#1038 = CARTESIAN_POINT('',(-1.990045088561,-17.78022924235));
#1039 = CARTESIAN_POINT('',(-1.965931915502,-17.63285313504));
#1040 = CARTESIAN_POINT('',(-1.953059469676,-17.56688915488));
#1041 = CARTESIAN_POINT('',(-1.938430413223,-17.50295086348));
#1042 = CARTESIAN_POINT('',(-1.922087816687,-17.44138948858));
#1043 = CARTESIAN_POINT('',(-1.904074704849,-17.38260919253));
#1044 = CARTESIAN_POINT('',(-1.868322915661,-17.28152611648));
#1045 = CARTESIAN_POINT('',(-1.85110546802,-17.23812719229));
#1046 = CARTESIAN_POINT('',(-1.832811763848,-17.19717349855));
#1047 = CARTESIAN_POINT('',(-1.813477753675,-17.15898060025));
#1048 = CARTESIAN_POINT('',(-1.793142839874,-17.12388596342));
#1049 = CARTESIAN_POINT('',(-1.742309666247,-17.04836886014));
#1050 = CARTESIAN_POINT('',(-1.710771133966,-17.01091730775));
#1051 = CARTESIAN_POINT('',(-1.677640006648,-16.9814865254));
#1052 = CARTESIAN_POINT('',(-1.643370951841,-16.96116465895));
#1053 = CARTESIAN_POINT('',(-1.608422863734,-16.95060497737));
#1054 = CARTESIAN_POINT('',(-1.550443669659,-16.94964111219));
#1055 = CARTESIAN_POINT('',(-1.527630123633,-16.95346788176));
#1056 = CARTESIAN_POINT('',(-1.504982848366,-16.96149117804));
#1057 = CARTESIAN_POINT('',(-1.482656707993,-16.97359214056));
#1058 = CARTESIAN_POINT('',(-1.46080432154,-16.98953920768));
#1059 = CARTESIAN_POINT('',(-1.413662957188,-17.03271969523));
#1060 = CARTESIAN_POINT('',(-1.388690298484,-17.0616565446));
#1061 = CARTESIAN_POINT('',(-1.364763484619,-17.09530173183));
#1062 = CARTESIAN_POINT('',(-1.341982319892,-17.13315304586));
#1063 = CARTESIAN_POINT('',(-1.320437992237,-17.17469128601));
#1064 = CARTESIAN_POINT('',(-1.269710935728,-17.28674508904));
#1065 = CARTESIAN_POINT('',(-1.242131127842,-17.36142767729));
#1066 = CARTESIAN_POINT('',(-1.217580417786,-17.44204210087));
#1067 = CARTESIAN_POINT('',(-1.196163986365,-17.52748314961));
#1068 = CARTESIAN_POINT('',(-1.177987389794,-17.6168442611));
#1069 = CARTESIAN_POINT('',(-1.150650344565,-17.78738689016));
#1070 = CARTESIAN_POINT('',(-1.140520461334,-17.86768028311));
#1071 = CARTESIAN_POINT('',(-1.132858287846,-17.94963486885));
#1072 = CARTESIAN_POINT('',(-1.12772618912,-18.03269215616));
#1073 = CARTESIAN_POINT('',(-1.125157413055,-18.11632183549));
#1074 = CARTESIAN_POINT('',(-1.125157413055,-18.2));
#1075 = ( GEOMETRIC_REPRESENTATION_CONTEXT(2) 
PARAMETRIC_REPRESENTATION_CONTEXT() REPRESENTATION_CONTEXT('2D SPACE',''
  ) );
#1076 = ORIENTED_EDGE('',*,*,#796,.F.);
#1077 = ADVANCED_FACE('',(#1078,#1081,#1195,#1221),#454,.T.);
#1078 = FACE_BOUND('',#1079,.T.);
#1079 = EDGE_LOOP('',(#1080));
#1080 = ORIENTED_EDGE('',*,*,#439,.T.);
#1081 = FACE_BOUND('',#1082,.T.);
#1082 = EDGE_LOOP('',(#1083,#1113,#1141,#1169));
#1083 = ORIENTED_EDGE('',*,*,#1084,.T.);
#1084 = EDGE_CURVE('',#1085,#1087,#1089,.T.);
#1085 = VERTEX_POINT('',#1086);
#1086 = CARTESIAN_POINT('',(-17.,-19.,26.));
#1087 = VERTEX_POINT('',#1088);
#1088 = CARTESIAN_POINT('',(-17.,-7.,26.));
#1089 = SURFACE_CURVE('',#1090,(#1094,#1101),.PCURVE_S1.);
#1090 = LINE('',#1091,#1092);
#1091 = CARTESIAN_POINT('',(-17.,-19.,26.));
#1092 = VECTOR('',#1093,1.);
#1093 = DIRECTION('',(0.,1.,0.));
#1094 = PCURVE('',#454,#1095);
#1095 = DEFINITIONAL_REPRESENTATION('',(#1096),#1100);
#1096 = LINE('',#1097,#1098);
#1097 = CARTESIAN_POINT('',(-17.,-19.));
#1098 = VECTOR('',#1099,1.);
#1099 = DIRECTION('',(0.,1.));
#1100 = ( GEOMETRIC_REPRESENTATION_CONTEXT(2) 
PARAMETRIC_REPRESENTATION_CONTEXT() REPRESENTATION_CONTEXT('2D SPACE',''
  ) );
#1101 = PCURVE('',#1102,#1107);
#1102 = PLANE('',#1103);
#1103 = AXIS2_PLACEMENT_3D('',#1104,#1105,#1106);
#1104 = CARTESIAN_POINT('',(-17.,-19.,26.));
#1105 = DIRECTION('',(1.,0.,0.));
#1106 = DIRECTION('',(0.,0.,1.));
#1107 = DEFINITIONAL_REPRESENTATION('',(#1108),#1112);
#1108 = LINE('',#1109,#1110);
#1109 = CARTESIAN_POINT('',(0.,0.));
#1110 = VECTOR('',#1111,1.);
#1111 = DIRECTION('',(0.,-1.));
#1112 = ( GEOMETRIC_REPRESENTATION_CONTEXT(2) 
PARAMETRIC_REPRESENTATION_CONTEXT() REPRESENTATION_CONTEXT('2D SPACE',''
  ) );
#1113 = ORIENTED_EDGE('',*,*,#1114,.T.);
#1114 = EDGE_CURVE('',#1087,#1115,#1117,.T.);
#1115 = VERTEX_POINT('',#1116);
#1116 = CARTESIAN_POINT('',(17.,-7.,26.));
#1117 = SURFACE_CURVE('',#1118,(#1122,#1129),.PCURVE_S1.);
#1118 = LINE('',#1119,#1120);
#1119 = CARTESIAN_POINT('',(-17.,-7.,26.));
#1120 = VECTOR('',#1121,1.);
#1121 = DIRECTION('',(1.,0.,0.));
#1122 = PCURVE('',#454,#1123);
#1123 = DEFINITIONAL_REPRESENTATION('',(#1124),#1128);
#1124 = LINE('',#1125,#1126);
#1125 = CARTESIAN_POINT('',(-17.,-7.));
#1126 = VECTOR('',#1127,1.);
#1127 = DIRECTION('',(1.,0.));
#1128 = ( GEOMETRIC_REPRESENTATION_CONTEXT(2) 
PARAMETRIC_REPRESENTATION_CONTEXT() REPRESENTATION_CONTEXT('2D SPACE',''
  ) );
#1129 = PCURVE('',#1130,#1135);
#1130 = PLANE('',#1131);
#1131 = AXIS2_PLACEMENT_3D('',#1132,#1133,#1134);
#1132 = CARTESIAN_POINT('',(-17.,-7.,26.));
#1133 = DIRECTION('',(0.,1.,0.));
#1134 = DIRECTION('',(0.,0.,1.));
#1135 = DEFINITIONAL_REPRESENTATION('',(#1136),#1140);
#1136 = LINE('',#1137,#1138);
#1137 = CARTESIAN_POINT('',(0.,0.));
#1138 = VECTOR('',#1139,1.);
#1139 = DIRECTION('',(0.,1.));
#1140 = ( GEOMETRIC_REPRESENTATION_CONTEXT(2) 
PARAMETRIC_REPRESENTATION_CONTEXT() REPRESENTATION_CONTEXT('2D SPACE',''
  ) );
#1141 = ORIENTED_EDGE('',*,*,#1142,.F.);
#1142 = EDGE_CURVE('',#1143,#1115,#1145,.T.);
#1143 = VERTEX_POINT('',#1144);
#1144 = CARTESIAN_POINT('',(17.,-19.,26.));
#1145 = SURFACE_CURVE('',#1146,(#1150,#1157),.PCURVE_S1.);
#1146 = LINE('',#1147,#1148);
#1147 = CARTESIAN_POINT('',(17.,-19.,26.));
#1148 = VECTOR('',#1149,1.);
#1149 = DIRECTION('',(0.,1.,0.));
#1150 = PCURVE('',#454,#1151);
#1151 = DEFINITIONAL_REPRESENTATION('',(#1152),#1156);
#1152 = LINE('',#1153,#1154);
#1153 = CARTESIAN_POINT('',(17.,-19.));
#1154 = VECTOR('',#1155,1.);
#1155 = DIRECTION('',(0.,1.));
#1156 = ( GEOMETRIC_REPRESENTATION_CONTEXT(2) 
PARAMETRIC_REPRESENTATION_CONTEXT() REPRESENTATION_CONTEXT('2D SPACE',''
  ) );
#1157 = PCURVE('',#1158,#1163);
#1158 = PLANE('',#1159);
#1159 = AXIS2_PLACEMENT_3D('',#1160,#1161,#1162);
#1160 = CARTESIAN_POINT('',(17.,-19.,26.));
#1161 = DIRECTION('',(1.,0.,0.));
#1162 = DIRECTION('',(0.,0.,1.));
#1163 = DEFINITIONAL_REPRESENTATION('',(#1164),#1168);
#1164 = LINE('',#1165,#1166);
#1165 = CARTESIAN_POINT('',(0.,0.));
#1166 = VECTOR('',#1167,1.);
#1167 = DIRECTION('',(0.,-1.));
#1168 = ( GEOMETRIC_REPRESENTATION_CONTEXT(2) 
PARAMETRIC_REPRESENTATION_CONTEXT() REPRESENTATION_CONTEXT('2D SPACE',''
  ) );
#1169 = ORIENTED_EDGE('',*,*,#1170,.F.);
#1170 = EDGE_CURVE('',#1085,#1143,#1171,.T.);
#1171 = SURFACE_CURVE('',#1172,(#1176,#1183),.PCURVE_S1.);
#1172 = LINE('',#1173,#1174);
#1173 = CARTESIAN_POINT('',(-17.,-19.,26.));
#1174 = VECTOR('',#1175,1.);
#1175 = DIRECTION('',(1.,0.,0.));
#1176 = PCURVE('',#454,#1177);
#1177 = DEFINITIONAL_REPRESENTATION('',(#1178),#1182);
#1178 = LINE('',#1179,#1180);
#1179 = CARTESIAN_POINT('',(-17.,-19.));
#1180 = VECTOR('',#1181,1.);
#1181 = DIRECTION('',(1.,0.));
#1182 = ( GEOMETRIC_REPRESENTATION_CONTEXT(2) 
PARAMETRIC_REPRESENTATION_CONTEXT() REPRESENTATION_CONTEXT('2D SPACE',''
  ) );
#1183 = PCURVE('',#1184,#1189);
#1184 = PLANE('',#1185);
#1185 = AXIS2_PLACEMENT_3D('',#1186,#1187,#1188);
#1186 = CARTESIAN_POINT('',(-17.,-19.,26.));
#1187 = DIRECTION('',(0.,1.,0.));
#1188 = DIRECTION('',(0.,0.,1.));
#1189 = DEFINITIONAL_REPRESENTATION('',(#1190),#1194);
#1190 = LINE('',#1191,#1192);
#1191 = CARTESIAN_POINT('',(0.,0.));
#1192 = VECTOR('',#1193,1.);
#1193 = DIRECTION('',(0.,1.));
#1194 = ( GEOMETRIC_REPRESENTATION_CONTEXT(2) 
PARAMETRIC_REPRESENTATION_CONTEXT() REPRESENTATION_CONTEXT('2D SPACE',''
  ) );
#1195 = FACE_BOUND('',#1196,.T.);
#1196 = EDGE_LOOP('',(#1197));
#1197 = ORIENTED_EDGE('',*,*,#1198,.F.);
#1198 = EDGE_CURVE('',#1199,#1199,#1201,.T.);
#1199 = VERTEX_POINT('',#1200);
#1200 = CARTESIAN_POINT('',(2.9,0.,26.));
#1201 = SURFACE_CURVE('',#1202,(#1207,#1214),.PCURVE_S1.);
#1202 = CIRCLE('',#1203,2.9);
#1203 = AXIS2_PLACEMENT_3D('',#1204,#1205,#1206);
#1204 = CARTESIAN_POINT('',(0.,0.,26.));
#1205 = DIRECTION('',(0.,0.,1.));
#1206 = DIRECTION('',(1.,0.,0.));
#1207 = PCURVE('',#454,#1208);
#1208 = DEFINITIONAL_REPRESENTATION('',(#1209),#1213);
#1209 = CIRCLE('',#1210,2.9);
#1210 = AXIS2_PLACEMENT_2D('',#1211,#1212);
#1211 = CARTESIAN_POINT('',(0.,0.));
#1212 = DIRECTION('',(1.,0.));
#1213 = ( GEOMETRIC_REPRESENTATION_CONTEXT(2) 
PARAMETRIC_REPRESENTATION_CONTEXT() REPRESENTATION_CONTEXT('2D SPACE',''
  ) );
#1214 = PCURVE('',#678,#1215);
#1215 = DEFINITIONAL_REPRESENTATION('',(#1216),#1220);
#1216 = LINE('',#1217,#1218);
#1217 = CARTESIAN_POINT('',(-0.,-26.));
#1218 = VECTOR('',#1219,1.);
#1219 = DIRECTION('',(-1.,0.));
#1220 = ( GEOMETRIC_REPRESENTATION_CONTEXT(2) 
PARAMETRIC_REPRESENTATION_CONTEXT() REPRESENTATION_CONTEXT('2D SPACE',''
  ) );
#1221 = FACE_BOUND('',#1222,.T.);
#1222 = EDGE_LOOP('',(#1223,#1253,#1281,#1309));
#1223 = ORIENTED_EDGE('',*,*,#1224,.T.);
#1224 = EDGE_CURVE('',#1225,#1227,#1229,.T.);
#1225 = VERTEX_POINT('',#1226);
#1226 = CARTESIAN_POINT('',(-17.,7.,26.));
#1227 = VERTEX_POINT('',#1228);
#1228 = CARTESIAN_POINT('',(-17.,19.,26.));
#1229 = SURFACE_CURVE('',#1230,(#1234,#1241),.PCURVE_S1.);
#1230 = LINE('',#1231,#1232);
#1231 = CARTESIAN_POINT('',(-17.,7.,26.));
#1232 = VECTOR('',#1233,1.);
#1233 = DIRECTION('',(0.,1.,0.));
#1234 = PCURVE('',#454,#1235);
#1235 = DEFINITIONAL_REPRESENTATION('',(#1236),#1240);
#1236 = LINE('',#1237,#1238);
#1237 = CARTESIAN_POINT('',(-17.,7.));
#1238 = VECTOR('',#1239,1.);
#1239 = DIRECTION('',(0.,1.));
#1240 = ( GEOMETRIC_REPRESENTATION_CONTEXT(2) 
PARAMETRIC_REPRESENTATION_CONTEXT() REPRESENTATION_CONTEXT('2D SPACE',''
  ) );
#1241 = PCURVE('',#1242,#1247);
#1242 = PLANE('',#1243);
#1243 = AXIS2_PLACEMENT_3D('',#1244,#1245,#1246);
#1244 = CARTESIAN_POINT('',(-17.,7.,26.));
#1245 = DIRECTION('',(1.,0.,0.));
#1246 = DIRECTION('',(0.,0.,1.));
#1247 = DEFINITIONAL_REPRESENTATION('',(#1248),#1252);
#1248 = LINE('',#1249,#1250);
#1249 = CARTESIAN_POINT('',(0.,0.));
#1250 = VECTOR('',#1251,1.);
#1251 = DIRECTION('',(0.,-1.));
#1252 = ( GEOMETRIC_REPRESENTATION_CONTEXT(2) 
PARAMETRIC_REPRESENTATION_CONTEXT() REPRESENTATION_CONTEXT('2D SPACE',''
  ) );
#1253 = ORIENTED_EDGE('',*,*,#1254,.T.);
#1254 = EDGE_CURVE('',#1227,#1255,#1257,.T.);
#1255 = VERTEX_POINT('',#1256);
#1256 = CARTESIAN_POINT('',(17.,19.,26.));
#1257 = SURFACE_CURVE('',#1258,(#1262,#1269),.PCURVE_S1.);
#1258 = LINE('',#1259,#1260);
#1259 = CARTESIAN_POINT('',(-17.,19.,26.));
#1260 = VECTOR('',#1261,1.);
#1261 = DIRECTION('',(1.,0.,0.));
#1262 = PCURVE('',#454,#1263);
#1263 = DEFINITIONAL_REPRESENTATION('',(#1264),#1268);
#1264 = LINE('',#1265,#1266);
#1265 = CARTESIAN_POINT('',(-17.,19.));
#1266 = VECTOR('',#1267,1.);
#1267 = DIRECTION('',(1.,0.));
#1268 = ( GEOMETRIC_REPRESENTATION_CONTEXT(2) 
PARAMETRIC_REPRESENTATION_CONTEXT() REPRESENTATION_CONTEXT('2D SPACE',''
  ) );
#1269 = PCURVE('',#1270,#1275);
#1270 = PLANE('',#1271);
#1271 = AXIS2_PLACEMENT_3D('',#1272,#1273,#1274);
#1272 = CARTESIAN_POINT('',(-17.,19.,26.));
#1273 = DIRECTION('',(0.,1.,0.));
#1274 = DIRECTION('',(0.,0.,1.));
#1275 = DEFINITIONAL_REPRESENTATION('',(#1276),#1280);
#1276 = LINE('',#1277,#1278);
#1277 = CARTESIAN_POINT('',(0.,0.));
#1278 = VECTOR('',#1279,1.);
#1279 = DIRECTION('',(0.,1.));
#1280 = ( GEOMETRIC_REPRESENTATION_CONTEXT(2) 
PARAMETRIC_REPRESENTATION_CONTEXT() REPRESENTATION_CONTEXT('2D SPACE',''
  ) );
#1281 = ORIENTED_EDGE('',*,*,#1282,.F.);
#1282 = EDGE_CURVE('',#1283,#1255,#1285,.T.);
#1283 = VERTEX_POINT('',#1284);
#1284 = CARTESIAN_POINT('',(17.,7.,26.));
#1285 = SURFACE_CURVE('',#1286,(#1290,#1297),.PCURVE_S1.);
#1286 = LINE('',#1287,#1288);
#1287 = CARTESIAN_POINT('',(17.,7.,26.));
#1288 = VECTOR('',#1289,1.);
#1289 = DIRECTION('',(0.,1.,0.));
#1290 = PCURVE('',#454,#1291);
#1291 = DEFINITIONAL_REPRESENTATION('',(#1292),#1296);
#1292 = LINE('',#1293,#1294);
#1293 = CARTESIAN_POINT('',(17.,7.));
#1294 = VECTOR('',#1295,1.);
#1295 = DIRECTION('',(0.,1.));
#1296 = ( GEOMETRIC_REPRESENTATION_CONTEXT(2) 
PARAMETRIC_REPRESENTATION_CONTEXT() REPRESENTATION_CONTEXT('2D SPACE',''
  ) );
#1297 = PCURVE('',#1298,#1303);
#1298 = PLANE('',#1299);
#1299 = AXIS2_PLACEMENT_3D('',#1300,#1301,#1302);
#1300 = CARTESIAN_POINT('',(17.,7.,26.));
#1301 = DIRECTION('',(1.,0.,0.));
#1302 = DIRECTION('',(0.,0.,1.));
#1303 = DEFINITIONAL_REPRESENTATION('',(#1304),#1308);
#1304 = LINE('',#1305,#1306);
#1305 = CARTESIAN_POINT('',(0.,0.));
#1306 = VECTOR('',#1307,1.);
#1307 = DIRECTION('',(0.,-1.));
#1308 = ( GEOMETRIC_REPRESENTATION_CONTEXT(2) 
PARAMETRIC_REPRESENTATION_CONTEXT() REPRESENTATION_CONTEXT('2D SPACE',''
  ) );
#1309 = ORIENTED_EDGE('',*,*,#1310,.F.);
#1310 = EDGE_CURVE('',#1225,#1283,#1311,.T.);
#1311 = SURFACE_CURVE('',#1312,(#1316,#1323),.PCURVE_S1.);
#1312 = LINE('',#1313,#1314);
#1313 = CARTESIAN_POINT('',(-17.,7.,26.));
#1314 = VECTOR('',#1315,1.);
#1315 = DIRECTION('',(1.,0.,0.));
#1316 = PCURVE('',#454,#1317);
#1317 = DEFINITIONAL_REPRESENTATION('',(#1318),#1322);
#1318 = LINE('',#1319,#1320);
#1319 = CARTESIAN_POINT('',(-17.,7.));
#1320 = VECTOR('',#1321,1.);
#1321 = DIRECTION('',(1.,0.));
#1322 = ( GEOMETRIC_REPRESENTATION_CONTEXT(2) 
PARAMETRIC_REPRESENTATION_CONTEXT() REPRESENTATION_CONTEXT('2D SPACE',''
  ) );
#1323 = PCURVE('',#1324,#1329);
#1324 = PLANE('',#1325);
#1325 = AXIS2_PLACEMENT_3D('',#1326,#1327,#1328);
#1326 = CARTESIAN_POINT('',(-17.,7.,26.));
#1327 = DIRECTION('',(0.,1.,0.));
#1328 = DIRECTION('',(0.,0.,1.));
#1329 = DEFINITIONAL_REPRESENTATION('',(#1330),#1334);
#1330 = LINE('',#1331,#1332);
#1331 = CARTESIAN_POINT('',(0.,0.));
#1332 = VECTOR('',#1333,1.);
#1333 = DIRECTION('',(0.,1.));
#1334 = ( GEOMETRIC_REPRESENTATION_CONTEXT(2) 
PARAMETRIC_REPRESENTATION_CONTEXT() REPRESENTATION_CONTEXT('2D SPACE',''
  ) );
#1335 = ADVANCED_FACE('',(#1336),#489,.F.);
#1336 = FACE_BOUND('',#1337,.T.);
#1337 = EDGE_LOOP('',(#1338,#1361,#1388,#1389));
#1338 = ORIENTED_EDGE('',*,*,#1339,.T.);
#1339 = EDGE_CURVE('',#473,#1340,#1342,.T.);
#1340 = VERTEX_POINT('',#1341);
#1341 = CARTESIAN_POINT('',(23.9,0.,5.5));
#1342 = SEAM_CURVE('',#1343,(#1347,#1354),.PCURVE_S1.);
#1343 = LINE('',#1344,#1345);
#1344 = CARTESIAN_POINT('',(23.9,0.,0.));
#1345 = VECTOR('',#1346,1.);
#1346 = DIRECTION('',(0.,0.,1.));
#1347 = PCURVE('',#489,#1348);
#1348 = DEFINITIONAL_REPRESENTATION('',(#1349),#1353);
#1349 = LINE('',#1350,#1351);
#1350 = CARTESIAN_POINT('',(-0.,0.));
#1351 = VECTOR('',#1352,1.);
#1352 = DIRECTION('',(-0.,-1.));
#1353 = ( GEOMETRIC_REPRESENTATION_CONTEXT(2) 
PARAMETRIC_REPRESENTATION_CONTEXT() REPRESENTATION_CONTEXT('2D SPACE',''
  ) );
#1354 = PCURVE('',#489,#1355);
#1355 = DEFINITIONAL_REPRESENTATION('',(#1356),#1360);
#1356 = LINE('',#1357,#1358);
#1357 = CARTESIAN_POINT('',(-6.28318530718,0.));
#1358 = VECTOR('',#1359,1.);
#1359 = DIRECTION('',(-0.,-1.));
#1360 = ( GEOMETRIC_REPRESENTATION_CONTEXT(2) 
PARAMETRIC_REPRESENTATION_CONTEXT() REPRESENTATION_CONTEXT('2D SPACE',''
  ) );
#1361 = ORIENTED_EDGE('',*,*,#1362,.T.);
#1362 = EDGE_CURVE('',#1340,#1340,#1363,.T.);
#1363 = SURFACE_CURVE('',#1364,(#1369,#1376),.PCURVE_S1.);
#1364 = CIRCLE('',#1365,23.9);
#1365 = AXIS2_PLACEMENT_3D('',#1366,#1367,#1368);
#1366 = CARTESIAN_POINT('',(0.,0.,5.5));
#1367 = DIRECTION('',(0.,0.,1.));
#1368 = DIRECTION('',(1.,0.,0.));
#1369 = PCURVE('',#489,#1370);
#1370 = DEFINITIONAL_REPRESENTATION('',(#1371),#1375);
#1371 = LINE('',#1372,#1373);
#1372 = CARTESIAN_POINT('',(-0.,-5.5));
#1373 = VECTOR('',#1374,1.);
#1374 = DIRECTION('',(-1.,0.));
#1375 = ( GEOMETRIC_REPRESENTATION_CONTEXT(2) 
PARAMETRIC_REPRESENTATION_CONTEXT() REPRESENTATION_CONTEXT('2D SPACE',''
  ) );
#1376 = PCURVE('',#1377,#1382);
#1377 = PLANE('',#1378);
#1378 = AXIS2_PLACEMENT_3D('',#1379,#1380,#1381);
#1379 = CARTESIAN_POINT('',(-2.74632327874E-15,-6.01941904073E-17,5.5));
#1380 = DIRECTION('',(0.,0.,1.));
#1381 = DIRECTION('',(1.,0.,0.));
#1382 = DEFINITIONAL_REPRESENTATION('',(#1383),#1387);
#1383 = CIRCLE('',#1384,23.9);
#1384 = AXIS2_PLACEMENT_2D('',#1385,#1386);
#1385 = CARTESIAN_POINT('',(2.74632327874E-15,6.01941904073E-17));
#1386 = DIRECTION('',(1.,0.));
#1387 = ( GEOMETRIC_REPRESENTATION_CONTEXT(2) 
PARAMETRIC_REPRESENTATION_CONTEXT() REPRESENTATION_CONTEXT('2D SPACE',''
  ) );
#1388 = ORIENTED_EDGE('',*,*,#1339,.F.);
#1389 = ORIENTED_EDGE('',*,*,#472,.F.);
#1390 = ADVANCED_FACE('',(#1391,#1444,#1447),#678,.F.);
#1391 = FACE_BOUND('',#1392,.T.);
#1392 = EDGE_LOOP('',(#1393,#1416,#1442,#1443));
#1393 = ORIENTED_EDGE('',*,*,#1394,.F.);
#1394 = EDGE_CURVE('',#1395,#1199,#1397,.T.);
#1395 = VERTEX_POINT('',#1396);
#1396 = CARTESIAN_POINT('',(2.9,0.,5.5));
#1397 = SEAM_CURVE('',#1398,(#1402,#1409),.PCURVE_S1.);
#1398 = LINE('',#1399,#1400);
#1399 = CARTESIAN_POINT('',(2.9,0.,0.));
#1400 = VECTOR('',#1401,1.);
#1401 = DIRECTION('',(0.,0.,1.));
#1402 = PCURVE('',#678,#1403);
#1403 = DEFINITIONAL_REPRESENTATION('',(#1404),#1408);
#1404 = LINE('',#1405,#1406);
#1405 = CARTESIAN_POINT('',(-6.28318530718,0.));
#1406 = VECTOR('',#1407,1.);
#1407 = DIRECTION('',(-0.,-1.));
#1408 = ( GEOMETRIC_REPRESENTATION_CONTEXT(2) 
PARAMETRIC_REPRESENTATION_CONTEXT() REPRESENTATION_CONTEXT('2D SPACE',''
  ) );
#1409 = PCURVE('',#678,#1410);
#1410 = DEFINITIONAL_REPRESENTATION('',(#1411),#1415);
#1411 = LINE('',#1412,#1413);
#1412 = CARTESIAN_POINT('',(-0.,0.));
#1413 = VECTOR('',#1414,1.);
#1414 = DIRECTION('',(-0.,-1.));
#1415 = ( GEOMETRIC_REPRESENTATION_CONTEXT(2) 
PARAMETRIC_REPRESENTATION_CONTEXT() REPRESENTATION_CONTEXT('2D SPACE',''
  ) );
#1416 = ORIENTED_EDGE('',*,*,#1417,.T.);
#1417 = EDGE_CURVE('',#1395,#1395,#1418,.T.);
#1418 = SURFACE_CURVE('',#1419,(#1424,#1431),.PCURVE_S1.);
#1419 = CIRCLE('',#1420,2.9);
#1420 = AXIS2_PLACEMENT_3D('',#1421,#1422,#1423);
#1421 = CARTESIAN_POINT('',(0.,0.,5.5));
#1422 = DIRECTION('',(0.,0.,-1.));
#1423 = DIRECTION('',(1.,0.,0.));
#1424 = PCURVE('',#678,#1425);
#1425 = DEFINITIONAL_REPRESENTATION('',(#1426),#1430);
#1426 = LINE('',#1427,#1428);
#1427 = CARTESIAN_POINT('',(-6.28318530718,-5.5));
#1428 = VECTOR('',#1429,1.);
#1429 = DIRECTION('',(1.,-0.));
#1430 = ( GEOMETRIC_REPRESENTATION_CONTEXT(2) 
PARAMETRIC_REPRESENTATION_CONTEXT() REPRESENTATION_CONTEXT('2D SPACE',''
  ) );
#1431 = PCURVE('',#1377,#1432);
#1432 = DEFINITIONAL_REPRESENTATION('',(#1433),#1441);
#1433 = ( BOUNDED_CURVE() B_SPLINE_CURVE(2,(#1434,#1435,#1436,#1437,
#1438,#1439,#1440),.UNSPECIFIED.,.T.,.F.) B_SPLINE_CURVE_WITH_KNOTS((1,2
    ,2,2,2,1),(-2.094395102393,0.,2.094395102393,4.188790204786,
6.28318530718,8.377580409573),.UNSPECIFIED.) CURVE() 
GEOMETRIC_REPRESENTATION_ITEM() RATIONAL_B_SPLINE_CURVE((1.,0.5,1.,0.5,
1.,0.5,1.)) REPRESENTATION_ITEM('') );
#1434 = CARTESIAN_POINT('',(2.9,6.01941904073E-17));
#1435 = CARTESIAN_POINT('',(2.9,-5.02294734195));
#1436 = CARTESIAN_POINT('',(-1.45,-2.511473670975));
#1437 = CARTESIAN_POINT('',(-5.8,-6.501009530982E-16));
#1438 = CARTESIAN_POINT('',(-1.45,2.511473670975));
#1439 = CARTESIAN_POINT('',(2.9,5.02294734195));
#1440 = CARTESIAN_POINT('',(2.9,6.01941904073E-17));
#1441 = ( GEOMETRIC_REPRESENTATION_CONTEXT(2) 
PARAMETRIC_REPRESENTATION_CONTEXT() REPRESENTATION_CONTEXT('2D SPACE',''
  ) );
#1442 = ORIENTED_EDGE('',*,*,#1394,.T.);
#1443 = ORIENTED_EDGE('',*,*,#1198,.T.);
#1444 = FACE_BOUND('',#1445,.T.);
#1445 = EDGE_LOOP('',(#1446));
#1446 = ORIENTED_EDGE('',*,*,#819,.F.);
#1447 = FACE_BOUND('',#1448,.T.);
#1448 = EDGE_LOOP('',(#1449));
#1449 = ORIENTED_EDGE('',*,*,#504,.T.);
#1450 = ADVANCED_FACE('',(#1451),#1102,.F.);
#1451 = FACE_BOUND('',#1452,.F.);
#1452 = EDGE_LOOP('',(#1453,#1476,#1477,#1500));
#1453 = ORIENTED_EDGE('',*,*,#1454,.F.);
#1454 = EDGE_CURVE('',#1085,#1455,#1457,.T.);
#1455 = VERTEX_POINT('',#1456);
#1456 = CARTESIAN_POINT('',(-17.,-19.,65.1));
#1457 = SURFACE_CURVE('',#1458,(#1462,#1469),.PCURVE_S1.);
#1458 = LINE('',#1459,#1460);
#1459 = CARTESIAN_POINT('',(-17.,-19.,26.));
#1460 = VECTOR('',#1461,1.);
#1461 = DIRECTION('',(0.,0.,1.));
#1462 = PCURVE('',#1102,#1463);
#1463 = DEFINITIONAL_REPRESENTATION('',(#1464),#1468);
#1464 = LINE('',#1465,#1466);
#1465 = CARTESIAN_POINT('',(0.,0.));
#1466 = VECTOR('',#1467,1.);
#1467 = DIRECTION('',(1.,0.));
#1468 = ( GEOMETRIC_REPRESENTATION_CONTEXT(2) 
PARAMETRIC_REPRESENTATION_CONTEXT() REPRESENTATION_CONTEXT('2D SPACE',''
  ) );
#1469 = PCURVE('',#1184,#1470);
#1470 = DEFINITIONAL_REPRESENTATION('',(#1471),#1475);
#1471 = LINE('',#1472,#1473);
#1472 = CARTESIAN_POINT('',(0.,0.));
#1473 = VECTOR('',#1474,1.);
#1474 = DIRECTION('',(1.,0.));
#1475 = ( GEOMETRIC_REPRESENTATION_CONTEXT(2) 
PARAMETRIC_REPRESENTATION_CONTEXT() REPRESENTATION_CONTEXT('2D SPACE',''
  ) );
#1476 = ORIENTED_EDGE('',*,*,#1084,.T.);
#1477 = ORIENTED_EDGE('',*,*,#1478,.T.);
#1478 = EDGE_CURVE('',#1087,#1479,#1481,.T.);
#1479 = VERTEX_POINT('',#1480);
#1480 = CARTESIAN_POINT('',(-17.,-7.,65.1));
#1481 = SURFACE_CURVE('',#1482,(#1486,#1493),.PCURVE_S1.);
#1482 = LINE('',#1483,#1484);
#1483 = CARTESIAN_POINT('',(-17.,-7.,26.));
#1484 = VECTOR('',#1485,1.);
#1485 = DIRECTION('',(0.,0.,1.));
#1486 = PCURVE('',#1102,#1487);
#1487 = DEFINITIONAL_REPRESENTATION('',(#1488),#1492);
#1488 = LINE('',#1489,#1490);
#1489 = CARTESIAN_POINT('',(0.,-12.));
#1490 = VECTOR('',#1491,1.);
#1491 = DIRECTION('',(1.,0.));
#1492 = ( GEOMETRIC_REPRESENTATION_CONTEXT(2) 
PARAMETRIC_REPRESENTATION_CONTEXT() REPRESENTATION_CONTEXT('2D SPACE',''
  ) );
#1493 = PCURVE('',#1130,#1494);
#1494 = DEFINITIONAL_REPRESENTATION('',(#1495),#1499);
#1495 = LINE('',#1496,#1497);
#1496 = CARTESIAN_POINT('',(0.,0.));
#1497 = VECTOR('',#1498,1.);
#1498 = DIRECTION('',(1.,0.));
#1499 = ( GEOMETRIC_REPRESENTATION_CONTEXT(2) 
PARAMETRIC_REPRESENTATION_CONTEXT() REPRESENTATION_CONTEXT('2D SPACE',''
  ) );
#1500 = ORIENTED_EDGE('',*,*,#1501,.F.);
#1501 = EDGE_CURVE('',#1455,#1479,#1502,.T.);
#1502 = SURFACE_CURVE('',#1503,(#1507,#1514),.PCURVE_S1.);
#1503 = LINE('',#1504,#1505);
#1504 = CARTESIAN_POINT('',(-17.,-19.,65.1));
#1505 = VECTOR('',#1506,1.);
#1506 = DIRECTION('',(0.,1.,0.));
#1507 = PCURVE('',#1102,#1508);
#1508 = DEFINITIONAL_REPRESENTATION('',(#1509),#1513);
#1509 = LINE('',#1510,#1511);
#1510 = CARTESIAN_POINT('',(39.1,0.));
#1511 = VECTOR('',#1512,1.);
#1512 = DIRECTION('',(0.,-1.));
#1513 = ( GEOMETRIC_REPRESENTATION_CONTEXT(2) 
PARAMETRIC_REPRESENTATION_CONTEXT() REPRESENTATION_CONTEXT('2D SPACE',''
  ) );
#1514 = PCURVE('',#1515,#1520);
#1515 = PLANE('',#1516);
#1516 = AXIS2_PLACEMENT_3D('',#1517,#1518,#1519);
#1517 = CARTESIAN_POINT('',(-17.,-19.,65.1));
#1518 = DIRECTION('',(0.,0.,1.));
#1519 = DIRECTION('',(1.,0.,0.));
#1520 = DEFINITIONAL_REPRESENTATION('',(#1521),#1525);
#1521 = LINE('',#1522,#1523);
#1522 = CARTESIAN_POINT('',(0.,0.));
#1523 = VECTOR('',#1524,1.);
#1524 = DIRECTION('',(0.,1.));
#1525 = ( GEOMETRIC_REPRESENTATION_CONTEXT(2) 
PARAMETRIC_REPRESENTATION_CONTEXT() REPRESENTATION_CONTEXT('2D SPACE',''
  ) );
#1526 = ADVANCED_FACE('',(#1527,#1575),#1184,.F.);
#1527 = FACE_BOUND('',#1528,.F.);
#1528 = EDGE_LOOP('',(#1529,#1530,#1531,#1554));
#1529 = ORIENTED_EDGE('',*,*,#1170,.F.);
#1530 = ORIENTED_EDGE('',*,*,#1454,.T.);
#1531 = ORIENTED_EDGE('',*,*,#1532,.T.);
#1532 = EDGE_CURVE('',#1455,#1533,#1535,.T.);
#1533 = VERTEX_POINT('',#1534);
#1534 = CARTESIAN_POINT('',(17.,-19.,65.1));
#1535 = SURFACE_CURVE('',#1536,(#1540,#1547),.PCURVE_S1.);
#1536 = LINE('',#1537,#1538);
#1537 = CARTESIAN_POINT('',(-17.,-19.,65.1));
#1538 = VECTOR('',#1539,1.);
#1539 = DIRECTION('',(1.,0.,0.));
#1540 = PCURVE('',#1184,#1541);
#1541 = DEFINITIONAL_REPRESENTATION('',(#1542),#1546);
#1542 = LINE('',#1543,#1544);
#1543 = CARTESIAN_POINT('',(39.1,0.));
#1544 = VECTOR('',#1545,1.);
#1545 = DIRECTION('',(0.,1.));
#1546 = ( GEOMETRIC_REPRESENTATION_CONTEXT(2) 
PARAMETRIC_REPRESENTATION_CONTEXT() REPRESENTATION_CONTEXT('2D SPACE',''
  ) );
#1547 = PCURVE('',#1515,#1548);
#1548 = DEFINITIONAL_REPRESENTATION('',(#1549),#1553);
#1549 = LINE('',#1550,#1551);
#1550 = CARTESIAN_POINT('',(0.,0.));
#1551 = VECTOR('',#1552,1.);
#1552 = DIRECTION('',(1.,0.));
#1553 = ( GEOMETRIC_REPRESENTATION_CONTEXT(2) 
PARAMETRIC_REPRESENTATION_CONTEXT() REPRESENTATION_CONTEXT('2D SPACE',''
  ) );
#1554 = ORIENTED_EDGE('',*,*,#1555,.F.);
#1555 = EDGE_CURVE('',#1143,#1533,#1556,.T.);
#1556 = SURFACE_CURVE('',#1557,(#1561,#1568),.PCURVE_S1.);
#1557 = LINE('',#1558,#1559);
#1558 = CARTESIAN_POINT('',(17.,-19.,26.));
#1559 = VECTOR('',#1560,1.);
#1560 = DIRECTION('',(0.,0.,1.));
#1561 = PCURVE('',#1184,#1562);
#1562 = DEFINITIONAL_REPRESENTATION('',(#1563),#1567);
#1563 = LINE('',#1564,#1565);
#1564 = CARTESIAN_POINT('',(0.,34.));
#1565 = VECTOR('',#1566,1.);
#1566 = DIRECTION('',(1.,0.));
#1567 = ( GEOMETRIC_REPRESENTATION_CONTEXT(2) 
PARAMETRIC_REPRESENTATION_CONTEXT() REPRESENTATION_CONTEXT('2D SPACE',''
  ) );
#1568 = PCURVE('',#1158,#1569);
#1569 = DEFINITIONAL_REPRESENTATION('',(#1570),#1574);
#1570 = LINE('',#1571,#1572);
#1571 = CARTESIAN_POINT('',(0.,0.));
#1572 = VECTOR('',#1573,1.);
#1573 = DIRECTION('',(1.,0.));
#1574 = ( GEOMETRIC_REPRESENTATION_CONTEXT(2) 
PARAMETRIC_REPRESENTATION_CONTEXT() REPRESENTATION_CONTEXT('2D SPACE',''
  ) );
#1575 = FACE_BOUND('',#1576,.F.);
#1576 = EDGE_LOOP('',(#1577));
#1577 = ORIENTED_EDGE('',*,*,#1578,.T.);
#1578 = EDGE_CURVE('',#1579,#1579,#1581,.T.);
#1579 = VERTEX_POINT('',#1580);
#1580 = CARTESIAN_POINT('',(9.49,-19.,47.08));
#1581 = SURFACE_CURVE('',#1582,(#1587,#1598),.PCURVE_S1.);
#1582 = CIRCLE('',#1583,9.49);
#1583 = AXIS2_PLACEMENT_3D('',#1584,#1585,#1586);
#1584 = CARTESIAN_POINT('',(0.,-19.,47.08));
#1585 = DIRECTION('',(0.,-1.,0.));
#1586 = DIRECTION('',(1.,0.,0.));
#1587 = PCURVE('',#1184,#1588);
#1588 = DEFINITIONAL_REPRESENTATION('',(#1589),#1597);
#1589 = ( BOUNDED_CURVE() B_SPLINE_CURVE(2,(#1590,#1591,#1592,#1593,
#1594,#1595,#1596),.UNSPECIFIED.,.T.,.F.) B_SPLINE_CURVE_WITH_KNOTS((1,2
    ,2,2,2,1),(-2.094395102393,0.,2.094395102393,4.188790204786,
6.28318530718,8.377580409573),.UNSPECIFIED.) CURVE() 
GEOMETRIC_REPRESENTATION_ITEM() RATIONAL_B_SPLINE_CURVE((1.,0.5,1.,0.5,
1.,0.5,1.)) REPRESENTATION_ITEM('') );
#1590 = CARTESIAN_POINT('',(21.08,26.49));
#1591 = CARTESIAN_POINT('',(37.517162163829,26.49));
#1592 = CARTESIAN_POINT('',(29.298581081914,12.255));
#1593 = CARTESIAN_POINT('',(21.08,-1.98));
#1594 = CARTESIAN_POINT('',(12.861418918086,12.255));
#1595 = CARTESIAN_POINT('',(4.642837836171,26.49));
#1596 = CARTESIAN_POINT('',(21.08,26.49));
#1597 = ( GEOMETRIC_REPRESENTATION_CONTEXT(2) 
PARAMETRIC_REPRESENTATION_CONTEXT() REPRESENTATION_CONTEXT('2D SPACE',''
  ) );
#1598 = PCURVE('',#1599,#1604);
#1599 = CYLINDRICAL_SURFACE('',#1600,9.49);
#1600 = AXIS2_PLACEMENT_3D('',#1601,#1602,#1603);
#1601 = CARTESIAN_POINT('',(0.,-19.,47.08));
#1602 = DIRECTION('',(0.,-1.,0.));
#1603 = DIRECTION('',(1.,0.,0.));
#1604 = DEFINITIONAL_REPRESENTATION('',(#1605),#1609);
#1605 = LINE('',#1606,#1607);
#1606 = CARTESIAN_POINT('',(0.,0.));
#1607 = VECTOR('',#1608,1.);
#1608 = DIRECTION('',(1.,0.));
#1609 = ( GEOMETRIC_REPRESENTATION_CONTEXT(2) 
PARAMETRIC_REPRESENTATION_CONTEXT() REPRESENTATION_CONTEXT('2D SPACE',''
  ) );
#1610 = ADVANCED_FACE('',(#1611),#1158,.T.);
#1611 = FACE_BOUND('',#1612,.T.);
#1612 = EDGE_LOOP('',(#1613,#1614,#1615,#1638));
#1613 = ORIENTED_EDGE('',*,*,#1555,.F.);
#1614 = ORIENTED_EDGE('',*,*,#1142,.T.);
#1615 = ORIENTED_EDGE('',*,*,#1616,.T.);
#1616 = EDGE_CURVE('',#1115,#1617,#1619,.T.);
#1617 = VERTEX_POINT('',#1618);
#1618 = CARTESIAN_POINT('',(17.,-7.,65.1));
#1619 = SURFACE_CURVE('',#1620,(#1624,#1631),.PCURVE_S1.);
#1620 = LINE('',#1621,#1622);
#1621 = CARTESIAN_POINT('',(17.,-7.,26.));
#1622 = VECTOR('',#1623,1.);
#1623 = DIRECTION('',(0.,0.,1.));
#1624 = PCURVE('',#1158,#1625);
#1625 = DEFINITIONAL_REPRESENTATION('',(#1626),#1630);
#1626 = LINE('',#1627,#1628);
#1627 = CARTESIAN_POINT('',(0.,-12.));
#1628 = VECTOR('',#1629,1.);
#1629 = DIRECTION('',(1.,0.));
#1630 = ( GEOMETRIC_REPRESENTATION_CONTEXT(2) 
PARAMETRIC_REPRESENTATION_CONTEXT() REPRESENTATION_CONTEXT('2D SPACE',''
  ) );
#1631 = PCURVE('',#1130,#1632);
#1632 = DEFINITIONAL_REPRESENTATION('',(#1633),#1637);
#1633 = LINE('',#1634,#1635);
#1634 = CARTESIAN_POINT('',(0.,34.));
#1635 = VECTOR('',#1636,1.);
#1636 = DIRECTION('',(1.,0.));
#1637 = ( GEOMETRIC_REPRESENTATION_CONTEXT(2) 
PARAMETRIC_REPRESENTATION_CONTEXT() REPRESENTATION_CONTEXT('2D SPACE',''
  ) );
#1638 = ORIENTED_EDGE('',*,*,#1639,.F.);
#1639 = EDGE_CURVE('',#1533,#1617,#1640,.T.);
#1640 = SURFACE_CURVE('',#1641,(#1645,#1652),.PCURVE_S1.);
#1641 = LINE('',#1642,#1643);
#1642 = CARTESIAN_POINT('',(17.,-19.,65.1));
#1643 = VECTOR('',#1644,1.);
#1644 = DIRECTION('',(0.,1.,0.));
#1645 = PCURVE('',#1158,#1646);
#1646 = DEFINITIONAL_REPRESENTATION('',(#1647),#1651);
#1647 = LINE('',#1648,#1649);
#1648 = CARTESIAN_POINT('',(39.1,0.));
#1649 = VECTOR('',#1650,1.);
#1650 = DIRECTION('',(0.,-1.));
#1651 = ( GEOMETRIC_REPRESENTATION_CONTEXT(2) 
PARAMETRIC_REPRESENTATION_CONTEXT() REPRESENTATION_CONTEXT('2D SPACE',''
  ) );
#1652 = PCURVE('',#1515,#1653);
#1653 = DEFINITIONAL_REPRESENTATION('',(#1654),#1658);
#1654 = LINE('',#1655,#1656);
#1655 = CARTESIAN_POINT('',(34.,0.));
#1656 = VECTOR('',#1657,1.);
#1657 = DIRECTION('',(0.,1.));
#1658 = ( GEOMETRIC_REPRESENTATION_CONTEXT(2) 
PARAMETRIC_REPRESENTATION_CONTEXT() REPRESENTATION_CONTEXT('2D SPACE',''
  ) );
#1659 = ADVANCED_FACE('',(#1660,#1686),#1130,.T.);
#1660 = FACE_BOUND('',#1661,.T.);
#1661 = EDGE_LOOP('',(#1662,#1663,#1664,#1685));
#1662 = ORIENTED_EDGE('',*,*,#1114,.F.);
#1663 = ORIENTED_EDGE('',*,*,#1478,.T.);
#1664 = ORIENTED_EDGE('',*,*,#1665,.T.);
#1665 = EDGE_CURVE('',#1479,#1617,#1666,.T.);
#1666 = SURFACE_CURVE('',#1667,(#1671,#1678),.PCURVE_S1.);
#1667 = LINE('',#1668,#1669);
#1668 = CARTESIAN_POINT('',(-17.,-7.,65.1));
#1669 = VECTOR('',#1670,1.);
#1670 = DIRECTION('',(1.,0.,0.));
#1671 = PCURVE('',#1130,#1672);
#1672 = DEFINITIONAL_REPRESENTATION('',(#1673),#1677);
#1673 = LINE('',#1674,#1675);
#1674 = CARTESIAN_POINT('',(39.1,0.));
#1675 = VECTOR('',#1676,1.);
#1676 = DIRECTION('',(0.,1.));
#1677 = ( GEOMETRIC_REPRESENTATION_CONTEXT(2) 
PARAMETRIC_REPRESENTATION_CONTEXT() REPRESENTATION_CONTEXT('2D SPACE',''
  ) );
#1678 = PCURVE('',#1515,#1679);
#1679 = DEFINITIONAL_REPRESENTATION('',(#1680),#1684);
#1680 = LINE('',#1681,#1682);
#1681 = CARTESIAN_POINT('',(0.,12.));
#1682 = VECTOR('',#1683,1.);
#1683 = DIRECTION('',(1.,0.));
#1684 = ( GEOMETRIC_REPRESENTATION_CONTEXT(2) 
PARAMETRIC_REPRESENTATION_CONTEXT() REPRESENTATION_CONTEXT('2D SPACE',''
  ) );
#1685 = ORIENTED_EDGE('',*,*,#1616,.F.);
#1686 = FACE_BOUND('',#1687,.T.);
#1687 = EDGE_LOOP('',(#1688));
#1688 = ORIENTED_EDGE('',*,*,#1689,.T.);
#1689 = EDGE_CURVE('',#1690,#1690,#1692,.T.);
#1690 = VERTEX_POINT('',#1691);
#1691 = CARTESIAN_POINT('',(7.5,-7.,47.08));
#1692 = SURFACE_CURVE('',#1693,(#1698,#1709),.PCURVE_S1.);
#1693 = CIRCLE('',#1694,7.5);
#1694 = AXIS2_PLACEMENT_3D('',#1695,#1696,#1697);
#1695 = CARTESIAN_POINT('',(0.,-7.,47.08));
#1696 = DIRECTION('',(0.,-1.,0.));
#1697 = DIRECTION('',(1.,0.,0.));
#1698 = PCURVE('',#1130,#1699);
#1699 = DEFINITIONAL_REPRESENTATION('',(#1700),#1708);
#1700 = ( BOUNDED_CURVE() B_SPLINE_CURVE(2,(#1701,#1702,#1703,#1704,
#1705,#1706,#1707),.UNSPECIFIED.,.T.,.F.) B_SPLINE_CURVE_WITH_KNOTS((1,2
    ,2,2,2,1),(-2.094395102393,0.,2.094395102393,4.188790204786,
6.28318530718,8.377580409573),.UNSPECIFIED.) CURVE() 
GEOMETRIC_REPRESENTATION_ITEM() RATIONAL_B_SPLINE_CURVE((1.,0.5,1.,0.5,
1.,0.5,1.)) REPRESENTATION_ITEM('') );
#1701 = CARTESIAN_POINT('',(21.08,24.5));
#1702 = CARTESIAN_POINT('',(34.070381056767,24.5));
#1703 = CARTESIAN_POINT('',(27.575190528383,13.25));
#1704 = CARTESIAN_POINT('',(21.08,2.));
#1705 = CARTESIAN_POINT('',(14.584809471617,13.25));
#1706 = CARTESIAN_POINT('',(8.089618943233,24.5));
#1707 = CARTESIAN_POINT('',(21.08,24.5));
#1708 = ( GEOMETRIC_REPRESENTATION_CONTEXT(2) 
PARAMETRIC_REPRESENTATION_CONTEXT() REPRESENTATION_CONTEXT('2D SPACE',''
  ) );
#1709 = PCURVE('',#1710,#1715);
#1710 = CYLINDRICAL_SURFACE('',#1711,7.5);
#1711 = AXIS2_PLACEMENT_3D('',#1712,#1713,#1714);
#1712 = CARTESIAN_POINT('',(0.,-19.,47.08));
#1713 = DIRECTION('',(0.,-1.,0.));
#1714 = DIRECTION('',(1.,0.,0.));
#1715 = DEFINITIONAL_REPRESENTATION('',(#1716),#1720);
#1716 = LINE('',#1717,#1718);
#1717 = CARTESIAN_POINT('',(0.,-12.));
#1718 = VECTOR('',#1719,1.);
#1719 = DIRECTION('',(1.,0.));
#1720 = ( GEOMETRIC_REPRESENTATION_CONTEXT(2) 
PARAMETRIC_REPRESENTATION_CONTEXT() REPRESENTATION_CONTEXT('2D SPACE',''
  ) );
#1721 = ADVANCED_FACE('',(#1722),#1242,.F.);
#1722 = FACE_BOUND('',#1723,.F.);
#1723 = EDGE_LOOP('',(#1724,#1747,#1748,#1771));
#1724 = ORIENTED_EDGE('',*,*,#1725,.F.);
#1725 = EDGE_CURVE('',#1225,#1726,#1728,.T.);
#1726 = VERTEX_POINT('',#1727);
#1727 = CARTESIAN_POINT('',(-17.,7.,30.78));
#1728 = SURFACE_CURVE('',#1729,(#1733,#1740),.PCURVE_S1.);
#1729 = LINE('',#1730,#1731);
#1730 = CARTESIAN_POINT('',(-17.,7.,26.));
#1731 = VECTOR('',#1732,1.);
#1732 = DIRECTION('',(0.,0.,1.));
#1733 = PCURVE('',#1242,#1734);
#1734 = DEFINITIONAL_REPRESENTATION('',(#1735),#1739);
#1735 = LINE('',#1736,#1737);
#1736 = CARTESIAN_POINT('',(0.,0.));
#1737 = VECTOR('',#1738,1.);
#1738 = DIRECTION('',(1.,0.));
#1739 = ( GEOMETRIC_REPRESENTATION_CONTEXT(2) 
PARAMETRIC_REPRESENTATION_CONTEXT() REPRESENTATION_CONTEXT('2D SPACE',''
  ) );
#1740 = PCURVE('',#1324,#1741);
#1741 = DEFINITIONAL_REPRESENTATION('',(#1742),#1746);
#1742 = LINE('',#1743,#1744);
#1743 = CARTESIAN_POINT('',(0.,0.));
#1744 = VECTOR('',#1745,1.);
#1745 = DIRECTION('',(1.,0.));
#1746 = ( GEOMETRIC_REPRESENTATION_CONTEXT(2) 
PARAMETRIC_REPRESENTATION_CONTEXT() REPRESENTATION_CONTEXT('2D SPACE',''
  ) );
#1747 = ORIENTED_EDGE('',*,*,#1224,.T.);
#1748 = ORIENTED_EDGE('',*,*,#1749,.T.);
#1749 = EDGE_CURVE('',#1227,#1750,#1752,.T.);
#1750 = VERTEX_POINT('',#1751);
#1751 = CARTESIAN_POINT('',(-17.,19.,30.78));
#1752 = SURFACE_CURVE('',#1753,(#1757,#1764),.PCURVE_S1.);
#1753 = LINE('',#1754,#1755);
#1754 = CARTESIAN_POINT('',(-17.,19.,26.));
#1755 = VECTOR('',#1756,1.);
#1756 = DIRECTION('',(0.,0.,1.));
#1757 = PCURVE('',#1242,#1758);
#1758 = DEFINITIONAL_REPRESENTATION('',(#1759),#1763);
#1759 = LINE('',#1760,#1761);
#1760 = CARTESIAN_POINT('',(0.,-12.));
#1761 = VECTOR('',#1762,1.);
#1762 = DIRECTION('',(1.,0.));
#1763 = ( GEOMETRIC_REPRESENTATION_CONTEXT(2) 
PARAMETRIC_REPRESENTATION_CONTEXT() REPRESENTATION_CONTEXT('2D SPACE',''
  ) );
#1764 = PCURVE('',#1270,#1765);
#1765 = DEFINITIONAL_REPRESENTATION('',(#1766),#1770);
#1766 = LINE('',#1767,#1768);
#1767 = CARTESIAN_POINT('',(0.,0.));
#1768 = VECTOR('',#1769,1.);
#1769 = DIRECTION('',(1.,0.));
#1770 = ( GEOMETRIC_REPRESENTATION_CONTEXT(2) 
PARAMETRIC_REPRESENTATION_CONTEXT() REPRESENTATION_CONTEXT('2D SPACE',''
  ) );
#1771 = ORIENTED_EDGE('',*,*,#1772,.F.);
#1772 = EDGE_CURVE('',#1726,#1750,#1773,.T.);
#1773 = SURFACE_CURVE('',#1774,(#1778,#1784),.PCURVE_S1.);
#1774 = LINE('',#1775,#1776);
#1775 = CARTESIAN_POINT('',(-17.,19.,30.78));
#1776 = VECTOR('',#1777,1.);
#1777 = DIRECTION('',(-0.,1.,0.));
#1778 = PCURVE('',#1242,#1779);
#1779 = DEFINITIONAL_REPRESENTATION('',(#1780),#1783);
#1780 = B_SPLINE_CURVE_WITH_KNOTS('',1,(#1781,#1782),.UNSPECIFIED.,.F.,
  .F.,(2,2),(-12.0000006,5.999999999062E-07),.PIECEWISE_BEZIER_KNOTS.);
#1781 = CARTESIAN_POINT('',(4.78,5.999999999062E-07));
#1782 = CARTESIAN_POINT('',(4.78,-12.0000006));
#1783 = ( GEOMETRIC_REPRESENTATION_CONTEXT(2) 
PARAMETRIC_REPRESENTATION_CONTEXT() REPRESENTATION_CONTEXT('2D SPACE',''
  ) );
#1784 = PCURVE('',#1785,#1790);
#1785 = CYLINDRICAL_SURFACE('',#1786,1.7);
#1786 = AXIS2_PLACEMENT_3D('',#1787,#1788,#1789);
#1787 = CARTESIAN_POINT('',(-15.5,19.,31.58));
#1788 = DIRECTION('',(-0.,1.,0.));
#1789 = DIRECTION('',(1.,0.,0.));
#1790 = DEFINITIONAL_REPRESENTATION('',(#1791),#1794);
#1791 = B_SPLINE_CURVE_WITH_KNOTS('',1,(#1792,#1793),.UNSPECIFIED.,.F.,
  .F.,(2,2),(-12.,0.),.PIECEWISE_BEZIER_KNOTS.);
#1792 = CARTESIAN_POINT('',(8.934820634516,-12.));
#1793 = CARTESIAN_POINT('',(8.934820634516,0.));
#1794 = ( GEOMETRIC_REPRESENTATION_CONTEXT(2) 
PARAMETRIC_REPRESENTATION_CONTEXT() REPRESENTATION_CONTEXT('2D SPACE',''
  ) );
#1795 = ADVANCED_FACE('',(#1796,#2072),#1324,.F.);
#1796 = FACE_BOUND('',#1797,.F.);
#1797 = EDGE_LOOP('',(#1798,#1821,#1822,#1823,#1847,#1875,#1904,#1932,
    #1960,#1988,#2017,#2045));
#1798 = ORIENTED_EDGE('',*,*,#1799,.F.);
#1799 = EDGE_CURVE('',#1283,#1800,#1802,.T.);
#1800 = VERTEX_POINT('',#1801);
#1801 = CARTESIAN_POINT('',(17.,7.,30.78));
#1802 = SURFACE_CURVE('',#1803,(#1807,#1814),.PCURVE_S1.);
#1803 = LINE('',#1804,#1805);
#1804 = CARTESIAN_POINT('',(17.,7.,26.));
#1805 = VECTOR('',#1806,1.);
#1806 = DIRECTION('',(0.,0.,1.));
#1807 = PCURVE('',#1324,#1808);
#1808 = DEFINITIONAL_REPRESENTATION('',(#1809),#1813);
#1809 = LINE('',#1810,#1811);
#1810 = CARTESIAN_POINT('',(0.,34.));
#1811 = VECTOR('',#1812,1.);
#1812 = DIRECTION('',(1.,0.));
#1813 = ( GEOMETRIC_REPRESENTATION_CONTEXT(2) 
PARAMETRIC_REPRESENTATION_CONTEXT() REPRESENTATION_CONTEXT('2D SPACE',''
  ) );
#1814 = PCURVE('',#1298,#1815);
#1815 = DEFINITIONAL_REPRESENTATION('',(#1816),#1820);
#1816 = LINE('',#1817,#1818);
#1817 = CARTESIAN_POINT('',(0.,0.));
#1818 = VECTOR('',#1819,1.);
#1819 = DIRECTION('',(1.,0.));
#1820 = ( GEOMETRIC_REPRESENTATION_CONTEXT(2) 
PARAMETRIC_REPRESENTATION_CONTEXT() REPRESENTATION_CONTEXT('2D SPACE',''
  ) );
#1821 = ORIENTED_EDGE('',*,*,#1310,.F.);
#1822 = ORIENTED_EDGE('',*,*,#1725,.T.);
#1823 = ORIENTED_EDGE('',*,*,#1824,.F.);
#1824 = EDGE_CURVE('',#1825,#1726,#1827,.T.);
#1825 = VERTEX_POINT('',#1826);
#1826 = CARTESIAN_POINT('',(-17.,7.,32.38));
#1827 = SURFACE_CURVE('',#1828,(#1833,#1840),.PCURVE_S1.);
#1828 = CIRCLE('',#1829,1.7);
#1829 = AXIS2_PLACEMENT_3D('',#1830,#1831,#1832);
#1830 = CARTESIAN_POINT('',(-15.5,7.,31.58));
#1831 = DIRECTION('',(0.,1.,-0.));
#1832 = DIRECTION('',(-0.882352941176,0.,0.470588235294));
#1833 = PCURVE('',#1324,#1834);
#1834 = DEFINITIONAL_REPRESENTATION('',(#1835),#1839);
#1835 = CIRCLE('',#1836,1.7);
#1836 = AXIS2_PLACEMENT_2D('',#1837,#1838);
#1837 = CARTESIAN_POINT('',(5.58,1.5));
#1838 = DIRECTION('',(0.470588235294,-0.882352941176));
#1839 = ( GEOMETRIC_REPRESENTATION_CONTEXT(2) 
PARAMETRIC_REPRESENTATION_CONTEXT() REPRESENTATION_CONTEXT('2D SPACE',''
  ) );
#1840 = PCURVE('',#1785,#1841);
#1841 = DEFINITIONAL_REPRESENTATION('',(#1842),#1846);
#1842 = LINE('',#1843,#1844);
#1843 = CARTESIAN_POINT('',(3.631549979843,-12.));
#1844 = VECTOR('',#1845,1.);
#1845 = DIRECTION('',(1.,0.));
#1846 = ( GEOMETRIC_REPRESENTATION_CONTEXT(2) 
PARAMETRIC_REPRESENTATION_CONTEXT() REPRESENTATION_CONTEXT('2D SPACE',''
  ) );
#1847 = ORIENTED_EDGE('',*,*,#1848,.T.);
#1848 = EDGE_CURVE('',#1825,#1849,#1851,.T.);
#1849 = VERTEX_POINT('',#1850);
#1850 = CARTESIAN_POINT('',(-17.,7.,61.78));
#1851 = SURFACE_CURVE('',#1852,(#1856,#1863),.PCURVE_S1.);
#1852 = LINE('',#1853,#1854);
#1853 = CARTESIAN_POINT('',(-17.,7.,26.));
#1854 = VECTOR('',#1855,1.);
#1855 = DIRECTION('',(0.,0.,1.));
#1856 = PCURVE('',#1324,#1857);
#1857 = DEFINITIONAL_REPRESENTATION('',(#1858),#1862);
#1858 = LINE('',#1859,#1860);
#1859 = CARTESIAN_POINT('',(0.,0.));
#1860 = VECTOR('',#1861,1.);
#1861 = DIRECTION('',(1.,0.));
#1862 = ( GEOMETRIC_REPRESENTATION_CONTEXT(2) 
PARAMETRIC_REPRESENTATION_CONTEXT() REPRESENTATION_CONTEXT('2D SPACE',''
  ) );
#1863 = PCURVE('',#1864,#1869);
#1864 = PLANE('',#1865);
#1865 = AXIS2_PLACEMENT_3D('',#1866,#1867,#1868);
#1866 = CARTESIAN_POINT('',(-17.,7.,26.));
#1867 = DIRECTION('',(1.,0.,0.));
#1868 = DIRECTION('',(0.,0.,1.));
#1869 = DEFINITIONAL_REPRESENTATION('',(#1870),#1874);
#1870 = LINE('',#1871,#1872);
#1871 = CARTESIAN_POINT('',(0.,0.));
#1872 = VECTOR('',#1873,1.);
#1873 = DIRECTION('',(1.,0.));
#1874 = ( GEOMETRIC_REPRESENTATION_CONTEXT(2) 
PARAMETRIC_REPRESENTATION_CONTEXT() REPRESENTATION_CONTEXT('2D SPACE',''
  ) );
#1875 = ORIENTED_EDGE('',*,*,#1876,.F.);
#1876 = EDGE_CURVE('',#1877,#1849,#1879,.T.);
#1877 = VERTEX_POINT('',#1878);
#1878 = CARTESIAN_POINT('',(-17.,7.,63.38));
#1879 = SURFACE_CURVE('',#1880,(#1885,#1892),.PCURVE_S1.);
#1880 = CIRCLE('',#1881,1.7);
#1881 = AXIS2_PLACEMENT_3D('',#1882,#1883,#1884);
#1882 = CARTESIAN_POINT('',(-15.5,7.,62.58));
#1883 = DIRECTION('',(0.,1.,-0.));
#1884 = DIRECTION('',(-0.882352941176,0.,0.470588235294));
#1885 = PCURVE('',#1324,#1886);
#1886 = DEFINITIONAL_REPRESENTATION('',(#1887),#1891);
#1887 = CIRCLE('',#1888,1.7);
#1888 = AXIS2_PLACEMENT_2D('',#1889,#1890);
#1889 = CARTESIAN_POINT('',(36.58,1.5));
#1890 = DIRECTION('',(0.470588235294,-0.882352941176));
#1891 = ( GEOMETRIC_REPRESENTATION_CONTEXT(2) 
PARAMETRIC_REPRESENTATION_CONTEXT() REPRESENTATION_CONTEXT('2D SPACE',''
  ) );
#1892 = PCURVE('',#1893,#1898);
#1893 = CYLINDRICAL_SURFACE('',#1894,1.7);
#1894 = AXIS2_PLACEMENT_3D('',#1895,#1896,#1897);
#1895 = CARTESIAN_POINT('',(-15.5,19.,62.58));
#1896 = DIRECTION('',(-0.,1.,0.));
#1897 = DIRECTION('',(1.,0.,0.));
#1898 = DEFINITIONAL_REPRESENTATION('',(#1899),#1903);
#1899 = LINE('',#1900,#1901);
#1900 = CARTESIAN_POINT('',(3.631549979843,-12.));
#1901 = VECTOR('',#1902,1.);
#1902 = DIRECTION('',(1.,0.));
#1903 = ( GEOMETRIC_REPRESENTATION_CONTEXT(2) 
PARAMETRIC_REPRESENTATION_CONTEXT() REPRESENTATION_CONTEXT('2D SPACE',''
  ) );
#1904 = ORIENTED_EDGE('',*,*,#1905,.T.);
#1905 = EDGE_CURVE('',#1877,#1906,#1908,.T.);
#1906 = VERTEX_POINT('',#1907);
#1907 = CARTESIAN_POINT('',(-17.,7.,65.1));
#1908 = SURFACE_CURVE('',#1909,(#1913,#1920),.PCURVE_S1.);
#1909 = LINE('',#1910,#1911);
#1910 = CARTESIAN_POINT('',(-17.,7.,26.));
#1911 = VECTOR('',#1912,1.);
#1912 = DIRECTION('',(0.,0.,1.));
#1913 = PCURVE('',#1324,#1914);
#1914 = DEFINITIONAL_REPRESENTATION('',(#1915),#1919);
#1915 = LINE('',#1916,#1917);
#1916 = CARTESIAN_POINT('',(0.,0.));
#1917 = VECTOR('',#1918,1.);
#1918 = DIRECTION('',(1.,0.));
#1919 = ( GEOMETRIC_REPRESENTATION_CONTEXT(2) 
PARAMETRIC_REPRESENTATION_CONTEXT() REPRESENTATION_CONTEXT('2D SPACE',''
  ) );
#1920 = PCURVE('',#1921,#1926);
#1921 = PLANE('',#1922);
#1922 = AXIS2_PLACEMENT_3D('',#1923,#1924,#1925);
#1923 = CARTESIAN_POINT('',(-17.,7.,26.));
#1924 = DIRECTION('',(1.,0.,0.));
#1925 = DIRECTION('',(0.,0.,1.));
#1926 = DEFINITIONAL_REPRESENTATION('',(#1927),#1931);
#1927 = LINE('',#1928,#1929);
#1928 = CARTESIAN_POINT('',(0.,0.));
#1929 = VECTOR('',#1930,1.);
#1930 = DIRECTION('',(1.,0.));
#1931 = ( GEOMETRIC_REPRESENTATION_CONTEXT(2) 
PARAMETRIC_REPRESENTATION_CONTEXT() REPRESENTATION_CONTEXT('2D SPACE',''
  ) );
#1932 = ORIENTED_EDGE('',*,*,#1933,.T.);
#1933 = EDGE_CURVE('',#1906,#1934,#1936,.T.);
#1934 = VERTEX_POINT('',#1935);
#1935 = CARTESIAN_POINT('',(17.,7.,65.1));
#1936 = SURFACE_CURVE('',#1937,(#1941,#1948),.PCURVE_S1.);
#1937 = LINE('',#1938,#1939);
#1938 = CARTESIAN_POINT('',(-17.,7.,65.1));
#1939 = VECTOR('',#1940,1.);
#1940 = DIRECTION('',(1.,0.,0.));
#1941 = PCURVE('',#1324,#1942);
#1942 = DEFINITIONAL_REPRESENTATION('',(#1943),#1947);
#1943 = LINE('',#1944,#1945);
#1944 = CARTESIAN_POINT('',(39.1,0.));
#1945 = VECTOR('',#1946,1.);
#1946 = DIRECTION('',(0.,1.));
#1947 = ( GEOMETRIC_REPRESENTATION_CONTEXT(2) 
PARAMETRIC_REPRESENTATION_CONTEXT() REPRESENTATION_CONTEXT('2D SPACE',''
  ) );
#1948 = PCURVE('',#1949,#1954);
#1949 = PLANE('',#1950);
#1950 = AXIS2_PLACEMENT_3D('',#1951,#1952,#1953);
#1951 = CARTESIAN_POINT('',(-17.,7.,65.1));
#1952 = DIRECTION('',(0.,0.,1.));
#1953 = DIRECTION('',(1.,0.,0.));
#1954 = DEFINITIONAL_REPRESENTATION('',(#1955),#1959);
#1955 = LINE('',#1956,#1957);
#1956 = CARTESIAN_POINT('',(0.,0.));
#1957 = VECTOR('',#1958,1.);
#1958 = DIRECTION('',(1.,0.));
#1959 = ( GEOMETRIC_REPRESENTATION_CONTEXT(2) 
PARAMETRIC_REPRESENTATION_CONTEXT() REPRESENTATION_CONTEXT('2D SPACE',''
  ) );
#1960 = ORIENTED_EDGE('',*,*,#1961,.F.);
#1961 = EDGE_CURVE('',#1962,#1934,#1964,.T.);
#1962 = VERTEX_POINT('',#1963);
#1963 = CARTESIAN_POINT('',(17.,7.,63.38));
#1964 = SURFACE_CURVE('',#1965,(#1969,#1976),.PCURVE_S1.);
#1965 = LINE('',#1966,#1967);
#1966 = CARTESIAN_POINT('',(17.,7.,26.));
#1967 = VECTOR('',#1968,1.);
#1968 = DIRECTION('',(0.,0.,1.));
#1969 = PCURVE('',#1324,#1970);
#1970 = DEFINITIONAL_REPRESENTATION('',(#1971),#1975);
#1971 = LINE('',#1972,#1973);
#1972 = CARTESIAN_POINT('',(0.,34.));
#1973 = VECTOR('',#1974,1.);
#1974 = DIRECTION('',(1.,0.));
#1975 = ( GEOMETRIC_REPRESENTATION_CONTEXT(2) 
PARAMETRIC_REPRESENTATION_CONTEXT() REPRESENTATION_CONTEXT('2D SPACE',''
  ) );
#1976 = PCURVE('',#1977,#1982);
#1977 = PLANE('',#1978);
#1978 = AXIS2_PLACEMENT_3D('',#1979,#1980,#1981);
#1979 = CARTESIAN_POINT('',(17.,7.,26.));
#1980 = DIRECTION('',(1.,0.,0.));
#1981 = DIRECTION('',(0.,0.,1.));
#1982 = DEFINITIONAL_REPRESENTATION('',(#1983),#1987);
#1983 = LINE('',#1984,#1985);
#1984 = CARTESIAN_POINT('',(0.,0.));
#1985 = VECTOR('',#1986,1.);
#1986 = DIRECTION('',(1.,0.));
#1987 = ( GEOMETRIC_REPRESENTATION_CONTEXT(2) 
PARAMETRIC_REPRESENTATION_CONTEXT() REPRESENTATION_CONTEXT('2D SPACE',''
  ) );
#1988 = ORIENTED_EDGE('',*,*,#1989,.F.);
#1989 = EDGE_CURVE('',#1990,#1962,#1992,.T.);
#1990 = VERTEX_POINT('',#1991);
#1991 = CARTESIAN_POINT('',(17.,7.,61.78));
#1992 = SURFACE_CURVE('',#1993,(#1998,#2005),.PCURVE_S1.);
#1993 = CIRCLE('',#1994,1.7);
#1994 = AXIS2_PLACEMENT_3D('',#1995,#1996,#1997);
#1995 = CARTESIAN_POINT('',(15.5,7.,62.58));
#1996 = DIRECTION('',(-0.,1.,0.));
#1997 = DIRECTION('',(1.,0.,0.));
#1998 = PCURVE('',#1324,#1999);
#1999 = DEFINITIONAL_REPRESENTATION('',(#2000),#2004);
#2000 = CIRCLE('',#2001,1.7);
#2001 = AXIS2_PLACEMENT_2D('',#2002,#2003);
#2002 = CARTESIAN_POINT('',(36.58,32.5));
#2003 = DIRECTION('',(0.,1.));
#2004 = ( GEOMETRIC_REPRESENTATION_CONTEXT(2) 
PARAMETRIC_REPRESENTATION_CONTEXT() REPRESENTATION_CONTEXT('2D SPACE',''
  ) );
#2005 = PCURVE('',#2006,#2011);
#2006 = CYLINDRICAL_SURFACE('',#2007,1.7);
#2007 = AXIS2_PLACEMENT_3D('',#2008,#2009,#2010);
#2008 = CARTESIAN_POINT('',(15.5,19.,62.58));
#2009 = DIRECTION('',(-0.,1.,0.));
#2010 = DIRECTION('',(1.,0.,0.));
#2011 = DEFINITIONAL_REPRESENTATION('',(#2012),#2016);
#2012 = LINE('',#2013,#2014);
#2013 = CARTESIAN_POINT('',(0.,-12.));
#2014 = VECTOR('',#2015,1.);
#2015 = DIRECTION('',(1.,0.));
#2016 = ( GEOMETRIC_REPRESENTATION_CONTEXT(2) 
PARAMETRIC_REPRESENTATION_CONTEXT() REPRESENTATION_CONTEXT('2D SPACE',''
  ) );
#2017 = ORIENTED_EDGE('',*,*,#2018,.F.);
#2018 = EDGE_CURVE('',#2019,#1990,#2021,.T.);
#2019 = VERTEX_POINT('',#2020);
#2020 = CARTESIAN_POINT('',(17.,7.,32.38));
#2021 = SURFACE_CURVE('',#2022,(#2026,#2033),.PCURVE_S1.);
#2022 = LINE('',#2023,#2024);
#2023 = CARTESIAN_POINT('',(17.,7.,26.));
#2024 = VECTOR('',#2025,1.);
#2025 = DIRECTION('',(0.,0.,1.));
#2026 = PCURVE('',#1324,#2027);
#2027 = DEFINITIONAL_REPRESENTATION('',(#2028),#2032);
#2028 = LINE('',#2029,#2030);
#2029 = CARTESIAN_POINT('',(0.,34.));
#2030 = VECTOR('',#2031,1.);
#2031 = DIRECTION('',(1.,0.));
#2032 = ( GEOMETRIC_REPRESENTATION_CONTEXT(2) 
PARAMETRIC_REPRESENTATION_CONTEXT() REPRESENTATION_CONTEXT('2D SPACE',''
  ) );
#2033 = PCURVE('',#2034,#2039);
#2034 = PLANE('',#2035);
#2035 = AXIS2_PLACEMENT_3D('',#2036,#2037,#2038);
#2036 = CARTESIAN_POINT('',(17.,7.,26.));
#2037 = DIRECTION('',(1.,0.,0.));
#2038 = DIRECTION('',(0.,0.,1.));
#2039 = DEFINITIONAL_REPRESENTATION('',(#2040),#2044);
#2040 = LINE('',#2041,#2042);
#2041 = CARTESIAN_POINT('',(0.,0.));
#2042 = VECTOR('',#2043,1.);
#2043 = DIRECTION('',(1.,0.));
#2044 = ( GEOMETRIC_REPRESENTATION_CONTEXT(2) 
PARAMETRIC_REPRESENTATION_CONTEXT() REPRESENTATION_CONTEXT('2D SPACE',''
  ) );
#2045 = ORIENTED_EDGE('',*,*,#2046,.F.);
#2046 = EDGE_CURVE('',#1800,#2019,#2047,.T.);
#2047 = SURFACE_CURVE('',#2048,(#2053,#2060),.PCURVE_S1.);
#2048 = CIRCLE('',#2049,1.7);
#2049 = AXIS2_PLACEMENT_3D('',#2050,#2051,#2052);
#2050 = CARTESIAN_POINT('',(15.5,7.,31.58));
#2051 = DIRECTION('',(-0.,1.,0.));
#2052 = DIRECTION('',(1.,0.,0.));
#2053 = PCURVE('',#1324,#2054);
#2054 = DEFINITIONAL_REPRESENTATION('',(#2055),#2059);
#2055 = CIRCLE('',#2056,1.7);
#2056 = AXIS2_PLACEMENT_2D('',#2057,#2058);
#2057 = CARTESIAN_POINT('',(5.58,32.5));
#2058 = DIRECTION('',(0.,1.));
#2059 = ( GEOMETRIC_REPRESENTATION_CONTEXT(2) 
PARAMETRIC_REPRESENTATION_CONTEXT() REPRESENTATION_CONTEXT('2D SPACE',''
  ) );
#2060 = PCURVE('',#2061,#2066);
#2061 = CYLINDRICAL_SURFACE('',#2062,1.7);
#2062 = AXIS2_PLACEMENT_3D('',#2063,#2064,#2065);
#2063 = CARTESIAN_POINT('',(15.5,19.,31.58));
#2064 = DIRECTION('',(-0.,1.,0.));
#2065 = DIRECTION('',(1.,0.,0.));
#2066 = DEFINITIONAL_REPRESENTATION('',(#2067),#2071);
#2067 = LINE('',#2068,#2069);
#2068 = CARTESIAN_POINT('',(0.,-12.));
#2069 = VECTOR('',#2070,1.);
#2070 = DIRECTION('',(1.,0.));
#2071 = ( GEOMETRIC_REPRESENTATION_CONTEXT(2) 
PARAMETRIC_REPRESENTATION_CONTEXT() REPRESENTATION_CONTEXT('2D SPACE',''
  ) );
#2072 = FACE_BOUND('',#2073,.F.);
#2073 = EDGE_LOOP('',(#2074));
#2074 = ORIENTED_EDGE('',*,*,#2075,.F.);
#2075 = EDGE_CURVE('',#2076,#2076,#2078,.T.);
#2076 = VERTEX_POINT('',#2077);
#2077 = CARTESIAN_POINT('',(2.9,7.,47.08));
#2078 = SURFACE_CURVE('',#2079,(#2084,#2091),.PCURVE_S1.);
#2079 = CIRCLE('',#2080,2.9);
#2080 = AXIS2_PLACEMENT_3D('',#2081,#2082,#2083);
#2081 = CARTESIAN_POINT('',(0.,7.,47.08));
#2082 = DIRECTION('',(-0.,1.,0.));
#2083 = DIRECTION('',(1.,0.,0.));
#2084 = PCURVE('',#1324,#2085);
#2085 = DEFINITIONAL_REPRESENTATION('',(#2086),#2090);
#2086 = CIRCLE('',#2087,2.9);
#2087 = AXIS2_PLACEMENT_2D('',#2088,#2089);
#2088 = CARTESIAN_POINT('',(21.08,17.));
#2089 = DIRECTION('',(0.,1.));
#2090 = ( GEOMETRIC_REPRESENTATION_CONTEXT(2) 
PARAMETRIC_REPRESENTATION_CONTEXT() REPRESENTATION_CONTEXT('2D SPACE',''
  ) );
#2091 = PCURVE('',#2092,#2097);
#2092 = CYLINDRICAL_SURFACE('',#2093,2.9);
#2093 = AXIS2_PLACEMENT_3D('',#2094,#2095,#2096);
#2094 = CARTESIAN_POINT('',(0.,19.,47.08));
#2095 = DIRECTION('',(-0.,1.,0.));
#2096 = DIRECTION('',(1.,0.,0.));
#2097 = DEFINITIONAL_REPRESENTATION('',(#2098),#2102);
#2098 = LINE('',#2099,#2100);
#2099 = CARTESIAN_POINT('',(0.,-12.));
#2100 = VECTOR('',#2101,1.);
#2101 = DIRECTION('',(1.,0.));
#2102 = ( GEOMETRIC_REPRESENTATION_CONTEXT(2) 
PARAMETRIC_REPRESENTATION_CONTEXT() REPRESENTATION_CONTEXT('2D SPACE',''
  ) );
#2103 = ADVANCED_FACE('',(#2104),#1298,.T.);
#2104 = FACE_BOUND('',#2105,.T.);
#2105 = EDGE_LOOP('',(#2106,#2107,#2108,#2131));
#2106 = ORIENTED_EDGE('',*,*,#1799,.F.);
#2107 = ORIENTED_EDGE('',*,*,#1282,.T.);
#2108 = ORIENTED_EDGE('',*,*,#2109,.T.);
#2109 = EDGE_CURVE('',#1255,#2110,#2112,.T.);
#2110 = VERTEX_POINT('',#2111);
#2111 = CARTESIAN_POINT('',(17.,19.,30.78));
#2112 = SURFACE_CURVE('',#2113,(#2117,#2124),.PCURVE_S1.);
#2113 = LINE('',#2114,#2115);
#2114 = CARTESIAN_POINT('',(17.,19.,26.));
#2115 = VECTOR('',#2116,1.);
#2116 = DIRECTION('',(0.,0.,1.));
#2117 = PCURVE('',#1298,#2118);
#2118 = DEFINITIONAL_REPRESENTATION('',(#2119),#2123);
#2119 = LINE('',#2120,#2121);
#2120 = CARTESIAN_POINT('',(0.,-12.));
#2121 = VECTOR('',#2122,1.);
#2122 = DIRECTION('',(1.,0.));
#2123 = ( GEOMETRIC_REPRESENTATION_CONTEXT(2) 
PARAMETRIC_REPRESENTATION_CONTEXT() REPRESENTATION_CONTEXT('2D SPACE',''
  ) );
#2124 = PCURVE('',#1270,#2125);
#2125 = DEFINITIONAL_REPRESENTATION('',(#2126),#2130);
#2126 = LINE('',#2127,#2128);
#2127 = CARTESIAN_POINT('',(0.,34.));
#2128 = VECTOR('',#2129,1.);
#2129 = DIRECTION('',(1.,0.));
#2130 = ( GEOMETRIC_REPRESENTATION_CONTEXT(2) 
PARAMETRIC_REPRESENTATION_CONTEXT() REPRESENTATION_CONTEXT('2D SPACE',''
  ) );
#2131 = ORIENTED_EDGE('',*,*,#2132,.F.);
#2132 = EDGE_CURVE('',#1800,#2110,#2133,.T.);
#2133 = SURFACE_CURVE('',#2134,(#2138,#2144),.PCURVE_S1.);
#2134 = LINE('',#2135,#2136);
#2135 = CARTESIAN_POINT('',(17.,19.,30.78));
#2136 = VECTOR('',#2137,1.);
#2137 = DIRECTION('',(-0.,1.,0.));
#2138 = PCURVE('',#1298,#2139);
#2139 = DEFINITIONAL_REPRESENTATION('',(#2140),#2143);
#2140 = B_SPLINE_CURVE_WITH_KNOTS('',1,(#2141,#2142),.UNSPECIFIED.,.F.,
  .F.,(2,2),(-12.0000006,5.999999999062E-07),.PIECEWISE_BEZIER_KNOTS.);
#2141 = CARTESIAN_POINT('',(4.78,5.999999999062E-07));
#2142 = CARTESIAN_POINT('',(4.78,-12.0000006));
#2143 = ( GEOMETRIC_REPRESENTATION_CONTEXT(2) 
PARAMETRIC_REPRESENTATION_CONTEXT() REPRESENTATION_CONTEXT('2D SPACE',''
  ) );
#2144 = PCURVE('',#2061,#2145);
#2145 = DEFINITIONAL_REPRESENTATION('',(#2146),#2149);
#2146 = B_SPLINE_CURVE_WITH_KNOTS('',1,(#2147,#2148),.UNSPECIFIED.,.F.,
  .F.,(2,2),(-12.0000006,5.999999999062E-07),.PIECEWISE_BEZIER_KNOTS.);
#2147 = CARTESIAN_POINT('',(0.489957326254,-12.0000006));
#2148 = CARTESIAN_POINT('',(0.489957326254,5.999999999062E-07));
#2149 = ( GEOMETRIC_REPRESENTATION_CONTEXT(2) 
PARAMETRIC_REPRESENTATION_CONTEXT() REPRESENTATION_CONTEXT('2D SPACE',''
  ) );
#2150 = ADVANCED_FACE('',(#2151,#2373),#1270,.T.);
#2151 = FACE_BOUND('',#2152,.T.);
#2152 = EDGE_LOOP('',(#2153,#2154,#2155,#2156,#2184,#2207,#2235,#2258,
    #2281,#2304,#2328,#2351));
#2153 = ORIENTED_EDGE('',*,*,#2109,.F.);
#2154 = ORIENTED_EDGE('',*,*,#1254,.F.);
#2155 = ORIENTED_EDGE('',*,*,#1749,.T.);
#2156 = ORIENTED_EDGE('',*,*,#2157,.T.);
#2157 = EDGE_CURVE('',#1750,#2158,#2160,.T.);
#2158 = VERTEX_POINT('',#2159);
#2159 = CARTESIAN_POINT('',(-17.,19.,32.38));
#2160 = SURFACE_CURVE('',#2161,(#2166,#2177),.PCURVE_S1.);
#2161 = CIRCLE('',#2162,1.7);
#2162 = AXIS2_PLACEMENT_3D('',#2163,#2164,#2165);
#2163 = CARTESIAN_POINT('',(-15.5,19.,31.58));
#2164 = DIRECTION('',(0.,-1.,-0.));
#2165 = DIRECTION('',(-0.882352941176,0.,-0.470588235294));
#2166 = PCURVE('',#1270,#2167);
#2167 = DEFINITIONAL_REPRESENTATION('',(#2168),#2176);
#2168 = ( BOUNDED_CURVE() B_SPLINE_CURVE(2,(#2169,#2170,#2171,#2172,
#2173,#2174,#2175),.UNSPECIFIED.,.T.,.F.) B_SPLINE_CURVE_WITH_KNOTS((1,2
    ,2,2,2,1),(-2.094395102393,0.,2.094395102393,4.188790204786,
6.28318530718,8.377580409573),.UNSPECIFIED.) CURVE() 
GEOMETRIC_REPRESENTATION_ITEM() RATIONAL_B_SPLINE_CURVE((1.,0.5,1.,0.5,
1.,0.5,1.)) REPRESENTATION_ITEM('') );
#2169 = CARTESIAN_POINT('',(4.78,-4.507505479978E-14));
#2170 = CARTESIAN_POINT('',(2.181923788647,1.385640646055));
#2171 = CARTESIAN_POINT('',(4.680961894323,2.942820323028));
#2172 = CARTESIAN_POINT('',(7.18,4.5));
#2173 = CARTESIAN_POINT('',(7.279038105677,1.557179676973));
#2174 = CARTESIAN_POINT('',(7.378076211353,-1.385640646055));
#2175 = CARTESIAN_POINT('',(4.78,-4.507505479978E-14));
#2176 = ( GEOMETRIC_REPRESENTATION_CONTEXT(2) 
PARAMETRIC_REPRESENTATION_CONTEXT() REPRESENTATION_CONTEXT('2D SPACE',''
  ) );
#2177 = PCURVE('',#1785,#2178);
#2178 = DEFINITIONAL_REPRESENTATION('',(#2179),#2183);
#2179 = LINE('',#2180,#2181);
#2180 = CARTESIAN_POINT('',(8.934820634516,0.));
#2181 = VECTOR('',#2182,1.);
#2182 = DIRECTION('',(-1.,-0.));
#2183 = ( GEOMETRIC_REPRESENTATION_CONTEXT(2) 
PARAMETRIC_REPRESENTATION_CONTEXT() REPRESENTATION_CONTEXT('2D SPACE',''
  ) );
#2184 = ORIENTED_EDGE('',*,*,#2185,.T.);
#2185 = EDGE_CURVE('',#2158,#2186,#2188,.T.);
#2186 = VERTEX_POINT('',#2187);
#2187 = CARTESIAN_POINT('',(-17.,19.,61.78));
#2188 = SURFACE_CURVE('',#2189,(#2193,#2200),.PCURVE_S1.);
#2189 = LINE('',#2190,#2191);
#2190 = CARTESIAN_POINT('',(-17.,19.,26.));
#2191 = VECTOR('',#2192,1.);
#2192 = DIRECTION('',(0.,0.,1.));
#2193 = PCURVE('',#1270,#2194);
#2194 = DEFINITIONAL_REPRESENTATION('',(#2195),#2199);
#2195 = LINE('',#2196,#2197);
#2196 = CARTESIAN_POINT('',(0.,0.));
#2197 = VECTOR('',#2198,1.);
#2198 = DIRECTION('',(1.,0.));
#2199 = ( GEOMETRIC_REPRESENTATION_CONTEXT(2) 
PARAMETRIC_REPRESENTATION_CONTEXT() REPRESENTATION_CONTEXT('2D SPACE',''
  ) );
#2200 = PCURVE('',#1864,#2201);
#2201 = DEFINITIONAL_REPRESENTATION('',(#2202),#2206);
#2202 = LINE('',#2203,#2204);
#2203 = CARTESIAN_POINT('',(0.,-12.));
#2204 = VECTOR('',#2205,1.);
#2205 = DIRECTION('',(1.,0.));
#2206 = ( GEOMETRIC_REPRESENTATION_CONTEXT(2) 
PARAMETRIC_REPRESENTATION_CONTEXT() REPRESENTATION_CONTEXT('2D SPACE',''
  ) );
#2207 = ORIENTED_EDGE('',*,*,#2208,.T.);
#2208 = EDGE_CURVE('',#2186,#2209,#2211,.T.);
#2209 = VERTEX_POINT('',#2210);
#2210 = CARTESIAN_POINT('',(-17.,19.,63.38));
#2211 = SURFACE_CURVE('',#2212,(#2217,#2228),.PCURVE_S1.);
#2212 = CIRCLE('',#2213,1.7);
#2213 = AXIS2_PLACEMENT_3D('',#2214,#2215,#2216);
#2214 = CARTESIAN_POINT('',(-15.5,19.,62.58));
#2215 = DIRECTION('',(0.,-1.,-0.));
#2216 = DIRECTION('',(-0.882352941176,0.,-0.470588235294));
#2217 = PCURVE('',#1270,#2218);
#2218 = DEFINITIONAL_REPRESENTATION('',(#2219),#2227);
#2219 = ( BOUNDED_CURVE() B_SPLINE_CURVE(2,(#2220,#2221,#2222,#2223,
#2224,#2225,#2226),.UNSPECIFIED.,.T.,.F.) B_SPLINE_CURVE_WITH_KNOTS((1,2
    ,2,2,2,1),(-2.094395102393,0.,2.094395102393,4.188790204786,
6.28318530718,8.377580409573),.UNSPECIFIED.) CURVE() 
GEOMETRIC_REPRESENTATION_ITEM() RATIONAL_B_SPLINE_CURVE((1.,0.5,1.,0.5,
1.,0.5,1.)) REPRESENTATION_ITEM('') );
#2220 = CARTESIAN_POINT('',(35.78,-4.662936703426E-14));
#2221 = CARTESIAN_POINT('',(33.181923788647,1.385640646055));
#2222 = CARTESIAN_POINT('',(35.680961894323,2.942820323028));
#2223 = CARTESIAN_POINT('',(38.18,4.5));
#2224 = CARTESIAN_POINT('',(38.279038105677,1.557179676973));
#2225 = CARTESIAN_POINT('',(38.378076211353,-1.385640646055));
#2226 = CARTESIAN_POINT('',(35.78,-4.662936703426E-14));
#2227 = ( GEOMETRIC_REPRESENTATION_CONTEXT(2) 
PARAMETRIC_REPRESENTATION_CONTEXT() REPRESENTATION_CONTEXT('2D SPACE',''
  ) );
#2228 = PCURVE('',#1893,#2229);
#2229 = DEFINITIONAL_REPRESENTATION('',(#2230),#2234);
#2230 = LINE('',#2231,#2232);
#2231 = CARTESIAN_POINT('',(8.934820634516,0.));
#2232 = VECTOR('',#2233,1.);
#2233 = DIRECTION('',(-1.,-0.));
#2234 = ( GEOMETRIC_REPRESENTATION_CONTEXT(2) 
PARAMETRIC_REPRESENTATION_CONTEXT() REPRESENTATION_CONTEXT('2D SPACE',''
  ) );
#2235 = ORIENTED_EDGE('',*,*,#2236,.T.);
#2236 = EDGE_CURVE('',#2209,#2237,#2239,.T.);
#2237 = VERTEX_POINT('',#2238);
#2238 = CARTESIAN_POINT('',(-17.,19.,65.1));
#2239 = SURFACE_CURVE('',#2240,(#2244,#2251),.PCURVE_S1.);
#2240 = LINE('',#2241,#2242);
#2241 = CARTESIAN_POINT('',(-17.,19.,26.));
#2242 = VECTOR('',#2243,1.);
#2243 = DIRECTION('',(0.,0.,1.));
#2244 = PCURVE('',#1270,#2245);
#2245 = DEFINITIONAL_REPRESENTATION('',(#2246),#2250);
#2246 = LINE('',#2247,#2248);
#2247 = CARTESIAN_POINT('',(0.,0.));
#2248 = VECTOR('',#2249,1.);
#2249 = DIRECTION('',(1.,0.));
#2250 = ( GEOMETRIC_REPRESENTATION_CONTEXT(2) 
PARAMETRIC_REPRESENTATION_CONTEXT() REPRESENTATION_CONTEXT('2D SPACE',''
  ) );
#2251 = PCURVE('',#1921,#2252);
#2252 = DEFINITIONAL_REPRESENTATION('',(#2253),#2257);
#2253 = LINE('',#2254,#2255);
#2254 = CARTESIAN_POINT('',(0.,-12.));
#2255 = VECTOR('',#2256,1.);
#2256 = DIRECTION('',(1.,0.));
#2257 = ( GEOMETRIC_REPRESENTATION_CONTEXT(2) 
PARAMETRIC_REPRESENTATION_CONTEXT() REPRESENTATION_CONTEXT('2D SPACE',''
  ) );
#2258 = ORIENTED_EDGE('',*,*,#2259,.T.);
#2259 = EDGE_CURVE('',#2237,#2260,#2262,.T.);
#2260 = VERTEX_POINT('',#2261);
#2261 = CARTESIAN_POINT('',(17.,19.,65.1));
#2262 = SURFACE_CURVE('',#2263,(#2267,#2274),.PCURVE_S1.);
#2263 = LINE('',#2264,#2265);
#2264 = CARTESIAN_POINT('',(-17.,19.,65.1));
#2265 = VECTOR('',#2266,1.);
#2266 = DIRECTION('',(1.,0.,0.));
#2267 = PCURVE('',#1270,#2268);
#2268 = DEFINITIONAL_REPRESENTATION('',(#2269),#2273);
#2269 = LINE('',#2270,#2271);
#2270 = CARTESIAN_POINT('',(39.1,0.));
#2271 = VECTOR('',#2272,1.);
#2272 = DIRECTION('',(0.,1.));
#2273 = ( GEOMETRIC_REPRESENTATION_CONTEXT(2) 
PARAMETRIC_REPRESENTATION_CONTEXT() REPRESENTATION_CONTEXT('2D SPACE',''
  ) );
#2274 = PCURVE('',#1949,#2275);
#2275 = DEFINITIONAL_REPRESENTATION('',(#2276),#2280);
#2276 = LINE('',#2277,#2278);
#2277 = CARTESIAN_POINT('',(0.,12.));
#2278 = VECTOR('',#2279,1.);
#2279 = DIRECTION('',(1.,0.));
#2280 = ( GEOMETRIC_REPRESENTATION_CONTEXT(2) 
PARAMETRIC_REPRESENTATION_CONTEXT() REPRESENTATION_CONTEXT('2D SPACE',''
  ) );
#2281 = ORIENTED_EDGE('',*,*,#2282,.F.);
#2282 = EDGE_CURVE('',#2283,#2260,#2285,.T.);
#2283 = VERTEX_POINT('',#2284);
#2284 = CARTESIAN_POINT('',(17.,19.,63.38));
#2285 = SURFACE_CURVE('',#2286,(#2290,#2297),.PCURVE_S1.);
#2286 = LINE('',#2287,#2288);
#2287 = CARTESIAN_POINT('',(17.,19.,26.));
#2288 = VECTOR('',#2289,1.);
#2289 = DIRECTION('',(0.,0.,1.));
#2290 = PCURVE('',#1270,#2291);
#2291 = DEFINITIONAL_REPRESENTATION('',(#2292),#2296);
#2292 = LINE('',#2293,#2294);
#2293 = CARTESIAN_POINT('',(0.,34.));
#2294 = VECTOR('',#2295,1.);
#2295 = DIRECTION('',(1.,0.));
#2296 = ( GEOMETRIC_REPRESENTATION_CONTEXT(2) 
PARAMETRIC_REPRESENTATION_CONTEXT() REPRESENTATION_CONTEXT('2D SPACE',''
  ) );
#2297 = PCURVE('',#1977,#2298);
#2298 = DEFINITIONAL_REPRESENTATION('',(#2299),#2303);
#2299 = LINE('',#2300,#2301);
#2300 = CARTESIAN_POINT('',(0.,-12.));
#2301 = VECTOR('',#2302,1.);
#2302 = DIRECTION('',(1.,0.));
#2303 = ( GEOMETRIC_REPRESENTATION_CONTEXT(2) 
PARAMETRIC_REPRESENTATION_CONTEXT() REPRESENTATION_CONTEXT('2D SPACE',''
  ) );
#2304 = ORIENTED_EDGE('',*,*,#2305,.F.);
#2305 = EDGE_CURVE('',#2306,#2283,#2308,.T.);
#2306 = VERTEX_POINT('',#2307);
#2307 = CARTESIAN_POINT('',(17.,19.,61.78));
#2308 = SURFACE_CURVE('',#2309,(#2314,#2321),.PCURVE_S1.);
#2309 = CIRCLE('',#2310,1.7);
#2310 = AXIS2_PLACEMENT_3D('',#2311,#2312,#2313);
#2311 = CARTESIAN_POINT('',(15.5,19.,62.58));
#2312 = DIRECTION('',(-0.,1.,0.));
#2313 = DIRECTION('',(1.,0.,0.));
#2314 = PCURVE('',#1270,#2315);
#2315 = DEFINITIONAL_REPRESENTATION('',(#2316),#2320);
#2316 = CIRCLE('',#2317,1.7);
#2317 = AXIS2_PLACEMENT_2D('',#2318,#2319);
#2318 = CARTESIAN_POINT('',(36.58,32.5));
#2319 = DIRECTION('',(0.,1.));
#2320 = ( GEOMETRIC_REPRESENTATION_CONTEXT(2) 
PARAMETRIC_REPRESENTATION_CONTEXT() REPRESENTATION_CONTEXT('2D SPACE',''
  ) );
#2321 = PCURVE('',#2006,#2322);
#2322 = DEFINITIONAL_REPRESENTATION('',(#2323),#2327);
#2323 = LINE('',#2324,#2325);
#2324 = CARTESIAN_POINT('',(0.,0.));
#2325 = VECTOR('',#2326,1.);
#2326 = DIRECTION('',(1.,0.));
#2327 = ( GEOMETRIC_REPRESENTATION_CONTEXT(2) 
PARAMETRIC_REPRESENTATION_CONTEXT() REPRESENTATION_CONTEXT('2D SPACE',''
  ) );
#2328 = ORIENTED_EDGE('',*,*,#2329,.F.);
#2329 = EDGE_CURVE('',#2330,#2306,#2332,.T.);
#2330 = VERTEX_POINT('',#2331);
#2331 = CARTESIAN_POINT('',(17.,19.,32.38));
#2332 = SURFACE_CURVE('',#2333,(#2337,#2344),.PCURVE_S1.);
#2333 = LINE('',#2334,#2335);
#2334 = CARTESIAN_POINT('',(17.,19.,26.));
#2335 = VECTOR('',#2336,1.);
#2336 = DIRECTION('',(0.,0.,1.));
#2337 = PCURVE('',#1270,#2338);
#2338 = DEFINITIONAL_REPRESENTATION('',(#2339),#2343);
#2339 = LINE('',#2340,#2341);
#2340 = CARTESIAN_POINT('',(0.,34.));
#2341 = VECTOR('',#2342,1.);
#2342 = DIRECTION('',(1.,0.));
#2343 = ( GEOMETRIC_REPRESENTATION_CONTEXT(2) 
PARAMETRIC_REPRESENTATION_CONTEXT() REPRESENTATION_CONTEXT('2D SPACE',''
  ) );
#2344 = PCURVE('',#2034,#2345);
#2345 = DEFINITIONAL_REPRESENTATION('',(#2346),#2350);
#2346 = LINE('',#2347,#2348);
#2347 = CARTESIAN_POINT('',(0.,-12.));
#2348 = VECTOR('',#2349,1.);
#2349 = DIRECTION('',(1.,0.));
#2350 = ( GEOMETRIC_REPRESENTATION_CONTEXT(2) 
PARAMETRIC_REPRESENTATION_CONTEXT() REPRESENTATION_CONTEXT('2D SPACE',''
  ) );
#2351 = ORIENTED_EDGE('',*,*,#2352,.F.);
#2352 = EDGE_CURVE('',#2110,#2330,#2353,.T.);
#2353 = SURFACE_CURVE('',#2354,(#2359,#2366),.PCURVE_S1.);
#2354 = CIRCLE('',#2355,1.7);
#2355 = AXIS2_PLACEMENT_3D('',#2356,#2357,#2358);
#2356 = CARTESIAN_POINT('',(15.5,19.,31.58));
#2357 = DIRECTION('',(-0.,1.,0.));
#2358 = DIRECTION('',(1.,0.,0.));
#2359 = PCURVE('',#1270,#2360);
#2360 = DEFINITIONAL_REPRESENTATION('',(#2361),#2365);
#2361 = CIRCLE('',#2362,1.7);
#2362 = AXIS2_PLACEMENT_2D('',#2363,#2364);
#2363 = CARTESIAN_POINT('',(5.58,32.5));
#2364 = DIRECTION('',(0.,1.));
#2365 = ( GEOMETRIC_REPRESENTATION_CONTEXT(2) 
PARAMETRIC_REPRESENTATION_CONTEXT() REPRESENTATION_CONTEXT('2D SPACE',''
  ) );
#2366 = PCURVE('',#2061,#2367);
#2367 = DEFINITIONAL_REPRESENTATION('',(#2368),#2372);
#2368 = LINE('',#2369,#2370);
#2369 = CARTESIAN_POINT('',(0.,0.));
#2370 = VECTOR('',#2371,1.);
#2371 = DIRECTION('',(1.,0.));
#2372 = ( GEOMETRIC_REPRESENTATION_CONTEXT(2) 
PARAMETRIC_REPRESENTATION_CONTEXT() REPRESENTATION_CONTEXT('2D SPACE',''
  ) );
#2373 = FACE_BOUND('',#2374,.T.);
#2374 = EDGE_LOOP('',(#2375));
#2375 = ORIENTED_EDGE('',*,*,#2376,.F.);
#2376 = EDGE_CURVE('',#2377,#2377,#2379,.T.);
#2377 = VERTEX_POINT('',#2378);
#2378 = CARTESIAN_POINT('',(11.4,19.,47.08));
#2379 = SURFACE_CURVE('',#2380,(#2385,#2392),.PCURVE_S1.);
#2380 = CIRCLE('',#2381,11.4);
#2381 = AXIS2_PLACEMENT_3D('',#2382,#2383,#2384);
#2382 = CARTESIAN_POINT('',(0.,19.,47.08));
#2383 = DIRECTION('',(-0.,1.,0.));
#2384 = DIRECTION('',(1.,0.,0.));
#2385 = PCURVE('',#1270,#2386);
#2386 = DEFINITIONAL_REPRESENTATION('',(#2387),#2391);
#2387 = CIRCLE('',#2388,11.4);
#2388 = AXIS2_PLACEMENT_2D('',#2389,#2390);
#2389 = CARTESIAN_POINT('',(21.08,17.));
#2390 = DIRECTION('',(0.,1.));
#2391 = ( GEOMETRIC_REPRESENTATION_CONTEXT(2) 
PARAMETRIC_REPRESENTATION_CONTEXT() REPRESENTATION_CONTEXT('2D SPACE',''
  ) );
#2392 = PCURVE('',#2393,#2398);
#2393 = CYLINDRICAL_SURFACE('',#2394,11.4);
#2394 = AXIS2_PLACEMENT_3D('',#2395,#2396,#2397);
#2395 = CARTESIAN_POINT('',(0.,19.,47.08));
#2396 = DIRECTION('',(-0.,1.,0.));
#2397 = DIRECTION('',(1.,0.,0.));
#2398 = DEFINITIONAL_REPRESENTATION('',(#2399),#2403);
#2399 = LINE('',#2400,#2401);
#2400 = CARTESIAN_POINT('',(0.,0.));
#2401 = VECTOR('',#2402,1.);
#2402 = DIRECTION('',(1.,0.));
#2403 = ( GEOMETRIC_REPRESENTATION_CONTEXT(2) 
PARAMETRIC_REPRESENTATION_CONTEXT() REPRESENTATION_CONTEXT('2D SPACE',''
  ) );
#2404 = ADVANCED_FACE('',(#2405,#2408),#1377,.F.);
#2405 = FACE_BOUND('',#2406,.F.);
#2406 = EDGE_LOOP('',(#2407));
#2407 = ORIENTED_EDGE('',*,*,#1362,.T.);
#2408 = FACE_BOUND('',#2409,.F.);
#2409 = EDGE_LOOP('',(#2410));
#2410 = ORIENTED_EDGE('',*,*,#1417,.T.);
#2411 = ADVANCED_FACE('',(#2412),#1515,.T.);
#2412 = FACE_BOUND('',#2413,.T.);
#2413 = EDGE_LOOP('',(#2414,#2415,#2416,#2417));
#2414 = ORIENTED_EDGE('',*,*,#1501,.F.);
#2415 = ORIENTED_EDGE('',*,*,#1532,.T.);
#2416 = ORIENTED_EDGE('',*,*,#1639,.T.);
#2417 = ORIENTED_EDGE('',*,*,#1665,.F.);
#2418 = ADVANCED_FACE('',(#2419),#1599,.F.);
#2419 = FACE_BOUND('',#2420,.F.);
#2420 = EDGE_LOOP('',(#2421,#2444,#2471,#2472));
#2421 = ORIENTED_EDGE('',*,*,#2422,.T.);
#2422 = EDGE_CURVE('',#1579,#2423,#2425,.T.);
#2423 = VERTEX_POINT('',#2424);
#2424 = CARTESIAN_POINT('',(9.49,-13.,47.08));
#2425 = SEAM_CURVE('',#2426,(#2430,#2437),.PCURVE_S1.);
#2426 = LINE('',#2427,#2428);
#2427 = CARTESIAN_POINT('',(9.49,-19.,47.08));
#2428 = VECTOR('',#2429,1.);
#2429 = DIRECTION('',(-0.,1.,-0.));
#2430 = PCURVE('',#1599,#2431);
#2431 = DEFINITIONAL_REPRESENTATION('',(#2432),#2436);
#2432 = LINE('',#2433,#2434);
#2433 = CARTESIAN_POINT('',(0.,0.));
#2434 = VECTOR('',#2435,1.);
#2435 = DIRECTION('',(0.,-1.));
#2436 = ( GEOMETRIC_REPRESENTATION_CONTEXT(2) 
PARAMETRIC_REPRESENTATION_CONTEXT() REPRESENTATION_CONTEXT('2D SPACE',''
  ) );
#2437 = PCURVE('',#1599,#2438);
#2438 = DEFINITIONAL_REPRESENTATION('',(#2439),#2443);
#2439 = LINE('',#2440,#2441);
#2440 = CARTESIAN_POINT('',(6.28318530718,0.));
#2441 = VECTOR('',#2442,1.);
#2442 = DIRECTION('',(0.,-1.));
#2443 = ( GEOMETRIC_REPRESENTATION_CONTEXT(2) 
PARAMETRIC_REPRESENTATION_CONTEXT() REPRESENTATION_CONTEXT('2D SPACE',''
  ) );
#2444 = ORIENTED_EDGE('',*,*,#2445,.T.);
#2445 = EDGE_CURVE('',#2423,#2423,#2446,.T.);
#2446 = SURFACE_CURVE('',#2447,(#2452,#2459),.PCURVE_S1.);
#2447 = CIRCLE('',#2448,9.49);
#2448 = AXIS2_PLACEMENT_3D('',#2449,#2450,#2451);
#2449 = CARTESIAN_POINT('',(0.,-13.,47.08));
#2450 = DIRECTION('',(0.,-1.,0.));
#2451 = DIRECTION('',(1.,0.,0.));
#2452 = PCURVE('',#1599,#2453);
#2453 = DEFINITIONAL_REPRESENTATION('',(#2454),#2458);
#2454 = LINE('',#2455,#2456);
#2455 = CARTESIAN_POINT('',(0.,-6.));
#2456 = VECTOR('',#2457,1.);
#2457 = DIRECTION('',(1.,0.));
#2458 = ( GEOMETRIC_REPRESENTATION_CONTEXT(2) 
PARAMETRIC_REPRESENTATION_CONTEXT() REPRESENTATION_CONTEXT('2D SPACE',''
  ) );
#2459 = PCURVE('',#2460,#2465);
#2460 = PLANE('',#2461);
#2461 = AXIS2_PLACEMENT_3D('',#2462,#2463,#2464);
#2462 = CARTESIAN_POINT('',(-5.763709726194E-16,-13.,47.08));
#2463 = DIRECTION('',(0.,-1.,0.));
#2464 = DIRECTION('',(1.,0.,0.));
#2465 = DEFINITIONAL_REPRESENTATION('',(#2466),#2470);
#2466 = CIRCLE('',#2467,9.49);
#2467 = AXIS2_PLACEMENT_2D('',#2468,#2469);
#2468 = CARTESIAN_POINT('',(5.763709726194E-16,-1.889743684891E-16));
#2469 = DIRECTION('',(1.,0.));
#2470 = ( GEOMETRIC_REPRESENTATION_CONTEXT(2) 
PARAMETRIC_REPRESENTATION_CONTEXT() REPRESENTATION_CONTEXT('2D SPACE',''
  ) );
#2471 = ORIENTED_EDGE('',*,*,#2422,.F.);
#2472 = ORIENTED_EDGE('',*,*,#1578,.F.);
#2473 = ADVANCED_FACE('',(#2474),#1710,.F.);
#2474 = FACE_BOUND('',#2475,.F.);
#2475 = EDGE_LOOP('',(#2476,#2500,#2521,#2522));
#2476 = ORIENTED_EDGE('',*,*,#2477,.F.);
#2477 = EDGE_CURVE('',#2478,#2478,#2480,.T.);
#2478 = VERTEX_POINT('',#2479);
#2479 = CARTESIAN_POINT('',(7.5,-13.,47.08));
#2480 = SURFACE_CURVE('',#2481,(#2486,#2493),.PCURVE_S1.);
#2481 = CIRCLE('',#2482,7.5);
#2482 = AXIS2_PLACEMENT_3D('',#2483,#2484,#2485);
#2483 = CARTESIAN_POINT('',(0.,-13.,47.08));
#2484 = DIRECTION('',(0.,-1.,0.));
#2485 = DIRECTION('',(1.,0.,0.));
#2486 = PCURVE('',#1710,#2487);
#2487 = DEFINITIONAL_REPRESENTATION('',(#2488),#2492);
#2488 = LINE('',#2489,#2490);
#2489 = CARTESIAN_POINT('',(0.,-6.));
#2490 = VECTOR('',#2491,1.);
#2491 = DIRECTION('',(1.,0.));
#2492 = ( GEOMETRIC_REPRESENTATION_CONTEXT(2) 
PARAMETRIC_REPRESENTATION_CONTEXT() REPRESENTATION_CONTEXT('2D SPACE',''
  ) );
#2493 = PCURVE('',#2460,#2494);
#2494 = DEFINITIONAL_REPRESENTATION('',(#2495),#2499);
#2495 = CIRCLE('',#2496,7.5);
#2496 = AXIS2_PLACEMENT_2D('',#2497,#2498);
#2497 = CARTESIAN_POINT('',(5.763709726194E-16,0.));
#2498 = DIRECTION('',(1.,0.));
#2499 = ( GEOMETRIC_REPRESENTATION_CONTEXT(2) 
PARAMETRIC_REPRESENTATION_CONTEXT() REPRESENTATION_CONTEXT('2D SPACE',''
  ) );
#2500 = ORIENTED_EDGE('',*,*,#2501,.T.);
#2501 = EDGE_CURVE('',#2478,#1690,#2502,.T.);
#2502 = SEAM_CURVE('',#2503,(#2507,#2514),.PCURVE_S1.);
#2503 = LINE('',#2504,#2505);
#2504 = CARTESIAN_POINT('',(7.5,-19.,47.08));
#2505 = VECTOR('',#2506,1.);
#2506 = DIRECTION('',(-0.,1.,-0.));
#2507 = PCURVE('',#1710,#2508);
#2508 = DEFINITIONAL_REPRESENTATION('',(#2509),#2513);
#2509 = LINE('',#2510,#2511);
#2510 = CARTESIAN_POINT('',(6.28318530718,0.));
#2511 = VECTOR('',#2512,1.);
#2512 = DIRECTION('',(0.,-1.));
#2513 = ( GEOMETRIC_REPRESENTATION_CONTEXT(2) 
PARAMETRIC_REPRESENTATION_CONTEXT() REPRESENTATION_CONTEXT('2D SPACE',''
  ) );
#2514 = PCURVE('',#1710,#2515);
#2515 = DEFINITIONAL_REPRESENTATION('',(#2516),#2520);
#2516 = LINE('',#2517,#2518);
#2517 = CARTESIAN_POINT('',(0.,0.));
#2518 = VECTOR('',#2519,1.);
#2519 = DIRECTION('',(0.,-1.));
#2520 = ( GEOMETRIC_REPRESENTATION_CONTEXT(2) 
PARAMETRIC_REPRESENTATION_CONTEXT() REPRESENTATION_CONTEXT('2D SPACE',''
  ) );
#2521 = ORIENTED_EDGE('',*,*,#1689,.T.);
#2522 = ORIENTED_EDGE('',*,*,#2501,.F.);
#2523 = ADVANCED_FACE('',(#2524),#1785,.F.);
#2524 = FACE_BOUND('',#2525,.F.);
#2525 = EDGE_LOOP('',(#2526,#2527,#2546,#2547));
#2526 = ORIENTED_EDGE('',*,*,#2157,.T.);
#2527 = ORIENTED_EDGE('',*,*,#2528,.F.);
#2528 = EDGE_CURVE('',#1825,#2158,#2529,.T.);
#2529 = SURFACE_CURVE('',#2530,(#2534,#2540),.PCURVE_S1.);
#2530 = LINE('',#2531,#2532);
#2531 = CARTESIAN_POINT('',(-17.,19.,32.38));
#2532 = VECTOR('',#2533,1.);
#2533 = DIRECTION('',(-0.,1.,0.));
#2534 = PCURVE('',#1785,#2535);
#2535 = DEFINITIONAL_REPRESENTATION('',(#2536),#2539);
#2536 = B_SPLINE_CURVE_WITH_KNOTS('',1,(#2537,#2538),.UNSPECIFIED.,.F.,
  .F.,(2,2),(-12.,0.),.PIECEWISE_BEZIER_KNOTS.);
#2537 = CARTESIAN_POINT('',(3.631549979844,-12.));
#2538 = CARTESIAN_POINT('',(3.631549979844,0.));
#2539 = ( GEOMETRIC_REPRESENTATION_CONTEXT(2) 
PARAMETRIC_REPRESENTATION_CONTEXT() REPRESENTATION_CONTEXT('2D SPACE',''
  ) );
#2540 = PCURVE('',#1864,#2541);
#2541 = DEFINITIONAL_REPRESENTATION('',(#2542),#2545);
#2542 = B_SPLINE_CURVE_WITH_KNOTS('',1,(#2543,#2544),.UNSPECIFIED.,.F.,
  .F.,(2,2),(-12.0000006,5.999999999062E-07),.PIECEWISE_BEZIER_KNOTS.);
#2543 = CARTESIAN_POINT('',(6.38,5.999999999062E-07));
#2544 = CARTESIAN_POINT('',(6.38,-12.0000006));
#2545 = ( GEOMETRIC_REPRESENTATION_CONTEXT(2) 
PARAMETRIC_REPRESENTATION_CONTEXT() REPRESENTATION_CONTEXT('2D SPACE',''
  ) );
#2546 = ORIENTED_EDGE('',*,*,#1824,.T.);
#2547 = ORIENTED_EDGE('',*,*,#1772,.T.);
#2548 = ADVANCED_FACE('',(#2549),#1864,.F.);
#2549 = FACE_BOUND('',#2550,.F.);
#2550 = EDGE_LOOP('',(#2551,#2552,#2553,#2554));
#2551 = ORIENTED_EDGE('',*,*,#1848,.F.);
#2552 = ORIENTED_EDGE('',*,*,#2528,.T.);
#2553 = ORIENTED_EDGE('',*,*,#2185,.T.);
#2554 = ORIENTED_EDGE('',*,*,#2555,.F.);
#2555 = EDGE_CURVE('',#1849,#2186,#2556,.T.);
#2556 = SURFACE_CURVE('',#2557,(#2561,#2567),.PCURVE_S1.);
#2557 = LINE('',#2558,#2559);
#2558 = CARTESIAN_POINT('',(-17.,19.,61.78));
#2559 = VECTOR('',#2560,1.);
#2560 = DIRECTION('',(-0.,1.,0.));
#2561 = PCURVE('',#1864,#2562);
#2562 = DEFINITIONAL_REPRESENTATION('',(#2563),#2566);
#2563 = B_SPLINE_CURVE_WITH_KNOTS('',1,(#2564,#2565),.UNSPECIFIED.,.F.,
  .F.,(2,2),(-12.0000006,5.999999999062E-07),.PIECEWISE_BEZIER_KNOTS.);
#2564 = CARTESIAN_POINT('',(35.78,5.999999999062E-07));
#2565 = CARTESIAN_POINT('',(35.78,-12.0000006));
#2566 = ( GEOMETRIC_REPRESENTATION_CONTEXT(2) 
PARAMETRIC_REPRESENTATION_CONTEXT() REPRESENTATION_CONTEXT('2D SPACE',''
  ) );
#2567 = PCURVE('',#1893,#2568);
#2568 = DEFINITIONAL_REPRESENTATION('',(#2569),#2572);
#2569 = B_SPLINE_CURVE_WITH_KNOTS('',1,(#2570,#2571),.UNSPECIFIED.,.F.,
  .F.,(2,2),(-12.,0.),.PIECEWISE_BEZIER_KNOTS.);
#2570 = CARTESIAN_POINT('',(8.934820634516,-12.));
#2571 = CARTESIAN_POINT('',(8.934820634516,0.));
#2572 = ( GEOMETRIC_REPRESENTATION_CONTEXT(2) 
PARAMETRIC_REPRESENTATION_CONTEXT() REPRESENTATION_CONTEXT('2D SPACE',''
  ) );
#2573 = ADVANCED_FACE('',(#2574),#1893,.F.);
#2574 = FACE_BOUND('',#2575,.F.);
#2575 = EDGE_LOOP('',(#2576,#2577,#2578,#2579));
#2576 = ORIENTED_EDGE('',*,*,#1876,.T.);
#2577 = ORIENTED_EDGE('',*,*,#2555,.T.);
#2578 = ORIENTED_EDGE('',*,*,#2208,.T.);
#2579 = ORIENTED_EDGE('',*,*,#2580,.F.);
#2580 = EDGE_CURVE('',#1877,#2209,#2581,.T.);
#2581 = SURFACE_CURVE('',#2582,(#2586,#2592),.PCURVE_S1.);
#2582 = LINE('',#2583,#2584);
#2583 = CARTESIAN_POINT('',(-17.,19.,63.38));
#2584 = VECTOR('',#2585,1.);
#2585 = DIRECTION('',(-0.,1.,0.));
#2586 = PCURVE('',#1893,#2587);
#2587 = DEFINITIONAL_REPRESENTATION('',(#2588),#2591);
#2588 = B_SPLINE_CURVE_WITH_KNOTS('',1,(#2589,#2590),.UNSPECIFIED.,.F.,
  .F.,(2,2),(-12.,0.),.PIECEWISE_BEZIER_KNOTS.);
#2589 = CARTESIAN_POINT('',(3.631549979844,-12.));
#2590 = CARTESIAN_POINT('',(3.631549979844,0.));
#2591 = ( GEOMETRIC_REPRESENTATION_CONTEXT(2) 
PARAMETRIC_REPRESENTATION_CONTEXT() REPRESENTATION_CONTEXT('2D SPACE',''
  ) );
#2592 = PCURVE('',#1921,#2593);
#2593 = DEFINITIONAL_REPRESENTATION('',(#2594),#2597);
#2594 = B_SPLINE_CURVE_WITH_KNOTS('',1,(#2595,#2596),.UNSPECIFIED.,.F.,
  .F.,(2,2),(-12.0000006,5.999999999062E-07),.PIECEWISE_BEZIER_KNOTS.);
#2595 = CARTESIAN_POINT('',(37.38,5.999999999062E-07));
#2596 = CARTESIAN_POINT('',(37.38,-12.0000006));
#2597 = ( GEOMETRIC_REPRESENTATION_CONTEXT(2) 
PARAMETRIC_REPRESENTATION_CONTEXT() REPRESENTATION_CONTEXT('2D SPACE',''
  ) );
#2598 = ADVANCED_FACE('',(#2599),#1921,.F.);
#2599 = FACE_BOUND('',#2600,.F.);
#2600 = EDGE_LOOP('',(#2601,#2602,#2603,#2604));
#2601 = ORIENTED_EDGE('',*,*,#1905,.F.);
#2602 = ORIENTED_EDGE('',*,*,#2580,.T.);
#2603 = ORIENTED_EDGE('',*,*,#2236,.T.);
#2604 = ORIENTED_EDGE('',*,*,#2605,.F.);
#2605 = EDGE_CURVE('',#1906,#2237,#2606,.T.);
#2606 = SURFACE_CURVE('',#2607,(#2611,#2618),.PCURVE_S1.);
#2607 = LINE('',#2608,#2609);
#2608 = CARTESIAN_POINT('',(-17.,7.,65.1));
#2609 = VECTOR('',#2610,1.);
#2610 = DIRECTION('',(0.,1.,0.));
#2611 = PCURVE('',#1921,#2612);
#2612 = DEFINITIONAL_REPRESENTATION('',(#2613),#2617);
#2613 = LINE('',#2614,#2615);
#2614 = CARTESIAN_POINT('',(39.1,0.));
#2615 = VECTOR('',#2616,1.);
#2616 = DIRECTION('',(0.,-1.));
#2617 = ( GEOMETRIC_REPRESENTATION_CONTEXT(2) 
PARAMETRIC_REPRESENTATION_CONTEXT() REPRESENTATION_CONTEXT('2D SPACE',''
  ) );
#2618 = PCURVE('',#1949,#2619);
#2619 = DEFINITIONAL_REPRESENTATION('',(#2620),#2624);
#2620 = LINE('',#2621,#2622);
#2621 = CARTESIAN_POINT('',(0.,0.));
#2622 = VECTOR('',#2623,1.);
#2623 = DIRECTION('',(0.,1.));
#2624 = ( GEOMETRIC_REPRESENTATION_CONTEXT(2) 
PARAMETRIC_REPRESENTATION_CONTEXT() REPRESENTATION_CONTEXT('2D SPACE',''
  ) );
#2625 = ADVANCED_FACE('',(#2626),#1949,.T.);
#2626 = FACE_BOUND('',#2627,.T.);
#2627 = EDGE_LOOP('',(#2628,#2629,#2630,#2651));
#2628 = ORIENTED_EDGE('',*,*,#2605,.F.);
#2629 = ORIENTED_EDGE('',*,*,#1933,.T.);
#2630 = ORIENTED_EDGE('',*,*,#2631,.T.);
#2631 = EDGE_CURVE('',#1934,#2260,#2632,.T.);
#2632 = SURFACE_CURVE('',#2633,(#2637,#2644),.PCURVE_S1.);
#2633 = LINE('',#2634,#2635);
#2634 = CARTESIAN_POINT('',(17.,7.,65.1));
#2635 = VECTOR('',#2636,1.);
#2636 = DIRECTION('',(0.,1.,0.));
#2637 = PCURVE('',#1949,#2638);
#2638 = DEFINITIONAL_REPRESENTATION('',(#2639),#2643);
#2639 = LINE('',#2640,#2641);
#2640 = CARTESIAN_POINT('',(34.,0.));
#2641 = VECTOR('',#2642,1.);
#2642 = DIRECTION('',(0.,1.));
#2643 = ( GEOMETRIC_REPRESENTATION_CONTEXT(2) 
PARAMETRIC_REPRESENTATION_CONTEXT() REPRESENTATION_CONTEXT('2D SPACE',''
  ) );
#2644 = PCURVE('',#1977,#2645);
#2645 = DEFINITIONAL_REPRESENTATION('',(#2646),#2650);
#2646 = LINE('',#2647,#2648);
#2647 = CARTESIAN_POINT('',(39.1,0.));
#2648 = VECTOR('',#2649,1.);
#2649 = DIRECTION('',(0.,-1.));
#2650 = ( GEOMETRIC_REPRESENTATION_CONTEXT(2) 
PARAMETRIC_REPRESENTATION_CONTEXT() REPRESENTATION_CONTEXT('2D SPACE',''
  ) );
#2651 = ORIENTED_EDGE('',*,*,#2259,.F.);
#2652 = ADVANCED_FACE('',(#2653),#1977,.T.);
#2653 = FACE_BOUND('',#2654,.T.);
#2654 = EDGE_LOOP('',(#2655,#2656,#2675,#2676));
#2655 = ORIENTED_EDGE('',*,*,#1961,.F.);
#2656 = ORIENTED_EDGE('',*,*,#2657,.T.);
#2657 = EDGE_CURVE('',#1962,#2283,#2658,.T.);
#2658 = SURFACE_CURVE('',#2659,(#2663,#2669),.PCURVE_S1.);
#2659 = LINE('',#2660,#2661);
#2660 = CARTESIAN_POINT('',(17.,19.,63.38));
#2661 = VECTOR('',#2662,1.);
#2662 = DIRECTION('',(-0.,1.,0.));
#2663 = PCURVE('',#1977,#2664);
#2664 = DEFINITIONAL_REPRESENTATION('',(#2665),#2668);
#2665 = B_SPLINE_CURVE_WITH_KNOTS('',1,(#2666,#2667),.UNSPECIFIED.,.F.,
  .F.,(2,2),(-12.0000006,5.999999999062E-07),.PIECEWISE_BEZIER_KNOTS.);
#2666 = CARTESIAN_POINT('',(37.38,5.999999999062E-07));
#2667 = CARTESIAN_POINT('',(37.38,-12.0000006));
#2668 = ( GEOMETRIC_REPRESENTATION_CONTEXT(2) 
PARAMETRIC_REPRESENTATION_CONTEXT() REPRESENTATION_CONTEXT('2D SPACE',''
  ) );
#2669 = PCURVE('',#2006,#2670);
#2670 = DEFINITIONAL_REPRESENTATION('',(#2671),#2674);
#2671 = B_SPLINE_CURVE_WITH_KNOTS('',1,(#2672,#2673),.UNSPECIFIED.,.F.,
  .F.,(2,2),(-12.0000006,5.999999999062E-07),.PIECEWISE_BEZIER_KNOTS.);
#2672 = CARTESIAN_POINT('',(5.793227980926,-12.0000006));
#2673 = CARTESIAN_POINT('',(5.793227980926,5.999999999062E-07));
#2674 = ( GEOMETRIC_REPRESENTATION_CONTEXT(2) 
PARAMETRIC_REPRESENTATION_CONTEXT() REPRESENTATION_CONTEXT('2D SPACE',''
  ) );
#2675 = ORIENTED_EDGE('',*,*,#2282,.T.);
#2676 = ORIENTED_EDGE('',*,*,#2631,.F.);
#2677 = ADVANCED_FACE('',(#2678),#2006,.F.);
#2678 = FACE_BOUND('',#2679,.F.);
#2679 = EDGE_LOOP('',(#2680,#2681,#2700,#2701));
#2680 = ORIENTED_EDGE('',*,*,#2305,.F.);
#2681 = ORIENTED_EDGE('',*,*,#2682,.F.);
#2682 = EDGE_CURVE('',#1990,#2306,#2683,.T.);
#2683 = SURFACE_CURVE('',#2684,(#2688,#2694),.PCURVE_S1.);
#2684 = LINE('',#2685,#2686);
#2685 = CARTESIAN_POINT('',(17.,19.,61.78));
#2686 = VECTOR('',#2687,1.);
#2687 = DIRECTION('',(-0.,1.,0.));
#2688 = PCURVE('',#2006,#2689);
#2689 = DEFINITIONAL_REPRESENTATION('',(#2690),#2693);
#2690 = B_SPLINE_CURVE_WITH_KNOTS('',1,(#2691,#2692),.UNSPECIFIED.,.F.,
  .F.,(2,2),(-12.0000006,5.999999999062E-07),.PIECEWISE_BEZIER_KNOTS.);
#2691 = CARTESIAN_POINT('',(0.489957326254,-12.0000006));
#2692 = CARTESIAN_POINT('',(0.489957326254,5.999999999062E-07));
#2693 = ( GEOMETRIC_REPRESENTATION_CONTEXT(2) 
PARAMETRIC_REPRESENTATION_CONTEXT() REPRESENTATION_CONTEXT('2D SPACE',''
  ) );
#2694 = PCURVE('',#2034,#2695);
#2695 = DEFINITIONAL_REPRESENTATION('',(#2696),#2699);
#2696 = B_SPLINE_CURVE_WITH_KNOTS('',1,(#2697,#2698),.UNSPECIFIED.,.F.,
  .F.,(2,2),(-12.0000006,5.999999999062E-07),.PIECEWISE_BEZIER_KNOTS.);
#2697 = CARTESIAN_POINT('',(35.78,5.999999999062E-07));
#2698 = CARTESIAN_POINT('',(35.78,-12.0000006));
#2699 = ( GEOMETRIC_REPRESENTATION_CONTEXT(2) 
PARAMETRIC_REPRESENTATION_CONTEXT() REPRESENTATION_CONTEXT('2D SPACE',''
  ) );
#2700 = ORIENTED_EDGE('',*,*,#1989,.T.);
#2701 = ORIENTED_EDGE('',*,*,#2657,.T.);
#2702 = ADVANCED_FACE('',(#2703),#2034,.T.);
#2703 = FACE_BOUND('',#2704,.T.);
#2704 = EDGE_LOOP('',(#2705,#2706,#2725,#2726));
#2705 = ORIENTED_EDGE('',*,*,#2018,.F.);
#2706 = ORIENTED_EDGE('',*,*,#2707,.T.);
#2707 = EDGE_CURVE('',#2019,#2330,#2708,.T.);
#2708 = SURFACE_CURVE('',#2709,(#2713,#2719),.PCURVE_S1.);
#2709 = LINE('',#2710,#2711);
#2710 = CARTESIAN_POINT('',(17.,19.,32.38));
#2711 = VECTOR('',#2712,1.);
#2712 = DIRECTION('',(-0.,1.,0.));
#2713 = PCURVE('',#2034,#2714);
#2714 = DEFINITIONAL_REPRESENTATION('',(#2715),#2718);
#2715 = B_SPLINE_CURVE_WITH_KNOTS('',1,(#2716,#2717),.UNSPECIFIED.,.F.,
  .F.,(2,2),(-12.0000006,5.999999999062E-07),.PIECEWISE_BEZIER_KNOTS.);
#2716 = CARTESIAN_POINT('',(6.38,5.999999999062E-07));
#2717 = CARTESIAN_POINT('',(6.38,-12.0000006));
#2718 = ( GEOMETRIC_REPRESENTATION_CONTEXT(2) 
PARAMETRIC_REPRESENTATION_CONTEXT() REPRESENTATION_CONTEXT('2D SPACE',''
  ) );
#2719 = PCURVE('',#2061,#2720);
#2720 = DEFINITIONAL_REPRESENTATION('',(#2721),#2724);
#2721 = B_SPLINE_CURVE_WITH_KNOTS('',1,(#2722,#2723),.UNSPECIFIED.,.F.,
  .F.,(2,2),(-12.0000006,5.999999999062E-07),.PIECEWISE_BEZIER_KNOTS.);
#2722 = CARTESIAN_POINT('',(5.793227980926,-12.0000006));
#2723 = CARTESIAN_POINT('',(5.793227980926,5.999999999062E-07));
#2724 = ( GEOMETRIC_REPRESENTATION_CONTEXT(2) 
PARAMETRIC_REPRESENTATION_CONTEXT() REPRESENTATION_CONTEXT('2D SPACE',''
  ) );
#2725 = ORIENTED_EDGE('',*,*,#2329,.T.);
#2726 = ORIENTED_EDGE('',*,*,#2682,.F.);
#2727 = ADVANCED_FACE('',(#2728),#2061,.F.);
#2728 = FACE_BOUND('',#2729,.F.);
#2729 = EDGE_LOOP('',(#2730,#2731,#2732,#2733));
#2730 = ORIENTED_EDGE('',*,*,#2352,.F.);
#2731 = ORIENTED_EDGE('',*,*,#2132,.F.);
#2732 = ORIENTED_EDGE('',*,*,#2046,.T.);
#2733 = ORIENTED_EDGE('',*,*,#2707,.T.);
#2734 = ADVANCED_FACE('',(#2735),#2092,.F.);
#2735 = FACE_BOUND('',#2736,.F.);
#2736 = EDGE_LOOP('',(#2737,#2766,#2787,#2788));
#2737 = ORIENTED_EDGE('',*,*,#2738,.F.);
#2738 = EDGE_CURVE('',#2739,#2739,#2741,.T.);
#2739 = VERTEX_POINT('',#2740);
#2740 = CARTESIAN_POINT('',(2.9,17.,47.08));
#2741 = SURFACE_CURVE('',#2742,(#2747,#2754),.PCURVE_S1.);
#2742 = CIRCLE('',#2743,2.9);
#2743 = AXIS2_PLACEMENT_3D('',#2744,#2745,#2746);
#2744 = CARTESIAN_POINT('',(0.,17.,47.08));
#2745 = DIRECTION('',(-0.,1.,0.));
#2746 = DIRECTION('',(1.,0.,0.));
#2747 = PCURVE('',#2092,#2748);
#2748 = DEFINITIONAL_REPRESENTATION('',(#2749),#2753);
#2749 = LINE('',#2750,#2751);
#2750 = CARTESIAN_POINT('',(0.,-2.));
#2751 = VECTOR('',#2752,1.);
#2752 = DIRECTION('',(1.,0.));
#2753 = ( GEOMETRIC_REPRESENTATION_CONTEXT(2) 
PARAMETRIC_REPRESENTATION_CONTEXT() REPRESENTATION_CONTEXT('2D SPACE',''
  ) );
#2754 = PCURVE('',#2755,#2760);
#2755 = PLANE('',#2756);
#2756 = AXIS2_PLACEMENT_3D('',#2757,#2758,#2759);
#2757 = CARTESIAN_POINT('',(-9.59607110554E-16,17.,47.08));
#2758 = DIRECTION('',(0.,1.,0.));
#2759 = DIRECTION('',(1.,0.,0.));
#2760 = DEFINITIONAL_REPRESENTATION('',(#2761),#2765);
#2761 = CIRCLE('',#2762,2.9);
#2762 = AXIS2_PLACEMENT_2D('',#2763,#2764);
#2763 = CARTESIAN_POINT('',(9.59607110554E-16,0.));
#2764 = DIRECTION('',(1.,0.));
#2765 = ( GEOMETRIC_REPRESENTATION_CONTEXT(2) 
PARAMETRIC_REPRESENTATION_CONTEXT() REPRESENTATION_CONTEXT('2D SPACE',''
  ) );
#2766 = ORIENTED_EDGE('',*,*,#2767,.T.);
#2767 = EDGE_CURVE('',#2739,#2076,#2768,.T.);
#2768 = SEAM_CURVE('',#2769,(#2773,#2780),.PCURVE_S1.);
#2769 = LINE('',#2770,#2771);
#2770 = CARTESIAN_POINT('',(2.9,19.,47.08));
#2771 = VECTOR('',#2772,1.);
#2772 = DIRECTION('',(0.,-1.,-0.));
#2773 = PCURVE('',#2092,#2774);
#2774 = DEFINITIONAL_REPRESENTATION('',(#2775),#2779);
#2775 = LINE('',#2776,#2777);
#2776 = CARTESIAN_POINT('',(6.28318530718,0.));
#2777 = VECTOR('',#2778,1.);
#2778 = DIRECTION('',(0.,-1.));
#2779 = ( GEOMETRIC_REPRESENTATION_CONTEXT(2) 
PARAMETRIC_REPRESENTATION_CONTEXT() REPRESENTATION_CONTEXT('2D SPACE',''
  ) );
#2780 = PCURVE('',#2092,#2781);
#2781 = DEFINITIONAL_REPRESENTATION('',(#2782),#2786);
#2782 = LINE('',#2783,#2784);
#2783 = CARTESIAN_POINT('',(0.,0.));
#2784 = VECTOR('',#2785,1.);
#2785 = DIRECTION('',(0.,-1.));
#2786 = ( GEOMETRIC_REPRESENTATION_CONTEXT(2) 
PARAMETRIC_REPRESENTATION_CONTEXT() REPRESENTATION_CONTEXT('2D SPACE',''
  ) );
#2787 = ORIENTED_EDGE('',*,*,#2075,.T.);
#2788 = ORIENTED_EDGE('',*,*,#2767,.F.);
#2789 = ADVANCED_FACE('',(#2790),#2393,.F.);
#2790 = FACE_BOUND('',#2791,.F.);
#2791 = EDGE_LOOP('',(#2792,#2815,#2837,#2838));
#2792 = ORIENTED_EDGE('',*,*,#2793,.T.);
#2793 = EDGE_CURVE('',#2377,#2794,#2796,.T.);
#2794 = VERTEX_POINT('',#2795);
#2795 = CARTESIAN_POINT('',(11.4,17.,47.08));
#2796 = SEAM_CURVE('',#2797,(#2801,#2808),.PCURVE_S1.);
#2797 = LINE('',#2798,#2799);
#2798 = CARTESIAN_POINT('',(11.4,19.,47.08));
#2799 = VECTOR('',#2800,1.);
#2800 = DIRECTION('',(0.,-1.,-0.));
#2801 = PCURVE('',#2393,#2802);
#2802 = DEFINITIONAL_REPRESENTATION('',(#2803),#2807);
#2803 = LINE('',#2804,#2805);
#2804 = CARTESIAN_POINT('',(0.,0.));
#2805 = VECTOR('',#2806,1.);
#2806 = DIRECTION('',(0.,-1.));
#2807 = ( GEOMETRIC_REPRESENTATION_CONTEXT(2) 
PARAMETRIC_REPRESENTATION_CONTEXT() REPRESENTATION_CONTEXT('2D SPACE',''
  ) );
#2808 = PCURVE('',#2393,#2809);
#2809 = DEFINITIONAL_REPRESENTATION('',(#2810),#2814);
#2810 = LINE('',#2811,#2812);
#2811 = CARTESIAN_POINT('',(6.28318530718,0.));
#2812 = VECTOR('',#2813,1.);
#2813 = DIRECTION('',(0.,-1.));
#2814 = ( GEOMETRIC_REPRESENTATION_CONTEXT(2) 
PARAMETRIC_REPRESENTATION_CONTEXT() REPRESENTATION_CONTEXT('2D SPACE',''
  ) );
#2815 = ORIENTED_EDGE('',*,*,#2816,.T.);
#2816 = EDGE_CURVE('',#2794,#2794,#2817,.T.);
#2817 = SURFACE_CURVE('',#2818,(#2823,#2830),.PCURVE_S1.);
#2818 = CIRCLE('',#2819,11.4);
#2819 = AXIS2_PLACEMENT_3D('',#2820,#2821,#2822);
#2820 = CARTESIAN_POINT('',(0.,17.,47.08));
#2821 = DIRECTION('',(-0.,1.,0.));
#2822 = DIRECTION('',(1.,0.,0.));
#2823 = PCURVE('',#2393,#2824);
#2824 = DEFINITIONAL_REPRESENTATION('',(#2825),#2829);
#2825 = LINE('',#2826,#2827);
#2826 = CARTESIAN_POINT('',(0.,-2.));
#2827 = VECTOR('',#2828,1.);
#2828 = DIRECTION('',(1.,0.));
#2829 = ( GEOMETRIC_REPRESENTATION_CONTEXT(2) 
PARAMETRIC_REPRESENTATION_CONTEXT() REPRESENTATION_CONTEXT('2D SPACE',''
  ) );
#2830 = PCURVE('',#2755,#2831);
#2831 = DEFINITIONAL_REPRESENTATION('',(#2832),#2836);
#2832 = CIRCLE('',#2833,11.4);
#2833 = AXIS2_PLACEMENT_2D('',#2834,#2835);
#2834 = CARTESIAN_POINT('',(9.59607110554E-16,-9.74044882155E-16));
#2835 = DIRECTION('',(1.,0.));
#2836 = ( GEOMETRIC_REPRESENTATION_CONTEXT(2) 
PARAMETRIC_REPRESENTATION_CONTEXT() REPRESENTATION_CONTEXT('2D SPACE',''
  ) );
#2837 = ORIENTED_EDGE('',*,*,#2793,.F.);
#2838 = ORIENTED_EDGE('',*,*,#2376,.F.);
#2839 = ADVANCED_FACE('',(#2840,#2843),#2460,.T.);
#2840 = FACE_BOUND('',#2841,.T.);
#2841 = EDGE_LOOP('',(#2842));
#2842 = ORIENTED_EDGE('',*,*,#2445,.T.);
#2843 = FACE_BOUND('',#2844,.T.);
#2844 = EDGE_LOOP('',(#2845));
#2845 = ORIENTED_EDGE('',*,*,#2477,.F.);
#2846 = ADVANCED_FACE('',(#2847,#2850),#2755,.T.);
#2847 = FACE_BOUND('',#2848,.T.);
#2848 = EDGE_LOOP('',(#2849));
#2849 = ORIENTED_EDGE('',*,*,#2816,.T.);
#2850 = FACE_BOUND('',#2851,.T.);
#2851 = EDGE_LOOP('',(#2852));
#2852 = ORIENTED_EDGE('',*,*,#2738,.F.);
#2853 = ( GEOMETRIC_REPRESENTATION_CONTEXT(3) 
GLOBAL_UNCERTAINTY_ASSIGNED_CONTEXT((#2857)) 
GLOBAL_UNIT_ASSIGNED_CONTEXT((#2854,#2855,#2856)) REPRESENTATION_CONTEXT
('Context #1','3D Context with UNIT and UNCERTAINTY') );
#2854 = ( LENGTH_UNIT() NAMED_UNIT(*) SI_UNIT(.MILLI.,.METRE.) );
#2855 = ( NAMED_UNIT(*) PLANE_ANGLE_UNIT() SI_UNIT($,.RADIAN.) );
#2856 = ( NAMED_UNIT(*) SI_UNIT($,.STERADIAN.) SOLID_ANGLE_UNIT() );
#2857 = UNCERTAINTY_MEASURE_WITH_UNIT(LENGTH_MEASURE(1.E-07),#2854,
  'distance_accuracy_value','confusion accuracy');
#2858 = PRODUCT_RELATED_PRODUCT_CATEGORY('part',$,(#7));
ENDSEC;
END-ISO-10303-21;
