ISO-10303-21;
HEADER;
FILE_DESCRIPTION(('Open CASCADE Model'),'2;1');
FILE_NAME('wheel','2026-08-12T09:41:08',('Author'),('Open CASCADE'),
  'Open CASCADE STEP processor 7.9','build123d','Unknown');
FILE_SCHEMA(('AUTOMOTIVE_DESIGN { 1 0 10303 214 1 1 1 1 }'));
ENDSEC;
DATA;
#1 = APPLICATION_PROTOCOL_DEFINITION('international standard',
  'automotive_design',2000,#2);
#2 = APPLICATION_CONTEXT(
  'core data for automotive mechanical design processes');
#3 = SHAPE_DEFINITION_REPRESENTATION(#4,#10);
#4 = PRODUCT_DEFINITION_SHAPE('','',#5);
#5 = PRODUCT_DEFINITION('design','',#6,#9);
#6 = PRODUCT_DEFINITION_FORMATION('','',#7);
#7 = PRODUCT('wheel','wheel','',(#8));
#8 = PRODUCT_CONTEXT('',#2,'mechanical');
#9 = PRODUCT_DEFINITION_CONTEXT('part definition',#2,'design');
#10 = ADVANCED_BREP_SHAPE_REPRESENTATION('',(#11,#15),#1551);
#11 = AXIS2_PLACEMENT_3D('',#12,#13,#14);
#12 = CARTESIAN_POINT('',(0.,0.,0.));
#13 = DIRECTION('',(0.,0.,1.));
#14 = DIRECTION('',(1.,0.,-0.));
#15 = MANIFOLD_SOLID_BREP('',#16);
#16 = CLOSED_SHELL('',(#17,#105,#158,#211,#246,#281,#1030,#1488,#1517,
    #1524));
#17 = ADVANCED_FACE('',(#18),#32,.T.);
#18 = FACE_BOUND('',#19,.T.);
#19 = EDGE_LOOP('',(#20,#50,#77,#78));
#20 = ORIENTED_EDGE('',*,*,#21,.T.);
#21 = EDGE_CURVE('',#22,#24,#26,.T.);
#22 = VERTEX_POINT('',#23);
#23 = CARTESIAN_POINT('',(35.,10.5,0.));
#24 = VERTEX_POINT('',#25);
#25 = CARTESIAN_POINT('',(35.,-10.5,0.));
#26 = SEAM_CURVE('',#27,(#31,#43),.PCURVE_S1.);
#27 = LINE('',#28,#29);
#28 = CARTESIAN_POINT('',(35.,12.5,0.));
#29 = VECTOR('',#30,1.);
#30 = DIRECTION('',(0.,-1.,0.));
#31 = PCURVE('',#32,#37);
#32 = CYLINDRICAL_SURFACE('',#33,35.);
#33 = AXIS2_PLACEMENT_3D('',#34,#35,#36);
#34 = CARTESIAN_POINT('',(0.,0.,0.));
#35 = DIRECTION('',(0.,-1.,0.));
#36 = DIRECTION('',(1.,0.,0.));
#37 = DEFINITIONAL_REPRESENTATION('',(#38),#42);
#38 = LINE('',#39,#40);
#39 = CARTESIAN_POINT('',(6.28318530718,-12.5));
#40 = VECTOR('',#41,1.);
#41 = DIRECTION('',(-0.,1.));
#42 = ( GEOMETRIC_REPRESENTATION_CONTEXT(2) 
PARAMETRIC_REPRESENTATION_CONTEXT() REPRESENTATION_CONTEXT('2D SPACE',''
  ) );
#43 = PCURVE('',#32,#44);
#44 = DEFINITIONAL_REPRESENTATION('',(#45),#49);
#45 = LINE('',#46,#47);
#46 = CARTESIAN_POINT('',(0.,-12.5));
#47 = VECTOR('',#48,1.);
#48 = DIRECTION('',(-0.,1.));
#49 = ( GEOMETRIC_REPRESENTATION_CONTEXT(2) 
PARAMETRIC_REPRESENTATION_CONTEXT() REPRESENTATION_CONTEXT('2D SPACE',''
  ) );
#50 = ORIENTED_EDGE('',*,*,#51,.F.);
#51 = EDGE_CURVE('',#24,#24,#52,.T.);
#52 = SURFACE_CURVE('',#53,(#58,#65),.PCURVE_S1.);
#53 = CIRCLE('',#54,35.);
#54 = AXIS2_PLACEMENT_3D('',#55,#56,#57);
#55 = CARTESIAN_POINT('',(0.,-10.5,0.));
#56 = DIRECTION('',(0.,-1.,0.));
#57 = DIRECTION('',(1.,0.,0.));
#58 = PCURVE('',#32,#59);
#59 = DEFINITIONAL_REPRESENTATION('',(#60),#64);
#60 = LINE('',#61,#62);
#61 = CARTESIAN_POINT('',(0.,10.5));
#62 = VECTOR('',#63,1.);
#63 = DIRECTION('',(1.,0.));
#64 = ( GEOMETRIC_REPRESENTATION_CONTEXT(2) 
PARAMETRIC_REPRESENTATION_CONTEXT() REPRESENTATION_CONTEXT('2D SPACE',''
  ) );
#65 = PCURVE('',#66,#71);
#66 = CONICAL_SURFACE('',#67,35.,0.785398163397);
#67 = AXIS2_PLACEMENT_3D('',#68,#69,#70);
#68 = CARTESIAN_POINT('',(0.,-10.5,0.));
#69 = DIRECTION('',(-0.,1.,-0.));
#70 = DIRECTION('',(1.,0.,0.));
#71 = DEFINITIONAL_REPRESENTATION('',(#72),#76);
#72 = LINE('',#73,#74);
#73 = CARTESIAN_POINT('',(-0.,-0.));
#74 = VECTOR('',#75,1.);
#75 = DIRECTION('',(-1.,-0.));
#76 = ( GEOMETRIC_REPRESENTATION_CONTEXT(2) 
PARAMETRIC_REPRESENTATION_CONTEXT() REPRESENTATION_CONTEXT('2D SPACE',''
  ) );
#77 = ORIENTED_EDGE('',*,*,#21,.F.);
#78 = ORIENTED_EDGE('',*,*,#79,.T.);
#79 = EDGE_CURVE('',#22,#22,#80,.T.);
#80 = SURFACE_CURVE('',#81,(#86,#93),.PCURVE_S1.);
#81 = CIRCLE('',#82,35.);
#82 = AXIS2_PLACEMENT_3D('',#83,#84,#85);
#83 = CARTESIAN_POINT('',(0.,10.5,0.));
#84 = DIRECTION('',(0.,-1.,0.));
#85 = DIRECTION('',(1.,0.,0.));
#86 = PCURVE('',#32,#87);
#87 = DEFINITIONAL_REPRESENTATION('',(#88),#92);
#88 = LINE('',#89,#90);
#89 = CARTESIAN_POINT('',(0.,-10.5));
#90 = VECTOR('',#91,1.);
#91 = DIRECTION('',(1.,0.));
#92 = ( GEOMETRIC_REPRESENTATION_CONTEXT(2) 
PARAMETRIC_REPRESENTATION_CONTEXT() REPRESENTATION_CONTEXT('2D SPACE',''
  ) );
#93 = PCURVE('',#94,#99);
#94 = CONICAL_SURFACE('',#95,35.,0.785398163397);
#95 = AXIS2_PLACEMENT_3D('',#96,#97,#98);
#96 = CARTESIAN_POINT('',(0.,10.5,0.));
#97 = DIRECTION('',(0.,-1.,0.));
#98 = DIRECTION('',(1.,0.,0.));
#99 = DEFINITIONAL_REPRESENTATION('',(#100),#104);
#100 = LINE('',#101,#102);
#101 = CARTESIAN_POINT('',(0.,-0.));
#102 = VECTOR('',#103,1.);
#103 = DIRECTION('',(1.,-0.));
#104 = ( GEOMETRIC_REPRESENTATION_CONTEXT(2) 
PARAMETRIC_REPRESENTATION_CONTEXT() REPRESENTATION_CONTEXT('2D SPACE',''
  ) );
#105 = ADVANCED_FACE('',(#106),#94,.T.);
#106 = FACE_BOUND('',#107,.F.);
#107 = EDGE_LOOP('',(#108,#129,#130,#131));
#108 = ORIENTED_EDGE('',*,*,#109,.F.);
#109 = EDGE_CURVE('',#22,#110,#112,.T.);
#110 = VERTEX_POINT('',#111);
#111 = CARTESIAN_POINT('',(33.,12.5,0.));
#112 = SEAM_CURVE('',#113,(#117,#123),.PCURVE_S1.);
#113 = LINE('',#114,#115);
#114 = CARTESIAN_POINT('',(35.,10.5,0.));
#115 = VECTOR('',#116,1.);
#116 = DIRECTION('',(-0.707106781187,0.707106781187,-0.));
#117 = PCURVE('',#94,#118);
#118 = DEFINITIONAL_REPRESENTATION('',(#119),#122);
#119 = B_SPLINE_CURVE_WITH_KNOTS('',1,(#120,#121),.UNSPECIFIED.,.F.,.F.,
  (2,2),(0.,2.828427124746),.PIECEWISE_BEZIER_KNOTS.);
#120 = CARTESIAN_POINT('',(0.,0.));
#121 = CARTESIAN_POINT('',(0.,-2.));
#122 = ( GEOMETRIC_REPRESENTATION_CONTEXT(2) 
PARAMETRIC_REPRESENTATION_CONTEXT() REPRESENTATION_CONTEXT('2D SPACE',''
  ) );
#123 = PCURVE('',#94,#124);
#124 = DEFINITIONAL_REPRESENTATION('',(#125),#128);
#125 = B_SPLINE_CURVE_WITH_KNOTS('',1,(#126,#127),.UNSPECIFIED.,.F.,.F.,
  (2,2),(0.,2.828427124746),.PIECEWISE_BEZIER_KNOTS.);
#126 = CARTESIAN_POINT('',(6.28318530718,0.));
#127 = CARTESIAN_POINT('',(6.28318530718,-2.));
#128 = ( GEOMETRIC_REPRESENTATION_CONTEXT(2) 
PARAMETRIC_REPRESENTATION_CONTEXT() REPRESENTATION_CONTEXT('2D SPACE',''
  ) );
#129 = ORIENTED_EDGE('',*,*,#79,.T.);
#130 = ORIENTED_EDGE('',*,*,#109,.T.);
#131 = ORIENTED_EDGE('',*,*,#132,.F.);
#132 = EDGE_CURVE('',#110,#110,#133,.T.);
#133 = SURFACE_CURVE('',#134,(#139,#146),.PCURVE_S1.);
#134 = CIRCLE('',#135,33.);
#135 = AXIS2_PLACEMENT_3D('',#136,#137,#138);
#136 = CARTESIAN_POINT('',(0.,12.5,0.));
#137 = DIRECTION('',(0.,-1.,0.));
#138 = DIRECTION('',(1.,0.,0.));
#139 = PCURVE('',#94,#140);
#140 = DEFINITIONAL_REPRESENTATION('',(#141),#145);
#141 = LINE('',#142,#143);
#142 = CARTESIAN_POINT('',(0.,-2.));
#143 = VECTOR('',#144,1.);
#144 = DIRECTION('',(1.,-0.));
#145 = ( GEOMETRIC_REPRESENTATION_CONTEXT(2) 
PARAMETRIC_REPRESENTATION_CONTEXT() REPRESENTATION_CONTEXT('2D SPACE',''
  ) );
#146 = PCURVE('',#147,#152);
#147 = PLANE('',#148);
#148 = AXIS2_PLACEMENT_3D('',#149,#150,#151);
#149 = CARTESIAN_POINT('',(-1.250230978322E-15,12.5,2.32193833596E-15));
#150 = DIRECTION('',(0.,-1.,0.));
#151 = DIRECTION('',(1.,0.,0.));
#152 = DEFINITIONAL_REPRESENTATION('',(#153),#157);
#153 = CIRCLE('',#154,33.);
#154 = AXIS2_PLACEMENT_2D('',#155,#156);
#155 = CARTESIAN_POINT('',(1.250230978322E-15,-2.32193833596E-15));
#156 = DIRECTION('',(1.,0.));
#157 = ( GEOMETRIC_REPRESENTATION_CONTEXT(2) 
PARAMETRIC_REPRESENTATION_CONTEXT() REPRESENTATION_CONTEXT('2D SPACE',''
  ) );
#158 = ADVANCED_FACE('',(#159),#66,.T.);
#159 = FACE_BOUND('',#160,.T.);
#160 = EDGE_LOOP('',(#161,#182,#183,#184));
#161 = ORIENTED_EDGE('',*,*,#162,.F.);
#162 = EDGE_CURVE('',#24,#163,#165,.T.);
#163 = VERTEX_POINT('',#164);
#164 = CARTESIAN_POINT('',(33.,-12.5,0.));
#165 = SEAM_CURVE('',#166,(#170,#176),.PCURVE_S1.);
#166 = LINE('',#167,#168);
#167 = CARTESIAN_POINT('',(35.,-10.5,0.));
#168 = VECTOR('',#169,1.);
#169 = DIRECTION('',(-0.707106781187,-0.707106781187,0.));
#170 = PCURVE('',#66,#171);
#171 = DEFINITIONAL_REPRESENTATION('',(#172),#175);
#172 = B_SPLINE_CURVE_WITH_KNOTS('',1,(#173,#174),.UNSPECIFIED.,.F.,.F.,
  (2,2),(0.,2.828427124746),.PIECEWISE_BEZIER_KNOTS.);
#173 = CARTESIAN_POINT('',(0.,0.));
#174 = CARTESIAN_POINT('',(0.,-2.));
#175 = ( GEOMETRIC_REPRESENTATION_CONTEXT(2) 
PARAMETRIC_REPRESENTATION_CONTEXT() REPRESENTATION_CONTEXT('2D SPACE',''
  ) );
#176 = PCURVE('',#66,#177);
#177 = DEFINITIONAL_REPRESENTATION('',(#178),#181);
#178 = B_SPLINE_CURVE_WITH_KNOTS('',1,(#179,#180),.UNSPECIFIED.,.F.,.F.,
  (2,2),(0.,2.828427124746),.PIECEWISE_BEZIER_KNOTS.);
#179 = CARTESIAN_POINT('',(-6.28318530718,0.));
#180 = CARTESIAN_POINT('',(-6.28318530718,-2.));
#181 = ( GEOMETRIC_REPRESENTATION_CONTEXT(2) 
PARAMETRIC_REPRESENTATION_CONTEXT() REPRESENTATION_CONTEXT('2D SPACE',''
  ) );
#182 = ORIENTED_EDGE('',*,*,#51,.T.);
#183 = ORIENTED_EDGE('',*,*,#162,.T.);
#184 = ORIENTED_EDGE('',*,*,#185,.F.);
#185 = EDGE_CURVE('',#163,#163,#186,.T.);
#186 = SURFACE_CURVE('',#187,(#192,#199),.PCURVE_S1.);
#187 = CIRCLE('',#188,33.);
#188 = AXIS2_PLACEMENT_3D('',#189,#190,#191);
#189 = CARTESIAN_POINT('',(0.,-12.5,0.));
#190 = DIRECTION('',(0.,-1.,0.));
#191 = DIRECTION('',(1.,0.,0.));
#192 = PCURVE('',#66,#193);
#193 = DEFINITIONAL_REPRESENTATION('',(#194),#198);
#194 = LINE('',#195,#196);
#195 = CARTESIAN_POINT('',(-0.,-2.));
#196 = VECTOR('',#197,1.);
#197 = DIRECTION('',(-1.,-0.));
#198 = ( GEOMETRIC_REPRESENTATION_CONTEXT(2) 
PARAMETRIC_REPRESENTATION_CONTEXT() REPRESENTATION_CONTEXT('2D SPACE',''
  ) );
#199 = PCURVE('',#200,#205);
#200 = PLANE('',#201);
#201 = AXIS2_PLACEMENT_3D('',#202,#203,#204);
#202 = CARTESIAN_POINT('',(-1.250230978322E-15,-12.5,2.32193833596E-15)
  );
#203 = DIRECTION('',(0.,-1.,0.));
#204 = DIRECTION('',(1.,0.,0.));
#205 = DEFINITIONAL_REPRESENTATION('',(#206),#210);
#206 = CIRCLE('',#207,33.);
#207 = AXIS2_PLACEMENT_2D('',#208,#209);
#208 = CARTESIAN_POINT('',(1.250230978322E-15,-2.32193833596E-15));
#209 = DIRECTION('',(1.,0.));
#210 = ( GEOMETRIC_REPRESENTATION_CONTEXT(2) 
PARAMETRIC_REPRESENTATION_CONTEXT() REPRESENTATION_CONTEXT('2D SPACE',''
  ) );
#211 = ADVANCED_FACE('',(#212,#215),#147,.F.);
#212 = FACE_BOUND('',#213,.F.);
#213 = EDGE_LOOP('',(#214));
#214 = ORIENTED_EDGE('',*,*,#132,.T.);
#215 = FACE_BOUND('',#216,.F.);
#216 = EDGE_LOOP('',(#217));
#217 = ORIENTED_EDGE('',*,*,#218,.F.);
#218 = EDGE_CURVE('',#219,#219,#221,.T.);
#219 = VERTEX_POINT('',#220);
#220 = CARTESIAN_POINT('',(2.9,12.5,0.));
#221 = SURFACE_CURVE('',#222,(#227,#234),.PCURVE_S1.);
#222 = CIRCLE('',#223,2.9);
#223 = AXIS2_PLACEMENT_3D('',#224,#225,#226);
#224 = CARTESIAN_POINT('',(0.,12.5,0.));
#225 = DIRECTION('',(0.,-1.,0.));
#226 = DIRECTION('',(1.,0.,0.));
#227 = PCURVE('',#147,#228);
#228 = DEFINITIONAL_REPRESENTATION('',(#229),#233);
#229 = CIRCLE('',#230,2.9);
#230 = AXIS2_PLACEMENT_2D('',#231,#232);
#231 = CARTESIAN_POINT('',(1.250230978322E-15,-2.32193833596E-15));
#232 = DIRECTION('',(1.,0.));
#233 = ( GEOMETRIC_REPRESENTATION_CONTEXT(2) 
PARAMETRIC_REPRESENTATION_CONTEXT() REPRESENTATION_CONTEXT('2D SPACE',''
  ) );
#234 = PCURVE('',#235,#240);
#235 = CYLINDRICAL_SURFACE('',#236,2.9);
#236 = AXIS2_PLACEMENT_3D('',#237,#238,#239);
#237 = CARTESIAN_POINT('',(0.,0.,0.));
#238 = DIRECTION('',(0.,-1.,0.));
#239 = DIRECTION('',(1.,0.,0.));
#240 = DEFINITIONAL_REPRESENTATION('',(#241),#245);
#241 = LINE('',#242,#243);
#242 = CARTESIAN_POINT('',(0.,-12.5));
#243 = VECTOR('',#244,1.);
#244 = DIRECTION('',(1.,0.));
#245 = ( GEOMETRIC_REPRESENTATION_CONTEXT(2) 
PARAMETRIC_REPRESENTATION_CONTEXT() REPRESENTATION_CONTEXT('2D SPACE',''
  ) );
#246 = ADVANCED_FACE('',(#247,#250),#200,.T.);
#247 = FACE_BOUND('',#248,.T.);
#248 = EDGE_LOOP('',(#249));
#249 = ORIENTED_EDGE('',*,*,#185,.T.);
#250 = FACE_BOUND('',#251,.T.);
#251 = EDGE_LOOP('',(#252));
#252 = ORIENTED_EDGE('',*,*,#253,.F.);
#253 = EDGE_CURVE('',#254,#254,#256,.T.);
#254 = VERTEX_POINT('',#255);
#255 = CARTESIAN_POINT('',(13.,-12.5,2.055288905091E-15));
#256 = SURFACE_CURVE('',#257,(#262,#269),.PCURVE_S1.);
#257 = CIRCLE('',#258,13.);
#258 = AXIS2_PLACEMENT_3D('',#259,#260,#261);
#259 = CARTESIAN_POINT('',(1.42108547152E-14,-12.5,2.055288905091E-15));
#260 = DIRECTION('',(0.,-1.,0.));
#261 = DIRECTION('',(1.,0.,0.));
#262 = PCURVE('',#200,#263);
#263 = DEFINITIONAL_REPRESENTATION('',(#264),#268);
#264 = CIRCLE('',#265,13.);
#265 = AXIS2_PLACEMENT_2D('',#266,#267);
#266 = CARTESIAN_POINT('',(1.546108569352E-14,-2.666494308688E-16));
#267 = DIRECTION('',(1.,0.));
#268 = ( GEOMETRIC_REPRESENTATION_CONTEXT(2) 
PARAMETRIC_REPRESENTATION_CONTEXT() REPRESENTATION_CONTEXT('2D SPACE',''
  ) );
#269 = PCURVE('',#270,#275);
#270 = CYLINDRICAL_SURFACE('',#271,13.);
#271 = AXIS2_PLACEMENT_3D('',#272,#273,#274);
#272 = CARTESIAN_POINT('',(1.42108547152E-14,-12.5,2.055288905091E-15));
#273 = DIRECTION('',(-0.,1.,-0.));
#274 = DIRECTION('',(1.,0.,0.));
#275 = DEFINITIONAL_REPRESENTATION('',(#276),#280);
#276 = LINE('',#277,#278);
#277 = CARTESIAN_POINT('',(-0.,0.));
#278 = VECTOR('',#279,1.);
#279 = DIRECTION('',(-1.,0.));
#280 = ( GEOMETRIC_REPRESENTATION_CONTEXT(2) 
PARAMETRIC_REPRESENTATION_CONTEXT() REPRESENTATION_CONTEXT('2D SPACE',''
  ) );
#281 = ADVANCED_FACE('',(#282,#703),#235,.F.);
#282 = FACE_BOUND('',#283,.F.);
#283 = EDGE_LOOP('',(#284,#307,#308,#309,#484,#507,#534,#535));
#284 = ORIENTED_EDGE('',*,*,#285,.F.);
#285 = EDGE_CURVE('',#219,#286,#288,.T.);
#286 = VERTEX_POINT('',#287);
#287 = CARTESIAN_POINT('',(2.9,-17.5,0.));
#288 = SEAM_CURVE('',#289,(#293,#300),.PCURVE_S1.);
#289 = LINE('',#290,#291);
#290 = CARTESIAN_POINT('',(2.9,25.,0.));
#291 = VECTOR('',#292,1.);
#292 = DIRECTION('',(0.,-1.,0.));
#293 = PCURVE('',#235,#294);
#294 = DEFINITIONAL_REPRESENTATION('',(#295),#299);
#295 = LINE('',#296,#297);
#296 = CARTESIAN_POINT('',(0.,-25.));
#297 = VECTOR('',#298,1.);
#298 = DIRECTION('',(-0.,1.));
#299 = ( GEOMETRIC_REPRESENTATION_CONTEXT(2) 
PARAMETRIC_REPRESENTATION_CONTEXT() REPRESENTATION_CONTEXT('2D SPACE',''
  ) );
#300 = PCURVE('',#235,#301);
#301 = DEFINITIONAL_REPRESENTATION('',(#302),#306);
#302 = LINE('',#303,#304);
#303 = CARTESIAN_POINT('',(6.28318530718,-25.));
#304 = VECTOR('',#305,1.);
#305 = DIRECTION('',(-0.,1.));
#306 = ( GEOMETRIC_REPRESENTATION_CONTEXT(2) 
PARAMETRIC_REPRESENTATION_CONTEXT() REPRESENTATION_CONTEXT('2D SPACE',''
  ) );
#307 = ORIENTED_EDGE('',*,*,#218,.T.);
#308 = ORIENTED_EDGE('',*,*,#285,.T.);
#309 = ORIENTED_EDGE('',*,*,#310,.F.);
#310 = EDGE_CURVE('',#311,#286,#313,.T.);
#311 = VERTEX_POINT('',#312);
#312 = CARTESIAN_POINT('',(2.9,-20.,0.));
#313 = SURFACE_CURVE('',#314,(#367,#423),.PCURVE_S1.);
#314 = B_SPLINE_CURVE_WITH_KNOTS('',6,(#315,#316,#317,#318,#319,#320,
    #321,#322,#323,#324,#325,#326,#327,#328,#329,#330,#331,#332,#333,
    #334,#335,#336,#337,#338,#339,#340,#341,#342,#343,#344,#345,#346,
    #347,#348,#349,#350,#351,#352,#353,#354,#355,#356,#357,#358,#359,
    #360,#361,#362,#363,#364,#365,#366),.UNSPECIFIED.,.F.,.F.,(7,5,5,5,5
    ,5,5,5,5,5,7),(0.,0.14020170718,0.197625779124,0.238540018783,
    0.360031172002,0.499993974084,0.639506818208,0.759797606809,
    0.802302919455,0.861032705838,1.),.UNSPECIFIED.);
#315 = CARTESIAN_POINT('',(2.9,-20.,-2.22044604925E-16));
#316 = CARTESIAN_POINT('',(2.9,-20.,-0.104087960884));
#317 = CARTESIAN_POINT('',(2.895516774268,-19.98959906581,
    -0.207625716196));
#318 = CARTESIAN_POINT('',(2.886639644136,-19.96900340223,
    -0.308915515561));
#319 = CARTESIAN_POINT('',(2.873890613002,-19.93889900799,
    -0.406305801521));
#320 = CARTESIAN_POINT('',(2.858198236203,-19.90044473396,
    -0.498301444592));
#321 = CARTESIAN_POINT('',(2.833461980249,-19.83687456984,
    -0.618682803429));
#322 = CARTESIAN_POINT('',(2.825944127007,-19.81724044316,
    -0.652646694854));
#323 = CARTESIAN_POINT('',(2.818154650998,-19.79651521955,
    -0.685568025177));
#324 = CARTESIAN_POINT('',(2.810151406186,-19.77476889036,
    -0.717423256483));
#325 = CARTESIAN_POINT('',(2.801991477571,-19.75206997479,
    -0.748192584909));
#326 = CARTESIAN_POINT('',(2.787845779222,-19.7116817649,-0.79899771896)
  );
#327 = CARTESIAN_POINT('',(2.781908543787,-19.69442623247,
    -0.819578843201));
#328 = CARTESIAN_POINT('',(2.775938954484,-19.6767409495,-0.839599947937
    ));
#329 = CARTESIAN_POINT('',(2.769955796235,-19.65864665115,
    -0.859058569863));
#330 = CARTESIAN_POINT('',(2.763977159293,-19.64016278093,
    -0.877953147801));
#331 = CARTESIAN_POINT('',(2.740332495001,-19.56531840268,
    -0.950711936874));
#332 = CARTESIAN_POINT('',(2.722836161393,-19.5060498105,-1.000165965673
    ));
#333 = CARTESIAN_POINT('',(2.705986263585,-19.4439735266,-1.044621993754
    ));
#334 = CARTESIAN_POINT('',(2.690192458119,-19.37950098524,-1.08407182115
    ));
#335 = CARTESIAN_POINT('',(2.675810397561,-19.31298962093,
    -1.118509928808));
#336 = CARTESIAN_POINT('',(2.648527891309,-19.16613353106,-1.18180428827
    ));
#337 = CARTESIAN_POINT('',(2.636180035777,-19.08519435532,
    -1.209027721221));
#338 = CARTESIAN_POINT('',(2.626568504743,-19.0025507445,-1.229493567492
    ));
#339 = CARTESIAN_POINT('',(2.620040456596,-18.91877580563,-1.24315946442
    ));
#340 = CARTESIAN_POINT('',(2.616772821626,-18.83441321347,-1.25));
#341 = CARTESIAN_POINT('',(2.616772821626,-18.66585816146,-1.25));
#342 = CARTESIAN_POINT('',(2.620019480846,-18.58176620654,
    -1.243203375667));
#343 = CARTESIAN_POINT('',(2.626505704895,-18.49825628569,-1.22962503306
    ));
#344 = CARTESIAN_POINT('',(2.636056795912,-18.41586707931,
    -1.209290127738));
#345 = CARTESIAN_POINT('',(2.648329933489,-18.33516622622,-1.18224063973
    ));
#346 = CARTESIAN_POINT('',(2.675372672009,-18.18916881622,
    -1.119544773532));
#347 = CARTESIAN_POINT('',(2.689569084076,-18.12326078295,
    -1.085587635152));
#348 = CARTESIAN_POINT('',(2.705157330836,-18.05934332165,
    -1.046716802063));
#349 = CARTESIAN_POINT('',(2.721793317947,-17.99776278141,
    -1.002937917894));
#350 = CARTESIAN_POINT('',(2.739080914228,-17.93891704871,
    -0.954259036312));
#351 = CARTESIAN_POINT('',(2.762763921553,-17.86359546112,
    -0.881777686385));
#352 = CARTESIAN_POINT('',(2.768974120972,-17.8443270588,-0.862243510608
    ));
#353 = CARTESIAN_POINT('',(2.775191583752,-17.82547656467,-0.84210036132
    ));
#354 = CARTESIAN_POINT('',(2.781396089456,-17.80706566644,
    -0.821349922289));
#355 = CARTESIAN_POINT('',(2.787566609076,-17.7891175488,-0.799994905605
    ));
#356 = CARTESIAN_POINT('',(2.802130008609,-17.74753142555,
    -0.747702547109));
#357 = CARTESIAN_POINT('',(2.81047406129,-17.72433171528,-0.716212992945
    ));
#358 = CARTESIAN_POINT('',(2.818653126901,-17.70212968747,
    -0.683587740957));
#359 = CARTESIAN_POINT('',(2.826606062587,-17.68099882377,
    -0.649848255248));
#360 = CARTESIAN_POINT('',(2.834270918808,-17.66101416271,
    -0.615020112248));
#361 = CARTESIAN_POINT('',(2.858891483522,-17.59785770039,
    -0.494216383565));
#362 = CARTESIAN_POINT('',(2.874340519069,-17.56003864331,
    -0.402852164196));
#363 = CARTESIAN_POINT('',(2.886875255024,-17.5304499432,-0.306219668624
    ));
#364 = CARTESIAN_POINT('',(2.89559661473,-17.51021571357,-0.205783079076
    ));
#365 = CARTESIAN_POINT('',(2.9,-17.5,-0.103156988419));
#366 = CARTESIAN_POINT('',(2.9,-17.5,-4.440892098501E-16));
#367 = PCURVE('',#235,#368);
#368 = DEFINITIONAL_REPRESENTATION('',(#369),#422);
#369 = B_SPLINE_CURVE_WITH_KNOTS('',6,(#370,#371,#372,#373,#374,#375,
    #376,#377,#378,#379,#380,#381,#382,#383,#384,#385,#386,#387,#388,
    #389,#390,#391,#392,#393,#394,#395,#396,#397,#398,#399,#400,#401,
    #402,#403,#404,#405,#406,#407,#408,#409,#410,#411,#412,#413,#414,
    #415,#416,#417,#418,#419,#420,#421),.UNSPECIFIED.,.F.,.F.,(7,5,5,5,5
    ,5,5,5,5,5,7),(0.,0.14020170718,0.197625779124,0.238540018783,
    0.360031172002,0.499993974084,0.639506818208,0.759797606809,
    0.802302919455,0.861032705838,1.),.UNSPECIFIED.);
#370 = CARTESIAN_POINT('',(6.28318530718,20.));
#371 = CARTESIAN_POINT('',(6.247292906875,20.));
#372 = CARTESIAN_POINT('',(6.211590165546,19.98959906581));
#373 = CARTESIAN_POINT('',(6.176579749507,19.96900340223));
#374 = CARTESIAN_POINT('',(6.142750689796,19.938899007991));
#375 = CARTESIAN_POINT('',(6.110588079257,19.900444733962));
#376 = CARTESIAN_POINT('',(6.068209969914,19.836874569844));
#377 = CARTESIAN_POINT('',(6.056216171327,19.817240443161));
#378 = CARTESIAN_POINT('',(6.044552335686,19.796515219552));
#379 = CARTESIAN_POINT('',(6.033227917813,19.774768890361));
#380 = CARTESIAN_POINT('',(6.022251862181,19.752069974799));
#381 = CARTESIAN_POINT('',(6.004066456801,19.711681764905));
#382 = CARTESIAN_POINT('',(5.996680427882,19.694426232476));
#383 = CARTESIAN_POINT('',(5.989476669266,19.676740949504));
#384 = CARTESIAN_POINT('',(5.982457134391,19.658646651158));
#385 = CARTESIAN_POINT('',(5.975623577024,19.64016278093));
#386 = CARTESIAN_POINT('',(5.949242775766,19.565318402683));
#387 = CARTESIAN_POINT('',(5.931159901112,19.506049810503));
#388 = CARTESIAN_POINT('',(5.914771191445,19.443973526602));
#389 = CARTESIAN_POINT('',(5.900120666559,19.379500985249));
#390 = CARTESIAN_POINT('',(5.887252340924,19.312989620938));
#391 = CARTESIAN_POINT('',(5.863485461105,19.166133531062));
#392 = CARTESIAN_POINT('',(5.853179408143,19.085194355323));
#393 = CARTESIAN_POINT('',(5.845382959698,19.002550744505));
#394 = CARTESIAN_POINT('',(5.84016049632,18.918775805631));
#395 = CARTESIAN_POINT('',(5.83754639344,18.834413213479));
#396 = CARTESIAN_POINT('',(5.83754639344,18.665858161462));
#397 = CARTESIAN_POINT('',(5.840143715832,18.58176620654));
#398 = CARTESIAN_POINT('',(5.84533271938,18.498256285692));
#399 = CARTESIAN_POINT('',(5.853079444307,18.415867079319));
#400 = CARTESIAN_POINT('',(5.863320264301,18.335166226225));
#401 = CARTESIAN_POINT('',(5.886864897314,18.189168816226));
#402 = CARTESIAN_POINT('',(5.899555543954,18.123260782959));
#403 = CARTESIAN_POINT('',(5.913994479735,18.05934332165));
#404 = CARTESIAN_POINT('',(5.930138938737,17.997762781413));
#405 = CARTESIAN_POINT('',(5.947946110014,17.938917048711));
#406 = CARTESIAN_POINT('',(5.974240046514,17.863595461128));
#407 = CARTESIAN_POINT('',(5.981307954759,17.844327058809));
#408 = CARTESIAN_POINT('',(5.988576818974,17.825476564677));
#409 = CARTESIAN_POINT('',(5.996044686538,17.80706566644));
#410 = CARTESIAN_POINT('',(6.0037093787,17.789117548807));
#411 = CARTESIAN_POINT('',(6.022427461683,17.747531425551));
#412 = CARTESIAN_POINT('',(6.033659792607,17.724331715287));
#413 = CARTESIAN_POINT('',(6.045256395287,17.702129687475));
#414 = CARTESIAN_POINT('',(6.057207618581,17.680998823772));
#415 = CARTESIAN_POINT('',(6.069503248268,17.661014162715));
#416 = CARTESIAN_POINT('',(6.112016047027,17.597857700398));
#417 = CARTESIAN_POINT('',(6.143950254263,17.560038643314));
#418 = CARTESIAN_POINT('',(6.17751155297,17.530449943203));
#419 = CARTESIAN_POINT('',(6.212225560603,17.51021571357));
#420 = CARTESIAN_POINT('',(6.247613931863,17.5));
#421 = CARTESIAN_POINT('',(6.28318530718,17.5));
#422 = ( GEOMETRIC_REPRESENTATION_CONTEXT(2) 
PARAMETRIC_REPRESENTATION_CONTEXT() REPRESENTATION_CONTEXT('2D SPACE',''
  ) );
#423 = PCURVE('',#424,#429);
#424 = CYLINDRICAL_SURFACE('',#425,1.25);
#425 = AXIS2_PLACEMENT_3D('',#426,#427,#428);
#426 = CARTESIAN_POINT('',(0.,-18.75,0.));
#427 = DIRECTION('',(1.,0.,0.));
#428 = DIRECTION('',(0.,1.,0.));
#429 = DEFINITIONAL_REPRESENTATION('',(#430),#483);
#430 = B_SPLINE_CURVE_WITH_KNOTS('',6,(#431,#432,#433,#434,#435,#436,
    #437,#438,#439,#440,#441,#442,#443,#444,#445,#446,#447,#448,#449,
    #450,#451,#452,#453,#454,#455,#456,#457,#458,#459,#460,#461,#462,
    #463,#464,#465,#466,#467,#468,#469,#470,#471,#472,#473,#474,#475,
    #476,#477,#478,#479,#480,#481,#482),.UNSPECIFIED.,.F.,.F.,(7,5,5,5,5
    ,5,5,5,5,5,7),(0.,0.14020170718,0.197625779124,0.238540018783,
    0.360031172002,0.499993974084,0.639506818208,0.759797606809,
    0.802302919455,0.861032705838,1.),.UNSPECIFIED.);
#431 = CARTESIAN_POINT('',(3.14159265359,2.9));
#432 = CARTESIAN_POINT('',(3.224863022297,2.9));
#433 = CARTESIAN_POINT('',(3.30769306486,2.895516774268));
#434 = CARTESIAN_POINT('',(3.389765016456,2.886639644136));
#435 = CARTESIAN_POINT('',(3.470737971177,2.873890613002));
#436 = CARTESIAN_POINT('',(3.550182908041,2.858198236203));
#437 = CARTESIAN_POINT('',(3.659091199212,2.833461980249));
#438 = CARTESIAN_POINT('',(3.690452805022,2.825944127007));
#439 = CARTESIAN_POINT('',(3.72154133632,2.818154650998));
#440 = CARTESIAN_POINT('',(3.752366138652,2.810151406186));
#441 = CARTESIAN_POINT('',(3.782935129211,2.801991477571));
#442 = CARTESIAN_POINT('',(3.834857342689,2.787845779222));
#443 = CARTESIAN_POINT('',(3.856336231238,2.781908543787));
#444 = CARTESIAN_POINT('',(3.877696452403,2.775938954484));
#445 = CARTESIAN_POINT('',(3.898943300819,2.769955796235));
#446 = CARTESIAN_POINT('',(3.920082375837,2.763977159293));
#447 = CARTESIAN_POINT('',(4.003587670874,2.740332495001));
#448 = CARTESIAN_POINT('',(4.065162853299,2.722836161393));
#449 = CARTESIAN_POINT('',(4.125999921617,2.705986263585));
#450 = CARTESIAN_POINT('',(4.186235642872,2.690192458119));
#451 = CARTESIAN_POINT('',(4.246003895857,2.675810397561));
#452 = CARTESIAN_POINT('',(4.373936095584,2.648527891309));
#453 = CARTESIAN_POINT('',(4.442019643966,2.636180035777));
#454 = CARTESIAN_POINT('',(4.509793963989,2.626568504743));
#455 = CARTESIAN_POINT('',(4.577368359099,2.620040456596));
#456 = CARTESIAN_POINT('',(4.644858409601,2.616772821626));
#457 = CARTESIAN_POINT('',(4.779702451215,2.616772821626));
#458 = CARTESIAN_POINT('',(4.846975992335,2.620019480846));
#459 = CARTESIAN_POINT('',(4.91433304206,2.626505704895));
#460 = CARTESIAN_POINT('',(4.981887924633,2.636056795912));
#461 = CARTESIAN_POINT('',(5.049748747048,2.648329933489));
#462 = CARTESIAN_POINT('',(5.176860704917,2.675372672009));
#463 = CARTESIAN_POINT('',(5.236027987065,2.689569084076));
#464 = CARTESIAN_POINT('',(5.295650318479,2.705157330836));
#465 = CARTESIAN_POINT('',(5.355857481422,2.721793317947));
#466 = CARTESIAN_POINT('',(5.416781931434,2.739080914228));
#467 = CARTESIAN_POINT('',(5.500407334822,2.762763921553));
#468 = CARTESIAN_POINT('',(5.522350477249,2.768974120972));
#469 = CARTESIAN_POINT('',(5.54440919763,2.775191583752));
#470 = CARTESIAN_POINT('',(5.566589795422,2.781396089456));
#471 = CARTESIAN_POINT('',(5.588898226146,2.787566609076));
#472 = CARTESIAN_POINT('',(5.642348143815,2.802130008609));
#473 = CARTESIAN_POINT('',(5.673617270126,2.81047406129));
#474 = CARTESIAN_POINT('',(5.705154203432,2.818653126901));
#475 = CARTESIAN_POINT('',(5.736967244228,2.826606062587));
#476 = CARTESIAN_POINT('',(5.769066270381,2.834270918808));
#477 = CARTESIAN_POINT('',(5.87811973865,2.858891483522));
#478 = CARTESIAN_POINT('',(5.956910500745,2.874340519069));
#479 = CARTESIAN_POINT('',(6.03719729112,2.886875255024));
#480 = CARTESIAN_POINT('',(6.118558998146,2.89559661473));
#481 = CARTESIAN_POINT('',(6.200659716444,2.9));
#482 = CARTESIAN_POINT('',(6.28318530718,2.9));
#483 = ( GEOMETRIC_REPRESENTATION_CONTEXT(2) 
PARAMETRIC_REPRESENTATION_CONTEXT() REPRESENTATION_CONTEXT('2D SPACE',''
  ) );
#484 = ORIENTED_EDGE('',*,*,#485,.T.);
#485 = EDGE_CURVE('',#311,#486,#488,.T.);
#486 = VERTEX_POINT('',#487);
#487 = CARTESIAN_POINT('',(2.9,-25.,0.));
#488 = SEAM_CURVE('',#489,(#493,#500),.PCURVE_S1.);
#489 = LINE('',#490,#491);
#490 = CARTESIAN_POINT('',(2.9,25.,0.));
#491 = VECTOR('',#492,1.);
#492 = DIRECTION('',(0.,-1.,0.));
#493 = PCURVE('',#235,#494);
#494 = DEFINITIONAL_REPRESENTATION('',(#495),#499);
#495 = LINE('',#496,#497);
#496 = CARTESIAN_POINT('',(0.,-25.));
#497 = VECTOR('',#498,1.);
#498 = DIRECTION('',(-0.,1.));
#499 = ( GEOMETRIC_REPRESENTATION_CONTEXT(2) 
PARAMETRIC_REPRESENTATION_CONTEXT() REPRESENTATION_CONTEXT('2D SPACE',''
  ) );
#500 = PCURVE('',#235,#501);
#501 = DEFINITIONAL_REPRESENTATION('',(#502),#506);
#502 = LINE('',#503,#504);
#503 = CARTESIAN_POINT('',(6.28318530718,-25.));
#504 = VECTOR('',#505,1.);
#505 = DIRECTION('',(-0.,1.));
#506 = ( GEOMETRIC_REPRESENTATION_CONTEXT(2) 
PARAMETRIC_REPRESENTATION_CONTEXT() REPRESENTATION_CONTEXT('2D SPACE',''
  ) );
#507 = ORIENTED_EDGE('',*,*,#508,.F.);
#508 = EDGE_CURVE('',#486,#486,#509,.T.);
#509 = SURFACE_CURVE('',#510,(#515,#522),.PCURVE_S1.);
#510 = CIRCLE('',#511,2.9);
#511 = AXIS2_PLACEMENT_3D('',#512,#513,#514);
#512 = CARTESIAN_POINT('',(0.,-25.,0.));
#513 = DIRECTION('',(0.,-1.,0.));
#514 = DIRECTION('',(1.,0.,0.));
#515 = PCURVE('',#235,#516);
#516 = DEFINITIONAL_REPRESENTATION('',(#517),#521);
#517 = LINE('',#518,#519);
#518 = CARTESIAN_POINT('',(-0.,25.));
#519 = VECTOR('',#520,1.);
#520 = DIRECTION('',(1.,-0.));
#521 = ( GEOMETRIC_REPRESENTATION_CONTEXT(2) 
PARAMETRIC_REPRESENTATION_CONTEXT() REPRESENTATION_CONTEXT('2D SPACE',''
  ) );
#522 = PCURVE('',#523,#528);
#523 = PLANE('',#524);
#524 = AXIS2_PLACEMENT_3D('',#525,#526,#527);
#525 = CARTESIAN_POINT('',(1.336935309518E-14,-25.,3.207611865509E-15));
#526 = DIRECTION('',(0.,-1.,0.));
#527 = DIRECTION('',(1.,0.,0.));
#528 = DEFINITIONAL_REPRESENTATION('',(#529),#533);
#529 = CIRCLE('',#530,2.9);
#530 = AXIS2_PLACEMENT_2D('',#531,#532);
#531 = CARTESIAN_POINT('',(-1.336935309518E-14,-3.207611865509E-15));
#532 = DIRECTION('',(1.,0.));
#533 = ( GEOMETRIC_REPRESENTATION_CONTEXT(2) 
PARAMETRIC_REPRESENTATION_CONTEXT() REPRESENTATION_CONTEXT('2D SPACE',''
  ) );
#534 = ORIENTED_EDGE('',*,*,#485,.F.);
#535 = ORIENTED_EDGE('',*,*,#536,.F.);
#536 = EDGE_CURVE('',#286,#311,#537,.T.);
#537 = SURFACE_CURVE('',#538,(#591,#647),.PCURVE_S1.);
#538 = B_SPLINE_CURVE_WITH_KNOTS('',6,(#539,#540,#541,#542,#543,#544,
    #545,#546,#547,#548,#549,#550,#551,#552,#553,#554,#555,#556,#557,
    #558,#559,#560,#561,#562,#563,#564,#565,#566,#567,#568,#569,#570,
    #571,#572,#573,#574,#575,#576,#577,#578,#579,#580,#581,#582,#583,
    #584,#585,#586,#587,#588,#589,#590),.UNSPECIFIED.,.F.,.F.,(7,5,5,5,5
    ,5,5,5,5,5,7),(0.,0.140201707179,0.197625779124,0.238540018783,
    0.360031172002,0.499993974084,0.639506818207,0.759797606808,
    0.802302919455,0.861032705837,1.),.UNSPECIFIED.);
#539 = CARTESIAN_POINT('',(2.9,-17.5,-1.530808498934E-16));
#540 = CARTESIAN_POINT('',(2.9,-17.5,0.104087960884));
#541 = CARTESIAN_POINT('',(2.895516774268,-17.51040093419,0.207625716196
    ));
#542 = CARTESIAN_POINT('',(2.886639644136,-17.53099659777,0.308915515561
    ));
#543 = CARTESIAN_POINT('',(2.873890613002,-17.561100992,0.406305801521)
  );
#544 = CARTESIAN_POINT('',(2.858198236203,-17.59955526603,0.498301444592
    ));
#545 = CARTESIAN_POINT('',(2.833461980249,-17.66312543015,0.618682803429
    ));
#546 = CARTESIAN_POINT('',(2.825944127007,-17.68275955683,0.652646694854
    ));
#547 = CARTESIAN_POINT('',(2.818154650998,-17.70348478044,0.685568025177
    ));
#548 = CARTESIAN_POINT('',(2.810151406186,-17.72523110963,0.717423256483
    ));
#549 = CARTESIAN_POINT('',(2.801991477571,-17.7479300252,0.748192584909)
  );
#550 = CARTESIAN_POINT('',(2.787845779222,-17.78831823509,0.79899771896)
  );
#551 = CARTESIAN_POINT('',(2.781908543787,-17.80557376752,0.819578843201
    ));
#552 = CARTESIAN_POINT('',(2.775938954484,-17.82325905049,0.839599947937
    ));
#553 = CARTESIAN_POINT('',(2.769955796235,-17.84135334884,0.859058569863
    ));
#554 = CARTESIAN_POINT('',(2.763977159293,-17.85983721907,0.877953147801
    ));
#555 = CARTESIAN_POINT('',(2.740332495001,-17.93468159731,0.950711936874
    ));
#556 = CARTESIAN_POINT('',(2.722836161393,-17.99395018949,1.000165965673
    ));
#557 = CARTESIAN_POINT('',(2.705986263585,-18.05602647339,1.044621993754
    ));
#558 = CARTESIAN_POINT('',(2.690192458119,-18.12049901475,1.08407182115)
  );
#559 = CARTESIAN_POINT('',(2.675810397561,-18.18701037906,1.118509928808
    ));
#560 = CARTESIAN_POINT('',(2.648527891309,-18.33386646893,1.18180428827)
  );
#561 = CARTESIAN_POINT('',(2.636180035777,-18.41480564467,1.209027721221
    ));
#562 = CARTESIAN_POINT('',(2.626568504743,-18.49744925549,1.229493567492
    ));
#563 = CARTESIAN_POINT('',(2.620040456596,-18.58122419436,1.24315946442)
  );
#564 = CARTESIAN_POINT('',(2.616772821626,-18.66558678652,1.25));
#565 = CARTESIAN_POINT('',(2.616772821626,-18.83414183853,1.25));
#566 = CARTESIAN_POINT('',(2.620019480846,-18.91823379345,1.243203375667
    ));
#567 = CARTESIAN_POINT('',(2.626505704895,-19.0017437143,1.22962503306)
  );
#568 = CARTESIAN_POINT('',(2.636056795912,-19.08413292068,1.209290127738
    ));
#569 = CARTESIAN_POINT('',(2.648329933489,-19.16483377377,1.18224063973)
  );
#570 = CARTESIAN_POINT('',(2.675372672009,-19.31083118377,1.119544773532
    ));
#571 = CARTESIAN_POINT('',(2.689569084076,-19.37673921704,1.085587635152
    ));
#572 = CARTESIAN_POINT('',(2.705157330836,-19.44065667835,1.046716802063
    ));
#573 = CARTESIAN_POINT('',(2.721793317947,-19.50223721858,1.002937917894
    ));
#574 = CARTESIAN_POINT('',(2.739080914228,-19.56108295128,0.954259036312
    ));
#575 = CARTESIAN_POINT('',(2.762763921553,-19.63640453887,0.881777686385
    ));
#576 = CARTESIAN_POINT('',(2.768974120972,-19.65567294119,0.862243510608
    ));
#577 = CARTESIAN_POINT('',(2.775191583752,-19.67452343532,0.84210036132)
  );
#578 = CARTESIAN_POINT('',(2.781396089456,-19.69293433356,0.821349922289
    ));
#579 = CARTESIAN_POINT('',(2.787566609076,-19.71088245119,0.799994905605
    ));
#580 = CARTESIAN_POINT('',(2.802130008609,-19.75246857444,0.747702547109
    ));
#581 = CARTESIAN_POINT('',(2.81047406129,-19.77566828471,0.716212992945)
  );
#582 = CARTESIAN_POINT('',(2.818653126901,-19.79787031252,0.683587740957
    ));
#583 = CARTESIAN_POINT('',(2.826606062587,-19.81900117622,0.649848255248
    ));
#584 = CARTESIAN_POINT('',(2.834270918808,-19.83898583728,0.615020112248
    ));
#585 = CARTESIAN_POINT('',(2.858891483522,-19.9021422996,0.494216383565)
  );
#586 = CARTESIAN_POINT('',(2.874340519069,-19.93996135668,0.402852164196
    ));
#587 = CARTESIAN_POINT('',(2.886875255024,-19.96955005679,0.306219668624
    ));
#588 = CARTESIAN_POINT('',(2.89559661473,-19.98978428643,0.205783079076)
  );
#589 = CARTESIAN_POINT('',(2.9,-20.,0.103156988419));
#590 = CARTESIAN_POINT('',(2.9,-20.,2.296212748401E-16));
#591 = PCURVE('',#235,#592);
#592 = DEFINITIONAL_REPRESENTATION('',(#593),#646);
#593 = B_SPLINE_CURVE_WITH_KNOTS('',6,(#594,#595,#596,#597,#598,#599,
    #600,#601,#602,#603,#604,#605,#606,#607,#608,#609,#610,#611,#612,
    #613,#614,#615,#616,#617,#618,#619,#620,#621,#622,#623,#624,#625,
    #626,#627,#628,#629,#630,#631,#632,#633,#634,#635,#636,#637,#638,
    #639,#640,#641,#642,#643,#644,#645),.UNSPECIFIED.,.F.,.F.,(7,5,5,5,5
    ,5,5,5,5,5,7),(0.,0.140201707179,0.197625779124,0.238540018783,
    0.360031172002,0.499993974084,0.639506818207,0.759797606808,
    0.802302919455,0.861032705837,1.),.UNSPECIFIED.);
#594 = CARTESIAN_POINT('',(0.,17.5));
#595 = CARTESIAN_POINT('',(3.589240030495E-02,17.5));
#596 = CARTESIAN_POINT('',(7.15951416336E-02,17.51040093419));
#597 = CARTESIAN_POINT('',(0.106605557673,17.53099659777));
#598 = CARTESIAN_POINT('',(0.140434617384,17.561100992009));
#599 = CARTESIAN_POINT('',(0.172597227922,17.599555266038));
#600 = CARTESIAN_POINT('',(0.214975337266,17.663125430156));
#601 = CARTESIAN_POINT('',(0.226969135853,17.682759556839));
#602 = CARTESIAN_POINT('',(0.238632971494,17.703484780448));
#603 = CARTESIAN_POINT('',(0.249957389367,17.725231109639));
#604 = CARTESIAN_POINT('',(0.260933444999,17.747930025201));
#605 = CARTESIAN_POINT('',(0.279118850378,17.788318235095));
#606 = CARTESIAN_POINT('',(0.286504879297,17.805573767524));
#607 = CARTESIAN_POINT('',(0.293708637914,17.823259050496));
#608 = CARTESIAN_POINT('',(0.300728172789,17.841353348842));
#609 = CARTESIAN_POINT('',(0.307561730155,17.85983721907));
#610 = CARTESIAN_POINT('',(0.333942531413,17.934681597317));
#611 = CARTESIAN_POINT('',(0.352025406068,17.993950189497));
#612 = CARTESIAN_POINT('',(0.368414115734,18.056026473398));
#613 = CARTESIAN_POINT('',(0.383064640621,18.120499014751));
#614 = CARTESIAN_POINT('',(0.395932966255,18.187010379062));
#615 = CARTESIAN_POINT('',(0.419699846075,18.333866468938));
#616 = CARTESIAN_POINT('',(0.430005899036,18.414805644677));
#617 = CARTESIAN_POINT('',(0.437802347481,18.497449255495));
#618 = CARTESIAN_POINT('',(0.443024810859,18.581224194369));
#619 = CARTESIAN_POINT('',(0.44563891374,18.665586786521));
#620 = CARTESIAN_POINT('',(0.44563891374,18.834141838538));
#621 = CARTESIAN_POINT('',(0.443041591347,18.918233793459));
#622 = CARTESIAN_POINT('',(0.4378525878,19.001743714308));
#623 = CARTESIAN_POINT('',(0.430105862873,19.084132920681));
#624 = CARTESIAN_POINT('',(0.419865042879,19.164833773775));
#625 = CARTESIAN_POINT('',(0.396320409865,19.310831183774));
#626 = CARTESIAN_POINT('',(0.383629763225,19.376739217041));
#627 = CARTESIAN_POINT('',(0.369190827445,19.44065667835));
#628 = CARTESIAN_POINT('',(0.353046368443,19.502237218587));
#629 = CARTESIAN_POINT('',(0.335239197166,19.561082951289));
#630 = CARTESIAN_POINT('',(0.308945260665,19.636404538872));
#631 = CARTESIAN_POINT('',(0.301877352421,19.655672941191));
#632 = CARTESIAN_POINT('',(0.294608488206,19.674523435323));
#633 = CARTESIAN_POINT('',(0.287140620642,19.69293433356));
#634 = CARTESIAN_POINT('',(0.27947592848,19.710882451193));
#635 = CARTESIAN_POINT('',(0.260757845497,19.752468574449));
#636 = CARTESIAN_POINT('',(0.249525514573,19.775668284713));
#637 = CARTESIAN_POINT('',(0.237928911893,19.797870312525));
#638 = CARTESIAN_POINT('',(0.225977688598,19.819001176228));
#639 = CARTESIAN_POINT('',(0.213682058912,19.838985837285));
#640 = CARTESIAN_POINT('',(0.171169260153,19.902142299602));
#641 = CARTESIAN_POINT('',(0.139235052917,19.939961356686));
#642 = CARTESIAN_POINT('',(0.10567375421,19.969550056797));
#643 = CARTESIAN_POINT('',(7.095974657704E-02,19.98978428643));
#644 = CARTESIAN_POINT('',(3.557137531694E-02,20.));
#645 = CARTESIAN_POINT('',(0.,20.));
#646 = ( GEOMETRIC_REPRESENTATION_CONTEXT(2) 
PARAMETRIC_REPRESENTATION_CONTEXT() REPRESENTATION_CONTEXT('2D SPACE',''
  ) );
#647 = PCURVE('',#424,#648);
#648 = DEFINITIONAL_REPRESENTATION('',(#649),#702);
#649 = B_SPLINE_CURVE_WITH_KNOTS('',6,(#650,#651,#652,#653,#654,#655,
    #656,#657,#658,#659,#660,#661,#662,#663,#664,#665,#666,#667,#668,
    #669,#670,#671,#672,#673,#674,#675,#676,#677,#678,#679,#680,#681,
    #682,#683,#684,#685,#686,#687,#688,#689,#690,#691,#692,#693,#694,
    #695,#696,#697,#698,#699,#700,#701),.UNSPECIFIED.,.F.,.F.,(7,5,5,5,5
    ,5,5,5,5,5,7),(0.,0.140201707179,0.197625779124,0.238540018783,
    0.360031172002,0.499993974084,0.639506818207,0.759797606808,
    0.802302919455,0.861032705837,1.),.UNSPECIFIED.);
#650 = CARTESIAN_POINT('',(0.,2.9));
#651 = CARTESIAN_POINT('',(8.327036870747E-02,2.9));
#652 = CARTESIAN_POINT('',(0.16610041127,2.895516774268));
#653 = CARTESIAN_POINT('',(0.248172362866,2.886639644136));
#654 = CARTESIAN_POINT('',(0.329145317587,2.873890613002));
#655 = CARTESIAN_POINT('',(0.408590254451,2.858198236203));
#656 = CARTESIAN_POINT('',(0.517498545622,2.833461980249));
#657 = CARTESIAN_POINT('',(0.548860151433,2.825944127007));
#658 = CARTESIAN_POINT('',(0.57994868273,2.818154650998));
#659 = CARTESIAN_POINT('',(0.610773485062,2.810151406186));
#660 = CARTESIAN_POINT('',(0.641342475622,2.801991477571));
#661 = CARTESIAN_POINT('',(0.693264689099,2.787845779222));
#662 = CARTESIAN_POINT('',(0.714743577648,2.781908543787));
#663 = CARTESIAN_POINT('',(0.736103798813,2.775938954484));
#664 = CARTESIAN_POINT('',(0.757350647229,2.769955796235));
#665 = CARTESIAN_POINT('',(0.778489722247,2.763977159293));
#666 = CARTESIAN_POINT('',(0.861995017284,2.740332495001));
#667 = CARTESIAN_POINT('',(0.923570199709,2.722836161393));
#668 = CARTESIAN_POINT('',(0.984407268027,2.705986263585));
#669 = CARTESIAN_POINT('',(1.044642989282,2.690192458119));
#670 = CARTESIAN_POINT('',(1.104411242267,2.675810397561));
#671 = CARTESIAN_POINT('',(1.232343441994,2.648527891309));
#672 = CARTESIAN_POINT('',(1.300426990376,2.636180035777));
#673 = CARTESIAN_POINT('',(1.368201310399,2.626568504743));
#674 = CARTESIAN_POINT('',(1.435775705509,2.620040456596));
#675 = CARTESIAN_POINT('',(1.503265756012,2.616772821626));
#676 = CARTESIAN_POINT('',(1.638109797625,2.616772821626));
#677 = CARTESIAN_POINT('',(1.705383338745,2.620019480846));
#678 = CARTESIAN_POINT('',(1.772740388471,2.626505704895));
#679 = CARTESIAN_POINT('',(1.840295271043,2.636056795912));
#680 = CARTESIAN_POINT('',(1.908156093458,2.648329933489));
#681 = CARTESIAN_POINT('',(2.035268051327,2.675372672009));
#682 = CARTESIAN_POINT('',(2.094435333475,2.689569084076));
#683 = CARTESIAN_POINT('',(2.154057664889,2.705157330836));
#684 = CARTESIAN_POINT('',(2.214264827832,2.721793317947));
#685 = CARTESIAN_POINT('',(2.275189277844,2.739080914228));
#686 = CARTESIAN_POINT('',(2.358814681232,2.762763921553));
#687 = CARTESIAN_POINT('',(2.38075782366,2.768974120972));
#688 = CARTESIAN_POINT('',(2.40281654404,2.775191583752));
#689 = CARTESIAN_POINT('',(2.424997141832,2.781396089456));
#690 = CARTESIAN_POINT('',(2.447305572556,2.787566609076));
#691 = CARTESIAN_POINT('',(2.500755490226,2.802130008609));
#692 = CARTESIAN_POINT('',(2.532024616536,2.81047406129));
#693 = CARTESIAN_POINT('',(2.563561549842,2.818653126901));
#694 = CARTESIAN_POINT('',(2.595374590638,2.826606062587));
#695 = CARTESIAN_POINT('',(2.627473616791,2.834270918808));
#696 = CARTESIAN_POINT('',(2.73652708506,2.858891483522));
#697 = CARTESIAN_POINT('',(2.815317847156,2.874340519069));
#698 = CARTESIAN_POINT('',(2.895604637531,2.886875255024));
#699 = CARTESIAN_POINT('',(2.976966344556,2.89559661473));
#700 = CARTESIAN_POINT('',(3.059067062854,2.9));
#701 = CARTESIAN_POINT('',(3.14159265359,2.9));
#702 = ( GEOMETRIC_REPRESENTATION_CONTEXT(2) 
PARAMETRIC_REPRESENTATION_CONTEXT() REPRESENTATION_CONTEXT('2D SPACE',''
  ) );
#703 = FACE_BOUND('',#704,.F.);
#704 = EDGE_LOOP('',(#705));
#705 = ORIENTED_EDGE('',*,*,#706,.T.);
#706 = EDGE_CURVE('',#707,#707,#709,.T.);
#707 = VERTEX_POINT('',#708);
#708 = CARTESIAN_POINT('',(-2.9,-17.5,0.));
#709 = SURFACE_CURVE('',#710,(#813,#919),.PCURVE_S1.);
#710 = B_SPLINE_CURVE_WITH_KNOTS('',6,(#711,#712,#713,#714,#715,#716,
    #717,#718,#719,#720,#721,#722,#723,#724,#725,#726,#727,#728,#729,
    #730,#731,#732,#733,#734,#735,#736,#737,#738,#739,#740,#741,#742,
    #743,#744,#745,#746,#747,#748,#749,#750,#751,#752,#753,#754,#755,
    #756,#757,#758,#759,#760,#761,#762,#763,#764,#765,#766,#767,#768,
    #769,#770,#771,#772,#773,#774,#775,#776,#777,#778,#779,#780,#781,
    #782,#783,#784,#785,#786,#787,#788,#789,#790,#791,#792,#793,#794,
    #795,#796,#797,#798,#799,#800,#801,#802,#803,#804,#805,#806,#807,
    #808,#809,#810,#811,#812),.UNSPECIFIED.,.T.,.F.,(7,5,5,5,5,5,5,5,5,5
    ,5,5,5,5,5,5,5,5,5,5,7),(0.,7.018300379443E-02,9.892868699809E-02,
    0.119409780239,0.180226543735,0.250289954996,0.320128123628,
    0.380344001471,0.401621563483,0.43102086898,0.500585942971,
    0.545249005241,0.599332258882,0.619762895307,0.680429831831,
    0.750320636261,0.819986752965,0.880054284164,0.901279427197,
    0.930606305147,1.),.UNSPECIFIED.);
#711 = CARTESIAN_POINT('',(-2.9,-17.5,0.));
#712 = CARTESIAN_POINT('',(-2.9,-17.5,0.104087960884));
#713 = CARTESIAN_POINT('',(-2.895516774268,-17.51040093419,
    0.207625716196));
#714 = CARTESIAN_POINT('',(-2.886639644136,-17.53099659777,
    0.308915515561));
#715 = CARTESIAN_POINT('',(-2.873890613002,-17.561100992,0.406305801521)
  );
#716 = CARTESIAN_POINT('',(-2.858198236203,-17.59955526603,
    0.498301444592));
#717 = CARTESIAN_POINT('',(-2.833461980249,-17.66312543015,
    0.618682803429));
#718 = CARTESIAN_POINT('',(-2.825944127007,-17.68275955683,
    0.652646694854));
#719 = CARTESIAN_POINT('',(-2.818154650998,-17.70348478044,
    0.685568025177));
#720 = CARTESIAN_POINT('',(-2.810151406186,-17.72523110963,
    0.717423256483));
#721 = CARTESIAN_POINT('',(-2.801991477571,-17.7479300252,0.748192584909
    ));
#722 = CARTESIAN_POINT('',(-2.787845779222,-17.78831823509,0.79899771896
    ));
#723 = CARTESIAN_POINT('',(-2.781908543787,-17.80557376752,
    0.819578843201));
#724 = CARTESIAN_POINT('',(-2.775938954484,-17.82325905049,
    0.839599947937));
#725 = CARTESIAN_POINT('',(-2.769955796235,-17.84135334884,
    0.859058569863));
#726 = CARTESIAN_POINT('',(-2.763977159293,-17.85983721907,
    0.877953147801));
#727 = CARTESIAN_POINT('',(-2.740332495001,-17.93468159731,
    0.950711936874));
#728 = CARTESIAN_POINT('',(-2.722836161393,-17.99395018949,
    1.000165965673));
#729 = CARTESIAN_POINT('',(-2.705986263585,-18.05602647339,
    1.044621993754));
#730 = CARTESIAN_POINT('',(-2.690192458119,-18.12049901475,1.08407182115
    ));
#731 = CARTESIAN_POINT('',(-2.675810397561,-18.18701037906,
    1.118509928808));
#732 = CARTESIAN_POINT('',(-2.648527891309,-18.33386646893,1.18180428827
    ));
#733 = CARTESIAN_POINT('',(-2.636180035777,-18.41480564467,
    1.209027721221));
#734 = CARTESIAN_POINT('',(-2.626568504743,-18.49744925549,
    1.229493567492));
#735 = CARTESIAN_POINT('',(-2.620040456596,-18.58122419436,1.24315946442
    ));
#736 = CARTESIAN_POINT('',(-2.616772821626,-18.66558678652,1.25));
#737 = CARTESIAN_POINT('',(-2.616772821626,-18.83414183853,1.25));
#738 = CARTESIAN_POINT('',(-2.620019480846,-18.91823379345,
    1.243203375667));
#739 = CARTESIAN_POINT('',(-2.626505704895,-19.0017437143,1.22962503306)
  );
#740 = CARTESIAN_POINT('',(-2.636056795912,-19.08413292068,
    1.209290127738));
#741 = CARTESIAN_POINT('',(-2.648329933489,-19.16483377377,
    1.182240639729));
#742 = CARTESIAN_POINT('',(-2.675372672009,-19.31083118377,
    1.119544773532));
#743 = CARTESIAN_POINT('',(-2.689569084076,-19.37673921704,
    1.085587635152));
#744 = CARTESIAN_POINT('',(-2.705157330836,-19.44065667835,
    1.046716802063));
#745 = CARTESIAN_POINT('',(-2.721793317947,-19.50223721858,
    1.002937917894));
#746 = CARTESIAN_POINT('',(-2.739080914228,-19.56108295128,
    0.954259036312));
#747 = CARTESIAN_POINT('',(-2.762763921553,-19.63640453887,
    0.881777686385));
#748 = CARTESIAN_POINT('',(-2.768974120972,-19.65567294119,
    0.862243510608));
#749 = CARTESIAN_POINT('',(-2.775191583752,-19.67452343532,0.84210036132
    ));
#750 = CARTESIAN_POINT('',(-2.781396089456,-19.69293433356,
    0.821349922289));
#751 = CARTESIAN_POINT('',(-2.787566609076,-19.71088245119,
    0.799994905605));
#752 = CARTESIAN_POINT('',(-2.802130008609,-19.75246857444,
    0.747702547109));
#753 = CARTESIAN_POINT('',(-2.81047406129,-19.77566828471,0.716212992945
    ));
#754 = CARTESIAN_POINT('',(-2.818653126901,-19.79787031252,
    0.683587740957));
#755 = CARTESIAN_POINT('',(-2.826606062587,-19.81900117622,
    0.649848255248));
#756 = CARTESIAN_POINT('',(-2.834270918808,-19.83898583728,
    0.615020112248));
#757 = CARTESIAN_POINT('',(-2.858891483522,-19.9021422996,0.494216383565
    ));
#758 = CARTESIAN_POINT('',(-2.874340519069,-19.93996135668,
    0.402852164196));
#759 = CARTESIAN_POINT('',(-2.886875255024,-19.96955005679,
    0.306219668624));
#760 = CARTESIAN_POINT('',(-2.89559661473,-19.98978428643,0.205783079076
    ));
#761 = CARTESIAN_POINT('',(-2.9,-20.,0.103156988419));
#762 = CARTESIAN_POINT('',(-2.9,-20.,-6.623017461351E-02));
#763 = CARTESIAN_POINT('',(-2.898185196706,-19.99578880121,
    -0.132391417128));
#764 = CARTESIAN_POINT('',(-2.894561363253,-19.98738389607,
    -0.197970945653));
#765 = CARTESIAN_POINT('',(-2.889223294291,-19.97491058517,
    -0.262462279363));
#766 = CARTESIAN_POINT('',(-2.882343315806,-19.95860558664,
    -0.325379454933));
#767 = CARTESIAN_POINT('',(-2.864250231823,-19.91486272706,
    -0.460006133718));
#768 = CARTESIAN_POINT('',(-2.85243205469,-19.88581001259,
    -0.530747581467));
#769 = CARTESIAN_POINT('',(-2.839066796008,-19.85214683272,
    -0.59815538483));
#770 = CARTESIAN_POINT('',(-2.824555357434,-19.81436423974,
    -0.661948546017));
#771 = CARTESIAN_POINT('',(-2.809310807815,-19.77296782225,
    -0.721904766163));
#772 = CARTESIAN_POINT('',(-2.787845779222,-19.7116817649,-0.79899771896
    ));
#773 = CARTESIAN_POINT('',(-2.781908543787,-19.69442623247,
    -0.819578843201));
#774 = CARTESIAN_POINT('',(-2.775938954484,-19.6767409495,
    -0.839599947937));
#775 = CARTESIAN_POINT('',(-2.769955796235,-19.65864665115,
    -0.859058569863));
#776 = CARTESIAN_POINT('',(-2.763977159293,-19.64016278093,
    -0.877953147801));
#777 = CARTESIAN_POINT('',(-2.740332495001,-19.56531840268,
    -0.950711936874));
#778 = CARTESIAN_POINT('',(-2.722836161393,-19.5060498105,
    -1.000165965673));
#779 = CARTESIAN_POINT('',(-2.705986263585,-19.4439735266,
    -1.044621993754));
#780 = CARTESIAN_POINT('',(-2.690192458119,-19.37950098524,
    -1.08407182115));
#781 = CARTESIAN_POINT('',(-2.675810397561,-19.31298962093,
    -1.118509928808));
#782 = CARTESIAN_POINT('',(-2.648527891309,-19.16613353106,
    -1.18180428827));
#783 = CARTESIAN_POINT('',(-2.636180035777,-19.08519435532,
    -1.209027721221));
#784 = CARTESIAN_POINT('',(-2.626568504743,-19.0025507445,
    -1.229493567492));
#785 = CARTESIAN_POINT('',(-2.620040456596,-18.91877580563,
    -1.24315946442));
#786 = CARTESIAN_POINT('',(-2.616772821626,-18.83441321347,-1.25));
#787 = CARTESIAN_POINT('',(-2.616772821626,-18.66585816146,-1.25));
#788 = CARTESIAN_POINT('',(-2.620019480846,-18.58176620654,
    -1.243203375667));
#789 = CARTESIAN_POINT('',(-2.626505704895,-18.49825628569,
    -1.22962503306));
#790 = CARTESIAN_POINT('',(-2.636056795912,-18.41586707932,
    -1.209290127738));
#791 = CARTESIAN_POINT('',(-2.648329933489,-18.33516622622,
    -1.182240639729));
#792 = CARTESIAN_POINT('',(-2.675372672009,-18.18916881622,
    -1.119544773532));
#793 = CARTESIAN_POINT('',(-2.689569084076,-18.12326078295,
    -1.085587635152));
#794 = CARTESIAN_POINT('',(-2.705157330836,-18.05934332165,
    -1.046716802063));
#795 = CARTESIAN_POINT('',(-2.721793317947,-17.99776278141,
    -1.002937917894));
#796 = CARTESIAN_POINT('',(-2.739080914228,-17.93891704871,
    -0.954259036312));
#797 = CARTESIAN_POINT('',(-2.762763921553,-17.86359546112,
    -0.881777686385));
#798 = CARTESIAN_POINT('',(-2.768974120972,-17.8443270588,
    -0.862243510608));
#799 = CARTESIAN_POINT('',(-2.775191583752,-17.82547656467,
    -0.84210036132));
#800 = CARTESIAN_POINT('',(-2.781396089456,-17.80706566644,
    -0.821349922289));
#801 = CARTESIAN_POINT('',(-2.787566609076,-17.7891175488,
    -0.799994905605));
#802 = CARTESIAN_POINT('',(-2.802130008609,-17.74753142555,
    -0.747702547109));
#803 = CARTESIAN_POINT('',(-2.81047406129,-17.72433171528,
    -0.716212992945));
#804 = CARTESIAN_POINT('',(-2.818653126901,-17.70212968747,
    -0.683587740957));
#805 = CARTESIAN_POINT('',(-2.826606062587,-17.68099882377,
    -0.649848255248));
#806 = CARTESIAN_POINT('',(-2.834270918808,-17.66101416271,
    -0.615020112248));
#807 = CARTESIAN_POINT('',(-2.858891483522,-17.59785770039,
    -0.494216383565));
#808 = CARTESIAN_POINT('',(-2.874340519069,-17.56003864331,
    -0.402852164196));
#809 = CARTESIAN_POINT('',(-2.886875255024,-17.5304499432,
    -0.306219668624));
#810 = CARTESIAN_POINT('',(-2.89559661473,-17.51021571357,
    -0.205783079076));
#811 = CARTESIAN_POINT('',(-2.9,-17.5,-0.103156988419));
#812 = CARTESIAN_POINT('',(-2.9,-17.5,0.));
#813 = PCURVE('',#235,#814);
#814 = DEFINITIONAL_REPRESENTATION('',(#815),#918);
#815 = B_SPLINE_CURVE_WITH_KNOTS('',6,(#816,#817,#818,#819,#820,#821,
    #822,#823,#824,#825,#826,#827,#828,#829,#830,#831,#832,#833,#834,
    #835,#836,#837,#838,#839,#840,#841,#842,#843,#844,#845,#846,#847,
    #848,#849,#850,#851,#852,#853,#854,#855,#856,#857,#858,#859,#860,
    #861,#862,#863,#864,#865,#866,#867,#868,#869,#870,#871,#872,#873,
    #874,#875,#876,#877,#878,#879,#880,#881,#882,#883,#884,#885,#886,
    #887,#888,#889,#890,#891,#892,#893,#894,#895,#896,#897,#898,#899,
    #900,#901,#902,#903,#904,#905,#906,#907,#908,#909,#910,#911,#912,
    #913,#914,#915,#916,#917),.UNSPECIFIED.,.T.,.F.,(7,5,5,5,5,5,5,5,5,5
    ,5,5,5,5,5,5,5,5,5,5,7),(0.,7.018300379443E-02,9.892868699809E-02,
    0.119409780239,0.180226543735,0.250289954996,0.320128123628,
    0.380344001471,0.401621563483,0.43102086898,0.500585942971,
    0.545249005241,0.599332258882,0.619762895307,0.680429831831,
    0.750320636261,0.819986752965,0.880054284164,0.901279427197,
    0.930606305147,1.),.UNSPECIFIED.);
#816 = CARTESIAN_POINT('',(3.14159265359,17.5));
#817 = CARTESIAN_POINT('',(3.105700253285,17.5));
#818 = CARTESIAN_POINT('',(3.069997511956,17.51040093419));
#819 = CARTESIAN_POINT('',(3.034987095917,17.53099659777));
#820 = CARTESIAN_POINT('',(3.001158036206,17.561100992009));
#821 = CARTESIAN_POINT('',(2.968995425667,17.599555266038));
#822 = CARTESIAN_POINT('',(2.926617316324,17.663125430156));
#823 = CARTESIAN_POINT('',(2.914623517737,17.682759556839));
#824 = CARTESIAN_POINT('',(2.902959682096,17.703484780448));
#825 = CARTESIAN_POINT('',(2.891635264223,17.725231109639));
#826 = CARTESIAN_POINT('',(2.880659208591,17.747930025201));
#827 = CARTESIAN_POINT('',(2.862473803212,17.788318235095));
#828 = CARTESIAN_POINT('',(2.855087774292,17.805573767524));
#829 = CARTESIAN_POINT('',(2.847884015676,17.823259050496));
#830 = CARTESIAN_POINT('',(2.840864480801,17.841353348842));
#831 = CARTESIAN_POINT('',(2.834030923435,17.85983721907));
#832 = CARTESIAN_POINT('',(2.807650122176,17.934681597317));
#833 = CARTESIAN_POINT('',(2.789567247522,17.993950189497));
#834 = CARTESIAN_POINT('',(2.773178537855,18.056026473398));
#835 = CARTESIAN_POINT('',(2.758528012969,18.120499014751));
#836 = CARTESIAN_POINT('',(2.745659687334,18.187010379062));
#837 = CARTESIAN_POINT('',(2.721892807515,18.333866468938));
#838 = CARTESIAN_POINT('',(2.711586754554,18.414805644676));
#839 = CARTESIAN_POINT('',(2.703790306109,18.497449255495));
#840 = CARTESIAN_POINT('',(2.69856784273,18.581224194368));
#841 = CARTESIAN_POINT('',(2.69595373985,18.665586786521));
#842 = CARTESIAN_POINT('',(2.69595373985,18.834141838538));
#843 = CARTESIAN_POINT('',(2.698551062243,18.918233793459));
#844 = CARTESIAN_POINT('',(2.70374006579,19.001743714308));
#845 = CARTESIAN_POINT('',(2.711486790717,19.08413292068));
#846 = CARTESIAN_POINT('',(2.721727610711,19.164833773775));
#847 = CARTESIAN_POINT('',(2.745272243724,19.310831183774));
#848 = CARTESIAN_POINT('',(2.757962890365,19.376739217041));
#849 = CARTESIAN_POINT('',(2.772401826145,19.44065667835));
#850 = CARTESIAN_POINT('',(2.788546285147,19.502237218587));
#851 = CARTESIAN_POINT('',(2.806353456424,19.561082951289));
#852 = CARTESIAN_POINT('',(2.832647392924,19.636404538872));
#853 = CARTESIAN_POINT('',(2.839715301169,19.655672941191));
#854 = CARTESIAN_POINT('',(2.846984165384,19.674523435323));
#855 = CARTESIAN_POINT('',(2.854452032948,19.69293433356));
#856 = CARTESIAN_POINT('',(2.86211672511,19.710882451193));
#857 = CARTESIAN_POINT('',(2.880834808093,19.752468574449));
#858 = CARTESIAN_POINT('',(2.892067139017,19.775668284713));
#859 = CARTESIAN_POINT('',(2.903663741697,19.797870312525));
#860 = CARTESIAN_POINT('',(2.915614964992,19.819001176228));
#861 = CARTESIAN_POINT('',(2.927910594678,19.838985837285));
#862 = CARTESIAN_POINT('',(2.970423393437,19.902142299602));
#863 = CARTESIAN_POINT('',(3.002357600673,19.939961356686));
#864 = CARTESIAN_POINT('',(3.03591889938,19.969550056797));
#865 = CARTESIAN_POINT('',(3.070632907013,19.98978428643));
#866 = CARTESIAN_POINT('',(3.106021278273,20.));
#867 = CARTESIAN_POINT('',(3.164430644836,20.));
#868 = CARTESIAN_POINT('',(3.187244828273,19.995788801217));
#869 = CARTESIAN_POINT('',(3.209879997834,19.98738389607));
#870 = CARTESIAN_POINT('',(3.232182426607,19.974910585175));
#871 = CARTESIAN_POINT('',(3.254000718991,19.958605586641));
#872 = CARTESIAN_POINT('',(3.300841078745,19.914862727065));
#873 = CARTESIAN_POINT('',(3.325560053207,19.885810012596));
#874 = CARTESIAN_POINT('',(3.349241486695,19.852146832729));
#875 = CARTESIAN_POINT('',(3.371789502561,19.814364239749));
#876 = CARTESIAN_POINT('',(3.39311652514,19.772967822251));
#877 = CARTESIAN_POINT('',(3.420711503968,19.711681764905));
#878 = CARTESIAN_POINT('',(3.428097532887,19.694426232476));
#879 = CARTESIAN_POINT('',(3.435301291504,19.676740949504));
#880 = CARTESIAN_POINT('',(3.442320826378,19.658646651158));
#881 = CARTESIAN_POINT('',(3.449154383745,19.64016278093));
#882 = CARTESIAN_POINT('',(3.475535185003,19.565318402683));
#883 = CARTESIAN_POINT('',(3.493618059658,19.506049810503));
#884 = CARTESIAN_POINT('',(3.510006769324,19.443973526602));
#885 = CARTESIAN_POINT('',(3.52465729421,19.379500985249));
#886 = CARTESIAN_POINT('',(3.537525619845,19.312989620938));
#887 = CARTESIAN_POINT('',(3.561292499665,19.166133531062));
#888 = CARTESIAN_POINT('',(3.571598552626,19.085194355323));
#889 = CARTESIAN_POINT('',(3.579395001071,19.002550744505));
#890 = CARTESIAN_POINT('',(3.584617464449,18.918775805631));
#891 = CARTESIAN_POINT('',(3.587231567329,18.834413213479));
#892 = CARTESIAN_POINT('',(3.587231567329,18.665858161462));
#893 = CARTESIAN_POINT('',(3.584634244937,18.581766206541));
#894 = CARTESIAN_POINT('',(3.57944524139,18.498256285692));
#895 = CARTESIAN_POINT('',(3.571698516463,18.41586707932));
#896 = CARTESIAN_POINT('',(3.561457696469,18.335166226225));
#897 = CARTESIAN_POINT('',(3.537913063455,18.189168816226));
#898 = CARTESIAN_POINT('',(3.525222416815,18.123260782959));
#899 = CARTESIAN_POINT('',(3.510783481035,18.05934332165));
#900 = CARTESIAN_POINT('',(3.494639022033,17.997762781413));
#901 = CARTESIAN_POINT('',(3.476831850756,17.938917048711));
#902 = CARTESIAN_POINT('',(3.450537914255,17.863595461128));
#903 = CARTESIAN_POINT('',(3.44347000601,17.844327058809));
#904 = CARTESIAN_POINT('',(3.436201141795,17.825476564677));
#905 = CARTESIAN_POINT('',(3.428733274231,17.80706566644));
#906 = CARTESIAN_POINT('',(3.42106858207,17.789117548807));
#907 = CARTESIAN_POINT('',(3.402350499086,17.747531425551));
#908 = CARTESIAN_POINT('',(3.391118168163,17.724331715287));
#909 = CARTESIAN_POINT('',(3.379521565482,17.702129687475));
#910 = CARTESIAN_POINT('',(3.367570342188,17.680998823772));
#911 = CARTESIAN_POINT('',(3.355274712502,17.661014162715));
#912 = CARTESIAN_POINT('',(3.312761913743,17.597857700398));
#913 = CARTESIAN_POINT('',(3.280827706507,17.560038643314));
#914 = CARTESIAN_POINT('',(3.2472664078,17.530449943203));
#915 = CARTESIAN_POINT('',(3.212552400167,17.51021571357));
#916 = CARTESIAN_POINT('',(3.177164028907,17.5));
#917 = CARTESIAN_POINT('',(3.14159265359,17.5));
#918 = ( GEOMETRIC_REPRESENTATION_CONTEXT(2) 
PARAMETRIC_REPRESENTATION_CONTEXT() REPRESENTATION_CONTEXT('2D SPACE',''
  ) );
#919 = PCURVE('',#920,#925);
#920 = CYLINDRICAL_SURFACE('',#921,1.25);
#921 = AXIS2_PLACEMENT_3D('',#922,#923,#924);
#922 = CARTESIAN_POINT('',(0.,-18.75,0.));
#923 = DIRECTION('',(1.,0.,0.));
#924 = DIRECTION('',(0.,1.,0.));
#925 = DEFINITIONAL_REPRESENTATION('',(#926),#1029);
#926 = B_SPLINE_CURVE_WITH_KNOTS('',6,(#927,#928,#929,#930,#931,#932,
    #933,#934,#935,#936,#937,#938,#939,#940,#941,#942,#943,#944,#945,
    #946,#947,#948,#949,#950,#951,#952,#953,#954,#955,#956,#957,#958,
    #959,#960,#961,#962,#963,#964,#965,#966,#967,#968,#969,#970,#971,
    #972,#973,#974,#975,#976,#977,#978,#979,#980,#981,#982,#983,#984,
    #985,#986,#987,#988,#989,#990,#991,#992,#993,#994,#995,#996,#997,
    #998,#999,#1000,#1001,#1002,#1003,#1004,#1005,#1006,#1007,#1008,
    #1009,#1010,#1011,#1012,#1013,#1014,#1015,#1016,#1017,#1018,#1019,
    #1020,#1021,#1022,#1023,#1024,#1025,#1026,#1027,#1028),
  .UNSPECIFIED.,.F.,.F.,(7,5,5,5,5,5,5,5,5,5,5,5,5,5,5,5,5,5,5,5,7),(0.,
    7.018300379443E-02,9.892868699809E-02,0.119409780239,0.180226543735,
    0.250289954996,0.320128123628,0.380344001471,0.401621563483,
    0.43102086898,0.500585942971,0.545249005241,0.599332258882,
    0.619762895307,0.680429831831,0.750320636261,0.819986752965,
    0.880054284164,0.901279427197,0.930606305147,1.),.UNSPECIFIED.);
#927 = CARTESIAN_POINT('',(0.,-2.9));
#928 = CARTESIAN_POINT('',(8.327036870745E-02,-2.9));
#929 = CARTESIAN_POINT('',(0.16610041127,-2.895516774268));
#930 = CARTESIAN_POINT('',(0.248172362866,-2.886639644136));
#931 = CARTESIAN_POINT('',(0.329145317587,-2.873890613002));
#932 = CARTESIAN_POINT('',(0.408590254451,-2.858198236203));
#933 = CARTESIAN_POINT('',(0.517498545622,-2.833461980249));
#934 = CARTESIAN_POINT('',(0.548860151433,-2.825944127007));
#935 = CARTESIAN_POINT('',(0.57994868273,-2.818154650998));
#936 = CARTESIAN_POINT('',(0.610773485062,-2.810151406186));
#937 = CARTESIAN_POINT('',(0.641342475622,-2.801991477571));
#938 = CARTESIAN_POINT('',(0.693264689099,-2.787845779222));
#939 = CARTESIAN_POINT('',(0.714743577648,-2.781908543787));
#940 = CARTESIAN_POINT('',(0.736103798813,-2.775938954484));
#941 = CARTESIAN_POINT('',(0.757350647229,-2.769955796235));
#942 = CARTESIAN_POINT('',(0.778489722247,-2.763977159293));
#943 = CARTESIAN_POINT('',(0.861995017284,-2.740332495001));
#944 = CARTESIAN_POINT('',(0.923570199709,-2.722836161393));
#945 = CARTESIAN_POINT('',(0.984407268027,-2.705986263585));
#946 = CARTESIAN_POINT('',(1.044642989282,-2.690192458119));
#947 = CARTESIAN_POINT('',(1.104411242267,-2.675810397561));
#948 = CARTESIAN_POINT('',(1.232343441994,-2.648527891309));
#949 = CARTESIAN_POINT('',(1.300426990376,-2.636180035777));
#950 = CARTESIAN_POINT('',(1.368201310399,-2.626568504743));
#951 = CARTESIAN_POINT('',(1.435775705509,-2.620040456596));
#952 = CARTESIAN_POINT('',(1.503265756012,-2.616772821626));
#953 = CARTESIAN_POINT('',(1.638109797625,-2.616772821626));
#954 = CARTESIAN_POINT('',(1.705383338745,-2.620019480846));
#955 = CARTESIAN_POINT('',(1.772740388471,-2.626505704895));
#956 = CARTESIAN_POINT('',(1.840295271043,-2.636056795912));
#957 = CARTESIAN_POINT('',(1.908156093458,-2.648329933489));
#958 = CARTESIAN_POINT('',(2.035268051327,-2.675372672009));
#959 = CARTESIAN_POINT('',(2.094435333475,-2.689569084076));
#960 = CARTESIAN_POINT('',(2.154057664889,-2.705157330836));
#961 = CARTESIAN_POINT('',(2.214264827832,-2.721793317947));
#962 = CARTESIAN_POINT('',(2.275189277844,-2.739080914228));
#963 = CARTESIAN_POINT('',(2.358814681232,-2.762763921553));
#964 = CARTESIAN_POINT('',(2.38075782366,-2.768974120972));
#965 = CARTESIAN_POINT('',(2.40281654404,-2.775191583752));
#966 = CARTESIAN_POINT('',(2.424997141832,-2.781396089456));
#967 = CARTESIAN_POINT('',(2.447305572556,-2.787566609076));
#968 = CARTESIAN_POINT('',(2.500755490226,-2.802130008609));
#969 = CARTESIAN_POINT('',(2.532024616536,-2.81047406129));
#970 = CARTESIAN_POINT('',(2.563561549842,-2.818653126901));
#971 = CARTESIAN_POINT('',(2.595374590638,-2.826606062587));
#972 = CARTESIAN_POINT('',(2.627473616791,-2.834270918808));
#973 = CARTESIAN_POINT('',(2.73652708506,-2.858891483522));
#974 = CARTESIAN_POINT('',(2.815317847156,-2.874340519069));
#975 = CARTESIAN_POINT('',(2.895604637531,-2.886875255024));
#976 = CARTESIAN_POINT('',(2.976966344556,-2.89559661473));
#977 = CARTESIAN_POINT('',(3.059067062854,-2.9));
#978 = CARTESIAN_POINT('',(3.194576793281,-2.9));
#979 = CARTESIAN_POINT('',(3.247505860249,-2.898185196706));
#980 = CARTESIAN_POINT('',(3.300237048738,-2.894561363253));
#981 = CARTESIAN_POINT('',(3.352630585362,-2.889223294291));
#982 = CARTESIAN_POINT('',(3.40453158704,-2.882343315806));
#983 = CARTESIAN_POINT('',(3.517775480733,-2.864250231823));
#984 = CARTESIAN_POINT('',(3.578781280055,-2.85243205469));
#985 = CARTESIAN_POINT('',(3.638818891572,-2.839066796008));
#986 = CARTESIAN_POINT('',(3.697914709118,-2.824555357434));
#987 = CARTESIAN_POINT('',(3.756069306253,-2.809310807815));
#988 = CARTESIAN_POINT('',(3.834857342689,-2.787845779222));
#989 = CARTESIAN_POINT('',(3.856336231238,-2.781908543787));
#990 = CARTESIAN_POINT('',(3.877696452403,-2.775938954484));
#991 = CARTESIAN_POINT('',(3.898943300819,-2.769955796235));
#992 = CARTESIAN_POINT('',(3.920082375837,-2.763977159293));
#993 = CARTESIAN_POINT('',(4.003587670874,-2.740332495001));
#994 = CARTESIAN_POINT('',(4.065162853299,-2.722836161393));
#995 = CARTESIAN_POINT('',(4.125999921617,-2.705986263585));
#996 = CARTESIAN_POINT('',(4.186235642872,-2.690192458119));
#997 = CARTESIAN_POINT('',(4.246003895857,-2.675810397561));
#998 = CARTESIAN_POINT('',(4.373936095584,-2.648527891309));
#999 = CARTESIAN_POINT('',(4.442019643966,-2.636180035777));
#1000 = CARTESIAN_POINT('',(4.509793963989,-2.626568504743));
#1001 = CARTESIAN_POINT('',(4.577368359099,-2.620040456596));
#1002 = CARTESIAN_POINT('',(4.644858409601,-2.616772821626));
#1003 = CARTESIAN_POINT('',(4.779702451215,-2.616772821626));
#1004 = CARTESIAN_POINT('',(4.846975992335,-2.620019480846));
#1005 = CARTESIAN_POINT('',(4.914333042061,-2.626505704895));
#1006 = CARTESIAN_POINT('',(4.981887924633,-2.636056795912));
#1007 = CARTESIAN_POINT('',(5.049748747048,-2.648329933489));
#1008 = CARTESIAN_POINT('',(5.176860704917,-2.675372672009));
#1009 = CARTESIAN_POINT('',(5.236027987065,-2.689569084076));
#1010 = CARTESIAN_POINT('',(5.295650318479,-2.705157330836));
#1011 = CARTESIAN_POINT('',(5.355857481422,-2.721793317947));
#1012 = CARTESIAN_POINT('',(5.416781931434,-2.739080914228));
#1013 = CARTESIAN_POINT('',(5.500407334822,-2.762763921553));
#1014 = CARTESIAN_POINT('',(5.522350477249,-2.768974120972));
#1015 = CARTESIAN_POINT('',(5.54440919763,-2.775191583752));
#1016 = CARTESIAN_POINT('',(5.566589795422,-2.781396089456));
#1017 = CARTESIAN_POINT('',(5.588898226146,-2.787566609076));
#1018 = CARTESIAN_POINT('',(5.642348143815,-2.802130008609));
#1019 = CARTESIAN_POINT('',(5.673617270126,-2.81047406129));
#1020 = CARTESIAN_POINT('',(5.705154203432,-2.818653126901));
#1021 = CARTESIAN_POINT('',(5.736967244228,-2.826606062587));
#1022 = CARTESIAN_POINT('',(5.769066270381,-2.834270918808));
#1023 = CARTESIAN_POINT('',(5.87811973865,-2.858891483522));
#1024 = CARTESIAN_POINT('',(5.956910500745,-2.874340519069));
#1025 = CARTESIAN_POINT('',(6.03719729112,-2.886875255024));
#1026 = CARTESIAN_POINT('',(6.118558998145,-2.89559661473));
#1027 = CARTESIAN_POINT('',(6.200659716444,-2.9));
#1028 = CARTESIAN_POINT('',(6.28318530718,-2.9));
#1029 = ( GEOMETRIC_REPRESENTATION_CONTEXT(2) 
PARAMETRIC_REPRESENTATION_CONTEXT() REPRESENTATION_CONTEXT('2D SPACE',''
  ) );
#1030 = ADVANCED_FACE('',(#1031,#1304),#270,.T.);
#1031 = FACE_BOUND('',#1032,.F.);
#1032 = EDGE_LOOP('',(#1033,#1034,#1057,#1167,#1190,#1212,#1213,#1303));
#1033 = ORIENTED_EDGE('',*,*,#253,.F.);
#1034 = ORIENTED_EDGE('',*,*,#1035,.T.);
#1035 = EDGE_CURVE('',#254,#1036,#1038,.T.);
#1036 = VERTEX_POINT('',#1037);
#1037 = CARTESIAN_POINT('',(13.,-17.5,1.027644452546E-15));
#1038 = SEAM_CURVE('',#1039,(#1043,#1050),.PCURVE_S1.);
#1039 = LINE('',#1040,#1041);
#1040 = CARTESIAN_POINT('',(13.,-12.5,2.055288905091E-15));
#1041 = VECTOR('',#1042,1.);
#1042 = DIRECTION('',(0.,-1.,0.));
#1043 = PCURVE('',#270,#1044);
#1044 = DEFINITIONAL_REPRESENTATION('',(#1045),#1049);
#1045 = LINE('',#1046,#1047);
#1046 = CARTESIAN_POINT('',(-6.28318530718,0.));
#1047 = VECTOR('',#1048,1.);
#1048 = DIRECTION('',(-0.,-1.));
#1049 = ( GEOMETRIC_REPRESENTATION_CONTEXT(2) 
PARAMETRIC_REPRESENTATION_CONTEXT() REPRESENTATION_CONTEXT('2D SPACE',''
  ) );
#1050 = PCURVE('',#270,#1051);
#1051 = DEFINITIONAL_REPRESENTATION('',(#1052),#1056);
#1052 = LINE('',#1053,#1054);
#1053 = CARTESIAN_POINT('',(-0.,0.));
#1054 = VECTOR('',#1055,1.);
#1055 = DIRECTION('',(-0.,-1.));
#1056 = ( GEOMETRIC_REPRESENTATION_CONTEXT(2) 
PARAMETRIC_REPRESENTATION_CONTEXT() REPRESENTATION_CONTEXT('2D SPACE',''
  ) );
#1057 = ORIENTED_EDGE('',*,*,#1058,.T.);
#1058 = EDGE_CURVE('',#1036,#1059,#1061,.T.);
#1059 = VERTEX_POINT('',#1060);
#1060 = CARTESIAN_POINT('',(13.,-20.,2.055288905091E-15));
#1061 = SURFACE_CURVE('',#1062,(#1095,#1131),.PCURVE_S1.);
#1062 = B_SPLINE_CURVE_WITH_KNOTS('',7,(#1063,#1064,#1065,#1066,#1067,
    #1068,#1069,#1070,#1071,#1072,#1073,#1074,#1075,#1076,#1077,#1078,
    #1079,#1080,#1081,#1082,#1083,#1084,#1085,#1086,#1087,#1088,#1089,
    #1090,#1091,#1092,#1093,#1094),.UNSPECIFIED.,.F.,.F.,(8,6,6,6,6,8),(
    0.,0.269833777751,0.498662648089,0.727488839838,0.883916809385,1.),
  .UNSPECIFIED.);
#1063 = CARTESIAN_POINT('',(13.,-17.5,8.745636026522E-16));
#1064 = CARTESIAN_POINT('',(13.,-17.5,0.175934564187));
#1065 = CARTESIAN_POINT('',(12.997222098704,-17.52888923779,
    0.34781101063));
#1066 = CARTESIAN_POINT('',(12.991897497705,-17.58427023406,
    0.510108076928));
#1067 = CARTESIAN_POINT('',(12.984766147976,-17.66258875589,
    0.658130522383));
#1068 = CARTESIAN_POINT('',(12.976897991245,-17.75920094381,
    0.788230275033));
#1069 = CARTESIAN_POINT('',(12.969245713177,-17.86846413659,
    0.898178762592));
#1070 = CARTESIAN_POINT('',(12.956640725883,-18.08173132094,
    1.063605747867));
#1071 = CARTESIAN_POINT('',(12.951342509432,-18.18590452908,
    1.126291527708));
#1072 = CARTESIAN_POINT('',(12.946836376772,-18.29462159654,
    1.176022928577));
#1073 = CARTESIAN_POINT('',(12.943330634537,-18.4064848795,
    1.213079678621));
#1074 = CARTESIAN_POINT('',(12.940953208253,-18.52034099145,
    1.237693422084));
#1075 = CARTESIAN_POINT('',(12.939764294608,-18.6351719814,1.25));
#1076 = CARTESIAN_POINT('',(12.939764294608,-18.86482667445,1.25));
#1077 = CARTESIAN_POINT('',(12.940953192438,-18.97965708697,
    1.23769369364));
#1078 = CARTESIAN_POINT('',(12.943330572903,-19.09351378931,
    1.213080233618));
#1079 = CARTESIAN_POINT('',(12.946836341964,-19.20537852049,
    1.176023285942));
#1080 = CARTESIAN_POINT('',(12.951342576122,-19.31409705056,
    1.126290973847));
#1081 = CARTESIAN_POINT('',(12.956640839271,-19.41827059748,
    1.063604259782));
#1082 = CARTESIAN_POINT('',(12.966379057035,-19.58303413391,
    0.935800560405));
#1083 = CARTESIAN_POINT('',(12.970568098595,-19.64711780429,
    0.877624602174));
#1084 = CARTESIAN_POINT('',(12.974884647289,-19.70760586422,
    0.813185251894));
#1085 = CARTESIAN_POINT('',(12.979196036867,-19.76369747535,
    0.742592187509));
#1086 = CARTESIAN_POINT('',(12.983348639005,-19.8145677401,
    0.666047788389));
#1087 = CARTESIAN_POINT('',(12.987176990658,-19.85936295214,
    0.583855597808));
#1088 = CARTESIAN_POINT('',(12.992996952629,-19.92526668493,
    0.431561057044));
#1089 = CARTESIAN_POINT('',(12.995207739341,-19.94950259613,
    0.363812372901));
#1090 = CARTESIAN_POINT('',(12.997071356539,-19.96941270907,
    0.293650859763));
#1091 = CARTESIAN_POINT('',(12.998520945939,-19.98462076705,
    0.221603912985));
#1092 = CARTESIAN_POINT('',(12.99950653694,-19.99486490645,
    0.148245006698));
#1093 = CARTESIAN_POINT('',(13.,-20.,7.417442614329E-02));
#1094 = CARTESIAN_POINT('',(13.,-20.,2.367488752011E-15));
#1095 = PCURVE('',#270,#1096);
#1096 = DEFINITIONAL_REPRESENTATION('',(#1097),#1130);
#1097 = B_SPLINE_CURVE_WITH_KNOTS('',7,(#1098,#1099,#1100,#1101,#1102,
    #1103,#1104,#1105,#1106,#1107,#1108,#1109,#1110,#1111,#1112,#1113,
    #1114,#1115,#1116,#1117,#1118,#1119,#1120,#1121,#1122,#1123,#1124,
    #1125,#1126,#1127,#1128,#1129),.UNSPECIFIED.,.F.,.F.,(8,6,6,6,6,8),(
    0.,0.269833777751,0.498662648089,0.727488839838,0.883916809385,1.),
  .UNSPECIFIED.);
#1098 = CARTESIAN_POINT('',(0.,-5.));
#1099 = CARTESIAN_POINT('',(-1.353342801441E-02,-5.));
#1100 = CARTESIAN_POINT('',(-2.675469945758E-02,-5.028889237797));
#1101 = CARTESIAN_POINT('',(-3.924310241359E-02,-5.084270234061));
#1102 = CARTESIAN_POINT('',(-5.064085429016E-02,-5.162588755899));
#1103 = CARTESIAN_POINT('',(-6.0666151554E-02,-5.259200943814));
#1104 = CARTESIAN_POINT('',(-6.914399899459E-02,-5.368464136596));
#1105 = CARTESIAN_POINT('',(-8.190603894435E-02,-5.58173132094));
#1106 = CARTESIAN_POINT('',(-8.674505007927E-02,-5.685904529084));
#1107 = CARTESIAN_POINT('',(-9.058614570411E-02,-5.794621596543));
#1108 = CARTESIAN_POINT('',(-9.344938996779E-02,-5.906484879504));
#1109 = CARTESIAN_POINT('',(-9.535156425712E-02,-6.020340991456));
#1110 = CARTESIAN_POINT('',(-9.630263207294E-02,-6.135171981406));
#1111 = CARTESIAN_POINT('',(-9.630263207294E-02,-6.364826674458));
#1112 = CARTESIAN_POINT('',(-9.535158510217E-02,-6.479657086973));
#1113 = CARTESIAN_POINT('',(-9.34494329432E-02,-6.593513789314));
#1114 = CARTESIAN_POINT('',(-9.058617337623E-02,-6.705378520492));
#1115 = CARTESIAN_POINT('',(-8.674500715219E-02,-6.814097050562));
#1116 = CARTESIAN_POINT('',(-8.190592414443E-02,-6.918270597488));
#1117 = CARTESIAN_POINT('',(-7.204637242463E-02,-7.083034133918));
#1118 = CARTESIAN_POINT('',(-6.755975177858E-02,-7.147117804291));
#1119 = CARTESIAN_POINT('',(-6.259187186489E-02,-7.207605864227));
#1120 = CARTESIAN_POINT('',(-5.715170869505E-02,-7.263697475355));
#1121 = CARTESIAN_POINT('',(-5.12552746788E-02,-7.314567740101));
#1122 = CARTESIAN_POINT('',(-4.492616494916E-02,-7.359362952147));
#1123 = CARTESIAN_POINT('',(-3.32026491327E-02,-7.425266684939));
#1124 = CARTESIAN_POINT('',(-2.798851683138E-02,-7.44950259613));
#1125 = CARTESIAN_POINT('',(-2.258974041959E-02,-7.469412709077));
#1126 = CARTESIAN_POINT('',(-1.704675993762E-02,-7.484620767056));
#1127 = CARTESIAN_POINT('',(-1.140345965612E-02,-7.494864906454));
#1128 = CARTESIAN_POINT('',(-5.705725087945E-03,-7.5));
#1129 = CARTESIAN_POINT('',(0.,-7.5));
#1130 = ( GEOMETRIC_REPRESENTATION_CONTEXT(2) 
PARAMETRIC_REPRESENTATION_CONTEXT() REPRESENTATION_CONTEXT('2D SPACE',''
  ) );
#1131 = PCURVE('',#424,#1132);
#1132 = DEFINITIONAL_REPRESENTATION('',(#1133),#1166);
#1133 = B_SPLINE_CURVE_WITH_KNOTS('',7,(#1134,#1135,#1136,#1137,#1138,
    #1139,#1140,#1141,#1142,#1143,#1144,#1145,#1146,#1147,#1148,#1149,
    #1150,#1151,#1152,#1153,#1154,#1155,#1156,#1157,#1158,#1159,#1160,
    #1161,#1162,#1163,#1164,#1165),.UNSPECIFIED.,.F.,.F.,(8,6,6,6,6,8),(
    0.,0.269833777751,0.498662648089,0.727488839838,0.883916809385,1.),
  .UNSPECIFIED.);
#1134 = CARTESIAN_POINT('',(0.,13.));
#1135 = CARTESIAN_POINT('',(0.14074765135,13.));
#1136 = CARTESIAN_POINT('',(0.278248796777,12.997222098704));
#1137 = CARTESIAN_POINT('',(0.41264038189,12.991897497705));
#1138 = CARTESIAN_POINT('',(0.543776425874,12.984766147976));
#1139 = CARTESIAN_POINT('',(0.671243500473,12.976897991245));
#1140 = CARTESIAN_POINT('',(0.794221963922,12.969245713177));
#1141 = CARTESIAN_POINT('',(1.010146364581,12.956640725883));
#1142 = CARTESIAN_POINT('',(1.106734002151,12.951342509432));
#1143 = CARTESIAN_POINT('',(1.20142714189,12.946836376772));
#1144 = CARTESIAN_POINT('',(1.294719843846,12.943330634537));
#1145 = CARTESIAN_POINT('',(1.387068427989,12.940953208253));
#1146 = CARTESIAN_POINT('',(1.478933911919,12.939764294608));
#1147 = CARTESIAN_POINT('',(1.662657666361,12.939764294608));
#1148 = CARTESIAN_POINT('',(1.754522765834,12.940953192438));
#1149 = CARTESIAN_POINT('',(1.846871673264,12.943330572903));
#1150 = CARTESIAN_POINT('',(1.940165437662,12.946836341964));
#1151 = CARTESIAN_POINT('',(2.034859968288,12.951342576122));
#1152 = CARTESIAN_POINT('',(2.131448231339,12.956640839271));
#1153 = CARTESIAN_POINT('',(2.298264649737,12.966379057035));
#1154 = CARTESIAN_POINT('',(2.367298701918,12.970568098595));
#1155 = CARTESIAN_POINT('',(2.437638292791,12.974884647289));
#1156 = CARTESIAN_POINT('',(2.509319326008,12.979196036867));
#1157 = CARTESIAN_POINT('',(2.582403461087,12.983348639005));
#1158 = CARTESIAN_POINT('',(2.656981593242,12.987176990658));
#1159 = CARTESIAN_POINT('',(2.789735631414,12.992996952629));
#1160 = CARTESIAN_POINT('',(2.84717708088,12.995207739341));
#1161 = CARTESIAN_POINT('',(2.905311271899,12.997071356539));
#1162 = CARTESIAN_POINT('',(2.963968258728,12.998520945939));
#1163 = CARTESIAN_POINT('',(3.022996598161,12.99950653694));
#1164 = CARTESIAN_POINT('',(3.082253112675,13.));
#1165 = CARTESIAN_POINT('',(3.14159265359,13.));
#1166 = ( GEOMETRIC_REPRESENTATION_CONTEXT(2) 
PARAMETRIC_REPRESENTATION_CONTEXT() REPRESENTATION_CONTEXT('2D SPACE',''
  ) );
#1167 = ORIENTED_EDGE('',*,*,#1168,.T.);
#1168 = EDGE_CURVE('',#1059,#1169,#1171,.T.);
#1169 = VERTEX_POINT('',#1170);
#1170 = CARTESIAN_POINT('',(13.,-25.,2.055288905091E-15));
#1171 = SEAM_CURVE('',#1172,(#1176,#1183),.PCURVE_S1.);
#1172 = LINE('',#1173,#1174);
#1173 = CARTESIAN_POINT('',(13.,-12.5,2.055288905091E-15));
#1174 = VECTOR('',#1175,1.);
#1175 = DIRECTION('',(0.,-1.,0.));
#1176 = PCURVE('',#270,#1177);
#1177 = DEFINITIONAL_REPRESENTATION('',(#1178),#1182);
#1178 = LINE('',#1179,#1180);
#1179 = CARTESIAN_POINT('',(-6.28318530718,0.));
#1180 = VECTOR('',#1181,1.);
#1181 = DIRECTION('',(-0.,-1.));
#1182 = ( GEOMETRIC_REPRESENTATION_CONTEXT(2) 
PARAMETRIC_REPRESENTATION_CONTEXT() REPRESENTATION_CONTEXT('2D SPACE',''
  ) );
#1183 = PCURVE('',#270,#1184);
#1184 = DEFINITIONAL_REPRESENTATION('',(#1185),#1189);
#1185 = LINE('',#1186,#1187);
#1186 = CARTESIAN_POINT('',(-0.,0.));
#1187 = VECTOR('',#1188,1.);
#1188 = DIRECTION('',(-0.,-1.));
#1189 = ( GEOMETRIC_REPRESENTATION_CONTEXT(2) 
PARAMETRIC_REPRESENTATION_CONTEXT() REPRESENTATION_CONTEXT('2D SPACE',''
  ) );
#1190 = ORIENTED_EDGE('',*,*,#1191,.T.);
#1191 = EDGE_CURVE('',#1169,#1169,#1192,.T.);
#1192 = SURFACE_CURVE('',#1193,(#1198,#1205),.PCURVE_S1.);
#1193 = CIRCLE('',#1194,13.);
#1194 = AXIS2_PLACEMENT_3D('',#1195,#1196,#1197);
#1195 = CARTESIAN_POINT('',(1.42108547152E-14,-25.,2.055288905091E-15));
#1196 = DIRECTION('',(0.,-1.,0.));
#1197 = DIRECTION('',(1.,0.,0.));
#1198 = PCURVE('',#270,#1199);
#1199 = DEFINITIONAL_REPRESENTATION('',(#1200),#1204);
#1200 = LINE('',#1201,#1202);
#1201 = CARTESIAN_POINT('',(-0.,-12.5));
#1202 = VECTOR('',#1203,1.);
#1203 = DIRECTION('',(-1.,0.));
#1204 = ( GEOMETRIC_REPRESENTATION_CONTEXT(2) 
PARAMETRIC_REPRESENTATION_CONTEXT() REPRESENTATION_CONTEXT('2D SPACE',''
  ) );
#1205 = PCURVE('',#523,#1206);
#1206 = DEFINITIONAL_REPRESENTATION('',(#1207),#1211);
#1207 = CIRCLE('',#1208,13.);
#1208 = AXIS2_PLACEMENT_2D('',#1209,#1210);
#1209 = CARTESIAN_POINT('',(8.415016200243E-16,-1.152322960418E-15));
#1210 = DIRECTION('',(1.,0.));
#1211 = ( GEOMETRIC_REPRESENTATION_CONTEXT(2) 
PARAMETRIC_REPRESENTATION_CONTEXT() REPRESENTATION_CONTEXT('2D SPACE',''
  ) );
#1212 = ORIENTED_EDGE('',*,*,#1168,.F.);
#1213 = ORIENTED_EDGE('',*,*,#1214,.T.);
#1214 = EDGE_CURVE('',#1059,#1036,#1215,.T.);
#1215 = SURFACE_CURVE('',#1216,(#1243,#1273),.PCURVE_S1.);
#1216 = B_SPLINE_CURVE_WITH_KNOTS('',7,(#1217,#1218,#1219,#1220,#1221,
    #1222,#1223,#1224,#1225,#1226,#1227,#1228,#1229,#1230,#1231,#1232,
    #1233,#1234,#1235,#1236,#1237,#1238,#1239,#1240,#1241,#1242),
  .UNSPECIFIED.,.F.,.F.,(8,6,6,6,8),(0.,0.27058676684,0.500047279949,
    0.729507853836,1.),.UNSPECIFIED.);
#1217 = CARTESIAN_POINT('',(13.,-20.,6.661338147751E-16));
#1218 = CARTESIAN_POINT('',(13.,-20.,-0.175934564187));
#1219 = CARTESIAN_POINT('',(12.997222098704,-19.9711107622,
    -0.34781101063));
#1220 = CARTESIAN_POINT('',(12.991897497705,-19.91572976593,
    -0.510108076928));
#1221 = CARTESIAN_POINT('',(12.984766147976,-19.8374112441,
    -0.658130522383));
#1222 = CARTESIAN_POINT('',(12.976897991245,-19.74079905618,
    -0.788230275033));
#1223 = CARTESIAN_POINT('',(12.969245713176,-19.6315358634,
    -0.898178762592));
#1224 = CARTESIAN_POINT('',(12.956640900302,-19.4182716301,
    -1.063603458804));
#1225 = CARTESIAN_POINT('',(12.951342579862,-19.3140974659,
    -1.126291031369));
#1226 = CARTESIAN_POINT('',(12.946836292838,-19.20537768813,
    -1.176023854162));
#1227 = CARTESIAN_POINT('',(12.943330532745,-19.09351229969,
    -1.213080616306));
#1228 = CARTESIAN_POINT('',(12.940953190781,-18.97965605252,
    -1.237693708935));
#1229 = CARTESIAN_POINT('',(12.939764294608,-18.86482664404,-1.25));
#1230 = CARTESIAN_POINT('',(12.939764294608,-18.63517332554,-1.25));
#1231 = CARTESIAN_POINT('',(12.940953192438,-18.52034291302,
    -1.23769369364));
#1232 = CARTESIAN_POINT('',(12.943330572903,-18.40648621068,
    -1.213080233618));
#1233 = CARTESIAN_POINT('',(12.946836341964,-18.2946214795,
    -1.176023285942));
#1234 = CARTESIAN_POINT('',(12.951342576122,-18.18590294943,
    -1.126290973847));
#1235 = CARTESIAN_POINT('',(12.956640839271,-18.08172940251,
    -1.063604259782));
#1236 = CARTESIAN_POINT('',(12.96924339819,-17.86850330448,
    -0.898209144321));
#1237 = CARTESIAN_POINT('',(12.976896127427,-17.75921869195,
    -0.788261179666));
#1238 = CARTESIAN_POINT('',(12.984767037625,-17.66257240103,
    -0.658129494884));
#1239 = CARTESIAN_POINT('',(12.991900683612,-17.58423721226,
    -0.510060278751));
#1240 = CARTESIAN_POINT('',(12.997224361583,-17.52886568954,
    -0.347729544536));
#1241 = CARTESIAN_POINT('',(13.,-17.5,-0.17586286437));
#1242 = CARTESIAN_POINT('',(13.,-17.5,-6.661338147751E-16));
#1243 = PCURVE('',#270,#1244);
#1244 = DEFINITIONAL_REPRESENTATION('',(#1245),#1272);
#1245 = B_SPLINE_CURVE_WITH_KNOTS('',7,(#1246,#1247,#1248,#1249,#1250,
    #1251,#1252,#1253,#1254,#1255,#1256,#1257,#1258,#1259,#1260,#1261,
    #1262,#1263,#1264,#1265,#1266,#1267,#1268,#1269,#1270,#1271),
  .UNSPECIFIED.,.F.,.F.,(8,6,6,6,8),(0.,0.27058676684,0.500047279949,
    0.729507853836,1.),.UNSPECIFIED.);
#1246 = CARTESIAN_POINT('',(-6.28318530718,-7.5));
#1247 = CARTESIAN_POINT('',(-6.269651879165,-7.5));
#1248 = CARTESIAN_POINT('',(-6.256430607722,-7.471110762203));
#1249 = CARTESIAN_POINT('',(-6.243942204766,-7.415729765939));
#1250 = CARTESIAN_POINT('',(-6.232544452889,-7.3374112441));
#1251 = CARTESIAN_POINT('',(-6.222519155626,-7.240799056186));
#1252 = CARTESIAN_POINT('',(-6.214041308185,-7.131535863404));
#1253 = CARTESIAN_POINT('',(-6.201279444827,-6.918271630102));
#1254 = CARTESIAN_POINT('',(-6.19644029563,-6.814097465905));
#1255 = CARTESIAN_POINT('',(-6.192599089943,-6.705377688137));
#1256 = CARTESIAN_POINT('',(-6.189735844652,-6.593512299693));
#1257 = CARTESIAN_POINT('',(-6.187833720877,-6.479656052529));
#1258 = CARTESIAN_POINT('',(-6.186882675107,-6.364826644043));
#1259 = CARTESIAN_POINT('',(-6.186882675107,-6.135173325542));
#1260 = CARTESIAN_POINT('',(-6.187833722077,-6.020342913027));
#1261 = CARTESIAN_POINT('',(-6.189735874236,-5.906486210686));
#1262 = CARTESIAN_POINT('',(-6.192599133803,-5.794621479508));
#1263 = CARTESIAN_POINT('',(-6.196440300027,-5.685902949438));
#1264 = CARTESIAN_POINT('',(-6.201279383035,-5.581729402512));
#1265 = CARTESIAN_POINT('',(-6.214038964354,-5.368503304485));
#1266 = CARTESIAN_POINT('',(-6.222516774169,-5.259218691954));
#1267 = CARTESIAN_POINT('',(-6.23254453698,-5.16257240103));
#1268 = CARTESIAN_POINT('',(-6.243945886864,-5.084237212265));
#1269 = CARTESIAN_POINT('',(-6.256436874335,-5.028865689542));
#1270 = CARTESIAN_POINT('',(-6.269657394536,-5.));
#1271 = CARTESIAN_POINT('',(-6.28318530718,-5.));
#1272 = ( GEOMETRIC_REPRESENTATION_CONTEXT(2) 
PARAMETRIC_REPRESENTATION_CONTEXT() REPRESENTATION_CONTEXT('2D SPACE',''
  ) );
#1273 = PCURVE('',#424,#1274);
#1274 = DEFINITIONAL_REPRESENTATION('',(#1275),#1302);
#1275 = B_SPLINE_CURVE_WITH_KNOTS('',7,(#1276,#1277,#1278,#1279,#1280,
    #1281,#1282,#1283,#1284,#1285,#1286,#1287,#1288,#1289,#1290,#1291,
    #1292,#1293,#1294,#1295,#1296,#1297,#1298,#1299,#1300,#1301),
  .UNSPECIFIED.,.F.,.F.,(8,6,6,6,8),(0.,0.27058676684,0.500047279949,
    0.729507853836,1.),.UNSPECIFIED.);
#1276 = CARTESIAN_POINT('',(3.14159265359,13.));
#1277 = CARTESIAN_POINT('',(3.28234030494,13.));
#1278 = CARTESIAN_POINT('',(3.419841450366,12.997222098704));
#1279 = CARTESIAN_POINT('',(3.55423303548,12.991897497705));
#1280 = CARTESIAN_POINT('',(3.685369079464,12.984766147976));
#1281 = CARTESIAN_POINT('',(3.812836154063,12.976897991245));
#1282 = CARTESIAN_POINT('',(3.935814617512,12.969245713176));
#1283 = CARTESIAN_POINT('',(4.15173603036,12.956640900302));
#1284 = CARTESIAN_POINT('',(4.248325111585,12.951342579862));
#1285 = CARTESIAN_POINT('',(4.343020620589,12.946836292838));
#1286 = CARTESIAN_POINT('',(4.436314814711,12.943330532745));
#1287 = CARTESIAN_POINT('',(4.528663386848,12.940953190781));
#1288 = CARTESIAN_POINT('',(4.62052766515,12.939764294608));
#1289 = CARTESIAN_POINT('',(4.804250319951,12.939764294608));
#1290 = CARTESIAN_POINT('',(4.896115419424,12.940953192438));
#1291 = CARTESIAN_POINT('',(4.988464326854,12.943330572903));
#1292 = CARTESIAN_POINT('',(5.081758091252,12.946836341964));
#1293 = CARTESIAN_POINT('',(5.176452621877,12.951342576122));
#1294 = CARTESIAN_POINT('',(5.273040884929,12.956640839271));
#1295 = CARTESIAN_POINT('',(5.488923687353,12.96924339819));
#1296 = CARTESIAN_POINT('',(5.611915449334,12.976896127427));
#1297 = CARTESIAN_POINT('',(5.739416997298,12.984767037625));
#1298 = CARTESIAN_POINT('',(5.870588641199,12.991900683612));
#1299 = CARTESIAN_POINT('',(6.005001701746,12.997224361583));
#1300 = CARTESIAN_POINT('',(6.142495015683,13.));
#1301 = CARTESIAN_POINT('',(6.28318530718,13.));
#1302 = ( GEOMETRIC_REPRESENTATION_CONTEXT(2) 
PARAMETRIC_REPRESENTATION_CONTEXT() REPRESENTATION_CONTEXT('2D SPACE',''
  ) );
#1303 = ORIENTED_EDGE('',*,*,#1035,.F.);
#1304 = FACE_BOUND('',#1305,.F.);
#1305 = EDGE_LOOP('',(#1306));
#1306 = ORIENTED_EDGE('',*,*,#1307,.F.);
#1307 = EDGE_CURVE('',#1308,#1308,#1310,.T.);
#1308 = VERTEX_POINT('',#1309);
#1309 = CARTESIAN_POINT('',(-13.,-17.5,0.));
#1310 = SURFACE_CURVE('',#1311,(#1368,#1428),.PCURVE_S1.);
#1311 = B_SPLINE_CURVE_WITH_KNOTS('',7,(#1312,#1313,#1314,#1315,#1316,
    #1317,#1318,#1319,#1320,#1321,#1322,#1323,#1324,#1325,#1326,#1327,
    #1328,#1329,#1330,#1331,#1332,#1333,#1334,#1335,#1336,#1337,#1338,
    #1339,#1340,#1341,#1342,#1343,#1344,#1345,#1346,#1347,#1348,#1349,
    #1350,#1351,#1352,#1353,#1354,#1355,#1356,#1357,#1358,#1359,#1360,
    #1361,#1362,#1363,#1364,#1365,#1366,#1367),.UNSPECIFIED.,.T.,.F.,(8,
    6,6,6,6,6,6,6,6,8),(0.,0.134879802443,0.249262786966,0.363644432563,
    0.459895886138,0.557522039333,0.667454966152,0.750312946051,
    0.864910451699,1.),.UNSPECIFIED.);
#1312 = CARTESIAN_POINT('',(-13.,-17.5,1.7763568394E-15));
#1313 = CARTESIAN_POINT('',(-13.,-17.5,0.175934564188));
#1314 = CARTESIAN_POINT('',(-12.9972220987,-17.52888923779,
    0.347811010629));
#1315 = CARTESIAN_POINT('',(-12.9918974977,-17.58427023406,
    0.510108076928));
#1316 = CARTESIAN_POINT('',(-12.98476614797,-17.66258875589,
    0.658130522383));
#1317 = CARTESIAN_POINT('',(-12.97689799124,-17.75920094381,
    0.788230275034));
#1318 = CARTESIAN_POINT('',(-12.96924571317,-17.86846413659,
    0.898178762592));
#1319 = CARTESIAN_POINT('',(-12.95664072588,-18.08173132094,
    1.063605747867));
#1320 = CARTESIAN_POINT('',(-12.95134250943,-18.18590452908,
    1.126291527708));
#1321 = CARTESIAN_POINT('',(-12.94683637677,-18.29462159654,
    1.176022928577));
#1322 = CARTESIAN_POINT('',(-12.94333063453,-18.4064848795,
    1.213079678621));
#1323 = CARTESIAN_POINT('',(-12.94095320825,-18.52034099145,
    1.237693422084));
#1324 = CARTESIAN_POINT('',(-12.9397642946,-18.6351719814,1.25));
#1325 = CARTESIAN_POINT('',(-12.9397642946,-18.86482667445,1.25));
#1326 = CARTESIAN_POINT('',(-12.94095319243,-18.97965708697,
    1.23769369364));
#1327 = CARTESIAN_POINT('',(-12.9433305729,-19.09351378931,
    1.213080233618));
#1328 = CARTESIAN_POINT('',(-12.94683634196,-19.20537852049,
    1.176023285942));
#1329 = CARTESIAN_POINT('',(-12.95134257612,-19.31409705056,
    1.126290973847));
#1330 = CARTESIAN_POINT('',(-12.95664083927,-19.41827059748,
    1.063604259782));
#1331 = CARTESIAN_POINT('',(-12.96729227506,-19.59848511641,
    0.923815549861));
#1332 = CARTESIAN_POINT('',(-12.97252890872,-19.67679435611,
    0.850242123243));
#1333 = CARTESIAN_POINT('',(-12.97792881515,-19.7494079159,
    0.767038776916));
#1334 = CARTESIAN_POINT('',(-12.98322121215,-19.81468597333,
    0.674549189936));
#1335 = CARTESIAN_POINT('',(-12.98809163986,-19.87100763717,
    0.573376641042));
#1336 = CARTESIAN_POINT('',(-12.99221798988,-19.91676799958,
    0.464387769171));
#1337 = CARTESIAN_POINT('',(-12.99846935913,-19.98444608975,
    0.231438254841));
#1338 = CARTESIAN_POINT('',(-13.00054576523,-20.00580522326,
    0.108003077998));
#1339 = CARTESIAN_POINT('',(-13.00124362721,-20.01262893246,
    -1.875997149165E-02));
#1340 = CARTESIAN_POINT('',(-13.0004049722,-20.00422425466,
    -0.145669234819));
#1341 = CARTESIAN_POINT('',(-12.99811756521,-19.98100033706,
    -0.269482494247));
#1342 = CARTESIAN_POINT('',(-12.99469178803,-19.94445855944,
    -0.387211251807));
#1343 = CARTESIAN_POINT('',(-12.98581761477,-19.84396973386,
    -0.619427226461));
#1344 = CARTESIAN_POINT('',(-12.98016358255,-19.77708901505,
    -0.73177378184));
#1345 = CARTESIAN_POINT('',(-12.97401396157,-19.6990817726,
    -0.832544406862));
#1346 = CARTESIAN_POINT('',(-12.9678156213,-19.61218816163,
    -0.921226476214));
#1347 = CARTESIAN_POINT('',(-12.96194417556,-19.51842446788,
    -0.997610046793));
#1348 = CARTESIAN_POINT('',(-12.95667744478,-19.41962912473,
    -1.061714716269));
#1349 = CARTESIAN_POINT('',(-12.94882920936,-19.24050302862,
    -1.152984020902));
#1350 = CARTESIAN_POINT('',(-12.94589525246,-19.16137633047,
    -1.185481151057));
#1351 = CARTESIAN_POINT('',(-12.94347691886,-19.08063066323,
    -1.211356391213));
#1352 = CARTESIAN_POINT('',(-12.94162890196,-18.99872135779,
    -1.230697047927));
#1353 = CARTESIAN_POINT('',(-12.94038586898,-18.91605761483,
    -1.243566531718));
#1354 = CARTESIAN_POINT('',(-12.9397642946,-18.83302367683,-1.25));
#1355 = CARTESIAN_POINT('',(-12.9397642946,-18.63517332565,-1.25));
#1356 = CARTESIAN_POINT('',(-12.94095319243,-18.5203429129,
    -1.237693693666));
#1357 = CARTESIAN_POINT('',(-12.9433305729,-18.4064862106,
    -1.213080233556));
#1358 = CARTESIAN_POINT('',(-12.94683634196,-18.2946214796,
    -1.176023285943));
#1359 = CARTESIAN_POINT('',(-12.95134257611,-18.18590294953,
    -1.126290973951));
#1360 = CARTESIAN_POINT('',(-12.95664083927,-18.08172940241,
    -1.063604259703));
#1361 = CARTESIAN_POINT('',(-12.96924339818,-17.86850330448,
    -0.898209144323));
#1362 = CARTESIAN_POINT('',(-12.97689612742,-17.75921869195,
    -0.788261179666));
#1363 = CARTESIAN_POINT('',(-12.98476703762,-17.66257240102,
    -0.658129494882));
#1364 = CARTESIAN_POINT('',(-12.99190068361,-17.58423721226,
    -0.510060278749));
#1365 = CARTESIAN_POINT('',(-12.99722436158,-17.52886568954,
    -0.347729544536));
#1366 = CARTESIAN_POINT('',(-13.,-17.5,-0.175862864373));
#1367 = CARTESIAN_POINT('',(-13.,-17.5,1.7763568394E-15));
#1368 = PCURVE('',#270,#1369);
#1369 = DEFINITIONAL_REPRESENTATION('',(#1370),#1427);
#1370 = B_SPLINE_CURVE_WITH_KNOTS('',7,(#1371,#1372,#1373,#1374,#1375,
    #1376,#1377,#1378,#1379,#1380,#1381,#1382,#1383,#1384,#1385,#1386,
    #1387,#1388,#1389,#1390,#1391,#1392,#1393,#1394,#1395,#1396,#1397,
    #1398,#1399,#1400,#1401,#1402,#1403,#1404,#1405,#1406,#1407,#1408,
    #1409,#1410,#1411,#1412,#1413,#1414,#1415,#1416,#1417,#1418,#1419,
    #1420,#1421,#1422,#1423,#1424,#1425,#1426),.UNSPECIFIED.,.T.,.F.,(8,
    6,6,6,6,6,6,6,6,8),(0.,0.134879802443,0.249262786966,0.363644432563,
    0.459895886138,0.557522039333,0.667454966152,0.750312946051,
    0.864910451699,1.),.UNSPECIFIED.);
#1371 = CARTESIAN_POINT('',(-3.14159265359,-5.));
#1372 = CARTESIAN_POINT('',(-3.128059225575,-5.));
#1373 = CARTESIAN_POINT('',(-3.114837954132,-5.028889237797));
#1374 = CARTESIAN_POINT('',(-3.102349551176,-5.084270234061));
#1375 = CARTESIAN_POINT('',(-3.0909517993,-5.162588755899));
#1376 = CARTESIAN_POINT('',(-3.080926502036,-5.259200943815));
#1377 = CARTESIAN_POINT('',(-3.072448654595,-5.368464136595));
#1378 = CARTESIAN_POINT('',(-3.059686614645,-5.58173132094));
#1379 = CARTESIAN_POINT('',(-3.054847603511,-5.685904529084));
#1380 = CARTESIAN_POINT('',(-3.051006507886,-5.794621596543));
#1381 = CARTESIAN_POINT('',(-3.048143263622,-5.906484879504));
#1382 = CARTESIAN_POINT('',(-3.046241089333,-6.020340991456));
#1383 = CARTESIAN_POINT('',(-3.045290021517,-6.135171981406));
#1384 = CARTESIAN_POINT('',(-3.045290021517,-6.364826674458));
#1385 = CARTESIAN_POINT('',(-3.046241068488,-6.479657086973));
#1386 = CARTESIAN_POINT('',(-3.048143220647,-6.593513789314));
#1387 = CARTESIAN_POINT('',(-3.051006480214,-6.705378520492));
#1388 = CARTESIAN_POINT('',(-3.054847646438,-6.814097050562));
#1389 = CARTESIAN_POINT('',(-3.059686729445,-6.918270597488));
#1390 = CARTESIAN_POINT('',(-3.070470877495,-7.09848511641));
#1391 = CARTESIAN_POINT('',(-3.076144615749,-7.176794356113));
#1392 = CARTESIAN_POINT('',(-3.082558137483,-7.249407915902));
#1393 = CARTESIAN_POINT('',(-3.089683927756,-7.314685973336));
#1394 = CARTESIAN_POINT('',(-3.097474841872,-7.371007637178));
#1395 = CARTESIAN_POINT('',(-3.105864096245,-7.416767999581));
#1396 = CARTESIAN_POINT('',(-3.123789740803,-7.484446089757));
#1397 = CARTESIAN_POINT('',(-3.133285636589,-7.505805223263));
#1398 = CARTESIAN_POINT('',(-3.143035721948,-7.512628932468));
#1399 = CARTESIAN_POINT('',(-3.152796967506,-7.504224254669));
#1400 = CARTESIAN_POINT('',(-3.16232175856,-7.481000337064));
#1401 = CARTESIAN_POINT('',(-3.171381289058,-7.444458559441));
#1402 = CARTESIAN_POINT('',(-3.189257094967,-7.343969733861));
#1403 = CARTESIAN_POINT('',(-3.197909438487,-7.277089015056));
#1404 = CARTESIAN_POINT('',(-3.205674837785,-7.199081772606));
#1405 = CARTESIAN_POINT('',(-3.212512824558,-7.112188161631));
#1406 = CARTESIAN_POINT('',(-3.218405694759,-7.018424467885));
#1407 = CARTESIAN_POINT('',(-3.223353397733,-6.919629124732));
#1408 = CARTESIAN_POINT('',(-3.230400022157,-6.740503028629));
#1409 = CARTESIAN_POINT('',(-3.232909948368,-6.661376330476));
#1410 = CARTESIAN_POINT('',(-3.234909011546,-6.580630663237));
#1411 = CARTESIAN_POINT('',(-3.236403529878,-6.498721357792));
#1412 = CARTESIAN_POINT('',(-3.237398101382,-6.416057614832));
#1413 = CARTESIAN_POINT('',(-3.237895285663,-6.333023676831));
#1414 = CARTESIAN_POINT('',(-3.237895285663,-6.135173325658));
#1415 = CARTESIAN_POINT('',(-3.236944238694,-6.020342912902));
#1416 = CARTESIAN_POINT('',(-3.235042086528,-5.906486210608));
#1417 = CARTESIAN_POINT('',(-3.232178826966,-5.794621479605));
#1418 = CARTESIAN_POINT('',(-3.22833766075,-5.685902949532));
#1419 = CARTESIAN_POINT('',(-3.223498577728,-5.58172940241));
#1420 = CARTESIAN_POINT('',(-3.210738996415,-5.368503304487));
#1421 = CARTESIAN_POINT('',(-3.2022611866,-5.259218691953));
#1422 = CARTESIAN_POINT('',(-3.192233423789,-5.162572401028));
#1423 = CARTESIAN_POINT('',(-3.180832073906,-5.084237212265));
#1424 = CARTESIAN_POINT('',(-3.168341086434,-5.028865689543));
#1425 = CARTESIAN_POINT('',(-3.155120566234,-5.));
#1426 = CARTESIAN_POINT('',(-3.14159265359,-5.));
#1427 = ( GEOMETRIC_REPRESENTATION_CONTEXT(2) 
PARAMETRIC_REPRESENTATION_CONTEXT() REPRESENTATION_CONTEXT('2D SPACE',''
  ) );
#1428 = PCURVE('',#920,#1429);
#1429 = DEFINITIONAL_REPRESENTATION('',(#1430),#1487);
#1430 = B_SPLINE_CURVE_WITH_KNOTS('',7,(#1431,#1432,#1433,#1434,#1435,
    #1436,#1437,#1438,#1439,#1440,#1441,#1442,#1443,#1444,#1445,#1446,
    #1447,#1448,#1449,#1450,#1451,#1452,#1453,#1454,#1455,#1456,#1457,
    #1458,#1459,#1460,#1461,#1462,#1463,#1464,#1465,#1466,#1467,#1468,
    #1469,#1470,#1471,#1472,#1473,#1474,#1475,#1476,#1477,#1478,#1479,
    #1480,#1481,#1482,#1483,#1484,#1485,#1486),.UNSPECIFIED.,.F.,.F.,(8,
    6,6,6,6,6,6,6,6,8),(0.,0.134879802443,0.249262786966,0.363644432563,
    0.459895886138,0.557522039333,0.667454966152,0.750312946051,
    0.864910451699,1.),.UNSPECIFIED.);
#1431 = CARTESIAN_POINT('',(0.,-13.));
#1432 = CARTESIAN_POINT('',(0.14074765135,-13.));
#1433 = CARTESIAN_POINT('',(0.278248796776,-12.9972220987));
#1434 = CARTESIAN_POINT('',(0.41264038189,-12.9918974977));
#1435 = CARTESIAN_POINT('',(0.543776425874,-12.98476614797));
#1436 = CARTESIAN_POINT('',(0.671243500474,-12.97689799124));
#1437 = CARTESIAN_POINT('',(0.794221963921,-12.96924571317));
#1438 = CARTESIAN_POINT('',(1.010146364581,-12.95664072588));
#1439 = CARTESIAN_POINT('',(1.106734002151,-12.95134250943));
#1440 = CARTESIAN_POINT('',(1.201427141889,-12.94683637677));
#1441 = CARTESIAN_POINT('',(1.294719843846,-12.94333063453));
#1442 = CARTESIAN_POINT('',(1.387068427989,-12.94095320825));
#1443 = CARTESIAN_POINT('',(1.478933911919,-12.9397642946));
#1444 = CARTESIAN_POINT('',(1.662657666361,-12.9397642946));
#1445 = CARTESIAN_POINT('',(1.754522765834,-12.94095319243));
#1446 = CARTESIAN_POINT('',(1.846871673264,-12.9433305729));
#1447 = CARTESIAN_POINT('',(1.940165437662,-12.94683634196));
#1448 = CARTESIAN_POINT('',(2.034859968288,-12.95134257612));
#1449 = CARTESIAN_POINT('',(2.131448231339,-12.95664083927));
#1450 = CARTESIAN_POINT('',(2.313908144747,-12.96729227506));
#1451 = CARTESIAN_POINT('',(2.399484419915,-12.97252890872));
#1452 = CARTESIAN_POINT('',(2.487128065985,-12.97792881515));
#1453 = CARTESIAN_POINT('',(2.576807300934,-12.98322121215));
#1454 = CARTESIAN_POINT('',(2.66856207207,-12.98809163986));
#1455 = CARTESIAN_POINT('',(2.76250471657,-12.99221798988));
#1456 = CARTESIAN_POINT('',(2.95656994291,-12.99846935913));
#1457 = CARTESIAN_POINT('',(3.056163522192,-13.00054576523));
#1458 = CARTESIAN_POINT('',(3.15659746092,-13.00124362721));
#1459 = CARTESIAN_POINT('',(3.257048979201,-13.0004049722));
#1460 = CARTESIAN_POINT('',(3.356744240207,-12.99811756521));
#1461 = CARTESIAN_POINT('',(3.454790274661,-12.99469178803));
#1462 = CARTESIAN_POINT('',(3.657211242667,-12.98581761477));
#1463 = CARTESIAN_POINT('',(3.760946474219,-12.98016358255));
#1464 = CARTESIAN_POINT('',(3.861726769609,-12.97401396157));
#1465 = CARTESIAN_POINT('',(3.959902026557,-12.9678156213));
#1466 = CARTESIAN_POINT('',(4.055736786175,-12.96194417556));
#1467 = CARTESIAN_POINT('',(4.149441662904,-12.95667744478));
#1468 = CARTESIAN_POINT('',(4.310271996905,-12.94882920936));
#1469 = CARTESIAN_POINT('',(4.378477099052,-12.94589525246));
#1470 = CARTESIAN_POINT('',(4.445969146121,-12.94347691886));
#1471 = CARTESIAN_POINT('',(4.512933165757,-12.94162890196));
#1472 = CARTESIAN_POINT('',(4.579543198257,-12.94038586898));
#1473 = CARTESIAN_POINT('',(4.64597003892,-12.9397642946));
#1474 = CARTESIAN_POINT('',(4.804250319858,-12.9397642946));
#1475 = CARTESIAN_POINT('',(4.896115419516,-12.94095319243));
#1476 = CARTESIAN_POINT('',(4.988464326934,-12.9433305729));
#1477 = CARTESIAN_POINT('',(5.081758091176,-12.94683634196));
#1478 = CARTESIAN_POINT('',(5.176452621775,-12.95134257611));
#1479 = CARTESIAN_POINT('',(5.273040885032,-12.95664083927));
#1480 = CARTESIAN_POINT('',(5.488923687351,-12.96924339818));
#1481 = CARTESIAN_POINT('',(5.611915449334,-12.97689612742));
#1482 = CARTESIAN_POINT('',(5.739416997299,-12.98476703762));
#1483 = CARTESIAN_POINT('',(5.870588641201,-12.99190068361));
#1484 = CARTESIAN_POINT('',(6.005001701746,-12.99722436158));
#1485 = CARTESIAN_POINT('',(6.142495015681,-13.));
#1486 = CARTESIAN_POINT('',(6.28318530718,-13.));
#1487 = ( GEOMETRIC_REPRESENTATION_CONTEXT(2) 
PARAMETRIC_REPRESENTATION_CONTEXT() REPRESENTATION_CONTEXT('2D SPACE',''
  ) );
#1488 = ADVANCED_FACE('',(#1489),#424,.F.);
#1489 = FACE_BOUND('',#1490,.F.);
#1490 = EDGE_LOOP('',(#1491,#1492,#1513,#1514,#1515,#1516));
#1491 = ORIENTED_EDGE('',*,*,#310,.T.);
#1492 = ORIENTED_EDGE('',*,*,#1493,.T.);
#1493 = EDGE_CURVE('',#286,#1036,#1494,.T.);
#1494 = SEAM_CURVE('',#1495,(#1499,#1506),.PCURVE_S1.);
#1495 = LINE('',#1496,#1497);
#1496 = CARTESIAN_POINT('',(-26.,-17.5,0.));
#1497 = VECTOR('',#1498,1.);
#1498 = DIRECTION('',(1.,0.,0.));
#1499 = PCURVE('',#424,#1500);
#1500 = DEFINITIONAL_REPRESENTATION('',(#1501),#1505);
#1501 = LINE('',#1502,#1503);
#1502 = CARTESIAN_POINT('',(0.,-26.));
#1503 = VECTOR('',#1504,1.);
#1504 = DIRECTION('',(-0.,1.));
#1505 = ( GEOMETRIC_REPRESENTATION_CONTEXT(2) 
PARAMETRIC_REPRESENTATION_CONTEXT() REPRESENTATION_CONTEXT('2D SPACE',''
  ) );
#1506 = PCURVE('',#424,#1507);
#1507 = DEFINITIONAL_REPRESENTATION('',(#1508),#1512);
#1508 = LINE('',#1509,#1510);
#1509 = CARTESIAN_POINT('',(6.28318530718,-26.));
#1510 = VECTOR('',#1511,1.);
#1511 = DIRECTION('',(-0.,1.));
#1512 = ( GEOMETRIC_REPRESENTATION_CONTEXT(2) 
PARAMETRIC_REPRESENTATION_CONTEXT() REPRESENTATION_CONTEXT('2D SPACE',''
  ) );
#1513 = ORIENTED_EDGE('',*,*,#1214,.F.);
#1514 = ORIENTED_EDGE('',*,*,#1058,.F.);
#1515 = ORIENTED_EDGE('',*,*,#1493,.F.);
#1516 = ORIENTED_EDGE('',*,*,#536,.T.);
#1517 = ADVANCED_FACE('',(#1518,#1521),#523,.T.);
#1518 = FACE_BOUND('',#1519,.T.);
#1519 = EDGE_LOOP('',(#1520));
#1520 = ORIENTED_EDGE('',*,*,#1191,.T.);
#1521 = FACE_BOUND('',#1522,.T.);
#1522 = EDGE_LOOP('',(#1523));
#1523 = ORIENTED_EDGE('',*,*,#508,.F.);
#1524 = ADVANCED_FACE('',(#1525),#920,.F.);
#1525 = FACE_BOUND('',#1526,.F.);
#1526 = EDGE_LOOP('',(#1527,#1528,#1549,#1550));
#1527 = ORIENTED_EDGE('',*,*,#1307,.T.);
#1528 = ORIENTED_EDGE('',*,*,#1529,.T.);
#1529 = EDGE_CURVE('',#1308,#707,#1530,.T.);
#1530 = SEAM_CURVE('',#1531,(#1535,#1542),.PCURVE_S1.);
#1531 = LINE('',#1532,#1533);
#1532 = CARTESIAN_POINT('',(-26.,-17.5,0.));
#1533 = VECTOR('',#1534,1.);
#1534 = DIRECTION('',(1.,0.,0.));
#1535 = PCURVE('',#920,#1536);
#1536 = DEFINITIONAL_REPRESENTATION('',(#1537),#1541);
#1537 = LINE('',#1538,#1539);
#1538 = CARTESIAN_POINT('',(0.,-26.));
#1539 = VECTOR('',#1540,1.);
#1540 = DIRECTION('',(-0.,1.));
#1541 = ( GEOMETRIC_REPRESENTATION_CONTEXT(2) 
PARAMETRIC_REPRESENTATION_CONTEXT() REPRESENTATION_CONTEXT('2D SPACE',''
  ) );
#1542 = PCURVE('',#920,#1543);
#1543 = DEFINITIONAL_REPRESENTATION('',(#1544),#1548);
#1544 = LINE('',#1545,#1546);
#1545 = CARTESIAN_POINT('',(6.28318530718,-26.));
#1546 = VECTOR('',#1547,1.);
#1547 = DIRECTION('',(-0.,1.));
#1548 = ( GEOMETRIC_REPRESENTATION_CONTEXT(2) 
PARAMETRIC_REPRESENTATION_CONTEXT() REPRESENTATION_CONTEXT('2D SPACE',''
  ) );
#1549 = ORIENTED_EDGE('',*,*,#706,.F.);
#1550 = ORIENTED_EDGE('',*,*,#1529,.F.);
#1551 = ( GEOMETRIC_REPRESENTATION_CONTEXT(3) 
GLOBAL_UNCERTAINTY_ASSIGNED_CONTEXT((#1555)) 
GLOBAL_UNIT_ASSIGNED_CONTEXT((#1552,#1553,#1554)) REPRESENTATION_CONTEXT
('Context #1','3D Context with UNIT and UNCERTAINTY') );
#1552 = ( LENGTH_UNIT() NAMED_UNIT(*) SI_UNIT(.MILLI.,.METRE.) );
#1553 = ( NAMED_UNIT(*) PLANE_ANGLE_UNIT() SI_UNIT($,.RADIAN.) );
#1554 = ( NAMED_UNIT(*) SI_UNIT($,.STERADIAN.) SOLID_ANGLE_UNIT() );
#1555 = UNCERTAINTY_MEASURE_WITH_UNIT(LENGTH_MEASURE(1.E-07),#1552,
  'distance_accuracy_value','confusion accuracy');
#1556 = PRODUCT_RELATED_PRODUCT_CATEGORY('part',$,(#7));
ENDSEC;
END-ISO-10303-21;
